grid_id,target_year,target_is_hotspot,predicted_hotspot,predicted_probability_stage9,confusion_type,log_previous_count,previous_hotspot,shap_log_previous_count,shap_previous_hotspot
R047_C105,2024,0,0,5.9083840806754096e-06,True negative,1.3862943611198906,0,-0.9565387396034916,-0.0024816942738633083
R042_C107,2024,1,1,0.9971451257742328,True positive,4.060443010546419,1,16.897100499616766,0.03887987695719184
R124_C036,2024,0,0,5.9083840806754096e-06,True negative,1.3862943611198906,0,-0.9565387396034916,-0.0024816942738633083
R010_C030,2024,0,0,0.005039993971908603,True negative,2.3978952727983707,0,5.797295881761715,-0.0024816942738633083
R054_C085,2024,0,0,5.7767006900864226e-08,True negative,0.6931471805599453,0,-5.584254444208691,-0.0024816942738633083
R095_C055,2024,0,0,5.64791947838045e-10,True negative,0.0,0,-10.21197014881389,-0.0024816942738633083
R037_C060,2024,0,0,0.002673672923127726,True negative,2.302585092994046,0,5.160968665465588,-0.0024816942738633083
R038_C029,2024,0,0,0.0013249536430650108,True negative,2.19722457733622,0,4.457541562781362,-0.0024816942738633083
R142_C055,2024,0,0,5.64791947838045e-10,True negative,0.0,0,-10.21197014881389,-0.0024816942738633083
R071_C098,2024,0,0,0.11948288041963083,True negative,2.8903717578961645,0,9.085257267386556,-0.0024816942738633083
R037_C102,2024,0,0,0.058211331684448954,True negative,2.772588722239781,0,8.298892669606905,-0.0024816942738633083
R060_C055,2024,0,0,8.852897499702268e-05,True negative,1.791759469228055,0,1.7505014115889328,-0.0024816942738633083
R114_C054,2024,0,0,5.7767006900864226e-08,True negative,0.6931471805599453,0,-5.584254444208691,-0.0024816942738633083
R109_C072,2024,1,1,0.9989083078834317,True positive,4.204692619390966,1,17.86016606340338,0.03887987695719184
R069_C072,2024,0,0,0.1629605820634127,True negative,2.9444389791664403,0,9.446230717173501,-0.0024816942738633083
R070_C097,2024,0,0,0.058211331684448954,True negative,2.772588722239781,0,8.298892669606905,-0.0024816942738633083
R065_C108,2024,0,0,0.008974292080567959,True negative,2.4849066497880004,0,6.378217116194133,-0.0024816942738633083
R065_C039,2024,0,0,5.64791947838045e-10,True negative,0.0,0,-10.21197014881389,-0.0024816942738633083
R042_C040,2024,0,0,5.7767006900864226e-08,True negative,0.6931471805599453,0,-5.584254444208691,-0.0024816942738633083
R061_C096,2024,0,0,5.7767006900864226e-08,True negative,0.6931471805599453,0,-5.584254444208691,-0.0024816942738633083
R130_C035,2024,0,0,0.1629605820634127,True negative,2.9444389791664403,0,9.446230717173501,-0.0024816942738633083
R046_C075,2024,0,0,0.08479219087228605,True negative,2.833213344056216,0,8.703645833630494,-0.0024816942738633083
R033_C080,2024,0,0,0.002673672923127726,True negative,2.302585092994046,0,5.160968665465588,-0.0024816942738633083
R102_C052,2024,0,0,0.002673672923127726,True negative,2.302585092994046,0,5.160968665465588,-0.0024816942738633083
R018_C091,2024,0,0,0.005039993971908603,True negative,2.3978952727983707,0,5.797295881761715,-0.0024816942738633083
R028_C070,2024,0,0,5.9083840806754096e-06,True negative,1.3862943611198906,0,-0.9565387396034916,-0.0024816942738633083
R065_C072,2024,0,0,5.7767006900864226e-08,True negative,0.6931471805599453,0,-5.584254444208691,-0.0024816942738633083
R117_C066,2024,0,0,5.64791947838045e-10,True negative,0.0,0,-10.21197014881389,-0.0024816942738633083
R064_C057,2024,0,0,5.64791947838045e-10,True negative,0.0,0,-10.21197014881389,-0.0024816942738633083
R131_C062,2024,0,0,5.7767006900864226e-08,True negative,0.6931471805599453,0,-5.584254444208691,-0.0024816942738633083
R033_C084,2024,0,1,0.7216193143239186,False positive,3.332204510175204,0,12.035101721603185,-0.0024816942738633083
R077_C078,2024,0,1,0.5488146483718718,False positive,3.218875824868201,0,11.278476070534667,-0.0024816942738633083
R086_C055,2024,0,0,8.852897499702268e-05,True negative,1.791759469228055,0,1.7505014115889328,-0.0024816942738633083
R060_C085,2024,0,0,8.65629632656729e-07,True negative,1.0986122886681096,0,-2.8772142930162667,-0.0024816942738633083
R050_C097,2024,0,0,2.621007218088068e-05,True negative,1.6094379124341005,0,0.533252960860389,-0.0024816942738633083
R051_C039,2024,0,0,5.7767006900864226e-08,True negative,0.6931471805599453,0,-5.584254444208691,-0.0024816942738633083
R075_C067,2024,0,0,0.002673672923127726,True negative,2.302585092994046,0,5.160968665465588,-0.0024816942738633083
R015_C034,2024,0,0,0.002673672923127726,True negative,2.302585092994046,0,5.160968665465588,-0.0024816942738633083
R111_C072,2024,1,1,0.9999788812875678,True positive,4.795790545596741,1,21.806561912337322,0.03887987695719184
R062_C062,2024,0,0,5.9083840806754096e-06,True negative,1.3862943611198906,0,-0.9565387396034916,-0.0024816942738633083
R138_C028,2024,0,0,5.7767006900864226e-08,True negative,0.6931471805599453,0,-5.584254444208691,-0.0024816942738633083
R045_C041,2024,0,0,5.64791947838045e-10,True negative,0.0,0,-10.21197014881389,-0.0024816942738633083
R128_C064,2024,0,0,5.64791947838045e-10,True negative,0.0,0,-10.21197014881389,-0.0024816942738633083
R178_C043,2024,0,0,5.7767006900864226e-08,True negative,0.6931471805599453,0,-5.584254444208691,-0.0024816942738633083
R004_C019,2024,0,0,5.9083840806754096e-06,True negative,1.3862943611198906,0,-0.9565387396034916,-0.0024816942738633083
R178_C030,2024,0,0,5.7767006900864226e-08,True negative,0.6931471805599453,0,-5.584254444208691,-0.0024816942738633083
R099_C077,2024,0,0,2.621007218088068e-05,True negative,1.6094379124341005,0,0.533252960860389,-0.0024816942738633083
R071_C059,2024,0,0,0.27524593511421913,True negative,3.044522437723423,0,10.114426168190413,-0.0024816942738633083
R056_C074,2024,1,1,0.9997164224019289,True positive,4.406719247264253,1,19.208973105801483,0.03887987695719184
R175_C030,2024,0,0,5.64791947838045e-10,True negative,0.0,0,-10.21197014881389,-0.0024816942738633083
R065_C033,2024,0,0,5.64791947838045e-10,True negative,0.0,0,-10.21197014881389,-0.0024816942738633083
R042_C062,2024,0,0,0.0002477300319792436,True negative,1.9459101490553128,0,2.779670312392786,-0.0024816942738633083
R014_C035,2024,0,0,5.7767006900864226e-08,True negative,0.6931471805599453,0,-5.584254444208691,-0.0024816942738633083
R021_C078,2024,0,0,0.005039993971908603,True negative,2.3978952727983707,0,5.797295881761715,-0.0024816942738633083
R074_C091,2024,0,0,5.9083840806754096e-06,True negative,1.3862943611198906,0,-0.9565387396034916,-0.0024816942738633083
R076_C033,2024,0,0,5.64791947838045e-10,True negative,0.0,0,-10.21197014881389,-0.0024816942738633083
R020_C078,2024,0,0,0.27524593511421913,True negative,3.044522437723423,0,10.114426168190413,-0.0024816942738633083
R014_C027,2024,0,0,5.64791947838045e-10,True negative,0.0,0,-10.21197014881389,-0.0024816942738633083
R107_C040,2024,0,0,5.64791947838045e-10,True negative,0.0,0,-10.21197014881389,-0.0024816942738633083
R061_C116,2024,0,0,0.002673672923127726,True negative,2.302585092994046,0,5.160968665465588,-0.0024816942738633083
R082_C080,2024,0,0,0.005039993971908603,True negative,2.3978952727983707,0,5.797295881761715,-0.0024816942738633083
R032_C089,2024,1,1,0.999998885704811,True positive,5.236441962829949,1,24.748519321930072,0.03887987695719184
R053_C094,2024,0,0,8.852897499702268e-05,True negative,1.791759469228055,0,1.7505014115889328,-0.0024816942738633083
R117_C055,2024,0,0,5.7767006900864226e-08,True negative,0.6931471805599453,0,-5.584254444208691,-0.0024816942738633083
R026_C055,2024,0,0,5.64791947838045e-10,True negative,0.0,0,-10.21197014881389,-0.0024816942738633083
R020_C063,2024,0,0,5.9083840806754096e-06,True negative,1.3862943611198906,0,-0.9565387396034916,-0.0024816942738633083
R059_C098,2024,0,0,5.64791947838045e-10,True negative,0.0,0,-10.21197014881389,-0.0024816942738633083
R022_C068,2024,0,0,5.64791947838045e-10,True negative,0.0,0,-10.21197014881389,-0.0024816942738633083
R049_C104,2024,0,0,5.9083840806754096e-06,True negative,1.3862943611198906,0,-0.9565387396034916,-0.0024816942738633083
R021_C044,2024,0,0,8.65629632656729e-07,True negative,1.0986122886681096,0,-2.8772142930162667,-0.0024816942738633083
R051_C110,2024,0,0,5.7767006900864226e-08,True negative,0.6931471805599453,0,-5.584254444208691,-0.0024816942738633083
R097_C060,2024,0,0,5.7767006900864226e-08,True negative,0.6931471805599453,0,-5.584254444208691,-0.0024816942738633083
R052_C108,2024,0,0,5.7767006900864226e-08,True negative,0.6931471805599453,0,-5.584254444208691,-0.0024816942738633083
R047_C075,2024,0,0,0.0006039490586071061,True negative,2.079441541679836,0,3.6711769650017096,-0.0024816942738633083
R088_C080,2024,0,0,0.015217410607103852,True negative,2.5649493574615367,0,6.912612848772478,-0.0024816942738633083
R132_C017,2024,0,0,5.7767006900864226e-08,True negative,0.6931471805599453,0,-5.584254444208691,-0.0024816942738633083
R182_C035,2024,0,0,5.64791947838045e-10,True negative,0.0,0,-10.21197014881389,-0.0024816942738633083
R138_C027,2024,0,0,5.64791947838045e-10,True negative,0.0,0,-10.21197014881389,-0.0024816942738633083
R039_C026,2024,0,0,0.058211331684448954,True negative,2.772588722239781,0,8.298892669606905,-0.0024816942738633083
R007_C027,2024,0,0,0.0006039490586071061,True negative,2.079441541679836,0,3.6711769650017096,-0.0024816942738633083
R045_C056,2024,0,0,0.0013249536430650108,True negative,2.19722457733622,0,4.457541562781362,-0.0024816942738633083
R132_C055,2024,0,0,0.002673672923127726,True negative,2.302585092994046,0,5.160968665465588,-0.0024816942738633083
R014_C074,2024,0,0,5.64791947838045e-10,True negative,0.0,0,-10.21197014881389,-0.0024816942738633083
R058_C050,2024,0,0,5.9083840806754096e-06,True negative,1.3862943611198906,0,-0.9565387396034916,-0.0024816942738633083
R023_C080,2024,0,0,2.621007218088068e-05,True negative,1.6094379124341005,0,0.533252960860389,-0.0024816942738633083
R075_C085,2024,0,0,5.7767006900864226e-08,True negative,0.6931471805599453,0,-5.584254444208691,-0.0024816942738633083
R168_C012,2024,0,0,5.64791947838045e-10,True negative,0.0,0,-10.21197014881389,-0.0024816942738633083
R176_C038,2024,0,0,8.65629632656729e-07,True negative,1.0986122886681096,0,-2.8772142930162667,-0.0024816942738633083
R017_C070,2024,0,0,8.65629632656729e-07,True negative,1.0986122886681096,0,-2.8772142930162667,-0.0024816942738633083
R077_C056,2024,0,0,0.21519187873111192,True negative,2.995732273553991,0,9.788684370070785,-0.0024816942738633083
R045_C113,2024,0,0,0.0002477300319792436,True negative,1.9459101490553128,0,2.779670312392786,-0.0024816942738633083
R024_C045,2024,0,0,5.64791947838045e-10,True negative,0.0,0,-10.21197014881389,-0.0024816942738633083
R143_C054,2024,0,0,2.621007218088068e-05,True negative,1.6094379124341005,0,0.533252960860389,-0.0024816942738633083
R047_C089,2024,0,0,0.0006039490586071061,True negative,2.079441541679836,0,3.6711769650017096,-0.0024816942738633083
R024_C059,2024,0,0,2.621007218088068e-05,True negative,1.6094379124341005,0,0.533252960860389,-0.0024816942738633083
R032_C047,2024,0,0,8.65629632656729e-07,True negative,1.0986122886681096,0,-2.8772142930162667,-0.0024816942738633083
R026_C085,2024,0,0,0.4808442013353714,True negative,3.1780538303479458,0,11.005932820799332,-0.0024816942738633083
R016_C045,2024,1,1,0.9999666575941053,True positive,4.727387818712341,1,21.34987914377287,0.03887987695719184
R160_C056,2024,0,0,5.7767006900864226e-08,True negative,0.6931471805599453,0,-5.584254444208691,-0.0024816942738633083
R140_C053,2024,0,0,8.65629632656729e-07,True negative,1.0986122886681096,0,-2.8772142930162667,-0.0024816942738633083
R161_C051,2024,0,0,5.64791947838045e-10,True negative,0.0,0,-10.21197014881389,-0.0024816942738633083
R126_C043,2024,0,0,0.0006039490586071061,True negative,2.079441541679836,0,3.6711769650017096,-0.0024816942738633083
R022_C099,2024,0,0,5.7767006900864226e-08,True negative,0.6931471805599453,0,-5.584254444208691,-0.0024816942738633083
R111_C069,2024,0,0,2.621007218088068e-05,True negative,1.6094379124341005,0,0.533252960860389,-0.0024816942738633083
R130_C036,2024,1,1,0.9199965296592397,True positive,3.555348061489413,0,13.524893422067063,-0.0024816942738633083
R062_C074,2024,0,0,8.65629632656729e-07,True negative,1.0986122886681096,0,-2.8772142930162667,-0.0024816942738633083
R016_C061,2024,0,0,0.038620547826229264,True negative,2.70805020110221,0,7.868008816658011,-0.0024816942738633083
R058_C090,2024,1,1,0.9996656152407031,True positive,4.382026634673881,1,19.04411577928118,0.03887987695719184
R057_C042,2024,0,0,5.7767006900864226e-08,True negative,0.6931471805599453,0,-5.584254444208691,-0.0024816942738633083
R102_C058,2024,0,0,5.64791947838045e-10,True negative,0.0,0,-10.21197014881389,-0.0024816942738633083
R035_C065,2024,0,0,0.0002477300319792436,True negative,1.9459101490553128,0,2.779670312392786,-0.0024816942738633083
R169_C041,2024,0,0,5.64791947838045e-10,True negative,0.0,0,-10.21197014881389,-0.0024816942738633083
R052_C048,2024,0,0,5.7767006900864226e-08,True negative,0.6931471805599453,0,-5.584254444208691,-0.0024816942738633083
R039_C098,2024,0,0,5.64791947838045e-10,True negative,0.0,0,-10.21197014881389,-0.0024816942738633083
R025_C075,2024,0,0,8.65629632656729e-07,True negative,1.0986122886681096,0,-2.8772142930162667,-0.0024816942738633083
R073_C042,2024,0,0,0.005039993971908603,True negative,2.3978952727983707,0,5.797295881761715,-0.0024816942738633083
R071_C090,2024,0,0,5.7767006900864226e-08,True negative,0.6931471805599453,0,-5.584254444208691,-0.0024816942738633083
R052_C067,2024,0,0,0.008974292080567959,True negative,2.4849066497880004,0,6.378217116194133,-0.0024816942738633083
R134_C045,2024,0,0,0.1629605820634127,True negative,2.9444389791664403,0,9.446230717173501,-0.0024816942738633083
R122_C053,2024,0,0,5.64791947838045e-10,True negative,0.0,0,-10.21197014881389,-0.0024816942738633083
R072_C060,2024,0,1,0.8858928614393123,False positive,3.49650756146648,0,13.132051737559335,-0.0024816942738633083
R041_C076,2024,0,0,0.0006039490586071061,True negative,2.079441541679836,0,3.6711769650017096,-0.0024816942738633083
R048_C068,2024,0,0,8.852897499702268e-05,True negative,1.791759469228055,0,1.7505014115889328,-0.0024816942738633083
R042_C044,2024,0,0,5.64791947838045e-10,True negative,0.0,0,-10.21197014881389,-0.0024816942738633083
R064_C093,2024,0,0,0.0002477300319792436,True negative,1.9459101490553128,0,2.779670312392786,-0.0024816942738633083
R026_C102,2024,0,0,0.0013249536430650108,True negative,2.19722457733622,0,4.457541562781362,-0.0024816942738633083
R135_C043,2024,0,0,0.005039993971908603,True negative,2.3978952727983707,0,5.797295881761715,-0.0024816942738633083
R170_C040,2024,0,0,5.64791947838045e-10,True negative,0.0,0,-10.21197014881389,-0.0024816942738633083
R077_C058,2024,1,1,0.9967947494132563,True positive,4.04305126783455,1,16.780986572971127,0.03887987695719184
R026_C084,2024,0,0,0.0002477300319792436,True negative,1.9459101490553128,0,2.779670312392786,-0.0024816942738633083
R157_C000,2024,0,0,5.64791947838045e-10,True negative,0.0,0,-10.21197014881389,-0.0024816942738633083
R016_C059,2024,0,0,8.65629632656729e-07,True negative,1.0986122886681096,0,-2.8772142930162667,-0.0024816942738633083
R125_C061,2024,0,0,8.65629632656729e-07,True negative,1.0986122886681096,0,-2.8772142930162667,-0.0024816942738633083
R047_C034,2024,0,0,5.9083840806754096e-06,True negative,1.3862943611198906,0,-0.9565387396034916,-0.0024816942738633083
R093_C050,2024,0,0,5.9083840806754096e-06,True negative,1.3862943611198906,0,-0.9565387396034916,-0.0024816942738633083
R075_C092,2024,0,0,0.0002477300319792436,True negative,1.9459101490553128,0,2.779670312392786,-0.0024816942738633083
R172_C050,2024,0,0,5.64791947838045e-10,True negative,0.0,0,-10.21197014881389,-0.0024816942738633083
R038_C085,2024,0,0,2.621007218088068e-05,True negative,1.6094379124341005,0,0.533252960860389,-0.0024816942738633083
R052_C050,2024,0,0,5.64791947838045e-10,True negative,0.0,0,-10.21197014881389,-0.0024816942738633083
R045_C066,2024,0,0,5.7767006900864226e-08,True negative,0.6931471805599453,0,-5.584254444208691,-0.0024816942738633083
R044_C049,2024,0,0,0.0002477300319792436,True negative,1.9459101490553128,0,2.779670312392786,-0.0024816942738633083
R058_C063,2024,0,0,2.621007218088068e-05,True negative,1.6094379124341005,0,0.533252960860389,-0.0024816942738633083
R097_C073,2024,0,0,5.7767006900864226e-08,True negative,0.6931471805599453,0,-5.584254444208691,-0.0024816942738633083
R170_C060,2024,0,0,5.9083840806754096e-06,True negative,1.3862943611198906,0,-0.9565387396034916,-0.0024816942738633083
R136_C039,2024,0,0,5.64791947838045e-10,True negative,0.0,0,-10.21197014881389,-0.0024816942738633083
R043_C060,2024,0,0,0.008974292080567959,True negative,2.4849066497880004,0,6.378217116194133,-0.0024816942738633083
R166_C051,2024,0,0,8.65629632656729e-07,True negative,1.0986122886681096,0,-2.8772142930162667,-0.0024816942738633083
R073_C060,2024,0,0,8.852897499702268e-05,True negative,1.791759469228055,0,1.7505014115889328,-0.0024816942738633083
R009_C023,2024,0,0,0.0002477300319792436,True negative,1.9459101490553128,0,2.779670312392786,-0.0024816942738633083
R022_C058,2024,0,0,0.0006039490586071061,True negative,2.079441541679836,0,3.6711769650017096,-0.0024816942738633083
R076_C095,2024,0,0,5.64791947838045e-10,True negative,0.0,0,-10.21197014881389,-0.0024816942738633083
R119_C070,2024,0,0,8.65629632656729e-07,True negative,1.0986122886681096,0,-2.8772142930162667,-0.0024816942738633083
R045_C083,2024,1,1,0.9846554694251088,True positive,3.80666248977032,1,15.202764672455636,0.03887987695719184
R077_C083,2024,0,0,5.7767006900864226e-08,True negative,0.6931471805599453,0,-5.584254444208691,-0.0024816942738633083
R020_C053,2024,0,0,8.65629632656729e-07,True negative,1.0986122886681096,0,-2.8772142930162667,-0.0024816942738633083
R062_C103,2024,0,0,5.64791947838045e-10,True negative,0.0,0,-10.21197014881389,-0.0024816942738633083
R019_C053,2024,0,0,0.058211331684448954,True negative,2.772588722239781,0,8.298892669606905,-0.0024816942738633083
R042_C069,2024,0,0,5.7767006900864226e-08,True negative,0.6931471805599453,0,-5.584254444208691,-0.0024816942738633083
R170_C058,2024,0,0,5.64791947838045e-10,True negative,0.0,0,-10.21197014881389,-0.0024816942738633083
R045_C106,2024,0,0,8.65629632656729e-07,True negative,1.0986122886681096,0,-2.8772142930162667,-0.0024816942738633083
R034_C065,2024,0,0,8.65629632656729e-07,True negative,1.0986122886681096,0,-2.8772142930162667,-0.0024816942738633083
R055_C046,2024,0,0,8.852897499702268e-05,True negative,1.791759469228055,0,1.7505014115889328,-0.0024816942738633083
R045_C098,2024,0,0,0.0006039490586071061,True negative,2.079441541679836,0,3.6711769650017096,-0.0024816942738633083
R046_C084,2024,0,1,0.9540303661236091,False positive,3.6375861597263857,1,14.073946421778702,0.03887987695719184
R162_C048,2024,0,0,5.64791947838045e-10,True negative,0.0,0,-10.21197014881389,-0.0024816942738633083
R054_C072,2024,0,0,0.1629605820634127,True negative,2.9444389791664403,0,9.446230717173501,-0.0024816942738633083
R067_C093,2024,0,0,0.024717696654622916,True negative,2.639057329615259,0,7.4073860169979895,-0.0024816942738633083
R007_C023,2024,0,0,0.024717696654622916,True negative,2.639057329615259,0,7.4073860169979895,-0.0024816942738633083
R028_C063,2024,0,0,0.008974292080567959,True negative,2.4849066497880004,0,6.378217116194133,-0.0024816942738633083
R023_C037,2024,0,0,8.852897499702268e-05,True negative,1.791759469228055,0,1.7505014115889328,-0.0024816942738633083
R016_C046,2024,1,1,0.9954077445379951,True positive,3.9889840465642745,1,16.42001312318418,0.03887987695719184
R051_C057,2024,0,0,5.7767006900864226e-08,True negative,0.6931471805599453,0,-5.584254444208691,-0.0024816942738633083
R031_C087,2024,1,1,0.9998776088150708,True positive,4.532599493153256,1,20.049397776258214,0.03887987695719184
R106_C071,2024,0,0,0.0013249536430650108,True negative,2.19722457733622,0,4.457541562781362,-0.0024816942738633083
R048_C086,2024,0,0,8.65629632656729e-07,True negative,1.0986122886681096,0,-2.8772142930162667,-0.0024816942738633083
R079_C079,2024,1,1,0.9867219015643443,True positive,3.828641396489095,1,15.349504260590962,0.03887987695719184
R025_C087,2024,0,0,0.1629605820634127,True negative,2.9444389791664403,0,9.446230717173501,-0.0024816942738633083
R028_C071,2024,0,0,8.65629632656729e-07,True negative,1.0986122886681096,0,-2.8772142930162667,-0.0024816942738633083
R167_C021,2024,0,0,5.64791947838045e-10,True negative,0.0,0,-10.21197014881389,-0.0024816942738633083
R096_C085,2024,0,0,5.64791947838045e-10,True negative,0.0,0,-10.21197014881389,-0.0024816942738633083
R041_C072,2024,0,0,0.0013249536430650108,True negative,2.19722457733622,0,4.457541562781362,-0.0024816942738633083
R040_C081,2024,0,0,8.852897499702268e-05,True negative,1.791759469228055,0,1.7505014115889328,-0.0024816942738633083
R046_C064,2024,0,0,0.0002477300319792436,True negative,1.9459101490553128,0,2.779670312392786,-0.0024816942738633083
R030_C099,2024,0,0,0.005039993971908603,True negative,2.3978952727983707,0,5.797295881761715,-0.0024816942738633083
R034_C045,2024,0,1,0.612476721689788,False positive,3.258096538021482,0,11.540328553377677,-0.0024816942738633083
R085_C053,2024,1,1,0.9999964431040355,True positive,5.062595033026967,1,23.5878507225184,0.03887987695719184
R140_C058,2024,0,0,5.7767006900864226e-08,True negative,0.6931471805599453,0,-5.584254444208691,-0.0024816942738633083
R119_C066,2024,0,0,5.64791947838045e-10,True negative,0.0,0,-10.21197014881389,-0.0024816942738633083
R111_C064,2024,0,0,0.0002477300319792436,True negative,1.9459101490553128,0,2.779670312392786,-0.0024816942738633083
R168_C061,2024,0,0,8.65629632656729e-07,True negative,1.0986122886681096,0,-2.8772142930162667,-0.0024816942738633083
R019_C059,2024,0,0,5.64791947838045e-10,True negative,0.0,0,-10.21197014881389,-0.0024816942738633083
R044_C024,2024,0,0,5.64791947838045e-10,True negative,0.0,0,-10.21197014881389,-0.0024816942738633083
R058_C086,2024,0,0,8.65629632656729e-07,True negative,1.0986122886681096,0,-2.8772142930162667,-0.0024816942738633083
R074_C097,2024,0,0,0.0013249536430650108,True negative,2.19722457733622,0,4.457541562781362,-0.0024816942738633083
R053_C082,2024,0,0,8.65629632656729e-07,True negative,1.0986122886681096,0,-2.8772142930162667,-0.0024816942738633083
R167_C044,2024,0,0,5.64791947838045e-10,True negative,0.0,0,-10.21197014881389,-0.0024816942738633083
R046_C031,2024,0,0,5.9083840806754096e-06,True negative,1.3862943611198906,0,-0.9565387396034916,-0.0024816942738633083
R111_C055,2024,0,0,0.0002477300319792436,True negative,1.9459101490553128,0,2.779670312392786,-0.0024816942738633083
R115_C065,2024,0,0,5.7767006900864226e-08,True negative,0.6931471805599453,0,-5.584254444208691,-0.0024816942738633083
R049_C096,2024,1,1,0.999996989908326,True positive,5.087596335232384,1,23.7547689789818,0.03887987695719184
R077_C082,2024,0,0,0.0002477300319792436,True negative,1.9459101490553128,0,2.779670312392786,-0.0024816942738633083
R030_C073,2024,0,0,5.7767006900864226e-08,True negative,0.6931471805599453,0,-5.584254444208691,-0.0024816942738633083
R044_C048,2024,0,0,5.9083840806754096e-06,True negative,1.3862943611198906,0,-0.9565387396034916,-0.0024816942738633083
R019_C046,2024,0,0,5.64791947838045e-10,True negative,0.0,0,-10.21197014881389,-0.0024816942738633083
R084_C082,2024,0,0,0.0002477300319792436,True negative,1.9459101490553128,0,2.779670312392786,-0.0024816942738633083
R072_C088,2024,0,0,5.64791947838045e-10,True negative,0.0,0,-10.21197014881389,-0.0024816942738633083
R061_C081,2024,0,0,0.005039993971908603,True negative,2.3978952727983707,0,5.797295881761715,-0.0024816942738633083
R032_C067,2024,0,0,0.015217410607103852,True negative,2.5649493574615367,0,6.912612848772478,-0.0024816942738633083
R022_C035,2024,0,0,8.852897499702268e-05,True negative,1.791759469228055,0,1.7505014115889328,-0.0024816942738633083
R043_C080,2024,0,0,5.9083840806754096e-06,True negative,1.3862943611198906,0,-0.9565387396034916,-0.0024816942738633083
R148_C051,2024,0,0,5.64791947838045e-10,True negative,0.0,0,-10.21197014881389,-0.0024816942738633083
R027_C058,2024,0,0,5.9083840806754096e-06,True negative,1.3862943611198906,0,-0.9565387396034916,-0.0024816942738633083
R167_C047,2024,0,0,5.64791947838045e-10,True negative,0.0,0,-10.21197014881389,-0.0024816942738633083
R103_C071,2024,0,1,0.9455594271188087,False positive,3.610917912644224,1,13.895899003715607,0.03887987695719184
R057_C086,2024,0,0,8.65629632656729e-07,True negative,1.0986122886681096,0,-2.8772142930162667,-0.0024816942738633083
R104_C068,2024,0,0,5.64791947838045e-10,True negative,0.0,0,-10.21197014881389,-0.0024816942738633083
R136_C038,2024,0,0,5.7767006900864226e-08,True negative,0.6931471805599453,0,-5.584254444208691,-0.0024816942738633083
R096_C071,2024,0,0,5.64791947838045e-10,True negative,0.0,0,-10.21197014881389,-0.0024816942738633083
R130_C059,2024,0,0,5.64791947838045e-10,True negative,0.0,0,-10.21197014881389,-0.0024816942738633083
R078_C089,2024,0,0,0.038620547826229264,True negative,2.70805020110221,0,7.868008816658011,-0.0024816942738633083
R129_C034,2024,0,0,5.9083840806754096e-06,True negative,1.3862943611198906,0,-0.9565387396034916,-0.0024816942738633083
R027_C086,2024,1,1,0.9995291171185748,True positive,4.330733340286331,1,18.701662126383905,0.03887987695719184
R062_C099,2024,1,1,0.6703357251318038,True positive,3.295836866004329,0,11.792297418578983,-0.0024816942738633083
R039_C106,2024,0,0,5.9083840806754096e-06,True negative,1.3862943611198906,0,-0.9565387396034916,-0.0024816942738633083
R148_C057,2024,0,0,2.621007218088068e-05,True negative,1.6094379124341005,0,0.533252960860389,-0.0024816942738633083
R005_C023,2024,0,0,5.64791947838045e-10,True negative,0.0,0,-10.21197014881389,-0.0024816942738633083
R051_C066,2024,0,0,0.11948288041963083,True negative,2.8903717578961645,0,9.085257267386556,-0.0024816942738633083
R050_C034,2024,0,0,5.7767006900864226e-08,True negative,0.6931471805599453,0,-5.584254444208691,-0.0024816942738633083
R069_C061,2024,1,1,0.9899732019420209,True positive,3.87120101090789,1,15.63364852540452,0.03887987695719184
R074_C065,2024,0,0,0.015217410607103852,True negative,2.5649493574615367,0,6.912612848772478,-0.0024816942738633083
R074_C079,2024,0,0,0.0013249536430650108,True negative,2.19722457733622,0,4.457541562781362,-0.0024816942738633083
R070_C086,2024,0,0,0.002673672923127726,True negative,2.302585092994046,0,5.160968665465588,-0.0024816942738633083
R109_C062,2024,0,0,5.64791947838045e-10,True negative,0.0,0,-10.21197014881389,-0.0024816942738633083
R033_C061,2024,0,0,2.621007218088068e-05,True negative,1.6094379124341005,0,0.533252960860389,-0.0024816942738633083
R043_C044,2024,0,0,8.65629632656729e-07,True negative,1.0986122886681096,0,-2.8772142930162667,-0.0024816942738633083
R019_C088,2024,0,0,0.002673672923127726,True negative,2.302585092994046,0,5.160968665465588,-0.0024816942738633083
R159_C065,2024,1,1,0.9932883069425963,True positive,3.9318256327243257,1,16.038401689428117,0.03887987695719184
R164_C038,2024,0,0,2.621007218088068e-05,True negative,1.6094379124341005,0,0.533252960860389,-0.0024816942738633083
R008_C041,2024,0,0,5.9083840806754096e-06,True negative,1.3862943611198906,0,-0.9565387396034916,-0.0024816942738633083
R072_C077,2024,0,0,0.002673672923127726,True negative,2.302585092994046,0,5.160968665465588,-0.0024816942738633083
R060_C077,2024,0,0,8.852897499702268e-05,True negative,1.791759469228055,0,1.7505014115889328,-0.0024816942738633083
R035_C050,2024,0,0,0.41076471668164616,True negative,3.1354942159291497,0,10.721788555985762,-0.0024816942738633083
R131_C063,2024,0,0,5.64791947838045e-10,True negative,0.0,0,-10.21197014881389,-0.0024816942738633083
R071_C075,2024,0,0,0.08479219087228605,True negative,2.833213344056216,0,8.703645833630494,-0.0024816942738633083
R120_C048,2024,0,0,5.64791947838045e-10,True negative,0.0,0,-10.21197014881389,-0.0024816942738633083
R023_C052,2024,0,0,0.008974292080567959,True negative,2.4849066497880004,0,6.378217116194133,-0.0024816942738633083
R008_C025,2024,0,0,0.0002477300319792436,True negative,1.9459101490553128,0,2.779670312392786,-0.0024816942738633083
R012_C024,2024,0,0,8.852897499702268e-05,True negative,1.791759469228055,0,1.7505014115889328,-0.0024816942738633083
R041_C107,2024,0,0,0.0002477300319792436,True negative,1.9459101490553128,0,2.779670312392786,-0.0024816942738633083
R045_C025,2024,0,0,5.7767006900864226e-08,True negative,0.6931471805599453,0,-5.584254444208691,-0.0024816942738633083
R169_C059,2024,0,0,5.7767006900864226e-08,True negative,0.6931471805599453,0,-5.584254444208691,-0.0024816942738633083
R056_C089,2024,0,0,0.038620547826229264,True negative,2.70805020110221,0,7.868008816658011,-0.0024816942738633083
R063_C110,2024,0,0,8.852897499702268e-05,True negative,1.791759469228055,0,1.7505014115889328,-0.0024816942738633083
R057_C082,2024,0,0,5.7767006900864226e-08,True negative,0.6931471805599453,0,-5.584254444208691,-0.0024816942738633083
R063_C104,2024,0,0,8.852897499702268e-05,True negative,1.791759469228055,0,1.7505014115889328,-0.0024816942738633083
R139_C053,2024,0,0,5.7767006900864226e-08,True negative,0.6931471805599453,0,-5.584254444208691,-0.0024816942738633083
R066_C076,2024,1,1,0.9967947494132563,True positive,4.04305126783455,1,16.780986572971127,0.03887987695719184
R057_C044,2024,0,0,5.7767006900864226e-08,True negative,0.6931471805599453,0,-5.584254444208691,-0.0024816942738633083
R019_C068,2024,0,0,0.058211331684448954,True negative,2.772588722239781,0,8.298892669606905,-0.0024816942738633083
R052_C088,2024,0,0,8.852897499702268e-05,True negative,1.791759469228055,0,1.7505014115889328,-0.0024816942738633083
R061_C054,2024,0,0,5.7767006900864226e-08,True negative,0.6931471805599453,0,-5.584254444208691,-0.0024816942738633083
R078_C063,2024,1,1,0.9998230048170129,True positive,4.477336814478207,1,19.680442995577316,0.03887987695719184
R167_C050,2024,0,0,5.64791947838045e-10,True negative,0.0,0,-10.21197014881389,-0.0024816942738633083
R143_C027,2024,0,0,8.65629632656729e-07,True negative,1.0986122886681096,0,-2.8772142930162667,-0.0024816942738633083
R075_C056,2024,1,1,0.8858928614393123,True positive,3.49650756146648,0,13.132051737559335,-0.0024816942738633083
R123_C053,2024,0,0,5.64791947838045e-10,True negative,0.0,0,-10.21197014881389,-0.0024816942738633083
R076_C073,2024,1,1,0.9983543125858839,True positive,4.143134726391533,1,17.449182023988037,0.03887987695719184
R137_C038,2024,0,0,5.64791947838045e-10,True negative,0.0,0,-10.21197014881389,-0.0024816942738633083
R082_C082,2024,0,0,5.7767006900864226e-08,True negative,0.6931471805599453,0,-5.584254444208691,-0.0024816942738633083
R036_C101,2024,1,1,0.7661666921380098,True positive,3.367295829986474,0,12.26938479501157,-0.0024816942738633083
R041_C080,2024,0,0,5.9083840806754096e-06,True negative,1.3862943611198906,0,-0.9565387396034916,-0.0024816942738633083
R128_C057,2024,0,0,5.64791947838045e-10,True negative,0.0,0,-10.21197014881389,-0.0024816942738633083
R021_C096,2024,0,0,0.0013249536430650108,True negative,2.19722457733622,0,4.457541562781362,-0.0024816942738633083
R030_C092,2024,1,1,0.9999992627891959,True positive,5.298317366548036,1,25.161623184350262,0.03887987695719184
R046_C038,2024,0,0,5.7767006900864226e-08,True negative,0.6931471805599453,0,-5.584254444208691,-0.0024816942738633083
R018_C047,2024,0,0,0.0002477300319792436,True negative,1.9459101490553128,0,2.779670312392786,-0.0024816942738633083
R147_C056,2024,0,0,5.7767006900864226e-08,True negative,0.6931471805599453,0,-5.584254444208691,-0.0024816942738633083
R058_C097,2024,0,0,0.0002477300319792436,True negative,1.9459101490553128,0,2.779670312392786,-0.0024816942738633083
R180_C038,2024,0,0,5.64791947838045e-10,True negative,0.0,0,-10.21197014881389,-0.0024816942738633083
R125_C050,2024,0,0,5.7767006900864226e-08,True negative,0.6931471805599453,0,-5.584254444208691,-0.0024816942738633083
R045_C040,2024,0,0,5.7767006900864226e-08,True negative,0.6931471805599453,0,-5.584254444208691,-0.0024816942738633083
R055_C061,2024,0,0,8.852897499702268e-05,True negative,1.791759469228055,0,1.7505014115889328,-0.0024816942738633083
R169_C029,2024,0,0,5.7767006900864226e-08,True negative,0.6931471805599453,0,-5.584254444208691,-0.0024816942738633083
R045_C103,2024,0,0,0.0013249536430650108,True negative,2.19722457733622,0,4.457541562781362,-0.0024816942738633083
R104_C048,2024,0,0,0.0006039490586071061,True negative,2.079441541679836,0,3.6711769650017096,-0.0024816942738633083
R077_C055,2024,1,1,0.9940995708741333,True positive,3.951243718581428,1,16.16804425798288,0.03887987695719184
R109_C060,2024,0,0,5.64791947838045e-10,True negative,0.0,0,-10.21197014881389,-0.0024816942738633083
R023_C040,2024,0,0,8.65629632656729e-07,True negative,1.0986122886681096,0,-2.8772142930162667,-0.0024816942738633083
R038_C082,2024,0,0,5.9083840806754096e-06,True negative,1.3862943611198906,0,-0.9565387396034916,-0.0024816942738633083
R058_C093,2024,0,0,0.0013249536430650108,True negative,2.19722457733622,0,4.457541562781362,-0.0024816942738633083
R018_C076,2024,0,0,5.7767006900864226e-08,True negative,0.6931471805599453,0,-5.584254444208691,-0.0024816942738633083
R073_C061,2024,0,1,0.5488146483718718,False positive,3.218875824868201,0,11.278476070534667,-0.0024816942738633083
R197_C056,2024,0,0,5.7767006900864226e-08,True negative,0.6931471805599453,0,-5.584254444208691,-0.0024816942738633083
R087_C065,2024,0,0,2.621007218088068e-05,True negative,1.6094379124341005,0,0.533252960860389,-0.0024816942738633083
R228_C074,2024,0,0,5.7767006900864226e-08,True negative,0.6931471805599453,0,-5.584254444208691,-0.0024816942738633083
R069_C062,2024,0,0,0.038620547826229264,True negative,2.70805020110221,0,7.868008816658011,-0.0024816942738633083
R066_C085,2024,0,0,2.621007218088068e-05,True negative,1.6094379124341005,0,0.533252960860389,-0.0024816942738633083
R061_C073,2024,0,0,0.3412830017619351,True negative,3.091042453358316,0,10.425011586366914,-0.0024816942738633083
R122_C071,2024,0,0,5.64791947838045e-10,True negative,0.0,0,-10.21197014881389,-0.0024816942738633083
R052_C083,2024,0,0,0.058211331684448954,True negative,2.772588722239781,0,8.298892669606905,-0.0024816942738633083
R028_C095,2024,0,1,0.7216193143239186,False positive,3.332204510175204,0,12.035101721603185,-0.0024816942738633083
R086_C059,2024,0,0,8.65629632656729e-07,True negative,1.0986122886681096,0,-2.8772142930162667,-0.0024816942738633083
R119_C060,2024,0,0,5.7767006900864226e-08,True negative,0.6931471805599453,0,-5.584254444208691,-0.0024816942738633083
R056_C109,2024,0,0,8.65629632656729e-07,True negative,1.0986122886681096,0,-2.8772142930162667,-0.0024816942738633083
R156_C054,2024,0,0,5.7767006900864226e-08,True negative,0.6931471805599453,0,-5.584254444208691,-0.0024816942738633083
R167_C042,2024,0,0,8.65629632656729e-07,True negative,1.0986122886681096,0,-2.8772142930162667,-0.0024816942738633083
R068_C088,2024,0,0,8.852897499702268e-05,True negative,1.791759469228055,0,1.7505014115889328,-0.0024816942738633083
R061_C068,2024,0,0,2.621007218088068e-05,True negative,1.6094379124341005,0,0.533252960860389,-0.0024816942738633083
R026_C074,2024,0,0,0.024717696654622916,True negative,2.639057329615259,0,7.4073860169979895,-0.0024816942738633083
R059_C112,2024,0,0,0.1629605820634127,True negative,2.9444389791664403,0,9.446230717173501,-0.0024816942738633083
R141_C048,2024,0,0,5.64791947838045e-10,True negative,0.0,0,-10.21197014881389,-0.0024816942738633083
R122_C045,2024,0,0,5.7767006900864226e-08,True negative,0.6931471805599453,0,-5.584254444208691,-0.0024816942738633083
R172_C023,2024,0,0,5.64791947838045e-10,True negative,0.0,0,-10.21197014881389,-0.0024816942738633083
R045_C057,2024,0,1,0.9353384081017577,False positive,3.58351893845611,1,13.712972971991755,0.03887987695719184
R118_C030,2024,0,0,5.64791947838045e-10,True negative,0.0,0,-10.21197014881389,-0.0024816942738633083
R080_C071,2024,0,0,0.11948288041963083,True negative,2.8903717578961645,0,9.085257267386556,-0.0024816942738633083
R054_C107,2024,0,0,5.9083840806754096e-06,True negative,1.3862943611198906,0,-0.9565387396034916,-0.0024816942738633083
R046_C054,2024,0,0,8.65629632656729e-07,True negative,1.0986122886681096,0,-2.8772142930162667,-0.0024816942738633083
R100_C080,2024,0,0,8.65629632656729e-07,True negative,1.0986122886681096,0,-2.8772142930162667,-0.0024816942738633083
R055_C084,2024,1,1,0.9971451257742328,True positive,4.060443010546419,1,16.897100499616766,0.03887987695719184
R065_C091,2024,0,0,0.002673672923127726,True negative,2.302585092994046,0,5.160968665465588,-0.0024816942738633083
R040_C072,2024,0,0,5.9083840806754096e-06,True negative,1.3862943611198906,0,-0.9565387396034916,-0.0024816942738633083
R059_C057,2024,0,0,5.9083840806754096e-06,True negative,1.3862943611198906,0,-0.9565387396034916,-0.0024816942738633083
R097_C052,2024,0,0,8.65629632656729e-07,True negative,1.0986122886681096,0,-2.8772142930162667,-0.0024816942738633083
R072_C048,2024,0,0,8.65629632656729e-07,True negative,1.0986122886681096,0,-2.8772142930162667,-0.0024816942738633083
R039_C053,2024,0,0,5.9083840806754096e-06,True negative,1.3862943611198906,0,-0.9565387396034916,-0.0024816942738633083
R124_C068,2024,0,0,5.64791947838045e-10,True negative,0.0,0,-10.21197014881389,-0.0024816942738633083
R064_C094,2024,0,0,5.64791947838045e-10,True negative,0.0,0,-10.21197014881389,-0.0024816942738633083
R133_C040,2024,0,0,5.7767006900864226e-08,True negative,0.6931471805599453,0,-5.584254444208691,-0.0024816942738633083
R012_C032,2024,0,0,8.65629632656729e-07,True negative,1.0986122886681096,0,-2.8772142930162667,-0.0024816942738633083
R097_C074,2024,0,0,5.9083840806754096e-06,True negative,1.3862943611198906,0,-0.9565387396034916,-0.0024816942738633083
R032_C049,2024,0,0,0.008974292080567959,True negative,2.4849066497880004,0,6.378217116194133,-0.0024816942738633083
R066_C034,2024,0,0,5.64791947838045e-10,True negative,0.0,0,-10.21197014881389,-0.0024816942738633083
R139_C045,2024,0,0,5.7767006900864226e-08,True negative,0.6931471805599453,0,-5.584254444208691,-0.0024816942738633083
R142_C054,2024,0,0,2.621007218088068e-05,True negative,1.6094379124341005,0,0.533252960860389,-0.0024816942738633083
R029_C086,2024,1,1,0.9995291171185748,True positive,4.330733340286331,1,18.701662126383905,0.03887987695719184
R057_C085,2024,0,0,5.64791947838045e-10,True negative,0.0,0,-10.21197014881389,-0.0024816942738633083
R027_C102,2024,0,0,8.852897499702268e-05,True negative,1.791759469228055,0,1.7505014115889328,-0.0024816942738633083
R035_C060,2024,0,0,2.621007218088068e-05,True negative,1.6094379124341005,0,0.533252960860389,-0.0024816942738633083
R077_C059,2024,1,1,0.7216193143239186,True positive,3.332204510175204,0,12.035101721603185,-0.0024816942738633083
R076_C093,2024,0,0,0.0006039490586071061,True negative,2.079441541679836,0,3.6711769650017096,-0.0024816942738633083
R109_C029,2024,0,0,5.64791947838045e-10,True negative,0.0,0,-10.21197014881389,-0.0024816942738633083
R226_C076,2024,0,0,8.852897499702268e-05,True negative,1.791759469228055,0,1.7505014115889328,-0.0024816942738633083
R025_C101,2024,0,0,0.0013249536430650108,True negative,2.19722457733622,0,4.457541562781362,-0.0024816942738633083
R101_C054,2024,0,0,5.7767006900864226e-08,True negative,0.6931471805599453,0,-5.584254444208691,-0.0024816942738633083
R029_C110,2024,1,1,0.997452259779216,True positive,4.07753744390572,1,17.01122947530452,0.03887987695719184
R017_C086,2024,0,0,5.7767006900864226e-08,True negative,0.6931471805599453,0,-5.584254444208691,-0.0024816942738633083
R053_C112,2024,0,0,5.64791947838045e-10,True negative,0.0,0,-10.21197014881389,-0.0024816942738633083
R139_C054,2024,0,0,5.7767006900864226e-08,True negative,0.6931471805599453,0,-5.584254444208691,-0.0024816942738633083
R130_C044,2024,0,0,0.005039993971908603,True negative,2.3978952727983707,0,5.797295881761715,-0.0024816942738633083
R023_C063,2024,0,0,0.0013249536430650108,True negative,2.19722457733622,0,4.457541562781362,-0.0024816942738633083
R065_C106,2024,0,0,5.7767006900864226e-08,True negative,0.6931471805599453,0,-5.584254444208691,-0.0024816942738633083
R039_C086,2024,0,0,0.058211331684448954,True negative,2.772588722239781,0,8.298892669606905,-0.0024816942738633083
R024_C036,2024,0,0,5.7767006900864226e-08,True negative,0.6931471805599453,0,-5.584254444208691,-0.0024816942738633083
R128_C034,2024,0,0,2.621007218088068e-05,True negative,1.6094379124341005,0,0.533252960860389,-0.0024816942738633083
R120_C069,2024,0,0,5.7767006900864226e-08,True negative,0.6931471805599453,0,-5.584254444208691,-0.0024816942738633083
R045_C071,2024,0,0,2.621007218088068e-05,True negative,1.6094379124341005,0,0.533252960860389,-0.0024816942738633083
R148_C025,2024,0,0,5.7767006900864226e-08,True negative,0.6931471805599453,0,-5.584254444208691,-0.0024816942738633083
R031_C078,2024,0,0,5.9083840806754096e-06,True negative,1.3862943611198906,0,-0.9565387396034916,-0.0024816942738633083
R022_C069,2024,0,0,8.65629632656729e-07,True negative,1.0986122886681096,0,-2.8772142930162667,-0.0024816942738633083
R042_C105,2024,0,1,0.6703357251318038,False positive,3.295836866004329,0,11.792297418578983,-0.0024816942738633083
R039_C088,2024,1,1,0.9999455632864424,True positive,4.653960350157523,1,20.859649277864687,0.03887987695719184
R158_C030,2024,0,0,5.64791947838045e-10,True negative,0.0,0,-10.21197014881389,-0.0024816942738633083
R126_C045,2024,0,0,8.65629632656729e-07,True negative,1.0986122886681096,0,-2.8772142930162667,-0.0024816942738633083
R066_C069,2024,0,0,8.65629632656729e-07,True negative,1.0986122886681096,0,-2.8772142930162667,-0.0024816942738633083
R077_C074,2024,1,1,0.8858928614393123,True positive,3.49650756146648,0,13.132051737559335,-0.0024816942738633083
R046_C081,2024,0,0,5.7767006900864226e-08,True negative,0.6931471805599453,0,-5.584254444208691,-0.0024816942738633083
R060_C068,2024,0,0,5.64791947838045e-10,True negative,0.0,0,-10.21197014881389,-0.0024816942738633083
R069_C037,2024,0,0,5.7767006900864226e-08,True negative,0.6931471805599453,0,-5.584254444208691,-0.0024816942738633083
R066_C102,2024,0,0,8.65629632656729e-07,True negative,1.0986122886681096,0,-2.8772142930162667,-0.0024816942738633083
R047_C080,2024,0,0,0.1629605820634127,True negative,2.9444389791664403,0,9.446230717173501,-0.0024816942738633083
R070_C058,2024,0,0,8.65629632656729e-07,True negative,1.0986122886681096,0,-2.8772142930162667,-0.0024816942738633083
R168_C023,2024,0,0,5.7767006900864226e-08,True negative,0.6931471805599453,0,-5.584254444208691,-0.0024816942738633083
R190_C052,2024,0,0,5.64791947838045e-10,True negative,0.0,0,-10.21197014881389,-0.0024816942738633083
R032_C105,2024,1,1,0.9986638207787858,True positive,4.174387269895637,1,17.657835958446753,0.03887987695719184
R154_C064,2024,0,0,5.7767006900864226e-08,True negative,0.6931471805599453,0,-5.584254444208691,-0.0024816942738633083
R016_C078,2024,0,1,0.8364500535624654,False positive,3.4339872044851463,0,12.714641920460585,-0.0024816942738633083
R111_C035,2024,0,0,2.621007218088068e-05,True negative,1.6094379124341005,0,0.533252960860389,-0.0024816942738633083
R043_C099,2024,0,0,2.621007218088068e-05,True negative,1.6094379124341005,0,0.533252960860389,-0.0024816942738633083
R005_C041,2024,0,0,8.65629632656729e-07,True negative,1.0986122886681096,0,-2.8772142930162667,-0.0024816942738633083
R042_C071,2024,0,0,5.64791947838045e-10,True negative,0.0,0,-10.21197014881389,-0.0024816942738633083
R082_C076,2024,1,1,0.9996363311244991,True positive,4.3694478524670215,1,18.960135017913203,0.03887987695719184
R026_C106,2024,1,1,0.9353384081017577,True positive,3.58351893845611,1,13.712972971991755,0.03887987695719184
R106_C029,2024,0,0,8.65629632656729e-07,True negative,1.0986122886681096,0,-2.8772142930162667,-0.0024816942738633083
R127_C031,2024,0,0,5.9083840806754096e-06,True negative,1.3862943611198906,0,-0.9565387396034916,-0.0024816942738633083
R036_C090,2024,1,1,0.9999985103443996,True positive,5.19295685089021,1,24.458196081666035,0.03887987695719184
R013_C067,2024,0,0,0.0006039490586071061,True negative,2.079441541679836,0,3.6711769650017096,-0.0024816942738633083
R012_C040,2024,0,0,5.64791947838045e-10,True negative,0.0,0,-10.21197014881389,-0.0024816942738633083
R038_C080,2024,0,0,0.002673672923127726,True negative,2.302585092994046,0,5.160968665465588,-0.0024816942738633083
R082_C065,2024,0,0,0.002673672923127726,True negative,2.302585092994046,0,5.160968665465588,-0.0024816942738633083
R157_C055,2024,0,0,5.7767006900864226e-08,True negative,0.6931471805599453,0,-5.584254444208691,-0.0024816942738633083
R153_C039,2024,0,0,8.65629632656729e-07,True negative,1.0986122886681096,0,-2.8772142930162667,-0.0024816942738633083
R039_C029,2024,0,0,0.015217410607103852,True negative,2.5649493574615367,0,6.912612848772478,-0.0024816942738633083
R032_C045,2024,0,0,8.65629632656729e-07,True negative,1.0986122886681096,0,-2.8772142930162667,-0.0024816942738633083
R065_C069,2024,0,0,5.64791947838045e-10,True negative,0.0,0,-10.21197014881389,-0.0024816942738633083
R028_C072,2024,0,0,0.0006039490586071061,True negative,2.079441541679836,0,3.6711769650017096,-0.0024816942738633083
R057_C049,2024,0,0,8.65629632656729e-07,True negative,1.0986122886681096,0,-2.8772142930162667,-0.0024816942738633083
R008_C033,2024,0,0,5.64791947838045e-10,True negative,0.0,0,-10.21197014881389,-0.0024816942738633083
R118_C069,2024,0,0,8.65629632656729e-07,True negative,1.0986122886681096,0,-2.8772142930162667,-0.0024816942738633083
R106_C060,2024,0,0,5.64791947838045e-10,True negative,0.0,0,-10.21197014881389,-0.0024816942738633083
R170_C049,2024,0,0,5.9083840806754096e-06,True negative,1.3862943611198906,0,-0.9565387396034916,-0.0024816942738633083
R067_C069,2024,0,0,8.65629632656729e-07,True negative,1.0986122886681096,0,-2.8772142930162667,-0.0024816942738633083
R153_C057,2024,0,0,5.64791947838045e-10,True negative,0.0,0,-10.21197014881389,-0.0024816942738633083
R020_C031,2024,0,0,5.64791947838045e-10,True negative,0.0,0,-10.21197014881389,-0.0024816942738633083
R053_C069,2024,1,1,0.9986638207787858,True positive,4.174387269895637,1,17.657835958446753,0.03887987695719184
R086_C072,2024,0,0,0.08479219087228605,True negative,2.833213344056216,0,8.703645833630494,-0.0024816942738633083
R057_C040,2024,0,0,5.7767006900864226e-08,True negative,0.6931471805599453,0,-5.584254444208691,-0.0024816942738633083
R060_C074,2024,0,0,2.621007218088068e-05,True negative,1.6094379124341005,0,0.533252960860389,-0.0024816942738633083
R040_C084,2024,0,0,0.0002477300319792436,True negative,1.9459101490553128,0,2.779670312392786,-0.0024816942738633083
R063_C050,2024,0,0,5.64791947838045e-10,True negative,0.0,0,-10.21197014881389,-0.0024816942738633083
R125_C058,2024,0,0,8.65629632656729e-07,True negative,1.0986122886681096,0,-2.8772142930162667,-0.0024816942738633083
R081_C062,2024,0,0,0.024717696654622916,True negative,2.639057329615259,0,7.4073860169979895,-0.0024816942738633083
R095_C086,2024,0,0,5.9083840806754096e-06,True negative,1.3862943611198906,0,-0.9565387396034916,-0.0024816942738633083
R022_C074,2024,0,0,0.21519187873111192,True negative,2.995732273553991,0,9.788684370070785,-0.0024816942738633083
R055_C101,2024,0,0,5.7767006900864226e-08,True negative,0.6931471805599453,0,-5.584254444208691,-0.0024816942738633083
R048_C098,2024,0,0,8.65629632656729e-07,True negative,1.0986122886681096,0,-2.8772142930162667,-0.0024816942738633083
R045_C028,2024,0,0,5.64791947838045e-10,True negative,0.0,0,-10.21197014881389,-0.0024816942738633083
R115_C051,2024,0,0,5.64791947838045e-10,True negative,0.0,0,-10.21197014881389,-0.0024816942738633083
R123_C057,2024,0,0,8.65629632656729e-07,True negative,1.0986122886681096,0,-2.8772142930162667,-0.0024816942738633083
R098_C078,2024,0,0,5.7767006900864226e-08,True negative,0.6931471805599453,0,-5.584254444208691,-0.0024816942738633083
R036_C046,2024,0,0,0.058211331684448954,True negative,2.772588722239781,0,8.298892669606905,-0.0024816942738633083
R127_C035,2024,0,0,8.65629632656729e-07,True negative,1.0986122886681096,0,-2.8772142930162667,-0.0024816942738633083
R085_C063,2024,0,1,0.9669193992068,False positive,3.688879454113936,1,14.416400074675982,0.03887987695719184
R066_C110,2024,0,0,0.038620547826229264,True negative,2.70805020110221,0,7.868008816658011,-0.0024816942738633083
R014_C040,2024,0,0,5.7767006900864226e-08,True negative,0.6931471805599453,0,-5.584254444208691,-0.0024816942738633083
R106_C056,2024,0,0,5.9083840806754096e-06,True negative,1.3862943611198906,0,-0.9565387396034916,-0.0024816942738633083
R030_C091,2024,1,1,0.9999972266639656,True positive,5.099866427824199,1,23.836688810406685,0.03887987695719184
R173_C031,2024,0,0,5.7767006900864226e-08,True negative,0.6931471805599453,0,-5.584254444208691,-0.0024816942738633083
R110_C051,2024,0,0,5.64791947838045e-10,True negative,0.0,0,-10.21197014881389,-0.0024816942738633083
R056_C065,2024,1,1,0.9999776781890198,True positive,4.787491742782046,1,21.751155930473608,0.03887987695719184
R135_C049,2024,0,1,0.7216193143239186,False positive,3.332204510175204,0,12.035101721603185,-0.0024816942738633083
R107_C061,2024,0,0,5.9083840806754096e-06,True negative,1.3862943611198906,0,-0.9565387396034916,-0.0024816942738633083
R022_C061,2024,0,0,8.65629632656729e-07,True negative,1.0986122886681096,0,-2.8772142930162667,-0.0024816942738633083
R021_C085,2024,0,0,5.7767006900864226e-08,True negative,0.6931471805599453,0,-5.584254444208691,-0.0024816942738633083
R033_C088,2024,1,1,0.9999984538942909,True positive,5.187385805840755,1,24.421001654004076,0.03887987695719184
R113_C072,2024,0,1,0.8634228435842332,False positive,3.4657359027997265,0,12.926608374212105,-0.0024816942738633083
R070_C091,2024,0,0,2.621007218088068e-05,True negative,1.6094379124341005,0,0.533252960860389,-0.0024816942738633083
R159_C063,2024,0,0,2.621007218088068e-05,True negative,1.6094379124341005,0,0.533252960860389,-0.0024816942738633083
R051_C073,2024,1,1,0.9758943929827445,True positive,3.737669618283368,1,14.74214187279561,0.03887987695719184
R056_C099,2024,0,0,8.65629632656729e-07,True negative,1.0986122886681096,0,-2.8772142930162667,-0.0024816942738633083
R017_C058,2024,0,0,5.64791947838045e-10,True negative,0.0,0,-10.21197014881389,-0.0024816942738633083
R006_C042,2024,0,0,5.7767006900864226e-08,True negative,0.6931471805599453,0,-5.584254444208691,-0.0024816942738633083
R064_C114,2024,0,0,5.9083840806754096e-06,True negative,1.3862943611198906,0,-0.9565387396034916,-0.0024816942738633083
R007_C039,2024,0,0,5.7767006900864226e-08,True negative,0.6931471805599453,0,-5.584254444208691,-0.0024816942738633083
R024_C088,2024,0,0,2.621007218088068e-05,True negative,1.6094379124341005,0,0.533252960860389,-0.0024816942738633083
R166_C040,2024,0,0,0.0013249536430650108,True negative,2.19722457733622,0,4.457541562781362,-0.0024816942738633083
R038_C068,2024,0,0,5.7767006900864226e-08,True negative,0.6931471805599453,0,-5.584254444208691,-0.0024816942738633083
R121_C058,2024,0,0,8.65629632656729e-07,True negative,1.0986122886681096,0,-2.8772142930162667,-0.0024816942738633083
R052_C086,2024,0,0,0.024717696654622916,True negative,2.639057329615259,0,7.4073860169979895,-0.0024816942738633083
R018_C072,2024,0,0,2.621007218088068e-05,True negative,1.6094379124341005,0,0.533252960860389,-0.0024816942738633083
R068_C035,2024,0,0,5.7767006900864226e-08,True negative,0.6931471805599453,0,-5.584254444208691,-0.0024816942738633083
R018_C084,2024,1,1,0.999437402158506,True positive,4.304065093204169,1,18.523614708320807,0.03887987695719184
R075_C084,2024,0,0,5.9083840806754096e-06,True negative,1.3862943611198906,0,-0.9565387396034916,-0.0024816942738633083
R073_C079,2024,0,0,2.621007218088068e-05,True negative,1.6094379124341005,0,0.533252960860389,-0.0024816942738633083
R041_C103,2024,0,0,0.11948288041963083,True negative,2.8903717578961645,0,9.085257267386556,-0.0024816942738633083
R076_C060,2024,0,1,0.8858928614393123,False positive,3.49650756146648,0,13.132051737559335,-0.0024816942738633083
R141_C053,2024,0,0,5.7767006900864226e-08,True negative,0.6931471805599453,0,-5.584254444208691,-0.0024816942738633083
R018_C064,2024,0,0,2.621007218088068e-05,True negative,1.6094379124341005,0,0.533252960860389,-0.0024816942738633083
R052_C076,2024,0,1,0.7661666921380098,False positive,3.367295829986474,0,12.26938479501157,-0.0024816942738633083
R025_C061,2024,0,0,8.852897499702268e-05,True negative,1.791759469228055,0,1.7505014115889328,-0.0024816942738633083
R041_C097,2024,0,0,5.9083840806754096e-06,True negative,1.3862943611198906,0,-0.9565387396034916,-0.0024816942738633083
R059_C105,2024,0,0,5.7767006900864226e-08,True negative,0.6931471805599453,0,-5.584254444208691,-0.0024816942738633083
R035_C036,2024,0,0,5.7767006900864226e-08,True negative,0.6931471805599453,0,-5.584254444208691,-0.0024816942738633083
R049_C097,2024,0,0,0.0002477300319792436,True negative,1.9459101490553128,0,2.779670312392786,-0.0024816942738633083
R128_C032,2024,0,0,8.65629632656729e-07,True negative,1.0986122886681096,0,-2.8772142930162667,-0.0024816942738633083
R052_C114,2024,0,0,8.65629632656729e-07,True negative,1.0986122886681096,0,-2.8772142930162667,-0.0024816942738633083
R172_C025,2024,0,0,5.64791947838045e-10,True negative,0.0,0,-10.21197014881389,-0.0024816942738633083
R046_C083,2024,0,1,0.6703357251318038,False positive,3.295836866004329,0,11.792297418578983,-0.0024816942738633083
R020_C102,2024,1,1,0.9948005288631603,True positive,3.970291913552122,1,16.29521729349758,0.03887987695719184
R061_C103,2024,0,0,2.621007218088068e-05,True negative,1.6094379124341005,0,0.533252960860389,-0.0024816942738633083
R059_C116,2024,0,0,8.852897499702268e-05,True negative,1.791759469228055,0,1.7505014115889328,-0.0024816942738633083
R167_C003,2024,0,0,5.64791947838045e-10,True negative,0.0,0,-10.21197014881389,-0.0024816942738633083
R164_C036,2024,0,0,5.7767006900864226e-08,True negative,0.6931471805599453,0,-5.584254444208691,-0.0024816942738633083
R004_C015,2024,0,0,5.9083840806754096e-06,True negative,1.3862943611198906,0,-0.9565387396034916,-0.0024816942738633083
R091_C073,2024,0,0,0.0006039490586071061,True negative,2.079441541679836,0,3.6711769650017096,-0.0024816942738633083
R052_C071,2024,0,0,2.621007218088068e-05,True negative,1.6094379124341005,0,0.533252960860389,-0.0024816942738633083
R076_C087,2024,0,0,5.9083840806754096e-06,True negative,1.3862943611198906,0,-0.9565387396034916,-0.0024816942738633083
R184_C015,2024,0,0,2.621007218088068e-05,True negative,1.6094379124341005,0,0.533252960860389,-0.0024816942738633083
R103_C078,2024,0,0,5.9083840806754096e-06,True negative,1.3862943611198906,0,-0.9565387396034916,-0.0024816942738633083
R170_C061,2024,0,0,5.9083840806754096e-06,True negative,1.3862943611198906,0,-0.9565387396034916,-0.0024816942738633083
R168_C068,2024,0,0,5.64791947838045e-10,True negative,0.0,0,-10.21197014881389,-0.0024816942738633083
R064_C044,2024,0,0,5.7767006900864226e-08,True negative,0.6931471805599453,0,-5.584254444208691,-0.0024816942738633083
R014_C046,2024,0,0,0.0002477300319792436,True negative,1.9459101490553128,0,2.779670312392786,-0.0024816942738633083
R054_C055,2024,0,0,0.0002477300319792436,True negative,1.9459101490553128,0,2.779670312392786,-0.0024816942738633083
R169_C062,2024,0,0,5.64791947838045e-10,True negative,0.0,0,-10.21197014881389,-0.0024816942738633083
R043_C079,2024,0,0,5.7767006900864226e-08,True negative,0.6931471805599453,0,-5.584254444208691,-0.0024816942738633083
R079_C061,2024,1,1,0.999983003178658,True positive,4.8283137373023015,1,22.023699180208947,0.03887987695719184
R167_C064,2024,0,0,5.64791947838045e-10,True negative,0.0,0,-10.21197014881389,-0.0024816942738633083
R092_C088,2024,0,0,5.9083840806754096e-06,True negative,1.3862943611198906,0,-0.9565387396034916,-0.0024816942738633083
R190_C053,2024,0,0,5.64791947838045e-10,True negative,0.0,0,-10.21197014881389,-0.0024816942738633083
R023_C104,2024,0,0,8.65629632656729e-07,True negative,1.0986122886681096,0,-2.8772142930162667,-0.0024816942738633083
R030_C093,2024,1,1,0.9999993101723981,True positive,5.308267697401205,1,25.228055399104463,0.03887987695719184
R018_C087,2024,1,1,0.9967947494132563,True positive,4.04305126783455,1,16.780986572971127,0.03887987695719184
R022_C062,2024,0,0,5.64791947838045e-10,True negative,0.0,0,-10.21197014881389,-0.0024816942738633083
R067_C062,2024,0,0,2.621007218088068e-05,True negative,1.6094379124341005,0,0.533252960860389,-0.0024816942738633083
R016_C035,2024,0,0,5.64791947838045e-10,True negative,0.0,0,-10.21197014881389,-0.0024816942738633083
R068_C093,2024,0,0,5.7767006900864226e-08,True negative,0.6931471805599453,0,-5.584254444208691,-0.0024816942738633083
R097_C069,2024,0,0,5.7767006900864226e-08,True negative,0.6931471805599453,0,-5.584254444208691,-0.0024816942738633083
R043_C056,2024,0,0,5.7767006900864226e-08,True negative,0.6931471805599453,0,-5.584254444208691,-0.0024816942738633083
R131_C015,2024,0,0,5.7767006900864226e-08,True negative,0.6931471805599453,0,-5.584254444208691,-0.0024816942738633083
R166_C022,2024,0,0,5.64791947838045e-10,True negative,0.0,0,-10.21197014881389,-0.0024816942738633083
R091_C066,2024,0,0,5.64791947838045e-10,True negative,0.0,0,-10.21197014881389,-0.0024816942738633083
R058_C095,2024,0,0,5.7767006900864226e-08,True negative,0.6931471805599453,0,-5.584254444208691,-0.0024816942738633083
R041_C026,2024,0,0,0.1629605820634127,True negative,2.9444389791664403,0,9.446230717173501,-0.0024816942738633083
R074_C059,2024,0,0,0.21519187873111192,True negative,2.995732273553991,0,9.788684370070785,-0.0024816942738633083
R026_C070,2024,0,0,0.27524593511421913,True negative,3.044522437723423,0,10.114426168190413,-0.0024816942738633083
R019_C094,2024,0,0,0.058211331684448954,True negative,2.772588722239781,0,8.298892669606905,-0.0024816942738633083
R081_C053,2024,1,1,0.9993245506522902,True positive,4.276666119016055,1,18.340688676596958,0.03887987695719184
R036_C041,2024,0,0,0.008974292080567959,True negative,2.4849066497880004,0,6.378217116194133,-0.0024816942738633083
R026_C053,2024,0,0,0.024717696654622916,True negative,2.639057329615259,0,7.4073860169979895,-0.0024816942738633083
R167_C002,2024,0,0,5.64791947838045e-10,True negative,0.0,0,-10.21197014881389,-0.0024816942738633083
R136_C045,2024,0,0,8.65629632656729e-07,True negative,1.0986122886681096,0,-2.8772142930162667,-0.0024816942738633083
R122_C058,2024,0,0,5.7767006900864226e-08,True negative,0.6931471805599453,0,-5.584254444208691,-0.0024816942738633083
R068_C060,2024,1,1,0.9912514373761554,True positive,3.8918202981106265,1,15.771310773599467,0.03887987695719184
R034_C081,2024,0,0,2.621007218088068e-05,True negative,1.6094379124341005,0,0.533252960860389,-0.0024816942738633083
R080_C084,2024,1,1,0.9999076024962958,True positive,4.574710978503383,1,20.330550160001017,0.03887987695719184
R065_C089,2024,0,0,0.0006039490586071061,True negative,2.079441541679836,0,3.6711769650017096,-0.0024816942738633083
R070_C088,2024,0,0,0.002673672923127726,True negative,2.302585092994046,0,5.160968665465588,-0.0024816942738633083
R123_C070,2024,0,0,2.621007218088068e-05,True negative,1.6094379124341005,0,0.533252960860389,-0.0024816942738633083
R029_C096,2024,0,0,0.21519187873111192,True negative,2.995732273553991,0,9.788684370070785,-0.0024816942738633083
R037_C085,2024,0,0,5.9083840806754096e-06,True negative,1.3862943611198906,0,-0.9565387396034916,-0.0024816942738633083
R049_C057,2024,0,0,8.852897499702268e-05,True negative,1.791759469228055,0,1.7505014115889328,-0.0024816942738633083
R090_C074,2024,0,0,8.852897499702268e-05,True negative,1.791759469228055,0,1.7505014115889328,-0.0024816942738633083
R064_C113,2024,0,0,5.9083840806754096e-06,True negative,1.3862943611198906,0,-0.9565387396034916,-0.0024816942738633083
R109_C069,2024,0,0,5.7767006900864226e-08,True negative,0.6931471805599453,0,-5.584254444208691,-0.0024816942738633083
R064_C101,2024,0,0,5.64791947838045e-10,True negative,0.0,0,-10.21197014881389,-0.0024816942738633083
R161_C044,2024,0,0,5.9083840806754096e-06,True negative,1.3862943611198906,0,-0.9565387396034916,-0.0024816942738633083
R062_C094,2024,0,0,0.008974292080567959,True negative,2.4849066497880004,0,6.378217116194133,-0.0024816942738633083
R032_C057,2024,0,0,0.058211331684448954,True negative,2.772588722239781,0,8.298892669606905,-0.0024816942738633083
R037_C081,2024,0,0,0.0002477300319792436,True negative,1.9459101490553128,0,2.779670312392786,-0.0024816942738633083
R122_C037,2024,0,0,0.002673672923127726,True negative,2.302585092994046,0,5.160968665465588,-0.0024816942738633083
R063_C055,2024,0,0,5.7767006900864226e-08,True negative,0.6931471805599453,0,-5.584254444208691,-0.0024816942738633083
R072_C067,2024,0,0,5.9083840806754096e-06,True negative,1.3862943611198906,0,-0.9565387396034916,-0.0024816942738633083
R025_C070,2024,0,0,0.0002477300319792436,True negative,1.9459101490553128,0,2.779670312392786,-0.0024816942738633083
R062_C100,2024,0,0,0.1629605820634127,True negative,2.9444389791664403,0,9.446230717173501,-0.0024816942738633083
R072_C056,2024,0,0,8.852897499702268e-05,True negative,1.791759469228055,0,1.7505014115889328,-0.0024816942738633083
R167_C058,2024,0,0,5.7767006900864226e-08,True negative,0.6931471805599453,0,-5.584254444208691,-0.0024816942738633083
R182_C028,2024,0,0,5.64791947838045e-10,True negative,0.0,0,-10.21197014881389,-0.0024816942738633083
R027_C087,2024,0,0,0.11948288041963083,True negative,2.8903717578961645,0,9.085257267386556,-0.0024816942738633083
R039_C038,2024,0,0,0.024717696654622916,True negative,2.639057329615259,0,7.4073860169979895,-0.0024816942738633083
R106_C048,2024,0,0,5.7767006900864226e-08,True negative,0.6931471805599453,0,-5.584254444208691,-0.0024816942738633083
R021_C108,2024,0,0,5.64791947838045e-10,True negative,0.0,0,-10.21197014881389,-0.0024816942738633083
R046_C060,2024,0,0,5.7767006900864226e-08,True negative,0.6931471805599453,0,-5.584254444208691,-0.0024816942738633083
R112_C070,2024,0,0,0.0006039490586071061,True negative,2.079441541679836,0,3.6711769650017096,-0.0024816942738633083
R102_C057,2024,0,0,5.9083840806754096e-06,True negative,1.3862943611198906,0,-0.9565387396034916,-0.0024816942738633083
R032_C056,2024,0,0,0.024717696654622916,True negative,2.639057329615259,0,7.4073860169979895,-0.0024816942738633083
R045_C090,2024,0,0,0.038620547826229264,True negative,2.70805020110221,0,7.868008816658011,-0.0024816942738633083
R059_C081,2024,0,0,5.7767006900864226e-08,True negative,0.6931471805599453,0,-5.584254444208691,-0.0024816942738633083
R112_C072,2024,1,1,0.9981691193857279,True positive,4.127134385045092,1,17.342357625065787,0.03887987695719184
R061_C092,2024,0,0,0.0006039490586071061,True negative,2.079441541679836,0,3.6711769650017096,-0.0024816942738633083
R037_C106,2024,0,0,8.852897499702268e-05,True negative,1.791759469228055,0,1.7505014115889328,-0.0024816942738633083
R066_C054,2024,0,0,8.852897499702268e-05,True negative,1.791759469228055,0,1.7505014115889328,-0.0024816942738633083
R186_C011,2024,0,0,5.7767006900864226e-08,True negative,0.6931471805599453,0,-5.584254444208691,-0.0024816942738633083
R093_C071,2024,0,0,8.65629632656729e-07,True negative,1.0986122886681096,0,-2.8772142930162667,-0.0024816942738633083
R058_C082,2024,0,0,5.9083840806754096e-06,True negative,1.3862943611198906,0,-0.9565387396034916,-0.0024816942738633083
R036_C100,2024,1,1,0.8858928614393123,True positive,3.49650756146648,0,13.132051737559335,-0.0024816942738633083
R035_C098,2024,1,1,0.9981691193857279,True positive,4.127134385045092,1,17.342357625065787,0.03887987695719184
R168_C038,2024,0,0,5.9083840806754096e-06,True negative,1.3862943611198906,0,-0.9565387396034916,-0.0024816942738633083
R006_C024,2024,0,0,8.65629632656729e-07,True negative,1.0986122886681096,0,-2.8772142930162667,-0.0024816942738633083
R090_C067,2024,0,0,5.7767006900864226e-08,True negative,0.6931471805599453,0,-5.584254444208691,-0.0024816942738633083
R014_C062,2024,0,0,5.7767006900864226e-08,True negative,0.6931471805599453,0,-5.584254444208691,-0.0024816942738633083
R120_C035,2024,0,0,5.7767006900864226e-08,True negative,0.6931471805599453,0,-5.584254444208691,-0.0024816942738633083
R147_C050,2024,0,0,8.65629632656729e-07,True negative,1.0986122886681096,0,-2.8772142930162667,-0.0024816942738633083
R070_C065,2024,0,0,2.621007218088068e-05,True negative,1.6094379124341005,0,0.533252960860389,-0.0024816942738633083
R064_C052,2024,0,0,2.621007218088068e-05,True negative,1.6094379124341005,0,0.533252960860389,-0.0024816942738633083
R121_C069,2024,0,0,5.64791947838045e-10,True negative,0.0,0,-10.21197014881389,-0.0024816942738633083
R063_C056,2024,0,0,5.7767006900864226e-08,True negative,0.6931471805599453,0,-5.584254444208691,-0.0024816942738633083
R116_C043,2024,0,0,5.64791947838045e-10,True negative,0.0,0,-10.21197014881389,-0.0024816942738633083
R085_C092,2024,0,0,8.65629632656729e-07,True negative,1.0986122886681096,0,-2.8772142930162667,-0.0024816942738633083
R084_C091,2024,0,0,5.7767006900864226e-08,True negative,0.6931471805599453,0,-5.584254444208691,-0.0024816942738633083
R056_C105,2024,0,0,8.65629632656729e-07,True negative,1.0986122886681096,0,-2.8772142930162667,-0.0024816942738633083
R033_C074,2024,0,0,5.64791947838045e-10,True negative,0.0,0,-10.21197014881389,-0.0024816942738633083
R062_C107,2024,0,0,5.64791947838045e-10,True negative,0.0,0,-10.21197014881389,-0.0024816942738633083
R050_C052,2024,0,0,8.65629632656729e-07,True negative,1.0986122886681096,0,-2.8772142930162667,-0.0024816942738633083
R062_C086,2024,0,0,5.9083840806754096e-06,True negative,1.3862943611198906,0,-0.9565387396034916,-0.0024816942738633083
R016_C048,2024,0,0,8.852897499702268e-05,True negative,1.791759469228055,0,1.7505014115889328,-0.0024816942738633083
R072_C059,2024,0,0,0.11948288041963083,True negative,2.8903717578961645,0,9.085257267386556,-0.0024816942738633083
R035_C058,2024,0,0,5.7767006900864226e-08,True negative,0.6931471805599453,0,-5.584254444208691,-0.0024816942738633083
R063_C038,2024,0,0,5.7767006900864226e-08,True negative,0.6931471805599453,0,-5.584254444208691,-0.0024816942738633083
R059_C089,2024,0,0,0.0002477300319792436,True negative,1.9459101490553128,0,2.779670312392786,-0.0024816942738633083
R146_C051,2024,0,0,8.65629632656729e-07,True negative,1.0986122886681096,0,-2.8772142930162667,-0.0024816942738633083
R181_C012,2024,0,0,5.64791947838045e-10,True negative,0.0,0,-10.21197014881389,-0.0024816942738633083
R037_C078,2024,0,0,8.852897499702268e-05,True negative,1.791759469228055,0,1.7505014115889328,-0.0024816942738633083
R093_C052,2024,0,1,0.6703357251318038,False positive,3.295836866004329,0,11.792297418578983,-0.0024816942738633083
R097_C056,2024,0,0,0.0013249536430650108,True negative,2.19722457733622,0,4.457541562781362,-0.0024816942738633083
R027_C036,2024,0,0,5.64791947838045e-10,True negative,0.0,0,-10.21197014881389,-0.0024816942738633083
R078_C087,2024,0,0,5.7767006900864226e-08,True negative,0.6931471805599453,0,-5.584254444208691,-0.0024816942738633083
R043_C072,2024,0,0,8.65629632656729e-07,True negative,1.0986122886681096,0,-2.8772142930162667,-0.0024816942738633083
R172_C032,2024,0,0,5.64791947838045e-10,True negative,0.0,0,-10.21197014881389,-0.0024816942738633083
R115_C031,2024,0,0,5.64791947838045e-10,True negative,0.0,0,-10.21197014881389,-0.0024816942738633083
R169_C051,2024,0,0,5.9083840806754096e-06,True negative,1.3862943611198906,0,-0.9565387396034916,-0.0024816942738633083
R091_C083,2024,0,0,5.64791947838045e-10,True negative,0.0,0,-10.21197014881389,-0.0024816942738633083
R060_C087,2024,0,0,8.852897499702268e-05,True negative,1.791759469228055,0,1.7505014115889328,-0.0024816942738633083
R095_C075,2024,0,0,8.65629632656729e-07,True negative,1.0986122886681096,0,-2.8772142930162667,-0.0024816942738633083
R041_C060,2024,0,0,2.621007218088068e-05,True negative,1.6094379124341005,0,0.533252960860389,-0.0024816942738633083
R048_C077,2024,0,0,0.002673672923127726,True negative,2.302585092994046,0,5.160968665465588,-0.0024816942738633083
R039_C074,2024,0,0,0.0002477300319792436,True negative,1.9459101490553128,0,2.779670312392786,-0.0024816942738633083
R117_C063,2024,0,0,5.64791947838045e-10,True negative,0.0,0,-10.21197014881389,-0.0024816942738633083
R066_C051,2024,0,0,0.015217410607103852,True negative,2.5649493574615367,0,6.912612848772478,-0.0024816942738633083
R098_C061,2024,0,0,5.64791947838045e-10,True negative,0.0,0,-10.21197014881389,-0.0024816942738633083
R018_C053,2024,0,0,8.852897499702268e-05,True negative,1.791759469228055,0,1.7505014115889328,-0.0024816942738633083
R044_C066,2024,0,0,0.0006039490586071061,True negative,2.079441541679836,0,3.6711769650017096,-0.0024816942738633083
R054_C044,2024,0,0,5.7767006900864226e-08,True negative,0.6931471805599453,0,-5.584254444208691,-0.0024816942738633083
R045_C087,2024,0,0,0.3412830017619351,True negative,3.091042453358316,0,10.425011586366914,-0.0024816942738633083
R133_C031,2024,0,0,8.65629632656729e-07,True negative,1.0986122886681096,0,-2.8772142930162667,-0.0024816942738633083
R179_C042,2024,0,0,5.64791947838045e-10,True negative,0.0,0,-10.21197014881389,-0.0024816942738633083
R089_C087,2024,0,0,0.024717696654622916,True negative,2.639057329615259,0,7.4073860169979895,-0.0024816942738633083
R164_C047,2024,0,0,5.64791947838045e-10,True negative,0.0,0,-10.21197014881389,-0.0024816942738633083
R156_C062,2024,0,0,5.7767006900864226e-08,True negative,0.6931471805599453,0,-5.584254444208691,-0.0024816942738633083
R022_C089,2024,0,0,2.621007218088068e-05,True negative,1.6094379124341005,0,0.533252960860389,-0.0024816942738633083
R045_C109,2024,0,0,0.0002477300319792436,True negative,1.9459101490553128,0,2.779670312392786,-0.0024816942738633083
R066_C071,2024,0,0,5.9083840806754096e-06,True negative,1.3862943611198906,0,-0.9565387396034916,-0.0024816942738633083
R037_C077,2024,0,0,0.015217410607103852,True negative,2.5649493574615367,0,6.912612848772478,-0.0024816942738633083
R030_C086,2024,0,1,0.5488146483718718,False positive,3.218875824868201,0,11.278476070534667,-0.0024816942738633083
R078_C052,2024,0,0,5.7767006900864226e-08,True negative,0.6931471805599453,0,-5.584254444208691,-0.0024816942738633083
R019_C035,2024,0,0,8.65629632656729e-07,True negative,1.0986122886681096,0,-2.8772142930162667,-0.0024816942738633083
R088_C069,2024,0,0,5.64791947838045e-10,True negative,0.0,0,-10.21197014881389,-0.0024816942738633083
R013_C032,2024,0,0,5.7767006900864226e-08,True negative,0.6931471805599453,0,-5.584254444208691,-0.0024816942738633083
R124_C020,2024,0,0,5.64791947838045e-10,True negative,0.0,0,-10.21197014881389,-0.0024816942738633083
R164_C024,2024,0,0,5.64791947838045e-10,True negative,0.0,0,-10.21197014881389,-0.0024816942738633083
R079_C054,2024,0,0,0.0006039490586071061,True negative,2.079441541679836,0,3.6711769650017096,-0.0024816942738633083
R073_C094,2024,0,0,0.0002477300319792436,True negative,1.9459101490553128,0,2.779670312392786,-0.0024816942738633083
R045_C030,2024,0,0,5.64791947838045e-10,True negative,0.0,0,-10.21197014881389,-0.0024816942738633083
R032_C102,2024,0,1,0.612476721689788,False positive,3.258096538021482,0,11.540328553377677,-0.0024816942738633083
R063_C054,2024,0,0,5.7767006900864226e-08,True negative,0.6931471805599453,0,-5.584254444208691,-0.0024816942738633083
R029_C094,2024,0,1,0.5488146483718718,False positive,3.218875824868201,0,11.278476070534667,-0.0024816942738633083
R037_C051,2024,0,0,0.08479219087228605,True negative,2.833213344056216,0,8.703645833630494,-0.0024816942738633083
R135_C032,2024,0,0,8.65629632656729e-07,True negative,1.0986122886681096,0,-2.8772142930162667,-0.0024816942738633083
R080_C053,2024,0,0,0.1629605820634127,True negative,2.9444389791664403,0,9.446230717173501,-0.0024816942738633083
R034_C078,2024,0,0,2.621007218088068e-05,True negative,1.6094379124341005,0,0.533252960860389,-0.0024816942738633083
R039_C105,2024,0,0,5.64791947838045e-10,True negative,0.0,0,-10.21197014881389,-0.0024816942738633083
R027_C100,2024,0,0,0.3412830017619351,True negative,3.091042453358316,0,10.425011586366914,-0.0024816942738633083
R017_C030,2024,0,0,8.65629632656729e-07,True negative,1.0986122886681096,0,-2.8772142930162667,-0.0024816942738633083
R110_C058,2024,0,0,5.9083840806754096e-06,True negative,1.3862943611198906,0,-0.9565387396034916,-0.0024816942738633083
R006_C022,2024,0,0,0.0006039490586071061,True negative,2.079441541679836,0,3.6711769650017096,-0.0024816942738633083
R012_C031,2024,0,0,5.7767006900864226e-08,True negative,0.6931471805599453,0,-5.584254444208691,-0.0024816942738633083
R047_C115,2024,0,0,5.7767006900864226e-08,True negative,0.6931471805599453,0,-5.584254444208691,-0.0024816942738633083
R046_C037,2024,0,0,8.65629632656729e-07,True negative,1.0986122886681096,0,-2.8772142930162667,-0.0024816942738633083
R166_C065,2024,0,0,5.64791947838045e-10,True negative,0.0,0,-10.21197014881389,-0.0024816942738633083
R083_C072,2024,1,1,0.9999294492523191,True positive,4.61512051684126,1,20.60033969449926,0.03887987695719184
R169_C038,2024,0,0,8.65629632656729e-07,True negative,1.0986122886681096,0,-2.8772142930162667,-0.0024816942738633083
R036_C099,2024,0,1,0.6703357251318038,False positive,3.295836866004329,0,11.792297418578983,-0.0024816942738633083
R053_C098,2024,0,0,2.621007218088068e-05,True negative,1.6094379124341005,0,0.533252960860389,-0.0024816942738633083
R008_C037,2024,0,1,0.8042593123851965,False positive,3.4011973816621555,0,12.49572452126321,-0.0024816942738633083
R149_C016,2024,0,0,5.64791947838045e-10,True negative,0.0,0,-10.21197014881389,-0.0024816942738633083
R092_C050,2024,0,0,0.002673672923127726,True negative,2.302585092994046,0,5.160968665465588,-0.0024816942738633083
R142_C038,2024,0,0,5.64791947838045e-10,True negative,0.0,0,-10.21197014881389,-0.0024816942738633083
R040_C028,2024,0,0,0.0002477300319792436,True negative,1.9459101490553128,0,2.779670312392786,-0.0024816942738633083
R055_C085,2024,0,0,0.27524593511421913,True negative,3.044522437723423,0,10.114426168190413,-0.0024816942738633083
R083_C055,2024,0,0,0.008974292080567959,True negative,2.4849066497880004,0,6.378217116194133,-0.0024816942738633083
R150_C023,2024,0,0,5.64791947838045e-10,True negative,0.0,0,-10.21197014881389,-0.0024816942738633083
R050_C113,2024,0,0,8.65629632656729e-07,True negative,1.0986122886681096,0,-2.8772142930162667,-0.0024816942738633083
R047_C035,2024,0,0,5.64791947838045e-10,True negative,0.0,0,-10.21197014881389,-0.0024816942738633083
R127_C027,2024,0,0,5.64791947838045e-10,True negative,0.0,0,-10.21197014881389,-0.0024816942738633083
R009_C028,2024,0,0,0.0006039490586071061,True negative,2.079441541679836,0,3.6711769650017096,-0.0024816942738633083
R026_C069,2024,0,0,0.008974292080567959,True negative,2.4849066497880004,0,6.378217116194133,-0.0024816942738633083
R047_C053,2024,0,0,8.65629632656729e-07,True negative,1.0986122886681096,0,-2.8772142930162667,-0.0024816942738633083
R096_C084,2024,0,0,8.65629632656729e-07,True negative,1.0986122886681096,0,-2.8772142930162667,-0.0024816942738633083
R186_C016,2024,0,0,5.64791947838045e-10,True negative,0.0,0,-10.21197014881389,-0.0024816942738633083
R081_C065,2024,0,0,0.005039993971908603,True negative,2.3978952727983707,0,5.797295881761715,-0.0024816942738633083
R047_C030,2024,0,0,0.005039993971908603,True negative,2.3978952727983707,0,5.797295881761715,-0.0024816942738633083
R069_C046,2024,0,0,5.64791947838045e-10,True negative,0.0,0,-10.21197014881389,-0.0024816942738633083
R168_C053,2024,0,0,5.64791947838045e-10,True negative,0.0,0,-10.21197014881389,-0.0024816942738633083
R128_C021,2024,0,0,5.64791947838045e-10,True negative,0.0,0,-10.21197014881389,-0.0024816942738633083
R042_C064,2024,0,1,0.9793264211280307,False positive,3.7612001156935615,1,14.89924047386668,0.03887987695719184
R185_C050,2024,0,0,5.64791947838045e-10,True negative,0.0,0,-10.21197014881389,-0.0024816942738633083
R030_C066,2024,0,0,0.0013249536430650108,True negative,2.19722457733622,0,4.457541562781362,-0.0024816942738633083
R049_C101,2024,0,0,5.7767006900864226e-08,True negative,0.6931471805599453,0,-5.584254444208691,-0.0024816942738633083
R042_C058,2024,0,0,0.0013249536430650108,True negative,2.19722457733622,0,4.457541562781362,-0.0024816942738633083
R023_C108,2024,0,0,0.008974292080567959,True negative,2.4849066497880004,0,6.378217116194133,-0.0024816942738633083
R123_C036,2024,0,0,5.9083840806754096e-06,True negative,1.3862943611198906,0,-0.9565387396034916,-0.0024816942738633083
R090_C056,2024,1,1,0.9998089737546981,True positive,4.465908118654584,1,19.604140650809192,0.03887987695719184
R093_C084,2024,0,0,5.7767006900864226e-08,True negative,0.6931471805599453,0,-5.584254444208691,-0.0024816942738633083
R099_C070,2024,0,0,5.9083840806754096e-06,True negative,1.3862943611198906,0,-0.9565387396034916,-0.0024816942738633083
R044_C087,2024,0,1,0.8634228435842332,False positive,3.4657359027997265,0,12.926608374212105,-0.0024816942738633083
R011_C045,2024,1,1,0.9540303661236091,True positive,3.6375861597263857,1,14.073946421778702,0.03887987695719184
R026_C043,2024,0,0,5.7767006900864226e-08,True negative,0.6931471805599453,0,-5.584254444208691,-0.0024816942738633083
R017_C044,2024,0,0,8.65629632656729e-07,True negative,1.0986122886681096,0,-2.8772142930162667,-0.0024816942738633083
R086_C073,2024,0,0,0.002673672923127726,True negative,2.302585092994046,0,5.160968665465588,-0.0024816942738633083
R145_C033,2024,0,0,5.64791947838045e-10,True negative,0.0,0,-10.21197014881389,-0.0024816942738633083
R045_C035,2024,0,0,8.852897499702268e-05,True negative,1.791759469228055,0,1.7505014115889328,-0.0024816942738633083
R055_C088,2024,0,0,5.7767006900864226e-08,True negative,0.6931471805599453,0,-5.584254444208691,-0.0024816942738633083
R175_C040,2024,0,0,5.7767006900864226e-08,True negative,0.6931471805599453,0,-5.584254444208691,-0.0024816942738633083
R158_C043,2024,0,0,5.64791947838045e-10,True negative,0.0,0,-10.21197014881389,-0.0024816942738633083
R040_C027,2024,0,0,5.64791947838045e-10,True negative,0.0,0,-10.21197014881389,-0.0024816942738633083
R039_C100,2024,1,1,0.9540303661236091,True positive,3.6375861597263857,1,14.073946421778702,0.03887987695719184
R042_C061,2024,0,0,5.7767006900864226e-08,True negative,0.6931471805599453,0,-5.584254444208691,-0.0024816942738633083
R141_C046,2024,0,0,5.7767006900864226e-08,True negative,0.6931471805599453,0,-5.584254444208691,-0.0024816942738633083
R157_C040,2024,0,0,5.7767006900864226e-08,True negative,0.6931471805599453,0,-5.584254444208691,-0.0024816942738633083
R042_C086,2024,0,0,0.27524593511421913,True negative,3.044522437723423,0,10.114426168190413,-0.0024816942738633083
R044_C063,2024,0,0,8.65629632656729e-07,True negative,1.0986122886681096,0,-2.8772142930162667,-0.0024816942738633083
R154_C059,2024,0,0,5.7767006900864226e-08,True negative,0.6931471805599453,0,-5.584254444208691,-0.0024816942738633083
R047_C084,2024,0,0,0.0013249536430650108,True negative,2.19722457733622,0,4.457541562781362,-0.0024816942738633083
R072_C055,2024,0,0,0.11948288041963083,True negative,2.8903717578961645,0,9.085257267386556,-0.0024816942738633083
R135_C033,2024,0,0,5.64791947838045e-10,True negative,0.0,0,-10.21197014881389,-0.0024816942738633083
R173_C043,2024,0,0,5.7767006900864226e-08,True negative,0.6931471805599453,0,-5.584254444208691,-0.0024816942738633083
R073_C074,2024,0,0,0.015217410607103852,True negative,2.5649493574615367,0,6.912612848772478,-0.0024816942738633083
R053_C114,2024,0,0,2.621007218088068e-05,True negative,1.6094379124341005,0,0.533252960860389,-0.0024816942738633083
R166_C055,2024,0,0,8.65629632656729e-07,True negative,1.0986122886681096,0,-2.8772142930162667,-0.0024816942738633083
R112_C051,2024,0,0,5.7767006900864226e-08,True negative,0.6931471805599453,0,-5.584254444208691,-0.0024816942738633083
R149_C054,2024,0,0,8.65629632656729e-07,True negative,1.0986122886681096,0,-2.8772142930162667,-0.0024816942738633083
R097_C072,2024,0,0,5.7767006900864226e-08,True negative,0.6931471805599453,0,-5.584254444208691,-0.0024816942738633083
R019_C061,2024,0,0,5.7767006900864226e-08,True negative,0.6931471805599453,0,-5.584254444208691,-0.0024816942738633083
R191_C046,2024,0,0,5.7767006900864226e-08,True negative,0.6931471805599453,0,-5.584254444208691,-0.0024816942738633083
R159_C057,2024,0,0,5.7767006900864226e-08,True negative,0.6931471805599453,0,-5.584254444208691,-0.0024816942738633083
R067_C095,2024,0,0,5.9083840806754096e-06,True negative,1.3862943611198906,0,-0.9565387396034916,-0.0024816942738633083
R065_C112,2024,0,0,2.621007218088068e-05,True negative,1.6094379124341005,0,0.533252960860389,-0.0024816942738633083
R073_C057,2024,0,1,0.9455594271188087,False positive,3.610917912644224,1,13.895899003715607,0.03887987695719184
R127_C047,2024,0,0,5.64791947838045e-10,True negative,0.0,0,-10.21197014881389,-0.0024816942738633083
R035_C104,2024,1,1,0.9999993948186633,True positive,5.327876168789581,1,25.358969054288035,0.03887987695719184
R033_C051,2024,0,1,0.8042593123851965,False positive,3.4011973816621555,0,12.49572452126321,-0.0024816942738633083
R036_C097,2024,1,1,0.9999294492523191,True positive,4.61512051684126,1,20.60033969449926,0.03887987695719184
R105_C062,2024,0,0,5.64791947838045e-10,True negative,0.0,0,-10.21197014881389,-0.0024816942738633083
R106_C051,2024,0,0,5.9083840806754096e-06,True negative,1.3862943611198906,0,-0.9565387396034916,-0.0024816942738633083
R044_C101,2024,0,0,5.7767006900864226e-08,True negative,0.6931471805599453,0,-5.584254444208691,-0.0024816942738633083
R125_C060,2024,0,0,5.7767006900864226e-08,True negative,0.6931471805599453,0,-5.584254444208691,-0.0024816942738633083
R078_C060,2024,1,1,0.9610645615635566,True positive,3.6635616461296463,1,14.247368704570102,0.03887987695719184
R026_C112,2024,0,0,0.058211331684448954,True negative,2.772588722239781,0,8.298892669606905,-0.0024816942738633083
R109_C030,2024,0,0,5.64791947838045e-10,True negative,0.0,0,-10.21197014881389,-0.0024816942738633083
R028_C084,2024,1,1,0.9992584893215176,True positive,4.262679877041316,1,18.24731117546852,0.03887987695719184
R059_C096,2024,1,1,0.8042593123851965,True positive,3.4011973816621555,0,12.49572452126321,-0.0024816942738633083
R066_C094,2024,0,0,8.852897499702268e-05,True negative,1.791759469228055,0,1.7505014115889328,-0.0024816942738633083
R098_C081,2024,0,0,5.7767006900864226e-08,True negative,0.6931471805599453,0,-5.584254444208691,-0.0024816942738633083
R115_C050,2024,0,0,5.64791947838045e-10,True negative,0.0,0,-10.21197014881389,-0.0024816942738633083
R025_C036,2024,0,0,0.0006039490586071061,True negative,2.079441541679836,0,3.6711769650017096,-0.0024816942738633083
R098_C080,2024,0,0,5.7767006900864226e-08,True negative,0.6931471805599453,0,-5.584254444208691,-0.0024816942738633083
R029_C075,2024,0,0,5.7767006900864226e-08,True negative,0.6931471805599453,0,-5.584254444208691,-0.0024816942738633083
R074_C083,2024,0,0,8.852897499702268e-05,True negative,1.791759469228055,0,1.7505014115889328,-0.0024816942738633083
R047_C036,2024,0,0,8.65629632656729e-07,True negative,1.0986122886681096,0,-2.8772142930162667,-0.0024816942738633083
R007_C043,2024,0,0,8.65629632656729e-07,True negative,1.0986122886681096,0,-2.8772142930162667,-0.0024816942738633083
R134_C048,2024,0,0,5.9083840806754096e-06,True negative,1.3862943611198906,0,-0.9565387396034916,-0.0024816942738633083
R026_C050,2024,0,0,5.9083840806754096e-06,True negative,1.3862943611198906,0,-0.9565387396034916,-0.0024816942738633083
R059_C058,2024,0,0,2.621007218088068e-05,True negative,1.6094379124341005,0,0.533252960860389,-0.0024816942738633083
R098_C085,2024,0,0,8.852897499702268e-05,True negative,1.791759469228055,0,1.7505014115889328,-0.0024816942738633083
R094_C051,2024,0,0,5.7767006900864226e-08,True negative,0.6931471805599453,0,-5.584254444208691,-0.0024816942738633083
R100_C046,2024,0,0,0.0002477300319792436,True negative,1.9459101490553128,0,2.779670312392786,-0.0024816942738633083
R030_C068,2024,0,0,5.7767006900864226e-08,True negative,0.6931471805599453,0,-5.584254444208691,-0.0024816942738633083
R076_C064,2024,1,1,0.9999489013322322,True positive,4.663439094112067,1,20.922932998102777,0.03887987695719184
R041_C075,2024,0,0,5.9083840806754096e-06,True negative,1.3862943611198906,0,-0.9565387396034916,-0.0024816942738633083
R043_C100,2024,0,0,5.64791947838045e-10,True negative,0.0,0,-10.21197014881389,-0.0024816942738633083
R091_C075,2024,0,0,5.7767006900864226e-08,True negative,0.6931471805599453,0,-5.584254444208691,-0.0024816942738633083
R012_C034,2024,0,0,0.015217410607103852,True negative,2.5649493574615367,0,6.912612848772478,-0.0024816942738633083
R092_C053,2024,0,0,5.64791947838045e-10,True negative,0.0,0,-10.21197014881389,-0.0024816942738633083
R170_C033,2024,0,0,5.64791947838045e-10,True negative,0.0,0,-10.21197014881389,-0.0024816942738633083
R051_C083,2024,0,0,0.005039993971908603,True negative,2.3978952727983707,0,5.797295881761715,-0.0024816942738633083
R052_C072,2024,0,0,0.41076471668164616,True negative,3.1354942159291497,0,10.721788555985762,-0.0024816942738633083
R102_C054,2024,0,0,5.7767006900864226e-08,True negative,0.6931471805599453,0,-5.584254444208691,-0.0024816942738633083
R111_C058,2024,0,0,5.64791947838045e-10,True negative,0.0,0,-10.21197014881389,-0.0024816942738633083
R183_C010,2024,0,0,5.7767006900864226e-08,True negative,0.6931471805599453,0,-5.584254444208691,-0.0024816942738633083
R005_C017,2024,0,0,0.008974292080567959,True negative,2.4849066497880004,0,6.378217116194133,-0.0024816942738633083
R037_C024,2024,0,0,5.7767006900864226e-08,True negative,0.6931471805599453,0,-5.584254444208691,-0.0024816942738633083
R086_C082,2024,0,0,5.64791947838045e-10,True negative,0.0,0,-10.21197014881389,-0.0024816942738633083
R049_C080,2024,0,0,0.015217410607103852,True negative,2.5649493574615367,0,6.912612848772478,-0.0024816942738633083
R035_C048,2024,0,0,0.038620547826229264,True negative,2.70805020110221,0,7.868008816658011,-0.0024816942738633083
R044_C100,2024,0,0,2.621007218088068e-05,True negative,1.6094379124341005,0,0.533252960860389,-0.0024816942738633083
R011_C060,2024,0,0,5.64791947838045e-10,True negative,0.0,0,-10.21197014881389,-0.0024816942738633083
R027_C111,2024,0,0,0.008974292080567959,True negative,2.4849066497880004,0,6.378217116194133,-0.0024816942738633083
R026_C062,2024,0,0,5.64791947838045e-10,True negative,0.0,0,-10.21197014881389,-0.0024816942738633083
R053_C097,2024,0,0,0.024717696654622916,True negative,2.639057329615259,0,7.4073860169979895,-0.0024816942738633083
R066_C112,2024,0,0,5.64791947838045e-10,True negative,0.0,0,-10.21197014881389,-0.0024816942738633083
R043_C084,2024,0,0,0.0006039490586071061,True negative,2.079441541679836,0,3.6711769650017096,-0.0024816942738633083
R066_C089,2024,0,0,8.852897499702268e-05,True negative,1.791759469228055,0,1.7505014115889328,-0.0024816942738633083
R108_C072,2024,0,1,0.9758943929827445,False positive,3.737669618283368,1,14.74214187279561,0.03887987695719184
R063_C115,2024,0,0,8.65629632656729e-07,True negative,1.0986122886681096,0,-2.8772142930162667,-0.0024816942738633083
R066_C068,2024,0,0,8.65629632656729e-07,True negative,1.0986122886681096,0,-2.8772142930162667,-0.0024816942738633083
R096_C060,2024,0,0,8.65629632656729e-07,True negative,1.0986122886681096,0,-2.8772142930162667,-0.0024816942738633083
R103_C060,2024,0,0,5.7767006900864226e-08,True negative,0.6931471805599453,0,-5.584254444208691,-0.0024816942738633083
R078_C055,2024,0,0,0.08479219087228605,True negative,2.833213344056216,0,8.703645833630494,-0.0024816942738633083
R111_C049,2024,0,0,8.65629632656729e-07,True negative,1.0986122886681096,0,-2.8772142930162667,-0.0024816942738633083
R089_C071,2024,0,0,0.0013249536430650108,True negative,2.19722457733622,0,4.457541562781362,-0.0024816942738633083
R171_C052,2024,0,0,5.64791947838045e-10,True negative,0.0,0,-10.21197014881389,-0.0024816942738633083
R086_C070,2024,0,1,0.8634228435842332,False positive,3.4657359027997265,0,12.926608374212105,-0.0024816942738633083
R077_C081,2024,0,0,2.621007218088068e-05,True negative,1.6094379124341005,0,0.533252960860389,-0.0024816942738633083
R023_C087,2024,0,0,5.9083840806754096e-06,True negative,1.3862943611198906,0,-0.9565387396034916,-0.0024816942738633083
R053_C116,2024,0,0,8.852897499702268e-05,True negative,1.791759469228055,0,1.7505014115889328,-0.0024816942738633083
R131_C049,2024,0,0,0.0002477300319792436,True negative,1.9459101490553128,0,2.779670312392786,-0.0024816942738633083
R127_C034,2024,0,0,8.65629632656729e-07,True negative,1.0986122886681096,0,-2.8772142930162667,-0.0024816942738633083
R068_C091,2024,0,0,5.7767006900864226e-08,True negative,0.6931471805599453,0,-5.584254444208691,-0.0024816942738633083
R088_C068,2024,0,0,8.852897499702268e-05,True negative,1.791759469228055,0,1.7505014115889328,-0.0024816942738633083
R058_C107,2024,0,0,0.0013249536430650108,True negative,2.19722457733622,0,4.457541562781362,-0.0024816942738633083
R124_C069,2024,0,0,5.9083840806754096e-06,True negative,1.3862943611198906,0,-0.9565387396034916,-0.0024816942738633083
R099_C075,2024,0,0,8.852897499702268e-05,True negative,1.791759469228055,0,1.7505014115889328,-0.0024816942738633083
R045_C048,2024,0,0,5.64791947838045e-10,True negative,0.0,0,-10.21197014881389,-0.0024816942738633083
R163_C016,2024,0,0,5.64791947838045e-10,True negative,0.0,0,-10.21197014881389,-0.0024816942738633083
R094_C089,2024,0,0,0.0002477300319792436,True negative,1.9459101490553128,0,2.779670312392786,-0.0024816942738633083
R041_C047,2024,0,0,5.64791947838045e-10,True negative,0.0,0,-10.21197014881389,-0.0024816942738633083
R087_C086,2024,0,0,8.65629632656729e-07,True negative,1.0986122886681096,0,-2.8772142930162667,-0.0024816942738633083
R126_C040,2024,0,0,8.65629632656729e-07,True negative,1.0986122886681096,0,-2.8772142930162667,-0.0024816942738633083
R044_C069,2024,0,0,2.621007218088068e-05,True negative,1.6094379124341005,0,0.533252960860389,-0.0024816942738633083
R114_C029,2024,0,0,5.64791947838045e-10,True negative,0.0,0,-10.21197014881389,-0.0024816942738633083
R019_C050,2024,0,0,8.65629632656729e-07,True negative,1.0986122886681096,0,-2.8772142930162667,-0.0024816942738633083
R113_C063,2024,0,0,5.64791947838045e-10,True negative,0.0,0,-10.21197014881389,-0.0024816942738633083
R018_C055,2024,0,0,5.9083840806754096e-06,True negative,1.3862943611198906,0,-0.9565387396034916,-0.0024816942738633083
R129_C040,2024,0,1,0.5488146483718718,False positive,3.218875824868201,0,11.278476070534667,-0.0024816942738633083
R089_C076,2024,0,0,5.9083840806754096e-06,True negative,1.3862943611198906,0,-0.9565387396034916,-0.0024816942738633083
R011_C025,2024,0,0,2.621007218088068e-05,True negative,1.6094379124341005,0,0.533252960860389,-0.0024816942738633083
R150_C047,2024,0,0,5.64791947838045e-10,True negative,0.0,0,-10.21197014881389,-0.0024816942738633083
R026_C035,2024,0,0,5.64791947838045e-10,True negative,0.0,0,-10.21197014881389,-0.0024816942738633083
R008_C026,2024,0,0,0.005039993971908603,True negative,2.3978952727983707,0,5.797295881761715,-0.0024816942738633083
R108_C051,2024,0,0,5.64791947838045e-10,True negative,0.0,0,-10.21197014881389,-0.0024816942738633083
R191_C035,2024,0,0,5.64791947838045e-10,True negative,0.0,0,-10.21197014881389,-0.0024816942738633083
R123_C059,2024,0,0,5.7767006900864226e-08,True negative,0.6931471805599453,0,-5.584254444208691,-0.0024816942738633083
R095_C088,2024,0,0,5.9083840806754096e-06,True negative,1.3862943611198906,0,-0.9565387396034916,-0.0024816942738633083
R050_C068,2024,0,0,0.005039993971908603,True negative,2.3978952727983707,0,5.797295881761715,-0.0024816942738633083
R095_C071,2024,0,0,8.65629632656729e-07,True negative,1.0986122886681096,0,-2.8772142930162667,-0.0024816942738633083
R158_C032,2024,0,0,5.64791947838045e-10,True negative,0.0,0,-10.21197014881389,-0.0024816942738633083
R038_C076,2024,0,0,2.621007218088068e-05,True negative,1.6094379124341005,0,0.533252960860389,-0.0024816942738633083
R042_C057,2024,0,0,2.621007218088068e-05,True negative,1.6094379124341005,0,0.533252960860389,-0.0024816942738633083
R076_C034,2024,0,0,8.852897499702268e-05,True negative,1.791759469228055,0,1.7505014115889328,-0.0024816942738633083
R055_C071,2024,0,0,8.852897499702268e-05,True negative,1.791759469228055,0,1.7505014115889328,-0.0024816942738633083
R062_C055,2024,0,0,5.7767006900864226e-08,True negative,0.6931471805599453,0,-5.584254444208691,-0.0024816942738633083
R052_C062,2024,0,0,0.0013249536430650108,True negative,2.19722457733622,0,4.457541562781362,-0.0024816942738633083
R025_C064,2024,0,0,8.852897499702268e-05,True negative,1.791759469228055,0,1.7505014115889328,-0.0024816942738633083
R071_C058,2024,0,0,0.005039993971908603,True negative,2.3978952727983707,0,5.797295881761715,-0.0024816942738633083
R131_C033,2024,0,0,8.65629632656729e-07,True negative,1.0986122886681096,0,-2.8772142930162667,-0.0024816942738633083
R019_C084,2024,1,1,0.9867219015643443,True positive,3.828641396489095,1,15.349504260590962,0.03887987695719184
R097_C065,2024,0,0,5.64791947838045e-10,True negative,0.0,0,-10.21197014881389,-0.0024816942738633083
R114_C067,2024,0,0,5.64791947838045e-10,True negative,0.0,0,-10.21197014881389,-0.0024816942738633083
R165_C040,2024,0,0,8.65629632656729e-07,True negative,1.0986122886681096,0,-2.8772142930162667,-0.0024816942738633083
R152_C039,2024,0,0,5.64791947838045e-10,True negative,0.0,0,-10.21197014881389,-0.0024816942738633083
R020_C062,2024,0,0,8.65629632656729e-07,True negative,1.0986122886681096,0,-2.8772142930162667,-0.0024816942738633083
R060_C045,2024,0,0,5.7767006900864226e-08,True negative,0.6931471805599453,0,-5.584254444208691,-0.0024816942738633083
R061_C048,2024,0,0,5.64791947838045e-10,True negative,0.0,0,-10.21197014881389,-0.0024816942738633083
R059_C070,2024,0,0,8.852897499702268e-05,True negative,1.791759469228055,0,1.7505014115889328,-0.0024816942738633083
R029_C077,2024,0,0,2.621007218088068e-05,True negative,1.6094379124341005,0,0.533252960860389,-0.0024816942738633083
R035_C092,2024,1,1,0.9999999951151752,True positive,6.049733455231958,1,30.178364407313175,0.03887987695719184
R109_C032,2024,0,0,5.7767006900864226e-08,True negative,0.6931471805599453,0,-5.584254444208691,-0.0024816942738633083
R019_C041,2024,0,0,5.9083840806754096e-06,True negative,1.3862943611198906,0,-0.9565387396034916,-0.0024816942738633083
R059_C050,2024,0,0,8.65629632656729e-07,True negative,1.0986122886681096,0,-2.8772142930162667,-0.0024816942738633083
R092_C084,2024,0,0,5.9083840806754096e-06,True negative,1.3862943611198906,0,-0.9565387396034916,-0.0024816942738633083
R054_C094,2024,0,0,5.7767006900864226e-08,True negative,0.6931471805599453,0,-5.584254444208691,-0.0024816942738633083
R127_C065,2024,0,0,5.64791947838045e-10,True negative,0.0,0,-10.21197014881389,-0.0024816942738633083
R133_C051,2024,1,1,0.8634228435842332,True positive,3.4657359027997265,0,12.926608374212105,-0.0024816942738633083
R036_C075,2024,0,0,0.0006039490586071061,True negative,2.079441541679836,0,3.6711769650017096,-0.0024816942738633083
R018_C095,2024,0,1,0.9923468837478088,False positive,3.912023005428146,1,15.906191775139863,0.03887987695719184
R035_C057,2024,0,0,8.65629632656729e-07,True negative,1.0986122886681096,0,-2.8772142930162667,-0.0024816942738633083
R062_C058,2024,0,0,2.621007218088068e-05,True negative,1.6094379124341005,0,0.533252960860389,-0.0024816942738633083
R091_C084,2024,0,0,5.9083840806754096e-06,True negative,1.3862943611198906,0,-0.9565387396034916,-0.0024816942738633083
R025_C099,2024,0,0,0.002673672923127726,True negative,2.302585092994046,0,5.160968665465588,-0.0024816942738633083
R037_C048,2024,0,1,0.612476721689788,False positive,3.258096538021482,0,11.540328553377677,-0.0024816942738633083
R064_C079,2024,0,0,0.0013249536430650108,True negative,2.19722457733622,0,4.457541562781362,-0.0024816942738633083
R054_C095,2024,0,0,2.621007218088068e-05,True negative,1.6094379124341005,0,0.533252960860389,-0.0024816942738633083
R028_C089,2024,0,0,0.3412830017619351,True negative,3.091042453358316,0,10.425011586366914,-0.0024816942738633083
R046_C072,2024,0,0,2.621007218088068e-05,True negative,1.6094379124341005,0,0.533252960860389,-0.0024816942738633083
R087_C063,2024,0,0,8.65629632656729e-07,True negative,1.0986122886681096,0,-2.8772142930162667,-0.0024816942738633083
R069_C087,2024,0,0,0.0013249536430650108,True negative,2.19722457733622,0,4.457541562781362,-0.0024816942738633083
R062_C112,2024,0,0,5.9083840806754096e-06,True negative,1.3862943611198906,0,-0.9565387396034916,-0.0024816942738633083
R151_C041,2024,0,0,5.64791947838045e-10,True negative,0.0,0,-10.21197014881389,-0.0024816942738633083
R025_C107,2024,0,0,0.024717696654622916,True negative,2.639057329615259,0,7.4073860169979895,-0.0024816942738633083
R102_C051,2024,0,0,8.65629632656729e-07,True negative,1.0986122886681096,0,-2.8772142930162667,-0.0024816942738633083
R056_C064,2024,0,0,0.21519187873111192,True negative,2.995732273553991,0,9.788684370070785,-0.0024816942738633083
R017_C079,2024,1,1,0.9992584893215176,True positive,4.262679877041316,1,18.24731117546852,0.03887987695719184
R042_C106,2024,1,1,0.9967947494132563,True positive,4.04305126783455,1,16.780986572971127,0.03887987695719184
R011_C033,2024,0,0,8.65629632656729e-07,True negative,1.0986122886681096,0,-2.8772142930162667,-0.0024816942738633083
R084_C078,2024,0,0,0.0006039490586071061,True negative,2.079441541679836,0,3.6711769650017096,-0.0024816942738633083
R094_C075,2024,0,1,0.5488146483718718,False positive,3.218875824868201,0,11.278476070534667,-0.0024816942738633083
R111_C053,2024,0,0,0.0006039490586071061,True negative,2.079441541679836,0,3.6711769650017096,-0.0024816942738633083
R055_C094,2024,0,0,0.0006039490586071061,True negative,2.079441541679836,0,3.6711769650017096,-0.0024816942738633083
R111_C060,2024,0,0,8.65629632656729e-07,True negative,1.0986122886681096,0,-2.8772142930162667,-0.0024816942738633083
R070_C056,2024,0,0,2.621007218088068e-05,True negative,1.6094379124341005,0,0.533252960860389,-0.0024816942738633083
R093_C081,2024,0,0,5.64791947838045e-10,True negative,0.0,0,-10.21197014881389,-0.0024816942738633083
R117_C064,2024,0,0,5.64791947838045e-10,True negative,0.0,0,-10.21197014881389,-0.0024816942738633083
R098_C064,2024,0,0,5.64791947838045e-10,True negative,0.0,0,-10.21197014881389,-0.0024816942738633083
R039_C050,2024,0,0,0.0013249536430650108,True negative,2.19722457733622,0,4.457541562781362,-0.0024816942738633083
R072_C063,2024,0,0,2.621007218088068e-05,True negative,1.6094379124341005,0,0.533252960860389,-0.0024816942738633083
R020_C050,2024,0,0,5.64791947838045e-10,True negative,0.0,0,-10.21197014881389,-0.0024816942738633083
R026_C083,2024,0,0,0.11948288041963083,True negative,2.8903717578961645,0,9.085257267386556,-0.0024816942738633083
R124_C044,2024,0,0,5.9083840806754096e-06,True negative,1.3862943611198906,0,-0.9565387396034916,-0.0024816942738633083
R051_C065,2024,0,0,0.11948288041963083,True negative,2.8903717578961645,0,9.085257267386556,-0.0024816942738633083
R070_C068,2024,0,0,5.64791947838045e-10,True negative,0.0,0,-10.21197014881389,-0.0024816942738633083
R074_C046,2024,0,0,8.852897499702268e-05,True negative,1.791759469228055,0,1.7505014115889328,-0.0024816942738633083
R145_C054,2024,0,0,5.7767006900864226e-08,True negative,0.6931471805599453,0,-5.584254444208691,-0.0024816942738633083
R140_C038,2024,0,0,5.64791947838045e-10,True negative,0.0,0,-10.21197014881389,-0.0024816942738633083
R019_C085,2024,0,1,0.6703357251318038,False positive,3.295836866004329,0,11.792297418578983,-0.0024816942738633083
R053_C089,2024,0,0,5.7767006900864226e-08,True negative,0.6931471805599453,0,-5.584254444208691,-0.0024816942738633083
R060_C104,2024,0,0,8.65629632656729e-07,True negative,1.0986122886681096,0,-2.8772142930162667,-0.0024816942738633083
R024_C107,2024,0,0,5.9083840806754096e-06,True negative,1.3862943611198906,0,-0.9565387396034916,-0.0024816942738633083
R063_C099,2024,0,0,5.64791947838045e-10,True negative,0.0,0,-10.21197014881389,-0.0024816942738633083
R104_C046,2024,0,0,5.7767006900864226e-08,True negative,0.6931471805599453,0,-5.584254444208691,-0.0024816942738633083
R140_C044,2024,0,0,5.64791947838045e-10,True negative,0.0,0,-10.21197014881389,-0.0024816942738633083
R062_C064,2024,0,0,5.7767006900864226e-08,True negative,0.6931471805599453,0,-5.584254444208691,-0.0024816942738633083
R025_C110,2024,0,0,0.1629605820634127,True negative,2.9444389791664403,0,9.446230717173501,-0.0024816942738633083
R064_C076,2024,1,1,0.9967947494132563,True positive,4.04305126783455,1,16.780986572971127,0.03887987695719184
R070_C084,2024,0,0,8.852897499702268e-05,True negative,1.791759469228055,0,1.7505014115889328,-0.0024816942738633083
R067_C046,2024,0,0,8.65629632656729e-07,True negative,1.0986122886681096,0,-2.8772142930162667,-0.0024816942738633083
R061_C049,2024,0,0,5.7767006900864226e-08,True negative,0.6931471805599453,0,-5.584254444208691,-0.0024816942738633083
R042_C101,2024,0,0,0.038620547826229264,True negative,2.70805020110221,0,7.868008816658011,-0.0024816942738633083
R156_C032,2024,0,0,5.7767006900864226e-08,True negative,0.6931471805599453,0,-5.584254444208691,-0.0024816942738633083
R100_C071,2024,0,0,5.9083840806754096e-06,True negative,1.3862943611198906,0,-0.9565387396034916,-0.0024816942738633083
R089_C084,2024,0,0,8.65629632656729e-07,True negative,1.0986122886681096,0,-2.8772142930162667,-0.0024816942738633083
R160_C054,2024,0,0,5.64791947838045e-10,True negative,0.0,0,-10.21197014881389,-0.0024816942738633083
R037_C028,2024,0,0,5.64791947838045e-10,True negative,0.0,0,-10.21197014881389,-0.0024816942738633083
R018_C092,2024,1,1,0.9669193992068,True positive,3.688879454113936,1,14.416400074675982,0.03887987695719184
R041_C098,2024,0,0,8.852897499702268e-05,True negative,1.791759469228055,0,1.7505014115889328,-0.0024816942738633083
R113_C064,2024,0,0,5.7767006900864226e-08,True negative,0.6931471805599453,0,-5.584254444208691,-0.0024816942738633083
R036_C040,2024,0,1,0.612476721689788,False positive,3.258096538021482,0,11.540328553377677,-0.0024816942738633083
R034_C087,2024,0,0,0.4808442013353714,True negative,3.1780538303479458,0,11.005932820799332,-0.0024816942738633083
R115_C049,2024,0,0,8.852897499702268e-05,True negative,1.791759469228055,0,1.7505014115889328,-0.0024816942738633083
R108_C053,2024,0,0,2.621007218088068e-05,True negative,1.6094379124341005,0,0.533252960860389,-0.0024816942738633083
R064_C083,2024,0,0,8.852897499702268e-05,True negative,1.791759469228055,0,1.7505014115889328,-0.0024816942738633083
R047_C109,2024,1,1,0.8042593123851965,True positive,3.4011973816621555,0,12.49572452126321,-0.0024816942738633083
R033_C087,2024,1,1,0.9997936487171964,True positive,4.454347296253507,1,19.526956178471885,0.03887987695719184
R018_C088,2024,0,1,0.9353384081017577,False positive,3.58351893845611,1,13.712972971991755,0.03887987695719184
R048_C087,2024,0,1,0.9793264211280307,False positive,3.7612001156935615,1,14.89924047386668,0.03887987695719184
R071_C083,2024,0,0,5.7767006900864226e-08,True negative,0.6931471805599453,0,-5.584254444208691,-0.0024816942738633083
R118_C031,2024,0,0,5.7767006900864226e-08,True negative,0.6931471805599453,0,-5.584254444208691,-0.0024816942738633083
R044_C110,2024,0,0,5.7767006900864226e-08,True negative,0.6931471805599453,0,-5.584254444208691,-0.0024816942738633083
R038_C090,2024,1,1,0.9912514373761554,True positive,3.8918202981106265,1,15.771310773599467,0.03887987695719184
R014_C064,2024,0,0,5.64791947838045e-10,True negative,0.0,0,-10.21197014881389,-0.0024816942738633083
R033_C060,2024,1,1,0.9718054089565341,True positive,3.713572066704308,1,14.581257401196282,0.03887987695719184
R041_C051,2024,0,0,8.852897499702268e-05,True negative,1.791759469228055,0,1.7505014115889328,-0.0024816942738633083
R026_C103,2024,0,0,0.41076471668164616,True negative,3.1354942159291497,0,10.721788555985762,-0.0024816942738633083
R158_C060,2024,0,0,5.64791947838045e-10,True negative,0.0,0,-10.21197014881389,-0.0024816942738633083
R024_C044,2024,0,0,5.7767006900864226e-08,True negative,0.6931471805599453,0,-5.584254444208691,-0.0024816942738633083
R022_C087,2024,0,0,8.852897499702268e-05,True negative,1.791759469228055,0,1.7505014115889328,-0.0024816942738633083
R036_C026,2024,0,0,5.64791947838045e-10,True negative,0.0,0,-10.21197014881389,-0.0024816942738633083
R053_C073,2024,1,1,0.9999957789401103,True positive,5.0369526024136295,1,23.416652047573596,0.03887987695719184
R052_C065,2024,0,0,2.621007218088068e-05,True negative,1.6094379124341005,0,0.533252960860389,-0.0024816942738633083
R044_C023,2024,0,0,5.64791947838045e-10,True negative,0.0,0,-10.21197014881389,-0.0024816942738633083
R092_C065,2024,0,0,5.64791947838045e-10,True negative,0.0,0,-10.21197014881389,-0.0024816942738633083
R038_C094,2024,1,1,0.9999847122553324,True positive,4.844187086458591,1,22.129675730695528,0.03887987695719184
R054_C064,2024,0,0,0.11948288041963083,True negative,2.8903717578961645,0,9.085257267386556,-0.0024816942738633083
R033_C056,2024,0,0,0.005039993971908603,True negative,2.3978952727983707,0,5.797295881761715,-0.0024816942738633083
R050_C108,2024,0,0,5.9083840806754096e-06,True negative,1.3862943611198906,0,-0.9565387396034916,-0.0024816942738633083
R033_C085,2024,0,0,0.1629605820634127,True negative,2.9444389791664403,0,9.446230717173501,-0.0024816942738633083
R014_C033,2024,0,0,0.038620547826229264,True negative,2.70805020110221,0,7.868008816658011,-0.0024816942738633083
R101_C052,2024,0,0,5.64791947838045e-10,True negative,0.0,0,-10.21197014881389,-0.0024816942738633083
R056_C062,2024,0,0,8.65629632656729e-07,True negative,1.0986122886681096,0,-2.8772142930162667,-0.0024816942738633083
R003_C022,2024,0,0,8.65629632656729e-07,True negative,1.0986122886681096,0,-2.8772142930162667,-0.0024816942738633083
R035_C042,2024,0,0,0.0006039490586071061,True negative,2.079441541679836,0,3.6711769650017096,-0.0024816942738633083
R171_C057,2024,0,0,5.7767006900864226e-08,True negative,0.6931471805599453,0,-5.584254444208691,-0.0024816942738633083
R036_C071,2024,0,0,0.002673672923127726,True negative,2.302585092994046,0,5.160968665465588,-0.0024816942738633083
R132_C048,2024,0,0,0.015217410607103852,True negative,2.5649493574615367,0,6.912612848772478,-0.0024816942738633083
R043_C097,2024,0,0,0.005039993971908603,True negative,2.3978952727983707,0,5.797295881761715,-0.0024816942738633083
R058_C083,2024,0,0,8.65629632656729e-07,True negative,1.0986122886681096,0,-2.8772142930162667,-0.0024816942738633083
R024_C061,2024,0,0,5.7767006900864226e-08,True negative,0.6931471805599453,0,-5.584254444208691,-0.0024816942738633083
R067_C084,2024,0,0,5.64791947838045e-10,True negative,0.0,0,-10.21197014881389,-0.0024816942738633083
R078_C084,2024,0,0,0.0002477300319792436,True negative,1.9459101490553128,0,2.779670312392786,-0.0024816942738633083
R045_C072,2024,0,0,5.64791947838045e-10,True negative,0.0,0,-10.21197014881389,-0.0024816942738633083
R106_C059,2024,0,0,8.65629632656729e-07,True negative,1.0986122886681096,0,-2.8772142930162667,-0.0024816942738633083
R032_C083,2024,0,0,0.0002477300319792436,True negative,1.9459101490553128,0,2.779670312392786,-0.0024816942738633083
R057_C114,2024,0,0,0.0002477300319792436,True negative,1.9459101490553128,0,2.779670312392786,-0.0024816942738633083
R128_C040,2024,0,0,0.0002477300319792436,True negative,1.9459101490553128,0,2.779670312392786,-0.0024816942738633083
R043_C098,2024,0,0,5.7767006900864226e-08,True negative,0.6931471805599453,0,-5.584254444208691,-0.0024816942738633083
R051_C070,2024,0,0,0.002673672923127726,True negative,2.302585092994046,0,5.160968665465588,-0.0024816942738633083
R090_C060,2024,0,0,5.64791947838045e-10,True negative,0.0,0,-10.21197014881389,-0.0024816942738633083
R071_C096,2024,0,0,0.0002477300319792436,True negative,1.9459101490553128,0,2.779670312392786,-0.0024816942738633083
R048_C102,2024,0,0,8.65629632656729e-07,True negative,1.0986122886681096,0,-2.8772142930162667,-0.0024816942738633083
R019_C093,2024,1,1,0.9999991845189129,True positive,5.2832037287379885,1,25.060718757399016,0.03887987695719184
R007_C020,2024,0,0,8.852897499702268e-05,True negative,1.791759469228055,0,1.7505014115889328,-0.0024816942738633083
R021_C084,2024,0,0,5.9083840806754096e-06,True negative,1.3862943611198906,0,-0.9565387396034916,-0.0024816942738633083
R162_C057,2024,0,0,5.7767006900864226e-08,True negative,0.6931471805599453,0,-5.584254444208691,-0.0024816942738633083
R074_C063,2024,0,1,0.9758943929827445,False positive,3.737669618283368,1,14.74214187279561,0.03887987695719184
R064_C033,2024,0,0,5.7767006900864226e-08,True negative,0.6931471805599453,0,-5.584254444208691,-0.0024816942738633083
R094_C080,2024,0,0,5.7767006900864226e-08,True negative,0.6931471805599453,0,-5.584254444208691,-0.0024816942738633083
R025_C102,2024,0,0,0.058211331684448954,True negative,2.772588722239781,0,8.298892669606905,-0.0024816942738633083
R170_C055,2024,0,0,5.9083840806754096e-06,True negative,1.3862943611198906,0,-0.9565387396034916,-0.0024816942738633083
R100_C067,2024,0,0,8.65629632656729e-07,True negative,1.0986122886681096,0,-2.8772142930162667,-0.0024816942738633083
R008_C042,2024,0,0,5.9083840806754096e-06,True negative,1.3862943611198906,0,-0.9565387396034916,-0.0024816942738633083
R069_C038,2024,0,0,5.7767006900864226e-08,True negative,0.6931471805599453,0,-5.584254444208691,-0.0024816942738633083
R149_C061,2024,0,0,0.0002477300319792436,True negative,1.9459101490553128,0,2.779670312392786,-0.0024816942738633083
R132_C031,2024,0,0,5.7767006900864226e-08,True negative,0.6931471805599453,0,-5.584254444208691,-0.0024816942738633083
R137_C033,2024,0,0,8.65629632656729e-07,True negative,1.0986122886681096,0,-2.8772142930162667,-0.0024816942738633083
R024_C057,2024,0,0,8.852897499702268e-05,True negative,1.791759469228055,0,1.7505014115889328,-0.0024816942738633083
R036_C039,2024,0,1,0.6703357251318038,False positive,3.295836866004329,0,11.792297418578983,-0.0024816942738633083
R047_C044,2024,0,0,5.64791947838045e-10,True negative,0.0,0,-10.21197014881389,-0.0024816942738633083
R011_C032,2024,0,0,0.005039993971908603,True negative,2.3978952727983707,0,5.797295881761715,-0.0024816942738633083
R030_C058,2024,0,0,2.621007218088068e-05,True negative,1.6094379124341005,0,0.533252960860389,-0.0024816942738633083
R074_C043,2024,0,0,0.0002477300319792436,True negative,1.9459101490553128,0,2.779670312392786,-0.0024816942738633083
R129_C030,2024,0,0,5.64791947838045e-10,True negative,0.0,0,-10.21197014881389,-0.0024816942738633083
R086_C056,2024,0,0,0.015217410607103852,True negative,2.5649493574615367,0,6.912612848772478,-0.0024816942738633083
R050_C109,2024,0,0,8.852897499702268e-05,True negative,1.791759469228055,0,1.7505014115889328,-0.0024816942738633083
R044_C060,2024,0,0,5.64791947838045e-10,True negative,0.0,0,-10.21197014881389,-0.0024816942738633083
R020_C088,2024,0,0,0.08479219087228605,True negative,2.833213344056216,0,8.703645833630494,-0.0024816942738633083
R057_C045,2024,0,0,5.7767006900864226e-08,True negative,0.6931471805599453,0,-5.584254444208691,-0.0024816942738633083
R133_C037,2024,0,0,8.65629632656729e-07,True negative,1.0986122886681096,0,-2.8772142930162667,-0.0024816942738633083
R028_C111,2024,0,0,0.058211331684448954,True negative,2.772588722239781,0,8.298892669606905,-0.0024816942738633083
R021_C098,2024,0,0,0.0002477300319792436,True negative,1.9459101490553128,0,2.779670312392786,-0.0024816942738633083
R018_C043,2024,0,0,0.0006039490586071061,True negative,2.079441541679836,0,3.6711769650017096,-0.0024816942738633083
R151_C059,2024,0,0,8.65629632656729e-07,True negative,1.0986122886681096,0,-2.8772142930162667,-0.0024816942738633083
R022_C036,2024,0,0,0.002673672923127726,True negative,2.302585092994046,0,5.160968665465588,-0.0024816942738633083
R019_C036,2024,0,0,5.7767006900864226e-08,True negative,0.6931471805599453,0,-5.584254444208691,-0.0024816942738633083
R026_C089,2024,0,0,0.0013249536430650108,True negative,2.19722457733622,0,4.457541562781362,-0.0024816942738633083
R132_C021,2024,0,0,5.64791947838045e-10,True negative,0.0,0,-10.21197014881389,-0.0024816942738633083
R085_C062,2024,0,0,0.0006039490586071061,True negative,2.079441541679836,0,3.6711769650017096,-0.0024816942738633083
R028_C093,2024,0,1,0.8634228435842332,False positive,3.4657359027997265,0,12.926608374212105,-0.0024816942738633083
R018_C066,2024,0,0,8.65629632656729e-07,True negative,1.0986122886681096,0,-2.8772142930162667,-0.0024816942738633083
R103_C079,2024,0,0,8.852897499702268e-05,True negative,1.791759469228055,0,1.7505014115889328,-0.0024816942738633083
R052_C057,2024,0,0,2.621007218088068e-05,True negative,1.6094379124341005,0,0.533252960860389,-0.0024816942738633083
R082_C071,2024,1,1,0.9999968628637248,True positive,5.081404364984463,1,23.713429017192443,0.03887987695719184
R043_C064,2024,0,0,0.0013249536430650108,True negative,2.19722457733622,0,4.457541562781362,-0.0024816942738633083
R020_C069,2024,0,0,0.0002477300319792436,True negative,1.9459101490553128,0,2.779670312392786,-0.0024816942738633083
R037_C070,2024,0,0,5.7767006900864226e-08,True negative,0.6931471805599453,0,-5.584254444208691,-0.0024816942738633083
R074_C031,2024,0,0,0.0002477300319792436,True negative,1.9459101490553128,0,2.779670312392786,-0.0024816942738633083
R148_C049,2024,0,0,5.64791947838045e-10,True negative,0.0,0,-10.21197014881389,-0.0024816942738633083
R111_C062,2024,0,0,5.64791947838045e-10,True negative,0.0,0,-10.21197014881389,-0.0024816942738633083
R101_C082,2024,0,0,0.0006039490586071061,True negative,2.079441541679836,0,3.6711769650017096,-0.0024816942738633083
R010_C029,2024,0,0,5.9083840806754096e-06,True negative,1.3862943611198906,0,-0.9565387396034916,-0.0024816942738633083
R110_C030,2024,0,0,5.64791947838045e-10,True negative,0.0,0,-10.21197014881389,-0.0024816942738633083
R031_C112,2024,0,0,0.41076471668164616,True negative,3.1354942159291497,0,10.721788555985762,-0.0024816942738633083
