grid_id,target_year,log_previous_count,previous_hotspot,target_is_hotspot,predicted_hotspot,predicted_probability_stage9,correct_prediction,confusion_type,distance_from_0_5
R000_C005,2024,1.3862943611198906,0,0,0,5.9083840806754096e-06,True,True negative,0.49999409161591934
R000_C021,2024,1.0986122886681096,0,0,0,8.65629632656729e-07,True,True negative,0.49999913437036736
R001_C020,2024,1.6094379124341005,0,0,0,2.621007218088068e-05,True,True negative,0.4999737899278191
R001_C021,2024,0.6931471805599453,0,0,0,5.7767006900864226e-08,True,True negative,0.4999999422329931
R001_C022,2024,0.0,0,0,0,5.64791947838045e-10,True,True negative,0.49999999943520806
R002_C014,2024,0.0,0,0,0,5.64791947838045e-10,True,True negative,0.49999999943520806
R002_C015,2024,0.6931471805599453,0,0,0,5.7767006900864226e-08,True,True negative,0.4999999422329931
R002_C020,2024,2.079441541679836,0,0,0,0.0006039490586071061,True,True negative,0.4993960509413929
R002_C021,2024,1.3862943611198906,0,0,0,5.9083840806754096e-06,True,True negative,0.49999409161591934
R002_C022,2024,0.6931471805599453,0,0,0,5.7767006900864226e-08,True,True negative,0.4999999422329931
R003_C014,2024,0.6931471805599453,0,0,0,5.7767006900864226e-08,True,True negative,0.4999999422329931
R003_C015,2024,1.9459101490553128,0,0,0,0.0002477300319792436,True,True negative,0.49975226996802075
R003_C016,2024,2.19722457733622,0,0,0,0.0013249536430650108,True,True negative,0.498675046356935
R003_C018,2024,1.3862943611198906,0,0,0,5.9083840806754096e-06,True,True negative,0.49999409161591934
R003_C019,2024,2.19722457733622,0,0,0,0.0013249536430650108,True,True negative,0.498675046356935
R003_C020,2024,2.4849066497880004,0,0,0,0.008974292080567959,True,True negative,0.49102570791943206
R003_C021,2024,0.0,0,0,0,5.64791947838045e-10,True,True negative,0.49999999943520806
R003_C022,2024,1.0986122886681096,0,0,0,8.65629632656729e-07,True,True negative,0.49999913437036736
R004_C014,2024,1.0986122886681096,0,0,0,8.65629632656729e-07,True,True negative,0.49999913437036736
R004_C015,2024,1.3862943611198906,0,0,0,5.9083840806754096e-06,True,True negative,0.49999409161591934
R004_C016,2024,3.044522437723423,0,0,0,0.27524593511421913,True,True negative,0.22475406488578087
R004_C017,2024,2.302585092994046,0,0,0,0.002673672923127726,True,True negative,0.4973263270768723
R004_C018,2024,1.6094379124341005,0,0,0,2.621007218088068e-05,True,True negative,0.4999737899278191
R004_C019,2024,1.3862943611198906,0,0,0,5.9083840806754096e-06,True,True negative,0.49999409161591934
R004_C020,2024,1.0986122886681096,0,0,0,8.65629632656729e-07,True,True negative,0.49999913437036736
R004_C021,2024,1.791759469228055,0,0,0,8.852897499702268e-05,True,True negative,0.499911471025003
R004_C022,2024,3.295836866004329,0,0,1,0.6703357251318038,False,False positive,0.17033572513180384
R004_C023,2024,2.70805020110221,0,0,0,0.038620547826229264,True,True negative,0.46137945217377074
R004_C024,2024,0.0,0,0,0,5.64791947838045e-10,True,True negative,0.49999999943520806
R005_C015,2024,0.0,0,0,0,5.64791947838045e-10,True,True negative,0.49999999943520806
R005_C016,2024,1.3862943611198906,0,0,0,5.9083840806754096e-06,True,True negative,0.49999409161591934
R005_C017,2024,2.4849066497880004,0,0,0,0.008974292080567959,True,True negative,0.49102570791943206
R005_C018,2024,2.995732273553991,0,0,0,0.21519187873111192,True,True negative,0.2848081212688881
R005_C019,2024,2.4849066497880004,0,0,0,0.008974292080567959,True,True negative,0.49102570791943206
R005_C020,2024,2.302585092994046,0,0,0,0.002673672923127726,True,True negative,0.4973263270768723
R005_C021,2024,1.0986122886681096,0,0,0,8.65629632656729e-07,True,True negative,0.49999913437036736
R005_C022,2024,2.302585092994046,0,0,0,0.002673672923127726,True,True negative,0.4973263270768723
R005_C023,2024,0.0,0,0,0,5.64791947838045e-10,True,True negative,0.49999999943520806
R005_C024,2024,1.6094379124341005,0,0,0,2.621007218088068e-05,True,True negative,0.4999737899278191
R005_C025,2024,0.0,0,0,0,5.64791947838045e-10,True,True negative,0.49999999943520806
R005_C040,2024,0.0,0,0,0,5.64791947838045e-10,True,True negative,0.49999999943520806
R005_C041,2024,1.0986122886681096,0,0,0,8.65629632656729e-07,True,True negative,0.49999913437036736
R005_C042,2024,0.6931471805599453,0,0,0,5.7767006900864226e-08,True,True negative,0.4999999422329931
R006_C017,2024,2.19722457733622,0,0,0,0.0013249536430650108,True,True negative,0.498675046356935
R006_C018,2024,1.0986122886681096,0,0,0,8.65629632656729e-07,True,True negative,0.49999913437036736
R006_C019,2024,2.19722457733622,0,0,0,0.0013249536430650108,True,True negative,0.498675046356935
R006_C020,2024,3.970291913552122,1,1,1,0.9948005288631603,True,True positive,0.4948005288631603
R006_C021,2024,2.833213344056216,0,0,0,0.08479219087228605,True,True negative,0.41520780912771393
R006_C022,2024,2.079441541679836,0,0,0,0.0006039490586071061,True,True negative,0.4993960509413929
R006_C023,2024,3.6375861597263857,1,0,1,0.9540303661236091,False,False positive,0.45403036612360914
R006_C024,2024,1.0986122886681096,0,0,0,8.65629632656729e-07,True,True negative,0.49999913437036736
R006_C025,2024,1.791759469228055,0,0,0,8.852897499702268e-05,True,True negative,0.499911471025003
R006_C026,2024,0.6931471805599453,0,0,0,5.7767006900864226e-08,True,True negative,0.4999999422329931
R006_C027,2024,0.0,0,0,0,5.64791947838045e-10,True,True negative,0.49999999943520806
R006_C040,2024,1.6094379124341005,0,0,0,2.621007218088068e-05,True,True negative,0.4999737899278191
R006_C041,2024,2.3978952727983707,0,0,0,0.005039993971908603,True,True negative,0.49496000602809137
R006_C042,2024,0.6931471805599453,0,0,0,5.7767006900864226e-08,True,True negative,0.4999999422329931
R006_C043,2024,0.0,0,0,0,5.64791947838045e-10,True,True negative,0.49999999943520806
R007_C020,2024,1.791759469228055,0,0,0,8.852897499702268e-05,True,True negative,0.499911471025003
R007_C021,2024,2.9444389791664403,0,0,0,0.1629605820634127,True,True negative,0.3370394179365873
R007_C022,2024,3.332204510175204,0,0,1,0.7216193143239186,False,False positive,0.22161931432391857
R007_C023,2024,2.639057329615259,0,0,0,0.024717696654622916,True,True negative,0.4752823033453771
R007_C024,2024,2.19722457733622,0,0,0,0.0013249536430650108,True,True negative,0.498675046356935
R007_C025,2024,1.6094379124341005,0,0,0,2.621007218088068e-05,True,True negative,0.4999737899278191
R007_C026,2024,1.791759469228055,0,0,0,8.852897499702268e-05,True,True negative,0.499911471025003
R007_C027,2024,2.079441541679836,0,0,0,0.0006039490586071061,True,True negative,0.4993960509413929
R007_C035,2024,0.0,0,0,0,5.64791947838045e-10,True,True negative,0.49999999943520806
R007_C037,2024,0.0,0,0,0,5.64791947838045e-10,True,True negative,0.49999999943520806
R007_C038,2024,0.6931471805599453,0,0,0,5.7767006900864226e-08,True,True negative,0.4999999422329931
R007_C039,2024,0.6931471805599453,0,0,0,5.7767006900864226e-08,True,True negative,0.4999999422329931
R007_C040,2024,0.6931471805599453,0,0,0,5.7767006900864226e-08,True,True negative,0.4999999422329931
R007_C041,2024,1.9459101490553128,0,0,0,0.0002477300319792436,True,True negative,0.49975226996802075
R007_C042,2024,0.0,0,0,0,5.64791947838045e-10,True,True negative,0.49999999943520806
R007_C043,2024,1.0986122886681096,0,0,0,8.65629632656729e-07,True,True negative,0.49999913437036736
R007_C044,2024,0.0,0,0,0,5.64791947838045e-10,True,True negative,0.49999999943520806
R008_C021,2024,2.079441541679836,0,0,0,0.0006039490586071061,True,True negative,0.4993960509413929
R008_C022,2024,2.4849066497880004,0,0,0,0.008974292080567959,True,True negative,0.49102570791943206
R008_C023,2024,2.19722457733622,0,0,0,0.0013249536430650108,True,True negative,0.498675046356935
R008_C024,2024,1.791759469228055,0,0,0,8.852897499702268e-05,True,True negative,0.499911471025003
R008_C025,2024,1.9459101490553128,0,0,0,0.0002477300319792436,True,True negative,0.49975226996802075
R008_C026,2024,2.3978952727983707,0,0,0,0.005039993971908603,True,True negative,0.49496000602809137
R008_C027,2024,3.4339872044851463,0,0,1,0.8364500535624654,False,False positive,0.3364500535624654
R008_C028,2024,2.302585092994046,0,0,0,0.002673672923127726,True,True negative,0.4973263270768723
R008_C029,2024,1.0986122886681096,0,0,0,8.65629632656729e-07,True,True negative,0.49999913437036736
R008_C030,2024,0.6931471805599453,0,0,0,5.7767006900864226e-08,True,True negative,0.4999999422329931
R008_C031,2024,1.6094379124341005,0,0,0,2.621007218088068e-05,True,True negative,0.4999737899278191
R008_C032,2024,1.6094379124341005,0,0,0,2.621007218088068e-05,True,True negative,0.4999737899278191
R008_C033,2024,0.0,0,0,0,5.64791947838045e-10,True,True negative,0.49999999943520806
R008_C034,2024,1.3862943611198906,0,0,0,5.9083840806754096e-06,True,True negative,0.49999409161591934
R008_C035,2024,2.19722457733622,0,0,0,0.0013249536430650108,True,True negative,0.498675046356935
R008_C036,2024,4.406719247264253,1,1,1,0.9997164224019289,True,True positive,0.49971642240192893
R008_C037,2024,3.4011973816621555,0,0,1,0.8042593123851965,False,False positive,0.30425931238519655
R008_C038,2024,2.302585092994046,0,0,0,0.002673672923127726,True,True negative,0.4973263270768723
R008_C039,2024,0.6931471805599453,0,0,0,5.7767006900864226e-08,True,True negative,0.4999999422329931
R008_C040,2024,1.791759469228055,0,0,0,8.852897499702268e-05,True,True negative,0.499911471025003
R008_C041,2024,1.3862943611198906,0,0,0,5.9083840806754096e-06,True,True negative,0.49999409161591934
R008_C042,2024,1.3862943611198906,0,0,0,5.9083840806754096e-06,True,True negative,0.49999409161591934
R008_C043,2024,1.6094379124341005,0,0,0,2.621007218088068e-05,True,True negative,0.4999737899278191
R008_C044,2024,1.9459101490553128,0,0,0,0.0002477300319792436,True,True negative,0.49975226996802075
R008_C045,2024,1.0986122886681096,0,0,0,8.65629632656729e-07,True,True negative,0.49999913437036736
R009_C022,2024,0.0,0,0,0,5.64791947838045e-10,True,True negative,0.49999999943520806
R009_C023,2024,1.9459101490553128,0,0,0,0.0002477300319792436,True,True negative,0.49975226996802075
R009_C024,2024,1.9459101490553128,0,0,0,0.0002477300319792436,True,True negative,0.49975226996802075
R009_C025,2024,2.302585092994046,0,0,0,0.002673672923127726,True,True negative,0.4973263270768723
R009_C026,2024,2.19722457733622,0,0,0,0.0013249536430650108,True,True negative,0.498675046356935
R009_C027,2024,2.639057329615259,0,0,0,0.024717696654622916,True,True negative,0.4752823033453771
R009_C028,2024,2.079441541679836,0,0,0,0.0006039490586071061,True,True negative,0.4993960509413929
R009_C029,2024,1.0986122886681096,0,0,0,8.65629632656729e-07,True,True negative,0.49999913437036736
R009_C030,2024,1.3862943611198906,0,0,0,5.9083840806754096e-06,True,True negative,0.49999409161591934
R009_C031,2024,1.3862943611198906,0,0,0,5.9083840806754096e-06,True,True negative,0.49999409161591934
R009_C032,2024,1.791759469228055,0,0,0,8.852897499702268e-05,True,True negative,0.499911471025003
R009_C033,2024,2.4849066497880004,0,0,0,0.008974292080567959,True,True negative,0.49102570791943206
R009_C034,2024,1.791759469228055,0,0,0,8.852897499702268e-05,True,True negative,0.499911471025003
R009_C035,2024,3.4339872044851463,0,1,1,0.8364500535624654,True,True positive,0.3364500535624654
R009_C036,2024,5.3230099791384085,1,1,1,0.9999993748343423,True,True positive,0.4999993748343423
R009_C037,2024,4.060443010546419,1,1,1,0.9971451257742328,True,True positive,0.49714512577423275
R009_C038,2024,2.639057329615259,0,0,0,0.024717696654622916,True,True negative,0.4752823033453771
R009_C039,2024,2.3978952727983707,0,0,0,0.005039993971908603,True,True negative,0.49496000602809137
R009_C040,2024,2.079441541679836,0,0,0,0.0006039490586071061,True,True negative,0.4993960509413929
R009_C041,2024,1.0986122886681096,0,0,0,8.65629632656729e-07,True,True negative,0.49999913437036736
R009_C042,2024,1.6094379124341005,0,0,0,2.621007218088068e-05,True,True negative,0.4999737899278191
R009_C043,2024,0.6931471805599453,0,0,0,5.7767006900864226e-08,True,True negative,0.4999999422329931
R009_C044,2024,3.4339872044851463,0,0,1,0.8364500535624654,False,False positive,0.3364500535624654
R009_C045,2024,2.19722457733622,0,0,0,0.0013249536430650108,True,True negative,0.498675046356935
R010_C022,2024,0.6931471805599453,0,0,0,5.7767006900864226e-08,True,True negative,0.4999999422329931
R010_C023,2024,3.044522437723423,0,0,0,0.27524593511421913,True,True negative,0.22475406488578087
R010_C024,2024,2.079441541679836,0,0,0,0.0006039490586071061,True,True negative,0.4993960509413929
R010_C025,2024,2.3978952727983707,0,0,0,0.005039993971908603,True,True negative,0.49496000602809137
R010_C026,2024,2.302585092994046,0,0,0,0.002673672923127726,True,True negative,0.4973263270768723
R010_C027,2024,2.079441541679836,0,0,0,0.0006039490586071061,True,True negative,0.4993960509413929
R010_C028,2024,1.9459101490553128,0,0,0,0.0002477300319792436,True,True negative,0.49975226996802075
R010_C029,2024,1.3862943611198906,0,0,0,5.9083840806754096e-06,True,True negative,0.49999409161591934
R010_C030,2024,2.3978952727983707,0,0,0,0.005039993971908603,True,True negative,0.49496000602809137
R010_C031,2024,1.791759469228055,0,0,0,8.852897499702268e-05,True,True negative,0.499911471025003
R010_C032,2024,2.833213344056216,0,0,0,0.08479219087228605,True,True negative,0.41520780912771393
R010_C033,2024,0.0,0,0,0,5.64791947838045e-10,True,True negative,0.49999999943520806
R010_C034,2024,2.833213344056216,0,0,0,0.08479219087228605,True,True negative,0.41520780912771393
R010_C035,2024,1.791759469228055,0,0,0,8.852897499702268e-05,True,True negative,0.499911471025003
R010_C036,2024,2.19722457733622,0,0,0,0.0013249536430650108,True,True negative,0.498675046356935
R010_C037,2024,2.4849066497880004,0,0,0,0.008974292080567959,True,True negative,0.49102570791943206
R010_C038,2024,0.6931471805599453,0,0,0,5.7767006900864226e-08,True,True negative,0.4999999422329931
R010_C040,2024,0.0,0,0,0,5.64791947838045e-10,True,True negative,0.49999999943520806
R010_C041,2024,1.791759469228055,0,0,0,8.852897499702268e-05,True,True negative,0.499911471025003
R010_C042,2024,2.5649493574615367,0,0,0,0.015217410607103852,True,True negative,0.48478258939289615
R010_C043,2024,2.4849066497880004,0,0,0,0.008974292080567959,True,True negative,0.49102570791943206
R010_C044,2024,4.158883083359672,1,1,1,0.9985183143658733,True,True positive,0.49851831436587335
R010_C045,2024,3.828641396489095,1,1,1,0.9867219015643443,True,True positive,0.48672190156434425
R011_C023,2024,0.0,0,0,0,5.64791947838045e-10,True,True negative,0.49999999943520806
R011_C024,2024,1.3862943611198906,0,0,0,5.9083840806754096e-06,True,True negative,0.49999409161591934
R011_C025,2024,1.6094379124341005,0,0,0,2.621007218088068e-05,True,True negative,0.4999737899278191
R011_C026,2024,0.0,0,0,0,5.64791947838045e-10,True,True negative,0.49999999943520806
R011_C027,2024,1.3862943611198906,0,0,0,5.9083840806754096e-06,True,True negative,0.49999409161591934
R011_C028,2024,3.1354942159291497,0,0,0,0.41076471668164616,True,True negative,0.08923528331835384
R011_C029,2024,1.3862943611198906,0,0,0,5.9083840806754096e-06,True,True negative,0.49999409161591934
R011_C030,2024,1.3862943611198906,0,0,0,5.9083840806754096e-06,True,True negative,0.49999409161591934
R011_C031,2024,1.9459101490553128,0,0,0,0.0002477300319792436,True,True negative,0.49975226996802075
R011_C032,2024,2.3978952727983707,0,0,0,0.005039993971908603,True,True negative,0.49496000602809137
R011_C033,2024,1.0986122886681096,0,0,0,8.65629632656729e-07,True,True negative,0.49999913437036736
R011_C034,2024,2.3978952727983707,0,0,0,0.005039993971908603,True,True negative,0.49496000602809137
R011_C035,2024,0.0,0,0,0,5.64791947838045e-10,True,True negative,0.49999999943520806
R011_C036,2024,0.6931471805599453,0,0,0,5.7767006900864226e-08,True,True negative,0.4999999422329931
R011_C037,2024,2.3978952727983707,0,0,0,0.005039993971908603,True,True negative,0.49496000602809137
R011_C038,2024,0.0,0,0,0,5.64791947838045e-10,True,True negative,0.49999999943520806
R011_C041,2024,1.0986122886681096,0,0,0,8.65629632656729e-07,True,True negative,0.49999913437036736
R011_C042,2024,1.0986122886681096,0,0,0,8.65629632656729e-07,True,True negative,0.49999913437036736
R011_C043,2024,1.791759469228055,0,0,0,8.852897499702268e-05,True,True negative,0.499911471025003
R011_C044,2024,3.332204510175204,0,0,1,0.7216193143239186,False,False positive,0.22161931432391857
R011_C045,2024,3.6375861597263857,1,1,1,0.9540303661236091,True,True positive,0.45403036612360914
R011_C060,2024,0.0,0,0,0,5.64791947838045e-10,True,True negative,0.49999999943520806
R012_C024,2024,1.791759469228055,0,0,0,8.852897499702268e-05,True,True negative,0.499911471025003
R012_C025,2024,0.6931471805599453,0,0,0,5.7767006900864226e-08,True,True negative,0.4999999422329931
R012_C026,2024,2.5649493574615367,0,0,0,0.015217410607103852,True,True negative,0.48478258939289615
R012_C027,2024,1.3862943611198906,0,0,0,5.9083840806754096e-06,True,True negative,0.49999409161591934
R012_C028,2024,1.0986122886681096,0,0,0,8.65629632656729e-07,True,True negative,0.49999913437036736
R012_C029,2024,1.0986122886681096,0,0,0,8.65629632656729e-07,True,True negative,0.49999913437036736
R012_C030,2024,0.0,0,0,0,5.64791947838045e-10,True,True negative,0.49999999943520806
R012_C031,2024,0.6931471805599453,0,0,0,5.7767006900864226e-08,True,True negative,0.4999999422329931
R012_C032,2024,1.0986122886681096,0,0,0,8.65629632656729e-07,True,True negative,0.49999913437036736
R012_C033,2024,1.3862943611198906,0,0,0,5.9083840806754096e-06,True,True negative,0.49999409161591934
R012_C034,2024,2.5649493574615367,0,0,0,0.015217410607103852,True,True negative,0.48478258939289615
R012_C035,2024,2.302585092994046,0,0,0,0.002673672923127726,True,True negative,0.4973263270768723
R012_C036,2024,2.639057329615259,0,0,0,0.024717696654622916,True,True negative,0.4752823033453771
R012_C037,2024,1.3862943611198906,0,0,0,5.9083840806754096e-06,True,True negative,0.49999409161591934
R012_C038,2024,1.791759469228055,0,0,0,8.852897499702268e-05,True,True negative,0.499911471025003
R012_C039,2024,0.6931471805599453,0,0,0,5.7767006900864226e-08,True,True negative,0.4999999422329931
R012_C040,2024,0.0,0,0,0,5.64791947838045e-10,True,True negative,0.49999999943520806
R012_C041,2024,1.3862943611198906,0,0,0,5.9083840806754096e-06,True,True negative,0.49999409161591934
R012_C042,2024,2.302585092994046,0,0,0,0.002673672923127726,True,True negative,0.4973263270768723
R012_C043,2024,2.302585092994046,0,0,0,0.002673672923127726,True,True negative,0.4973263270768723
R012_C044,2024,3.713572066704308,1,1,1,0.9718054089565341,True,True positive,0.4718054089565341
R012_C045,2024,2.5649493574615367,0,0,0,0.015217410607103852,True,True negative,0.48478258939289615
R012_C060,2024,2.079441541679836,0,0,0,0.0006039490586071061,True,True negative,0.4993960509413929
R013_C025,2024,1.0986122886681096,0,0,0,8.65629632656729e-07,True,True negative,0.49999913437036736
R013_C026,2024,1.6094379124341005,0,0,0,2.621007218088068e-05,True,True negative,0.4999737899278191
R013_C027,2024,1.9459101490553128,0,0,0,0.0002477300319792436,True,True negative,0.49975226996802075
R013_C028,2024,2.079441541679836,0,0,0,0.0006039490586071061,True,True negative,0.4993960509413929
R013_C029,2024,0.6931471805599453,0,0,0,5.7767006900864226e-08,True,True negative,0.4999999422329931
R013_C030,2024,1.3862943611198906,0,0,0,5.9083840806754096e-06,True,True negative,0.49999409161591934
R013_C031,2024,0.0,0,0,0,5.64791947838045e-10,True,True negative,0.49999999943520806
R013_C032,2024,0.6931471805599453,0,0,0,5.7767006900864226e-08,True,True negative,0.4999999422329931
R013_C033,2024,1.791759469228055,0,0,0,8.852897499702268e-05,True,True negative,0.499911471025003
R013_C034,2024,1.3862943611198906,0,0,0,5.9083840806754096e-06,True,True negative,0.49999409161591934
R013_C035,2024,1.0986122886681096,0,0,0,8.65629632656729e-07,True,True negative,0.49999913437036736
R013_C036,2024,1.791759469228055,0,0,0,8.852897499702268e-05,True,True negative,0.499911471025003
R013_C037,2024,1.3862943611198906,0,0,0,5.9083840806754096e-06,True,True negative,0.49999409161591934
R013_C039,2024,0.0,0,0,0,5.64791947838045e-10,True,True negative,0.49999999943520806
R013_C040,2024,0.0,0,0,0,5.64791947838045e-10,True,True negative,0.49999999943520806
R013_C041,2024,0.0,0,0,0,5.64791947838045e-10,True,True negative,0.49999999943520806
R013_C042,2024,1.0986122886681096,0,0,0,8.65629632656729e-07,True,True negative,0.49999913437036736
R013_C043,2024,2.5649493574615367,0,0,0,0.015217410607103852,True,True negative,0.48478258939289615
R013_C044,2024,2.19722457733622,0,0,0,0.0013249536430650108,True,True negative,0.498675046356935
R013_C045,2024,2.3978952727983707,0,0,0,0.005039993971908603,True,True negative,0.49496000602809137
R013_C046,2024,2.639057329615259,0,0,0,0.024717696654622916,True,True negative,0.4752823033453771
R013_C047,2024,0.6931471805599453,0,0,0,5.7767006900864226e-08,True,True negative,0.4999999422329931
R013_C059,2024,0.6931471805599453,0,0,0,5.7767006900864226e-08,True,True negative,0.4999999422329931
R013_C060,2024,4.02535169073515,1,1,1,0.9963941502682053,True,True positive,0.4963941502682053
R013_C066,2024,0.0,0,0,0,5.64791947838045e-10,True,True negative,0.49999999943520806
R013_C067,2024,2.079441541679836,0,0,0,0.0006039490586071061,True,True negative,0.4993960509413929
R013_C076,2024,1.0986122886681096,0,0,0,8.65629632656729e-07,True,True negative,0.49999913437036736
R013_C077,2024,1.791759469228055,0,0,0,8.852897499702268e-05,True,True negative,0.499911471025003
R013_C078,2024,1.9459101490553128,0,0,0,0.0002477300319792436,True,True negative,0.49975226996802075
R014_C026,2024,0.0,0,0,0,5.64791947838045e-10,True,True negative,0.49999999943520806
R014_C027,2024,0.0,0,0,0,5.64791947838045e-10,True,True negative,0.49999999943520806
R014_C028,2024,1.791759469228055,0,0,0,8.852897499702268e-05,True,True negative,0.499911471025003
R014_C029,2024,0.6931471805599453,0,0,0,5.7767006900864226e-08,True,True negative,0.4999999422329931
R014_C030,2024,0.0,0,0,0,5.64791947838045e-10,True,True negative,0.49999999943520806
R014_C031,2024,2.19722457733622,0,0,0,0.0013249536430650108,True,True negative,0.498675046356935
R014_C032,2024,2.19722457733622,0,0,0,0.0013249536430650108,True,True negative,0.498675046356935
R014_C033,2024,2.70805020110221,0,0,0,0.038620547826229264,True,True negative,0.46137945217377074
R014_C034,2024,1.3862943611198906,0,0,0,5.9083840806754096e-06,True,True negative,0.49999409161591934
R014_C035,2024,0.6931471805599453,0,0,0,5.7767006900864226e-08,True,True negative,0.4999999422329931
R014_C036,2024,0.0,0,0,0,5.64791947838045e-10,True,True negative,0.49999999943520806
R014_C037,2024,1.3862943611198906,0,0,0,5.9083840806754096e-06,True,True negative,0.49999409161591934
R014_C040,2024,0.6931471805599453,0,0,0,5.7767006900864226e-08,True,True negative,0.4999999422329931
R014_C041,2024,0.0,0,0,0,5.64791947838045e-10,True,True negative,0.49999999943520806
R014_C042,2024,1.3862943611198906,0,0,0,5.9083840806754096e-06,True,True negative,0.49999409161591934
R014_C043,2024,0.0,0,0,0,5.64791947838045e-10,True,True negative,0.49999999943520806
R014_C044,2024,2.3978952727983707,0,0,0,0.005039993971908603,True,True negative,0.49496000602809137
R014_C045,2024,2.3978952727983707,0,0,0,0.005039993971908603,True,True negative,0.49496000602809137
R014_C046,2024,1.9459101490553128,0,0,0,0.0002477300319792436,True,True negative,0.49975226996802075
R014_C047,2024,3.332204510175204,0,0,1,0.7216193143239186,False,False positive,0.22161931432391857
R014_C048,2024,1.0986122886681096,0,0,0,8.65629632656729e-07,True,True negative,0.49999913437036736
R014_C059,2024,1.791759469228055,0,0,0,8.852897499702268e-05,True,True negative,0.499911471025003
R014_C060,2024,3.828641396489095,1,0,1,0.9867219015643443,False,False positive,0.48672190156434425
R014_C061,2024,1.9459101490553128,0,0,0,0.0002477300319792436,True,True negative,0.49975226996802075
R014_C062,2024,0.6931471805599453,0,0,0,5.7767006900864226e-08,True,True negative,0.4999999422329931
R014_C063,2024,0.6931471805599453,0,0,0,5.7767006900864226e-08,True,True negative,0.4999999422329931
R014_C064,2024,0.0,0,0,0,5.64791947838045e-10,True,True negative,0.49999999943520806
R014_C065,2024,0.0,0,0,0,5.64791947838045e-10,True,True negative,0.49999999943520806
R014_C066,2024,2.3978952727983707,0,0,0,0.005039993971908603,True,True negative,0.49496000602809137
R014_C067,2024,0.6931471805599453,0,0,0,5.7767006900864226e-08,True,True negative,0.4999999422329931
R014_C074,2024,0.0,0,0,0,5.64791947838045e-10,True,True negative,0.49999999943520806
R014_C075,2024,1.791759469228055,0,0,0,8.852897499702268e-05,True,True negative,0.499911471025003
R014_C076,2024,1.3862943611198906,0,0,0,5.9083840806754096e-06,True,True negative,0.49999409161591934
R014_C077,2024,2.3978952727983707,0,0,0,0.005039993971908603,True,True negative,0.49496000602809137
R014_C078,2024,3.1780538303479458,0,0,0,0.4808442013353714,True,True negative,0.019155798664628576
R014_C079,2024,0.0,0,0,0,5.64791947838045e-10,True,True negative,0.49999999943520806
R015_C028,2024,1.791759469228055,0,0,0,8.852897499702268e-05,True,True negative,0.499911471025003
R015_C029,2024,1.9459101490553128,0,0,0,0.0002477300319792436,True,True negative,0.49975226996802075
R015_C030,2024,1.0986122886681096,0,0,0,8.65629632656729e-07,True,True negative,0.49999913437036736
R015_C031,2024,1.0986122886681096,0,0,0,8.65629632656729e-07,True,True negative,0.49999913437036736
R015_C032,2024,0.6931471805599453,0,0,0,5.7767006900864226e-08,True,True negative,0.4999999422329931
R015_C033,2024,1.9459101490553128,0,0,0,0.0002477300319792436,True,True negative,0.49975226996802075
R015_C034,2024,2.302585092994046,0,0,0,0.002673672923127726,True,True negative,0.4973263270768723
R015_C035,2024,1.0986122886681096,0,0,0,8.65629632656729e-07,True,True negative,0.49999913437036736
R015_C036,2024,0.6931471805599453,0,0,0,5.7767006900864226e-08,True,True negative,0.4999999422329931
R015_C037,2024,0.0,0,0,0,5.64791947838045e-10,True,True negative,0.49999999943520806
R015_C040,2024,0.0,0,0,0,5.64791947838045e-10,True,True negative,0.49999999943520806
R015_C041,2024,1.0986122886681096,0,0,0,8.65629632656729e-07,True,True negative,0.49999913437036736
R015_C042,2024,1.3862943611198906,0,0,0,5.9083840806754096e-06,True,True negative,0.49999409161591934
R015_C043,2024,0.6931471805599453,0,0,0,5.7767006900864226e-08,True,True negative,0.4999999422329931
R015_C044,2024,0.6931471805599453,0,0,0,5.7767006900864226e-08,True,True negative,0.4999999422329931
R015_C045,2024,3.258096538021482,0,0,1,0.612476721689788,False,False positive,0.11247672168978795
R015_C046,2024,2.079441541679836,0,0,0,0.0006039490586071061,True,True negative,0.4993960509413929
R015_C047,2024,2.079441541679836,0,0,0,0.0006039490586071061,True,True negative,0.4993960509413929
R015_C048,2024,1.6094379124341005,0,0,0,2.621007218088068e-05,True,True negative,0.4999737899278191
R015_C049,2024,2.772588722239781,0,0,0,0.058211331684448954,True,True negative,0.441788668315551
R015_C050,2024,0.6931471805599453,0,0,0,5.7767006900864226e-08,True,True negative,0.4999999422329931
R015_C051,2024,0.6931471805599453,0,0,0,5.7767006900864226e-08,True,True negative,0.4999999422329931
R015_C052,2024,0.0,0,0,0,5.64791947838045e-10,True,True negative,0.49999999943520806
R015_C056,2024,0.6931471805599453,0,0,0,5.7767006900864226e-08,True,True negative,0.4999999422329931
R015_C057,2024,1.9459101490553128,0,0,0,0.0002477300319792436,True,True negative,0.49975226996802075
R015_C058,2024,1.791759469228055,0,0,0,8.852897499702268e-05,True,True negative,0.499911471025003
R015_C059,2024,0.6931471805599453,0,0,0,5.7767006900864226e-08,True,True negative,0.4999999422329931
R015_C060,2024,2.9444389791664403,0,0,0,0.1629605820634127,True,True negative,0.3370394179365873
R015_C061,2024,2.3978952727983707,0,0,0,0.005039993971908603,True,True negative,0.49496000602809137
R015_C062,2024,1.791759469228055,0,0,0,8.852897499702268e-05,True,True negative,0.499911471025003
R015_C063,2024,2.079441541679836,0,0,0,0.0006039490586071061,True,True negative,0.4993960509413929
R015_C064,2024,1.9459101490553128,0,0,0,0.0002477300319792436,True,True negative,0.49975226996802075
R015_C065,2024,2.4849066497880004,0,0,0,0.008974292080567959,True,True negative,0.49102570791943206
R015_C066,2024,0.0,0,0,0,5.64791947838045e-10,True,True negative,0.49999999943520806
R015_C067,2024,2.4849066497880004,0,0,0,0.008974292080567959,True,True negative,0.49102570791943206
R015_C068,2024,1.6094379124341005,0,0,0,2.621007218088068e-05,True,True negative,0.4999737899278191
R015_C073,2024,1.9459101490553128,0,0,0,0.0002477300319792436,True,True negative,0.49975226996802075
R015_C074,2024,2.19722457733622,0,0,0,0.0013249536430650108,True,True negative,0.498675046356935
R015_C075,2024,2.079441541679836,0,0,0,0.0006039490586071061,True,True negative,0.4993960509413929
R015_C076,2024,3.49650756146648,0,0,1,0.8858928614393123,False,False positive,0.38589286143931234
R015_C077,2024,3.295836866004329,0,0,1,0.6703357251318038,False,False positive,0.17033572513180384
R015_C078,2024,2.302585092994046,0,0,0,0.002673672923127726,True,True negative,0.4973263270768723
R015_C079,2024,2.4849066497880004,0,0,0,0.008974292080567959,True,True negative,0.49102570791943206
R015_C080,2024,0.0,0,0,0,5.64791947838045e-10,True,True negative,0.49999999943520806
R016_C028,2024,0.0,0,0,0,5.64791947838045e-10,True,True negative,0.49999999943520806
R016_C029,2024,0.6931471805599453,0,0,0,5.7767006900864226e-08,True,True negative,0.4999999422329931
R016_C030,2024,0.6931471805599453,0,0,0,5.7767006900864226e-08,True,True negative,0.4999999422329931
R016_C031,2024,0.0,0,0,0,5.64791947838045e-10,True,True negative,0.49999999943520806
R016_C032,2024,1.3862943611198906,0,0,0,5.9083840806754096e-06,True,True negative,0.49999409161591934
R016_C033,2024,0.0,0,0,0,5.64791947838045e-10,True,True negative,0.49999999943520806
R016_C034,2024,0.6931471805599453,0,0,0,5.7767006900864226e-08,True,True negative,0.4999999422329931
R016_C035,2024,0.0,0,0,0,5.64791947838045e-10,True,True negative,0.49999999943520806
R016_C036,2024,0.0,0,0,0,5.64791947838045e-10,True,True negative,0.49999999943520806
R016_C037,2024,1.791759469228055,0,0,0,8.852897499702268e-05,True,True negative,0.499911471025003
R016_C038,2024,1.3862943611198906,0,0,0,5.9083840806754096e-06,True,True negative,0.49999409161591934
R016_C039,2024,1.3862943611198906,0,0,0,5.9083840806754096e-06,True,True negative,0.49999409161591934
R016_C040,2024,1.791759469228055,0,0,0,8.852897499702268e-05,True,True negative,0.499911471025003
R016_C041,2024,1.0986122886681096,0,0,0,8.65629632656729e-07,True,True negative,0.49999913437036736
R016_C042,2024,1.6094379124341005,0,0,0,2.621007218088068e-05,True,True negative,0.4999737899278191
R016_C043,2024,1.0986122886681096,0,0,0,8.65629632656729e-07,True,True negative,0.49999913437036736
R016_C044,2024,1.9459101490553128,0,0,0,0.0002477300319792436,True,True negative,0.49975226996802075
R016_C045,2024,4.727387818712341,1,1,1,0.9999666575941053,True,True positive,0.4999666575941053
R016_C046,2024,3.9889840465642745,1,1,1,0.9954077445379951,True,True positive,0.4954077445379951
R016_C047,2024,2.19722457733622,0,0,0,0.0013249536430650108,True,True negative,0.498675046356935
R016_C048,2024,1.791759469228055,0,0,0,8.852897499702268e-05,True,True negative,0.499911471025003
R016_C049,2024,1.3862943611198906,0,0,0,5.9083840806754096e-06,True,True negative,0.49999409161591934
R016_C050,2024,1.9459101490553128,0,0,0,0.0002477300319792436,True,True negative,0.49975226996802075
R016_C051,2024,2.302585092994046,0,0,0,0.002673672923127726,True,True negative,0.4973263270768723
R016_C052,2024,1.6094379124341005,0,0,0,2.621007218088068e-05,True,True negative,0.4999737899278191
R016_C053,2024,2.19722457733622,0,0,0,0.0013249536430650108,True,True negative,0.498675046356935
R016_C054,2024,1.791759469228055,0,0,0,8.852897499702268e-05,True,True negative,0.499911471025003
R016_C055,2024,1.9459101490553128,0,0,0,0.0002477300319792436,True,True negative,0.49975226996802075
R016_C056,2024,2.9444389791664403,0,0,0,0.1629605820634127,True,True negative,0.3370394179365873
R016_C057,2024,1.3862943611198906,0,0,0,5.9083840806754096e-06,True,True negative,0.49999409161591934
R016_C058,2024,1.0986122886681096,0,0,0,8.65629632656729e-07,True,True negative,0.49999913437036736
R016_C059,2024,1.0986122886681096,0,0,0,8.65629632656729e-07,True,True negative,0.49999913437036736
R016_C060,2024,3.258096538021482,0,0,1,0.612476721689788,False,False positive,0.11247672168978795
R016_C061,2024,2.70805020110221,0,0,0,0.038620547826229264,True,True negative,0.46137945217377074
R016_C062,2024,1.6094379124341005,0,0,0,2.621007218088068e-05,True,True negative,0.4999737899278191
R016_C063,2024,1.791759469228055,0,0,0,8.852897499702268e-05,True,True negative,0.499911471025003
R016_C064,2024,2.4849066497880004,0,0,0,0.008974292080567959,True,True negative,0.49102570791943206
R016_C065,2024,2.3978952727983707,0,0,0,0.005039993971908603,True,True negative,0.49496000602809137
R016_C066,2024,3.4339872044851463,0,1,1,0.8364500535624654,True,True positive,0.3364500535624654
R016_C067,2024,5.14166355650266,1,1,1,0.9999979019717039,True,True positive,0.4999979019717039
R016_C068,2024,5.438079308923196,1,1,1,0.9999997100321244,True,True positive,0.4999997100321244
R016_C069,2024,4.934473933130692,1,1,1,0.9999916332216712,True,True positive,0.4999916332216712
R016_C070,2024,3.8918202981106265,1,1,1,0.9912514373761554,True,True positive,0.4912514373761554
R016_C071,2024,3.218875824868201,0,0,1,0.5488146483718718,False,False positive,0.04881464837187177
R016_C072,2024,2.4849066497880004,0,0,0,0.008974292080567959,True,True negative,0.49102570791943206
R016_C073,2024,2.079441541679836,0,0,0,0.0006039490586071061,True,True negative,0.4993960509413929
R016_C076,2024,2.639057329615259,0,0,0,0.024717696654622916,True,True negative,0.4752823033453771
R016_C077,2024,3.044522437723423,0,0,0,0.27524593511421913,True,True negative,0.22475406488578087
R016_C078,2024,3.4339872044851463,0,0,1,0.8364500535624654,False,False positive,0.3364500535624654
R016_C079,2024,2.19722457733622,0,0,0,0.0013249536430650108,True,True negative,0.498675046356935
R016_C083,2024,0.0,0,0,0,5.64791947838045e-10,True,True negative,0.49999999943520806
R016_C084,2024,2.079441541679836,0,0,0,0.0006039490586071061,True,True negative,0.4993960509413929
R017_C029,2024,0.6931471805599453,0,0,0,5.7767006900864226e-08,True,True negative,0.4999999422329931
R017_C030,2024,1.0986122886681096,0,0,0,8.65629632656729e-07,True,True negative,0.49999913437036736
R017_C031,2024,1.0986122886681096,0,0,0,8.65629632656729e-07,True,True negative,0.49999913437036736
R017_C032,2024,0.6931471805599453,0,0,0,5.7767006900864226e-08,True,True negative,0.4999999422329931
R017_C034,2024,1.3862943611198906,0,0,0,5.9083840806754096e-06,True,True negative,0.49999409161591934
R017_C035,2024,0.0,0,0,0,5.64791947838045e-10,True,True negative,0.49999999943520806
R017_C036,2024,1.791759469228055,0,0,0,8.852897499702268e-05,True,True negative,0.499911471025003
R017_C037,2024,1.0986122886681096,0,0,0,8.65629632656729e-07,True,True negative,0.49999913437036736
R017_C038,2024,1.9459101490553128,0,0,0,0.0002477300319792436,True,True negative,0.49975226996802075
R017_C039,2024,2.19722457733622,0,0,0,0.0013249536430650108,True,True negative,0.498675046356935
R017_C040,2024,1.0986122886681096,0,0,0,8.65629632656729e-07,True,True negative,0.49999913437036736
R017_C041,2024,0.6931471805599453,0,0,0,5.7767006900864226e-08,True,True negative,0.4999999422329931
R017_C042,2024,0.0,0,0,0,5.64791947838045e-10,True,True negative,0.49999999943520806
R017_C043,2024,1.6094379124341005,0,0,0,2.621007218088068e-05,True,True negative,0.4999737899278191
R017_C044,2024,1.0986122886681096,0,0,0,8.65629632656729e-07,True,True negative,0.49999913437036736
R017_C045,2024,2.079441541679836,0,0,0,0.0006039490586071061,True,True negative,0.4993960509413929
R017_C046,2024,1.9459101490553128,0,0,0,0.0002477300319792436,True,True negative,0.49975226996802075
R017_C047,2024,1.3862943611198906,0,0,0,5.9083840806754096e-06,True,True negative,0.49999409161591934
R017_C048,2024,2.302585092994046,0,0,0,0.002673672923127726,True,True negative,0.4973263270768723
R017_C049,2024,1.6094379124341005,0,0,0,2.621007218088068e-05,True,True negative,0.4999737899278191
R017_C050,2024,1.3862943611198906,0,0,0,5.9083840806754096e-06,True,True negative,0.49999409161591934
R017_C051,2024,1.791759469228055,0,0,0,8.852897499702268e-05,True,True negative,0.499911471025003
R017_C052,2024,2.639057329615259,0,0,0,0.024717696654622916,True,True negative,0.4752823033453771
R017_C053,2024,1.6094379124341005,0,0,0,2.621007218088068e-05,True,True negative,0.4999737899278191
R017_C054,2024,0.0,0,0,0,5.64791947838045e-10,True,True negative,0.49999999943520806
R017_C055,2024,0.6931471805599453,0,0,0,5.7767006900864226e-08,True,True negative,0.4999999422329931
R017_C056,2024,1.6094379124341005,0,0,0,2.621007218088068e-05,True,True negative,0.4999737899278191
R017_C057,2024,0.6931471805599453,0,0,0,5.7767006900864226e-08,True,True negative,0.4999999422329931
R017_C058,2024,0.0,0,0,0,5.64791947838045e-10,True,True negative,0.49999999943520806
R017_C059,2024,0.6931471805599453,0,0,0,5.7767006900864226e-08,True,True negative,0.4999999422329931
R017_C060,2024,1.6094379124341005,0,0,0,2.621007218088068e-05,True,True negative,0.4999737899278191
R017_C061,2024,1.0986122886681096,0,0,0,8.65629632656729e-07,True,True negative,0.49999913437036736
R017_C062,2024,0.0,0,0,0,5.64791947838045e-10,True,True negative,0.49999999943520806
R017_C063,2024,0.6931471805599453,0,0,0,5.7767006900864226e-08,True,True negative,0.4999999422329931
R017_C064,2024,1.6094379124341005,0,0,0,2.621007218088068e-05,True,True negative,0.4999737899278191
R017_C065,2024,2.079441541679836,0,0,0,0.0006039490586071061,True,True negative,0.4993960509413929
R017_C066,2024,3.044522437723423,0,0,0,0.27524593511421913,True,True negative,0.22475406488578087
R017_C067,2024,3.713572066704308,1,0,1,0.9718054089565341,False,False positive,0.4718054089565341
R017_C068,2024,4.276666119016055,1,1,1,0.9993245506522902,True,True positive,0.4993245506522902
R017_C069,2024,2.9444389791664403,0,0,0,0.1629605820634127,True,True negative,0.3370394179365873
R017_C070,2024,1.0986122886681096,0,0,0,8.65629632656729e-07,True,True negative,0.49999913437036736
R017_C071,2024,2.995732273553991,0,0,0,0.21519187873111192,True,True negative,0.2848081212688881
R017_C072,2024,2.3978952727983707,0,0,0,0.005039993971908603,True,True negative,0.49496000602809137
R017_C073,2024,2.9444389791664403,0,0,0,0.1629605820634127,True,True negative,0.3370394179365873
R017_C074,2024,1.3862943611198906,0,0,0,5.9083840806754096e-06,True,True negative,0.49999409161591934
R017_C076,2024,2.19722457733622,0,0,0,0.0013249536430650108,True,True negative,0.498675046356935
R017_C077,2024,0.6931471805599453,0,0,0,5.7767006900864226e-08,True,True negative,0.4999999422329931
R017_C078,2024,2.639057329615259,0,0,0,0.024717696654622916,True,True negative,0.4752823033453771
R017_C079,2024,4.262679877041316,1,1,1,0.9992584893215176,True,True positive,0.4992584893215176
R017_C080,2024,3.970291913552122,1,1,1,0.9948005288631603,True,True positive,0.4948005288631603
R017_C081,2024,2.19722457733622,0,0,0,0.0013249536430650108,True,True negative,0.498675046356935
R017_C082,2024,1.3862943611198906,0,0,0,5.9083840806754096e-06,True,True negative,0.49999409161591934
R017_C083,2024,2.079441541679836,0,0,0,0.0006039490586071061,True,True negative,0.4993960509413929
R017_C084,2024,2.5649493574615367,0,0,0,0.015217410607103852,True,True negative,0.48478258939289615
R017_C085,2024,3.6375861597263857,1,1,1,0.9540303661236091,True,True positive,0.45403036612360914
R017_C086,2024,0.6931471805599453,0,0,0,5.7767006900864226e-08,True,True negative,0.4999999422329931
R017_C096,2024,2.5649493574615367,0,0,0,0.015217410607103852,True,True negative,0.48478258939289615
R017_C097,2024,1.6094379124341005,0,0,0,2.621007218088068e-05,True,True negative,0.4999737899278191
R017_C098,2024,2.9444389791664403,0,0,0,0.1629605820634127,True,True negative,0.3370394179365873
R017_C099,2024,4.127134385045092,1,1,1,0.9981691193857279,True,True positive,0.49816911938572794
R018_C031,2024,1.9459101490553128,0,0,0,0.0002477300319792436,True,True negative,0.49975226996802075
R018_C032,2024,1.0986122886681096,0,0,0,8.65629632656729e-07,True,True negative,0.49999913437036736
R018_C033,2024,2.079441541679836,0,0,0,0.0006039490586071061,True,True negative,0.4993960509413929
R018_C034,2024,1.0986122886681096,0,0,0,8.65629632656729e-07,True,True negative,0.49999913437036736
R018_C035,2024,0.6931471805599453,0,0,0,5.7767006900864226e-08,True,True negative,0.4999999422329931
R018_C036,2024,0.0,0,0,0,5.64791947838045e-10,True,True negative,0.49999999943520806
R018_C037,2024,1.0986122886681096,0,0,0,8.65629632656729e-07,True,True negative,0.49999913437036736
R018_C038,2024,2.079441541679836,0,0,0,0.0006039490586071061,True,True negative,0.4993960509413929
R018_C039,2024,0.6931471805599453,0,0,0,5.7767006900864226e-08,True,True negative,0.4999999422329931
R018_C040,2024,1.0986122886681096,0,0,0,8.65629632656729e-07,True,True negative,0.49999913437036736
R018_C041,2024,1.3862943611198906,0,0,0,5.9083840806754096e-06,True,True negative,0.49999409161591934
R018_C042,2024,1.9459101490553128,0,0,0,0.0002477300319792436,True,True negative,0.49975226996802075
R018_C043,2024,2.079441541679836,0,0,0,0.0006039490586071061,True,True negative,0.4993960509413929
R018_C044,2024,1.0986122886681096,0,0,0,8.65629632656729e-07,True,True negative,0.49999913437036736
R018_C045,2024,0.6931471805599453,0,0,0,5.7767006900864226e-08,True,True negative,0.4999999422329931
R018_C046,2024,1.3862943611198906,0,0,0,5.9083840806754096e-06,True,True negative,0.49999409161591934
R018_C047,2024,1.9459101490553128,0,0,0,0.0002477300319792436,True,True negative,0.49975226996802075
R018_C048,2024,0.0,0,0,0,5.64791947838045e-10,True,True negative,0.49999999943520806
R018_C049,2024,1.3862943611198906,0,0,0,5.9083840806754096e-06,True,True negative,0.49999409161591934
R018_C050,2024,2.995732273553991,0,0,0,0.21519187873111192,True,True negative,0.2848081212688881
R018_C051,2024,1.3862943611198906,0,0,0,5.9083840806754096e-06,True,True negative,0.49999409161591934
R018_C052,2024,0.6931471805599453,0,0,0,5.7767006900864226e-08,True,True negative,0.4999999422329931
R018_C053,2024,1.791759469228055,0,0,0,8.852897499702268e-05,True,True negative,0.499911471025003
R018_C054,2024,1.9459101490553128,0,0,0,0.0002477300319792436,True,True negative,0.49975226996802075
R018_C055,2024,1.3862943611198906,0,0,0,5.9083840806754096e-06,True,True negative,0.49999409161591934
R018_C056,2024,1.3862943611198906,0,0,0,5.9083840806754096e-06,True,True negative,0.49999409161591934
R018_C057,2024,1.3862943611198906,0,0,0,5.9083840806754096e-06,True,True negative,0.49999409161591934
R018_C058,2024,1.0986122886681096,0,0,0,8.65629632656729e-07,True,True negative,0.49999913437036736
R018_C059,2024,0.0,0,0,0,5.64791947838045e-10,True,True negative,0.49999999943520806
R018_C060,2024,1.3862943611198906,0,0,0,5.9083840806754096e-06,True,True negative,0.49999409161591934
R018_C061,2024,0.0,0,0,0,5.64791947838045e-10,True,True negative,0.49999999943520806
R018_C063,2024,0.6931471805599453,0,0,0,5.7767006900864226e-08,True,True negative,0.4999999422329931
R018_C064,2024,1.6094379124341005,0,0,0,2.621007218088068e-05,True,True negative,0.4999737899278191
R018_C065,2024,0.6931471805599453,0,0,0,5.7767006900864226e-08,True,True negative,0.4999999422329931
R018_C066,2024,1.0986122886681096,0,0,0,8.65629632656729e-07,True,True negative,0.49999913437036736
R018_C067,2024,2.9444389791664403,0,0,0,0.1629605820634127,True,True negative,0.3370394179365873
R018_C068,2024,3.610917912644224,1,0,1,0.9455594271188087,False,False positive,0.4455594271188087
R018_C069,2024,3.218875824868201,0,0,1,0.5488146483718718,False,False positive,0.04881464837187177
R018_C070,2024,1.6094379124341005,0,0,0,2.621007218088068e-05,True,True negative,0.4999737899278191
R018_C071,2024,1.9459101490553128,0,0,0,0.0002477300319792436,True,True negative,0.49975226996802075
R018_C072,2024,1.6094379124341005,0,0,0,2.621007218088068e-05,True,True negative,0.4999737899278191
R018_C073,2024,1.3862943611198906,0,0,0,5.9083840806754096e-06,True,True negative,0.49999409161591934
R018_C074,2024,1.3862943611198906,0,0,0,5.9083840806754096e-06,True,True negative,0.49999409161591934
R018_C075,2024,1.9459101490553128,0,0,0,0.0002477300319792436,True,True negative,0.49975226996802075
R018_C076,2024,0.6931471805599453,0,0,0,5.7767006900864226e-08,True,True negative,0.4999999422329931
R018_C077,2024,1.9459101490553128,0,0,0,0.0002477300319792436,True,True negative,0.49975226996802075
R018_C078,2024,4.465908118654584,1,1,1,0.9998089737546981,True,True positive,0.4998089737546981
R018_C079,2024,4.762173934797756,1,1,1,0.9999735675735589,True,True positive,0.49997356757355893
R018_C080,2024,5.1298987149230735,1,1,1,0.9999977305343483,True,True positive,0.49999773053434826
R018_C081,2024,2.70805020110221,0,0,0,0.038620547826229264,True,True negative,0.46137945217377074
R018_C082,2024,1.0986122886681096,0,0,0,8.65629632656729e-07,True,True negative,0.49999913437036736
R018_C083,2024,3.295836866004329,0,0,1,0.6703357251318038,False,False positive,0.17033572513180384
R018_C084,2024,4.304065093204169,1,1,1,0.999437402158506,True,True positive,0.49943740215850596
R018_C085,2024,3.87120101090789,1,1,1,0.9899732019420209,True,True positive,0.4899732019420209
R018_C086,2024,3.49650756146648,0,0,1,0.8858928614393123,False,False positive,0.38589286143931234
R018_C087,2024,4.04305126783455,1,1,1,0.9967947494132563,True,True positive,0.4967947494132563
R018_C088,2024,3.58351893845611,1,0,1,0.9353384081017577,False,False positive,0.4353384081017577
R018_C089,2024,5.049856007249537,1,1,1,0.9999961273518968,True,True positive,0.4999961273518968
R018_C090,2024,4.04305126783455,1,1,1,0.9967947494132563,True,True positive,0.4967947494132563
R018_C091,2024,2.3978952727983707,0,0,0,0.005039993971908603,True,True negative,0.49496000602809137
R018_C092,2024,3.688879454113936,1,1,1,0.9669193992068,True,True positive,0.46691939920680003
R018_C093,2024,5.247024072160486,1,1,1,0.9999989617132965,True,True positive,0.4999989617132965
R018_C094,2024,3.4339872044851463,0,0,1,0.8364500535624654,False,False positive,0.3364500535624654
R018_C095,2024,3.912023005428146,1,0,1,0.9923468837478088,False,False positive,0.4923468837478088
R018_C096,2024,2.639057329615259,0,0,0,0.024717696654622916,True,True negative,0.4752823033453771
R018_C097,2024,1.9459101490553128,0,0,0,0.0002477300319792436,True,True negative,0.49975226996802075
R018_C098,2024,3.7612001156935615,1,1,1,0.9793264211280307,True,True positive,0.4793264211280307
R018_C099,2024,4.532599493153256,1,1,1,0.9998776088150708,True,True positive,0.4998776088150708
R018_C100,2024,1.6094379124341005,0,0,0,2.621007218088068e-05,True,True negative,0.4999737899278191
R019_C031,2024,2.70805020110221,0,0,0,0.038620547826229264,True,True negative,0.46137945217377074
R019_C032,2024,1.9459101490553128,0,0,0,0.0002477300319792436,True,True negative,0.49975226996802075
R019_C033,2024,1.0986122886681096,0,0,0,8.65629632656729e-07,True,True negative,0.49999913437036736
R019_C034,2024,0.6931471805599453,0,0,0,5.7767006900864226e-08,True,True negative,0.4999999422329931
R019_C035,2024,1.0986122886681096,0,0,0,8.65629632656729e-07,True,True negative,0.49999913437036736
R019_C036,2024,0.6931471805599453,0,0,0,5.7767006900864226e-08,True,True negative,0.4999999422329931
R019_C037,2024,1.0986122886681096,0,0,0,8.65629632656729e-07,True,True negative,0.49999913437036736
R019_C039,2024,1.0986122886681096,0,0,0,8.65629632656729e-07,True,True negative,0.49999913437036736
R019_C040,2024,0.6931471805599453,0,0,0,5.7767006900864226e-08,True,True negative,0.4999999422329931
R019_C041,2024,1.3862943611198906,0,0,0,5.9083840806754096e-06,True,True negative,0.49999409161591934
R019_C042,2024,0.6931471805599453,0,0,0,5.7767006900864226e-08,True,True negative,0.4999999422329931
R019_C043,2024,0.6931471805599453,0,0,0,5.7767006900864226e-08,True,True negative,0.4999999422329931
R019_C044,2024,0.0,0,0,0,5.64791947838045e-10,True,True negative,0.49999999943520806
R019_C045,2024,1.6094379124341005,0,0,0,2.621007218088068e-05,True,True negative,0.4999737899278191
R019_C046,2024,0.0,0,0,0,5.64791947838045e-10,True,True negative,0.49999999943520806
R019_C047,2024,2.70805020110221,0,0,0,0.038620547826229264,True,True negative,0.46137945217377074
R019_C048,2024,0.0,0,0,0,5.64791947838045e-10,True,True negative,0.49999999943520806
R019_C049,2024,0.0,0,0,0,5.64791947838045e-10,True,True negative,0.49999999943520806
R019_C050,2024,1.0986122886681096,0,0,0,8.65629632656729e-07,True,True negative,0.49999913437036736
R019_C051,2024,2.639057329615259,0,0,0,0.024717696654622916,True,True negative,0.4752823033453771
R019_C052,2024,0.0,0,0,0,5.64791947838045e-10,True,True negative,0.49999999943520806
R019_C053,2024,2.772588722239781,0,0,0,0.058211331684448954,True,True negative,0.441788668315551
R019_C054,2024,1.3862943611198906,0,0,0,5.9083840806754096e-06,True,True negative,0.49999409161591934
R019_C055,2024,1.6094379124341005,0,0,0,2.621007218088068e-05,True,True negative,0.4999737899278191
R019_C056,2024,1.3862943611198906,0,0,0,5.9083840806754096e-06,True,True negative,0.49999409161591934
R019_C057,2024,0.0,0,0,0,5.64791947838045e-10,True,True negative,0.49999999943520806
R019_C058,2024,0.6931471805599453,0,0,0,5.7767006900864226e-08,True,True negative,0.4999999422329931
R019_C059,2024,0.0,0,0,0,5.64791947838045e-10,True,True negative,0.49999999943520806
R019_C060,2024,1.0986122886681096,0,0,0,8.65629632656729e-07,True,True negative,0.49999913437036736
R019_C061,2024,0.6931471805599453,0,0,0,5.7767006900864226e-08,True,True negative,0.4999999422329931
R019_C062,2024,0.6931471805599453,0,0,0,5.7767006900864226e-08,True,True negative,0.4999999422329931
R019_C063,2024,1.0986122886681096,0,0,0,8.65629632656729e-07,True,True negative,0.49999913437036736
R019_C064,2024,2.833213344056216,0,0,0,0.08479219087228605,True,True negative,0.41520780912771393
R019_C065,2024,1.0986122886681096,0,0,0,8.65629632656729e-07,True,True negative,0.49999913437036736
R019_C066,2024,0.0,0,0,0,5.64791947838045e-10,True,True negative,0.49999999943520806
R019_C067,2024,1.791759469228055,0,0,0,8.852897499702268e-05,True,True negative,0.499911471025003
R019_C068,2024,2.772588722239781,0,0,0,0.058211331684448954,True,True negative,0.441788668315551
R019_C069,2024,2.19722457733622,0,0,0,0.0013249536430650108,True,True negative,0.498675046356935
R019_C070,2024,2.995732273553991,0,0,0,0.21519187873111192,True,True negative,0.2848081212688881
R019_C071,2024,1.6094379124341005,0,0,0,2.621007218088068e-05,True,True negative,0.4999737899278191
R019_C072,2024,2.079441541679836,0,0,0,0.0006039490586071061,True,True negative,0.4993960509413929
R019_C073,2024,1.791759469228055,0,0,0,8.852897499702268e-05,True,True negative,0.499911471025003
R019_C074,2024,2.4849066497880004,0,0,0,0.008974292080567959,True,True negative,0.49102570791943206
R019_C075,2024,3.367295829986474,0,0,1,0.7661666921380098,False,False positive,0.2661666921380098
R019_C076,2024,3.044522437723423,0,0,0,0.27524593511421913,True,True negative,0.22475406488578087
R019_C077,2024,4.07753744390572,1,1,1,0.997452259779216,True,True positive,0.49745225977921603
R019_C078,2024,4.262679877041316,1,1,1,0.9992584893215176,True,True positive,0.4992584893215176
R019_C079,2024,4.290459441148391,1,1,1,0.9993839376963842,True,True positive,0.49938393769638423
R019_C080,2024,4.736198448394496,1,1,1,0.9999685622686127,True,True positive,0.49996856226861275
R019_C081,2024,4.23410650459726,1,1,1,0.9991027805420002,True,True positive,0.4991027805420002
R019_C082,2024,3.218875824868201,0,0,1,0.5488146483718718,False,False positive,0.04881464837187177
R019_C083,2024,2.772588722239781,0,0,0,0.058211331684448954,True,True negative,0.441788668315551
R019_C084,2024,3.828641396489095,1,1,1,0.9867219015643443,True,True positive,0.48672190156434425
R019_C085,2024,3.295836866004329,0,0,1,0.6703357251318038,False,False positive,0.17033572513180384
R019_C086,2024,3.1354942159291497,0,0,0,0.41076471668164616,True,True negative,0.08923528331835384
R019_C087,2024,2.8903717578961645,0,0,0,0.11948288041963083,True,True negative,0.38051711958036916
R019_C088,2024,2.302585092994046,0,0,0,0.002673672923127726,True,True negative,0.4973263270768723
R019_C089,2024,3.332204510175204,0,1,1,0.7216193143239186,True,True positive,0.22161931432391857
R019_C090,2024,3.4011973816621555,0,1,1,0.8042593123851965,True,True positive,0.30425931238519655
R019_C091,2024,4.51085950651685,1,1,1,0.9998584932106669,True,True positive,0.4998584932106669
R019_C092,2024,4.912654885736052,1,1,1,0.999990321180924,True,True positive,0.499990321180924
R019_C093,2024,5.2832037287379885,1,1,1,0.9999991845189129,True,True positive,0.4999991845189129
R019_C094,2024,2.772588722239781,0,0,0,0.058211331684448954,True,True negative,0.441788668315551
R019_C095,2024,3.1354942159291497,0,0,0,0.41076471668164616,True,True negative,0.08923528331835384
R019_C096,2024,2.302585092994046,0,0,0,0.002673672923127726,True,True negative,0.4973263270768723
R019_C097,2024,2.19722457733622,0,0,0,0.0013249536430650108,True,True negative,0.498675046356935
R019_C098,2024,3.80666248977032,1,1,1,0.9846554694251088,True,True positive,0.48465546942510884
R019_C099,2024,1.0986122886681096,0,0,0,8.65629632656729e-07,True,True negative,0.49999913437036736
R019_C100,2024,2.8903717578961645,0,0,0,0.11948288041963083,True,True negative,0.38051711958036916
R019_C101,2024,3.912023005428146,1,1,1,0.9923468837478088,True,True positive,0.4923468837478088
R019_C102,2024,3.49650756146648,0,0,1,0.8858928614393123,False,False positive,0.38589286143931234
R019_C103,2024,3.80666248977032,1,1,1,0.9846554694251088,True,True positive,0.48465546942510884
R020_C031,2024,0.0,0,0,0,5.64791947838045e-10,True,True negative,0.49999999943520806
R020_C032,2024,1.3862943611198906,0,0,0,5.9083840806754096e-06,True,True negative,0.49999409161591934
R020_C033,2024,1.6094379124341005,0,0,0,2.621007218088068e-05,True,True negative,0.4999737899278191
R020_C034,2024,0.6931471805599453,0,0,0,5.7767006900864226e-08,True,True negative,0.4999999422329931
R020_C035,2024,0.0,0,0,0,5.64791947838045e-10,True,True negative,0.49999999943520806
R020_C036,2024,0.0,0,0,0,5.64791947838045e-10,True,True negative,0.49999999943520806
R020_C037,2024,0.6931471805599453,0,0,0,5.7767006900864226e-08,True,True negative,0.4999999422329931
R020_C038,2024,0.6931471805599453,0,0,0,5.7767006900864226e-08,True,True negative,0.4999999422329931
R020_C039,2024,0.0,0,0,0,5.64791947838045e-10,True,True negative,0.49999999943520806
R020_C040,2024,1.6094379124341005,0,0,0,2.621007218088068e-05,True,True negative,0.4999737899278191
R020_C041,2024,0.0,0,0,0,5.64791947838045e-10,True,True negative,0.49999999943520806
R020_C042,2024,0.6931471805599453,0,0,0,5.7767006900864226e-08,True,True negative,0.4999999422329931
R020_C043,2024,0.6931471805599453,0,0,0,5.7767006900864226e-08,True,True negative,0.4999999422329931
R020_C044,2024,1.0986122886681096,0,0,0,8.65629632656729e-07,True,True negative,0.49999913437036736
R020_C045,2024,1.3862943611198906,0,0,0,5.9083840806754096e-06,True,True negative,0.49999409161591934
R020_C046,2024,2.833213344056216,0,0,0,0.08479219087228605,True,True negative,0.41520780912771393
R020_C047,2024,2.70805020110221,0,0,0,0.038620547826229264,True,True negative,0.46137945217377074
R020_C048,2024,2.302585092994046,0,0,0,0.002673672923127726,True,True negative,0.4973263270768723
R020_C049,2024,0.6931471805599453,0,0,0,5.7767006900864226e-08,True,True negative,0.4999999422329931
R020_C050,2024,0.0,0,0,0,5.64791947838045e-10,True,True negative,0.49999999943520806
R020_C051,2024,0.6931471805599453,0,0,0,5.7767006900864226e-08,True,True negative,0.4999999422329931
R020_C052,2024,1.3862943611198906,0,0,0,5.9083840806754096e-06,True,True negative,0.49999409161591934
R020_C053,2024,1.0986122886681096,0,0,0,8.65629632656729e-07,True,True negative,0.49999913437036736
R020_C054,2024,1.6094379124341005,0,0,0,2.621007218088068e-05,True,True negative,0.4999737899278191
R020_C055,2024,1.6094379124341005,0,0,0,2.621007218088068e-05,True,True negative,0.4999737899278191
R020_C056,2024,1.791759469228055,0,0,0,8.852897499702268e-05,True,True negative,0.499911471025003
R020_C057,2024,1.3862943611198906,0,0,0,5.9083840806754096e-06,True,True negative,0.49999409161591934
R020_C058,2024,2.079441541679836,0,0,0,0.0006039490586071061,True,True negative,0.4993960509413929
R020_C059,2024,1.0986122886681096,0,0,0,8.65629632656729e-07,True,True negative,0.49999913437036736
R020_C060,2024,1.3862943611198906,0,0,0,5.9083840806754096e-06,True,True negative,0.49999409161591934
R020_C061,2024,1.0986122886681096,0,0,0,8.65629632656729e-07,True,True negative,0.49999913437036736
R020_C062,2024,1.0986122886681096,0,0,0,8.65629632656729e-07,True,True negative,0.49999913437036736
R020_C063,2024,1.3862943611198906,0,0,0,5.9083840806754096e-06,True,True negative,0.49999409161591934
R020_C064,2024,1.3862943611198906,0,0,0,5.9083840806754096e-06,True,True negative,0.49999409161591934
R020_C065,2024,0.0,0,0,0,5.64791947838045e-10,True,True negative,0.49999999943520806
R020_C066,2024,1.6094379124341005,0,0,0,2.621007218088068e-05,True,True negative,0.4999737899278191
R020_C067,2024,1.0986122886681096,0,0,0,8.65629632656729e-07,True,True negative,0.49999913437036736
R020_C068,2024,1.6094379124341005,0,0,0,2.621007218088068e-05,True,True negative,0.4999737899278191
R020_C069,2024,1.9459101490553128,0,0,0,0.0002477300319792436,True,True negative,0.49975226996802075
R020_C070,2024,2.079441541679836,0,0,0,0.0006039490586071061,True,True negative,0.4993960509413929
R020_C071,2024,1.0986122886681096,0,0,0,8.65629632656729e-07,True,True negative,0.49999913437036736
R020_C072,2024,2.70805020110221,0,0,0,0.038620547826229264,True,True negative,0.46137945217377074
R020_C073,2024,3.295836866004329,0,0,1,0.6703357251318038,False,False positive,0.17033572513180384
R020_C074,2024,4.653960350157523,1,1,1,0.9999455632864424,True,True positive,0.49994556328644235
R020_C075,2024,5.472270673671475,1,1,1,0.9999997692129157,True,True positive,0.49999976921291567
R020_C076,2024,4.8283137373023015,1,1,1,0.999983003178658,True,True positive,0.49998300317865796
R020_C077,2024,2.302585092994046,0,0,0,0.002673672923127726,True,True negative,0.4973263270768723
R020_C078,2024,3.044522437723423,0,0,0,0.27524593511421913,True,True negative,0.22475406488578087
R020_C079,2024,2.079441541679836,0,0,0,0.0006039490586071061,True,True negative,0.4993960509413929
R020_C080,2024,3.091042453358316,0,1,0,0.3412830017619351,False,False negative,0.1587169982380649
R020_C081,2024,3.1354942159291497,0,0,0,0.41076471668164616,True,True negative,0.08923528331835384
R020_C082,2024,1.3862943611198906,0,0,0,5.9083840806754096e-06,True,True negative,0.49999409161591934
R020_C083,2024,1.3862943611198906,0,0,0,5.9083840806754096e-06,True,True negative,0.49999409161591934
R020_C084,2024,1.9459101490553128,0,0,0,0.0002477300319792436,True,True negative,0.49975226996802075
R020_C085,2024,1.0986122886681096,0,0,0,8.65629632656729e-07,True,True negative,0.49999913437036736
R020_C086,2024,1.0986122886681096,0,0,0,8.65629632656729e-07,True,True negative,0.49999913437036736
R020_C087,2024,2.3978952727983707,0,0,0,0.005039993971908603,True,True negative,0.49496000602809137
R020_C088,2024,2.833213344056216,0,0,0,0.08479219087228605,True,True negative,0.41520780912771393
R020_C089,2024,2.9444389791664403,0,0,0,0.1629605820634127,True,True negative,0.3370394179365873
R020_C090,2024,2.5649493574615367,0,0,0,0.015217410607103852,True,True negative,0.48478258939289615
R020_C091,2024,1.791759469228055,0,0,0,8.852897499702268e-05,True,True negative,0.499911471025003
R020_C092,2024,3.4011973816621555,0,0,1,0.8042593123851965,False,False positive,0.30425931238519655
R020_C093,2024,2.19722457733622,0,0,0,0.0013249536430650108,True,True negative,0.498675046356935
R020_C094,2024,1.6094379124341005,0,0,0,2.621007218088068e-05,True,True negative,0.4999737899278191
R020_C095,2024,3.218875824868201,0,0,1,0.5488146483718718,False,False positive,0.04881464837187177
R020_C096,2024,1.6094379124341005,0,0,0,2.621007218088068e-05,True,True negative,0.4999737899278191
R020_C097,2024,2.833213344056216,0,0,0,0.08479219087228605,True,True negative,0.41520780912771393
R020_C098,2024,3.258096538021482,0,0,1,0.612476721689788,False,False positive,0.11247672168978795
R020_C099,2024,2.079441541679836,0,0,0,0.0006039490586071061,True,True negative,0.4993960509413929
R020_C100,2024,2.772588722239781,0,0,0,0.058211331684448954,True,True negative,0.441788668315551
R020_C101,2024,2.8903717578961645,0,0,0,0.11948288041963083,True,True negative,0.38051711958036916
R020_C102,2024,3.970291913552122,1,1,1,0.9948005288631603,True,True positive,0.4948005288631603
R020_C103,2024,4.189654742026425,1,1,1,0.9987931517302697,True,True positive,0.4987931517302697
R020_C104,2024,1.3862943611198906,0,0,0,5.9083840806754096e-06,True,True negative,0.49999409161591934
R020_C105,2024,0.0,0,0,0,5.64791947838045e-10,True,True negative,0.49999999943520806
R021_C031,2024,0.0,0,0,0,5.64791947838045e-10,True,True negative,0.49999999943520806
R021_C032,2024,0.6931471805599453,0,0,0,5.7767006900864226e-08,True,True negative,0.4999999422329931
R021_C033,2024,0.0,0,0,0,5.64791947838045e-10,True,True negative,0.49999999943520806
R021_C034,2024,0.6931471805599453,0,0,0,5.7767006900864226e-08,True,True negative,0.4999999422329931
R021_C035,2024,0.0,0,0,0,5.64791947838045e-10,True,True negative,0.49999999943520806
R021_C036,2024,2.19722457733622,0,0,0,0.0013249536430650108,True,True negative,0.498675046356935
R021_C037,2024,1.3862943611198906,0,0,0,5.9083840806754096e-06,True,True negative,0.49999409161591934
R021_C038,2024,0.6931471805599453,0,0,0,5.7767006900864226e-08,True,True negative,0.4999999422329931
R021_C039,2024,1.0986122886681096,0,0,0,8.65629632656729e-07,True,True negative,0.49999913437036736
R021_C040,2024,0.6931471805599453,0,0,0,5.7767006900864226e-08,True,True negative,0.4999999422329931
R021_C041,2024,0.6931471805599453,0,0,0,5.7767006900864226e-08,True,True negative,0.4999999422329931
R021_C042,2024,0.0,0,0,0,5.64791947838045e-10,True,True negative,0.49999999943520806
R021_C043,2024,0.0,0,0,0,5.64791947838045e-10,True,True negative,0.49999999943520806
R021_C044,2024,1.0986122886681096,0,0,0,8.65629632656729e-07,True,True negative,0.49999913437036736
R021_C045,2024,0.6931471805599453,0,0,0,5.7767006900864226e-08,True,True negative,0.4999999422329931
R021_C046,2024,0.0,0,0,0,5.64791947838045e-10,True,True negative,0.49999999943520806
R021_C047,2024,0.6931471805599453,0,0,0,5.7767006900864226e-08,True,True negative,0.4999999422329931
R021_C048,2024,1.0986122886681096,0,0,0,8.65629632656729e-07,True,True negative,0.49999913437036736
R021_C049,2024,1.791759469228055,0,0,0,8.852897499702268e-05,True,True negative,0.499911471025003
R021_C050,2024,0.0,0,0,0,5.64791947838045e-10,True,True negative,0.49999999943520806
R021_C051,2024,0.6931471805599453,0,0,0,5.7767006900864226e-08,True,True negative,0.4999999422329931
R021_C052,2024,1.0986122886681096,0,0,0,8.65629632656729e-07,True,True negative,0.49999913437036736
R021_C053,2024,2.19722457733622,0,0,0,0.0013249536430650108,True,True negative,0.498675046356935
R021_C054,2024,1.0986122886681096,0,0,0,8.65629632656729e-07,True,True negative,0.49999913437036736
R021_C055,2024,2.302585092994046,0,0,0,0.002673672923127726,True,True negative,0.4973263270768723
R021_C056,2024,2.772588722239781,0,0,0,0.058211331684448954,True,True negative,0.441788668315551
R021_C057,2024,3.4011973816621555,0,0,1,0.8042593123851965,False,False positive,0.30425931238519655
R021_C058,2024,3.4011973816621555,0,0,1,0.8042593123851965,False,False positive,0.30425931238519655
R021_C059,2024,2.3978952727983707,0,0,0,0.005039993971908603,True,True negative,0.49496000602809137
R021_C060,2024,1.6094379124341005,0,0,0,2.621007218088068e-05,True,True negative,0.4999737899278191
R021_C061,2024,1.3862943611198906,0,0,0,5.9083840806754096e-06,True,True negative,0.49999409161591934
R021_C062,2024,1.791759469228055,0,0,0,8.852897499702268e-05,True,True negative,0.499911471025003
R021_C063,2024,1.6094379124341005,0,0,0,2.621007218088068e-05,True,True negative,0.4999737899278191
R021_C064,2024,1.3862943611198906,0,0,0,5.9083840806754096e-06,True,True negative,0.49999409161591934
R021_C065,2024,1.3862943611198906,0,0,0,5.9083840806754096e-06,True,True negative,0.49999409161591934
R021_C066,2024,0.0,0,0,0,5.64791947838045e-10,True,True negative,0.49999999943520806
R021_C067,2024,1.0986122886681096,0,0,0,8.65629632656729e-07,True,True negative,0.49999913437036736
R021_C068,2024,0.6931471805599453,0,0,0,5.7767006900864226e-08,True,True negative,0.4999999422329931
R021_C069,2024,0.0,0,0,0,5.64791947838045e-10,True,True negative,0.49999999943520806
R021_C070,2024,1.791759469228055,0,0,0,8.852897499702268e-05,True,True negative,0.499911471025003
R021_C071,2024,1.0986122886681096,0,0,0,8.65629632656729e-07,True,True negative,0.49999913437036736
R021_C072,2024,1.0986122886681096,0,0,0,8.65629632656729e-07,True,True negative,0.49999913437036736
R021_C073,2024,3.332204510175204,0,0,1,0.7216193143239186,False,False positive,0.22161931432391857
R021_C074,2024,3.912023005428146,1,1,1,0.9923468837478088,True,True positive,0.4923468837478088
R021_C075,2024,4.672828834461906,1,1,1,0.999952006190556,True,True positive,0.499952006190556
R021_C076,2024,3.87120101090789,1,1,1,0.9899732019420209,True,True positive,0.4899732019420209
R021_C077,2024,2.302585092994046,0,0,0,0.002673672923127726,True,True negative,0.4973263270768723
R021_C078,2024,2.3978952727983707,0,0,0,0.005039993971908603,True,True negative,0.49496000602809137
R021_C079,2024,1.3862943611198906,0,0,0,5.9083840806754096e-06,True,True negative,0.49999409161591934
R021_C080,2024,1.3862943611198906,0,0,0,5.9083840806754096e-06,True,True negative,0.49999409161591934
R021_C081,2024,1.791759469228055,0,0,0,8.852897499702268e-05,True,True negative,0.499911471025003
R021_C082,2024,1.3862943611198906,0,0,0,5.9083840806754096e-06,True,True negative,0.49999409161591934
R021_C083,2024,1.0986122886681096,0,0,0,8.65629632656729e-07,True,True negative,0.49999913437036736
R021_C084,2024,1.3862943611198906,0,0,0,5.9083840806754096e-06,True,True negative,0.49999409161591934
R021_C085,2024,0.6931471805599453,0,0,0,5.7767006900864226e-08,True,True negative,0.4999999422329931
R021_C086,2024,1.6094379124341005,0,0,0,2.621007218088068e-05,True,True negative,0.4999737899278191
R021_C087,2024,2.4849066497880004,0,0,0,0.008974292080567959,True,True negative,0.49102570791943206
R021_C088,2024,2.3978952727983707,0,0,0,0.005039993971908603,True,True negative,0.49496000602809137
R021_C089,2024,2.5649493574615367,0,0,0,0.015217410607103852,True,True negative,0.48478258939289615
R021_C090,2024,2.079441541679836,0,0,0,0.0006039490586071061,True,True negative,0.4993960509413929
R021_C091,2024,1.9459101490553128,0,0,0,0.0002477300319792436,True,True negative,0.49975226996802075
R021_C092,2024,2.995732273553991,0,0,0,0.21519187873111192,True,True negative,0.2848081212688881
R021_C093,2024,3.610917912644224,1,0,1,0.9455594271188087,False,False positive,0.4455594271188087
R021_C094,2024,1.791759469228055,0,0,0,8.852897499702268e-05,True,True negative,0.499911471025003
R021_C095,2024,0.0,0,0,0,5.64791947838045e-10,True,True negative,0.49999999943520806
R021_C096,2024,2.19722457733622,0,0,0,0.0013249536430650108,True,True negative,0.498675046356935
R021_C097,2024,0.6931471805599453,0,0,0,5.7767006900864226e-08,True,True negative,0.4999999422329931
R021_C098,2024,1.9459101490553128,0,0,0,0.0002477300319792436,True,True negative,0.49975226996802075
R021_C099,2024,0.6931471805599453,0,0,0,5.7767006900864226e-08,True,True negative,0.4999999422329931
R021_C100,2024,1.0986122886681096,0,0,0,8.65629632656729e-07,True,True negative,0.49999913437036736
R021_C101,2024,2.302585092994046,0,0,0,0.002673672923127726,True,True negative,0.4973263270768723
R021_C102,2024,2.8903717578961645,0,0,0,0.11948288041963083,True,True negative,0.38051711958036916
R021_C103,2024,2.4849066497880004,0,0,0,0.008974292080567959,True,True negative,0.49102570791943206
R021_C104,2024,1.791759469228055,0,0,0,8.852897499702268e-05,True,True negative,0.499911471025003
R021_C105,2024,1.6094379124341005,0,0,0,2.621007218088068e-05,True,True negative,0.4999737899278191
R021_C106,2024,1.6094379124341005,0,0,0,2.621007218088068e-05,True,True negative,0.4999737899278191
R021_C107,2024,0.0,0,0,0,5.64791947838045e-10,True,True negative,0.49999999943520806
R021_C108,2024,0.0,0,0,0,5.64791947838045e-10,True,True negative,0.49999999943520806
R022_C031,2024,0.0,0,0,0,5.64791947838045e-10,True,True negative,0.49999999943520806
R022_C032,2024,1.0986122886681096,0,0,0,8.65629632656729e-07,True,True negative,0.49999913437036736
R022_C033,2024,1.3862943611198906,0,0,0,5.9083840806754096e-06,True,True negative,0.49999409161591934
R022_C034,2024,1.0986122886681096,0,0,0,8.65629632656729e-07,True,True negative,0.49999913437036736
R022_C035,2024,1.791759469228055,0,0,0,8.852897499702268e-05,True,True negative,0.499911471025003
R022_C036,2024,2.302585092994046,0,0,0,0.002673672923127726,True,True negative,0.4973263270768723
R022_C037,2024,1.6094379124341005,0,0,0,2.621007218088068e-05,True,True negative,0.4999737899278191
R022_C038,2024,1.0986122886681096,0,0,0,8.65629632656729e-07,True,True negative,0.49999913437036736
R022_C039,2024,1.0986122886681096,0,0,0,8.65629632656729e-07,True,True negative,0.49999913437036736
R022_C040,2024,1.0986122886681096,0,0,0,8.65629632656729e-07,True,True negative,0.49999913437036736
R022_C041,2024,0.6931471805599453,0,0,0,5.7767006900864226e-08,True,True negative,0.4999999422329931
R022_C042,2024,0.6931471805599453,0,0,0,5.7767006900864226e-08,True,True negative,0.4999999422329931
R022_C043,2024,1.3862943611198906,0,0,0,5.9083840806754096e-06,True,True negative,0.49999409161591934
R022_C044,2024,0.6931471805599453,0,0,0,5.7767006900864226e-08,True,True negative,0.4999999422329931
R022_C045,2024,1.0986122886681096,0,0,0,8.65629632656729e-07,True,True negative,0.49999913437036736
R022_C046,2024,0.6931471805599453,0,0,0,5.7767006900864226e-08,True,True negative,0.4999999422329931
R022_C048,2024,0.0,0,0,0,5.64791947838045e-10,True,True negative,0.49999999943520806
R022_C049,2024,2.302585092994046,0,0,0,0.002673672923127726,True,True negative,0.4973263270768723
R022_C050,2024,2.3978952727983707,0,0,0,0.005039993971908603,True,True negative,0.49496000602809137
R022_C051,2024,3.58351893845611,1,1,1,0.9353384081017577,True,True positive,0.4353384081017577
R022_C052,2024,2.5649493574615367,0,0,0,0.015217410607103852,True,True negative,0.48478258939289615
R022_C053,2024,1.0986122886681096,0,0,0,8.65629632656729e-07,True,True negative,0.49999913437036736
R022_C054,2024,0.0,0,0,0,5.64791947838045e-10,True,True negative,0.49999999943520806
R022_C055,2024,0.0,0,0,0,5.64791947838045e-10,True,True negative,0.49999999943520806
R022_C056,2024,1.0986122886681096,0,0,0,8.65629632656729e-07,True,True negative,0.49999913437036736
R022_C057,2024,1.791759469228055,0,0,0,8.852897499702268e-05,True,True negative,0.499911471025003
R022_C058,2024,2.079441541679836,0,0,0,0.0006039490586071061,True,True negative,0.4993960509413929
R022_C059,2024,1.3862943611198906,0,0,0,5.9083840806754096e-06,True,True negative,0.49999409161591934
R022_C060,2024,1.0986122886681096,0,0,0,8.65629632656729e-07,True,True negative,0.49999913437036736
R022_C061,2024,1.0986122886681096,0,0,0,8.65629632656729e-07,True,True negative,0.49999913437036736
R022_C062,2024,0.0,0,0,0,5.64791947838045e-10,True,True negative,0.49999999943520806
R022_C063,2024,1.9459101490553128,0,0,0,0.0002477300319792436,True,True negative,0.49975226996802075
R022_C064,2024,2.995732273553991,0,0,0,0.21519187873111192,True,True negative,0.2848081212688881
R022_C065,2024,1.6094379124341005,0,0,0,2.621007218088068e-05,True,True negative,0.4999737899278191
R022_C067,2024,0.0,0,0,0,5.64791947838045e-10,True,True negative,0.49999999943520806
R022_C068,2024,0.0,0,0,0,5.64791947838045e-10,True,True negative,0.49999999943520806
R022_C069,2024,1.0986122886681096,0,0,0,8.65629632656729e-07,True,True negative,0.49999913437036736
R022_C070,2024,2.19722457733622,0,0,0,0.0013249536430650108,True,True negative,0.498675046356935
R022_C071,2024,2.4849066497880004,0,0,0,0.008974292080567959,True,True negative,0.49102570791943206
R022_C072,2024,1.0986122886681096,0,0,0,8.65629632656729e-07,True,True negative,0.49999913437036736
R022_C073,2024,1.9459101490553128,0,0,0,0.0002477300319792436,True,True negative,0.49975226996802075
R022_C074,2024,2.995732273553991,0,0,0,0.21519187873111192,True,True negative,0.2848081212688881
R022_C075,2024,2.995732273553991,0,0,0,0.21519187873111192,True,True negative,0.2848081212688881
R022_C076,2024,3.218875824868201,0,0,1,0.5488146483718718,False,False positive,0.04881464837187177
R022_C077,2024,2.302585092994046,0,0,0,0.002673672923127726,True,True negative,0.4973263270768723
R022_C078,2024,2.19722457733622,0,0,0,0.0013249536430650108,True,True negative,0.498675046356935
R022_C079,2024,1.3862943611198906,0,0,0,5.9083840806754096e-06,True,True negative,0.49999409161591934
R022_C080,2024,0.6931471805599453,0,0,0,5.7767006900864226e-08,True,True negative,0.4999999422329931
R022_C081,2024,3.1354942159291497,0,0,0,0.41076471668164616,True,True negative,0.08923528331835384
R022_C082,2024,2.079441541679836,0,0,0,0.0006039490586071061,True,True negative,0.4993960509413929
R022_C083,2024,2.19722457733622,0,0,0,0.0013249536430650108,True,True negative,0.498675046356935
R022_C084,2024,2.772588722239781,0,0,0,0.058211331684448954,True,True negative,0.441788668315551
R022_C085,2024,1.791759469228055,0,0,0,8.852897499702268e-05,True,True negative,0.499911471025003
R022_C086,2024,2.079441541679836,0,0,0,0.0006039490586071061,True,True negative,0.4993960509413929
R022_C087,2024,1.791759469228055,0,0,0,8.852897499702268e-05,True,True negative,0.499911471025003
R022_C088,2024,2.3978952727983707,0,0,0,0.005039993971908603,True,True negative,0.49496000602809137
R022_C089,2024,1.6094379124341005,0,0,0,2.621007218088068e-05,True,True negative,0.4999737899278191
R022_C090,2024,2.995732273553991,0,0,0,0.21519187873111192,True,True negative,0.2848081212688881
R022_C091,2024,2.772588722239781,0,0,0,0.058211331684448954,True,True negative,0.441788668315551
R022_C092,2024,2.772588722239781,0,0,0,0.058211331684448954,True,True negative,0.441788668315551
R022_C093,2024,3.970291913552122,1,1,1,0.9948005288631603,True,True positive,0.4948005288631603
R022_C094,2024,2.70805020110221,0,0,0,0.038620547826229264,True,True negative,0.46137945217377074
R022_C095,2024,2.4849066497880004,0,0,0,0.008974292080567959,True,True negative,0.49102570791943206
R022_C096,2024,3.4657359027997265,0,0,1,0.8634228435842332,False,False positive,0.36342284358423316
R022_C097,2024,2.19722457733622,0,0,0,0.0013249536430650108,True,True negative,0.498675046356935
R022_C098,2024,3.258096538021482,0,0,1,0.612476721689788,False,False positive,0.11247672168978795
R022_C099,2024,0.6931471805599453,0,0,0,5.7767006900864226e-08,True,True negative,0.4999999422329931
R022_C100,2024,1.0986122886681096,0,0,0,8.65629632656729e-07,True,True negative,0.49999913437036736
R022_C101,2024,2.302585092994046,0,0,0,0.002673672923127726,True,True negative,0.4973263270768723
R022_C102,2024,2.079441541679836,0,0,0,0.0006039490586071061,True,True negative,0.4993960509413929
R022_C103,2024,0.6931471805599453,0,0,0,5.7767006900864226e-08,True,True negative,0.4999999422329931
R022_C104,2024,1.0986122886681096,0,0,0,8.65629632656729e-07,True,True negative,0.49999913437036736
R022_C105,2024,2.639057329615259,0,0,0,0.024717696654622916,True,True negative,0.4752823033453771
R022_C106,2024,1.0986122886681096,0,0,0,8.65629632656729e-07,True,True negative,0.49999913437036736
R022_C107,2024,1.3862943611198906,0,0,0,5.9083840806754096e-06,True,True negative,0.49999409161591934
R022_C108,2024,2.302585092994046,0,0,0,0.002673672923127726,True,True negative,0.4973263270768723
R023_C032,2024,0.0,0,0,0,5.64791947838045e-10,True,True negative,0.49999999943520806
R023_C035,2024,2.9444389791664403,0,0,0,0.1629605820634127,True,True negative,0.3370394179365873
R023_C036,2024,2.8903717578961645,0,0,0,0.11948288041963083,True,True negative,0.38051711958036916
R023_C037,2024,1.791759469228055,0,0,0,8.852897499702268e-05,True,True negative,0.499911471025003
R023_C038,2024,1.0986122886681096,0,0,0,8.65629632656729e-07,True,True negative,0.49999913437036736
R023_C039,2024,0.0,0,0,0,5.64791947838045e-10,True,True negative,0.49999999943520806
R023_C040,2024,1.0986122886681096,0,0,0,8.65629632656729e-07,True,True negative,0.49999913437036736
R023_C041,2024,2.639057329615259,0,0,0,0.024717696654622916,True,True negative,0.4752823033453771
R023_C042,2024,0.0,0,0,0,5.64791947838045e-10,True,True negative,0.49999999943520806
R023_C043,2024,0.0,0,0,0,5.64791947838045e-10,True,True negative,0.49999999943520806
R023_C044,2024,0.0,0,0,0,5.64791947838045e-10,True,True negative,0.49999999943520806
R023_C045,2024,1.0986122886681096,0,0,0,8.65629632656729e-07,True,True negative,0.49999913437036736
R023_C047,2024,0.0,0,0,0,5.64791947838045e-10,True,True negative,0.49999999943520806
R023_C048,2024,1.0986122886681096,0,0,0,8.65629632656729e-07,True,True negative,0.49999913437036736
R023_C049,2024,1.3862943611198906,0,0,0,5.9083840806754096e-06,True,True negative,0.49999409161591934
R023_C050,2024,2.19722457733622,0,0,0,0.0013249536430650108,True,True negative,0.498675046356935
R023_C051,2024,3.58351893845611,1,0,1,0.9353384081017577,False,False positive,0.4353384081017577
R023_C052,2024,2.4849066497880004,0,0,0,0.008974292080567959,True,True negative,0.49102570791943206
R023_C053,2024,1.0986122886681096,0,0,0,8.65629632656729e-07,True,True negative,0.49999913437036736
R023_C054,2024,0.6931471805599453,0,0,0,5.7767006900864226e-08,True,True negative,0.4999999422329931
R023_C055,2024,1.791759469228055,0,0,0,8.852897499702268e-05,True,True negative,0.499911471025003
R023_C056,2024,1.791759469228055,0,0,0,8.852897499702268e-05,True,True negative,0.499911471025003
R023_C057,2024,2.19722457733622,0,0,0,0.0013249536430650108,True,True negative,0.498675046356935
R023_C058,2024,1.9459101490553128,0,0,0,0.0002477300319792436,True,True negative,0.49975226996802075
R023_C059,2024,2.079441541679836,0,0,0,0.0006039490586071061,True,True negative,0.4993960509413929
R023_C060,2024,1.791759469228055,0,0,0,8.852897499702268e-05,True,True negative,0.499911471025003
R023_C061,2024,2.079441541679836,0,0,0,0.0006039490586071061,True,True negative,0.4993960509413929
R023_C062,2024,1.6094379124341005,0,0,0,2.621007218088068e-05,True,True negative,0.4999737899278191
R023_C063,2024,2.19722457733622,0,0,0,0.0013249536430650108,True,True negative,0.498675046356935
R023_C064,2024,1.6094379124341005,0,0,0,2.621007218088068e-05,True,True negative,0.4999737899278191
R023_C065,2024,1.0986122886681096,0,0,0,8.65629632656729e-07,True,True negative,0.49999913437036736
R023_C066,2024,0.6931471805599453,0,0,0,5.7767006900864226e-08,True,True negative,0.4999999422329931
R023_C067,2024,1.0986122886681096,0,0,0,8.65629632656729e-07,True,True negative,0.49999913437036736
R023_C068,2024,1.3862943611198906,0,0,0,5.9083840806754096e-06,True,True negative,0.49999409161591934
R023_C069,2024,3.4011973816621555,0,0,1,0.8042593123851965,False,False positive,0.30425931238519655
R023_C070,2024,2.772588722239781,0,0,0,0.058211331684448954,True,True negative,0.441788668315551
R023_C071,2024,1.6094379124341005,0,0,0,2.621007218088068e-05,True,True negative,0.4999737899278191
R023_C072,2024,0.0,0,0,0,5.64791947838045e-10,True,True negative,0.49999999943520806
R023_C073,2024,1.6094379124341005,0,0,0,2.621007218088068e-05,True,True negative,0.4999737899278191
R023_C074,2024,0.0,0,0,0,5.64791947838045e-10,True,True negative,0.49999999943520806
R023_C075,2024,1.3862943611198906,0,0,0,5.9083840806754096e-06,True,True negative,0.49999409161591934
R023_C076,2024,3.8918202981106265,1,1,1,0.9912514373761554,True,True positive,0.4912514373761554
R023_C077,2024,2.5649493574615367,0,0,0,0.015217410607103852,True,True negative,0.48478258939289615
R023_C078,2024,1.791759469228055,0,0,0,8.852897499702268e-05,True,True negative,0.499911471025003
R023_C079,2024,1.0986122886681096,0,0,0,8.65629632656729e-07,True,True negative,0.49999913437036736
R023_C080,2024,1.6094379124341005,0,0,0,2.621007218088068e-05,True,True negative,0.4999737899278191
R023_C081,2024,1.0986122886681096,0,0,0,8.65629632656729e-07,True,True negative,0.49999913437036736
R023_C082,2024,2.70805020110221,0,0,0,0.038620547826229264,True,True negative,0.46137945217377074
R023_C083,2024,1.0986122886681096,0,0,0,8.65629632656729e-07,True,True negative,0.49999913437036736
R023_C084,2024,1.0986122886681096,0,0,0,8.65629632656729e-07,True,True negative,0.49999913437036736
R023_C085,2024,0.6931471805599453,0,0,0,5.7767006900864226e-08,True,True negative,0.4999999422329931
R023_C086,2024,1.0986122886681096,0,0,0,8.65629632656729e-07,True,True negative,0.49999913437036736
R023_C087,2024,1.3862943611198906,0,0,0,5.9083840806754096e-06,True,True negative,0.49999409161591934
R023_C088,2024,2.302585092994046,0,0,0,0.002673672923127726,True,True negative,0.4973263270768723
R023_C089,2024,1.0986122886681096,0,0,0,8.65629632656729e-07,True,True negative,0.49999913437036736
R023_C090,2024,3.1354942159291497,0,0,0,0.41076471668164616,True,True negative,0.08923528331835384
R023_C091,2024,1.791759469228055,0,0,0,8.852897499702268e-05,True,True negative,0.499911471025003
R023_C092,2024,2.5649493574615367,0,0,0,0.015217410607103852,True,True negative,0.48478258939289615
R023_C093,2024,3.58351893845611,1,0,1,0.9353384081017577,False,False positive,0.4353384081017577
R023_C094,2024,1.6094379124341005,0,0,0,2.621007218088068e-05,True,True negative,0.4999737899278191
R023_C095,2024,2.079441541679836,0,0,0,0.0006039490586071061,True,True negative,0.4993960509413929
R023_C096,2024,2.3978952727983707,0,0,0,0.005039993971908603,True,True negative,0.49496000602809137
R023_C097,2024,2.19722457733622,0,0,0,0.0013249536430650108,True,True negative,0.498675046356935
R023_C098,2024,2.70805020110221,0,0,0,0.038620547826229264,True,True negative,0.46137945217377074
R023_C099,2024,1.0986122886681096,0,0,0,8.65629632656729e-07,True,True negative,0.49999913437036736
R023_C100,2024,1.0986122886681096,0,0,0,8.65629632656729e-07,True,True negative,0.49999913437036736
R023_C101,2024,2.19722457733622,0,0,0,0.0013249536430650108,True,True negative,0.498675046356935
R023_C102,2024,2.19722457733622,0,0,0,0.0013249536430650108,True,True negative,0.498675046356935
R023_C103,2024,2.5649493574615367,0,0,0,0.015217410607103852,True,True negative,0.48478258939289615
R023_C104,2024,1.0986122886681096,0,0,0,8.65629632656729e-07,True,True negative,0.49999913437036736
R023_C105,2024,1.0986122886681096,0,0,0,8.65629632656729e-07,True,True negative,0.49999913437036736
R023_C106,2024,0.0,0,0,0,5.64791947838045e-10,True,True negative,0.49999999943520806
R023_C107,2024,2.19722457733622,0,0,0,0.0013249536430650108,True,True negative,0.498675046356935
R023_C108,2024,2.4849066497880004,0,0,0,0.008974292080567959,True,True negative,0.49102570791943206
R023_C109,2024,0.6931471805599453,0,0,0,5.7767006900864226e-08,True,True negative,0.4999999422329931
R024_C036,2024,0.6931471805599453,0,0,0,5.7767006900864226e-08,True,True negative,0.4999999422329931
R024_C037,2024,2.302585092994046,0,0,0,0.002673672923127726,True,True negative,0.4973263270768723
R024_C038,2024,3.5263605246161616,0,1,1,0.9045442124169463,True,True positive,0.40454421241694627
R024_C039,2024,1.3862943611198906,0,0,0,5.9083840806754096e-06,True,True negative,0.49999409161591934
R024_C040,2024,1.791759469228055,0,0,0,8.852897499702268e-05,True,True negative,0.499911471025003
R024_C041,2024,1.0986122886681096,0,0,0,8.65629632656729e-07,True,True negative,0.49999913437036736
R024_C043,2024,0.0,0,0,0,5.64791947838045e-10,True,True negative,0.49999999943520806
R024_C044,2024,0.6931471805599453,0,0,0,5.7767006900864226e-08,True,True negative,0.4999999422329931
R024_C045,2024,0.0,0,0,0,5.64791947838045e-10,True,True negative,0.49999999943520806
R024_C047,2024,0.6931471805599453,0,0,0,5.7767006900864226e-08,True,True negative,0.4999999422329931
R024_C048,2024,0.6931471805599453,0,0,0,5.7767006900864226e-08,True,True negative,0.4999999422329931
R024_C049,2024,0.0,0,0,0,5.64791947838045e-10,True,True negative,0.49999999943520806
R024_C050,2024,1.3862943611198906,0,0,0,5.9083840806754096e-06,True,True negative,0.49999409161591934
R024_C051,2024,1.0986122886681096,0,0,0,8.65629632656729e-07,True,True negative,0.49999913437036736
R024_C052,2024,2.19722457733622,0,0,0,0.0013249536430650108,True,True negative,0.498675046356935
R024_C053,2024,2.19722457733622,0,0,0,0.0013249536430650108,True,True negative,0.498675046356935
R024_C054,2024,1.9459101490553128,0,0,0,0.0002477300319792436,True,True negative,0.49975226996802075
R024_C055,2024,1.0986122886681096,0,0,0,8.65629632656729e-07,True,True negative,0.49999913437036736
R024_C056,2024,1.0986122886681096,0,0,0,8.65629632656729e-07,True,True negative,0.49999913437036736
R024_C057,2024,1.791759469228055,0,0,0,8.852897499702268e-05,True,True negative,0.499911471025003
R024_C058,2024,1.0986122886681096,0,0,0,8.65629632656729e-07,True,True negative,0.49999913437036736
R024_C059,2024,1.6094379124341005,0,0,0,2.621007218088068e-05,True,True negative,0.4999737899278191
R024_C060,2024,1.6094379124341005,0,0,0,2.621007218088068e-05,True,True negative,0.4999737899278191
R024_C061,2024,0.6931471805599453,0,0,0,5.7767006900864226e-08,True,True negative,0.4999999422329931
R024_C062,2024,1.791759469228055,0,0,0,8.852897499702268e-05,True,True negative,0.499911471025003
R024_C063,2024,1.791759469228055,0,0,0,8.852897499702268e-05,True,True negative,0.499911471025003
R024_C064,2024,2.3978952727983707,0,0,0,0.005039993971908603,True,True negative,0.49496000602809137
R024_C065,2024,1.791759469228055,0,0,0,8.852897499702268e-05,True,True negative,0.499911471025003
R024_C066,2024,1.0986122886681096,0,0,0,8.65629632656729e-07,True,True negative,0.49999913437036736
R024_C067,2024,1.3862943611198906,0,0,0,5.9083840806754096e-06,True,True negative,0.49999409161591934
R024_C068,2024,1.9459101490553128,0,0,0,0.0002477300319792436,True,True negative,0.49975226996802075
R024_C069,2024,3.951243718581428,1,1,1,0.9940995708741333,True,True positive,0.49409957087413325
R024_C070,2024,2.70805020110221,0,0,0,0.038620547826229264,True,True negative,0.46137945217377074
R024_C071,2024,1.9459101490553128,0,0,0,0.0002477300319792436,True,True negative,0.49975226996802075
R024_C072,2024,0.6931471805599453,0,0,0,5.7767006900864226e-08,True,True negative,0.4999999422329931
R024_C073,2024,1.0986122886681096,0,0,0,8.65629632656729e-07,True,True negative,0.49999913437036736
R024_C074,2024,1.3862943611198906,0,0,0,5.9083840806754096e-06,True,True negative,0.49999409161591934
R024_C075,2024,1.0986122886681096,0,0,0,8.65629632656729e-07,True,True negative,0.49999913437036736
R024_C076,2024,4.02535169073515,1,1,1,0.9963941502682053,True,True positive,0.4963941502682053
R024_C077,2024,1.3862943611198906,0,0,0,5.9083840806754096e-06,True,True negative,0.49999409161591934
R024_C078,2024,2.3978952727983707,0,0,0,0.005039993971908603,True,True negative,0.49496000602809137
R024_C079,2024,1.0986122886681096,0,0,0,8.65629632656729e-07,True,True negative,0.49999913437036736
R024_C080,2024,2.3978952727983707,0,0,0,0.005039993971908603,True,True negative,0.49496000602809137
R024_C081,2024,1.3862943611198906,0,0,0,5.9083840806754096e-06,True,True negative,0.49999409161591934
R024_C082,2024,2.70805020110221,0,0,0,0.038620547826229264,True,True negative,0.46137945217377074
R024_C083,2024,2.9444389791664403,0,0,0,0.1629605820634127,True,True negative,0.3370394179365873
R024_C084,2024,3.091042453358316,0,0,0,0.3412830017619351,True,True negative,0.1587169982380649
R024_C085,2024,2.3978952727983707,0,0,0,0.005039993971908603,True,True negative,0.49496000602809137
R024_C086,2024,1.3862943611198906,0,0,0,5.9083840806754096e-06,True,True negative,0.49999409161591934
R024_C087,2024,2.302585092994046,0,0,0,0.002673672923127726,True,True negative,0.4973263270768723
R024_C088,2024,1.6094379124341005,0,0,0,2.621007218088068e-05,True,True negative,0.4999737899278191
R024_C089,2024,2.70805020110221,0,0,0,0.038620547826229264,True,True negative,0.46137945217377074
R024_C090,2024,4.290459441148391,1,1,1,0.9993839376963842,True,True positive,0.49938393769638423
R024_C091,2024,2.70805020110221,0,0,0,0.038620547826229264,True,True negative,0.46137945217377074
R024_C092,2024,3.688879454113936,1,1,1,0.9669193992068,True,True positive,0.46691939920680003
R024_C093,2024,2.3978952727983707,0,0,0,0.005039993971908603,True,True negative,0.49496000602809137
R024_C094,2024,1.9459101490553128,0,0,0,0.0002477300319792436,True,True negative,0.49975226996802075
R024_C095,2024,2.079441541679836,0,0,0,0.0006039490586071061,True,True negative,0.4993960509413929
R024_C096,2024,2.19722457733622,0,0,0,0.0013249536430650108,True,True negative,0.498675046356935
R024_C097,2024,3.1780538303479458,0,0,0,0.4808442013353714,True,True negative,0.019155798664628576
R024_C098,2024,1.791759469228055,0,0,0,8.852897499702268e-05,True,True negative,0.499911471025003
R024_C099,2024,1.791759469228055,0,0,0,8.852897499702268e-05,True,True negative,0.499911471025003
R024_C100,2024,2.4849066497880004,0,0,0,0.008974292080567959,True,True negative,0.49102570791943206
R024_C101,2024,2.302585092994046,0,0,0,0.002673672923127726,True,True negative,0.4973263270768723
R024_C102,2024,2.5649493574615367,0,0,0,0.015217410607103852,True,True negative,0.48478258939289615
R024_C103,2024,1.6094379124341005,0,0,0,2.621007218088068e-05,True,True negative,0.4999737899278191
R024_C104,2024,2.639057329615259,0,0,0,0.024717696654622916,True,True negative,0.4752823033453771
R024_C105,2024,2.19722457733622,0,0,0,0.0013249536430650108,True,True negative,0.498675046356935
R024_C106,2024,1.6094379124341005,0,0,0,2.621007218088068e-05,True,True negative,0.4999737899278191
R024_C107,2024,1.3862943611198906,0,0,0,5.9083840806754096e-06,True,True negative,0.49999409161591934
R024_C108,2024,1.0986122886681096,0,0,0,8.65629632656729e-07,True,True negative,0.49999913437036736
R024_C109,2024,2.8903717578961645,0,0,0,0.11948288041963083,True,True negative,0.38051711958036916
R024_C110,2024,2.639057329615259,0,0,0,0.024717696654622916,True,True negative,0.4752823033453771
R025_C035,2024,0.6931471805599453,0,0,0,5.7767006900864226e-08,True,True negative,0.4999999422329931
R025_C036,2024,2.079441541679836,0,0,0,0.0006039490586071061,True,True negative,0.4993960509413929
R025_C037,2024,1.6094379124341005,0,0,0,2.621007218088068e-05,True,True negative,0.4999737899278191
R025_C038,2024,2.079441541679836,0,0,0,0.0006039490586071061,True,True negative,0.4993960509413929
R025_C039,2024,1.0986122886681096,0,0,0,8.65629632656729e-07,True,True negative,0.49999913437036736
R025_C040,2024,0.6931471805599453,0,0,0,5.7767006900864226e-08,True,True negative,0.4999999422329931
R025_C041,2024,0.0,0,0,0,5.64791947838045e-10,True,True negative,0.49999999943520806
R025_C042,2024,0.0,0,0,0,5.64791947838045e-10,True,True negative,0.49999999943520806
R025_C043,2024,0.6931471805599453,0,0,0,5.7767006900864226e-08,True,True negative,0.4999999422329931
R025_C044,2024,1.0986122886681096,0,0,0,8.65629632656729e-07,True,True negative,0.49999913437036736
R025_C045,2024,1.0986122886681096,0,0,0,8.65629632656729e-07,True,True negative,0.49999913437036736
R025_C046,2024,0.0,0,0,0,5.64791947838045e-10,True,True negative,0.49999999943520806
R025_C047,2024,0.0,0,0,0,5.64791947838045e-10,True,True negative,0.49999999943520806
R025_C048,2024,0.6931471805599453,0,0,0,5.7767006900864226e-08,True,True negative,0.4999999422329931
R025_C049,2024,0.6931471805599453,0,0,0,5.7767006900864226e-08,True,True negative,0.4999999422329931
R025_C050,2024,1.0986122886681096,0,0,0,8.65629632656729e-07,True,True negative,0.49999913437036736
R025_C051,2024,1.3862943611198906,0,0,0,5.9083840806754096e-06,True,True negative,0.49999409161591934
R025_C052,2024,3.258096538021482,0,0,1,0.612476721689788,False,False positive,0.11247672168978795
R025_C053,2024,3.737669618283368,1,1,1,0.9758943929827445,True,True positive,0.4758943929827445
R025_C054,2024,1.0986122886681096,0,0,0,8.65629632656729e-07,True,True negative,0.49999913437036736
R025_C055,2024,1.3862943611198906,0,0,0,5.9083840806754096e-06,True,True negative,0.49999409161591934
R025_C056,2024,3.610917912644224,1,0,1,0.9455594271188087,False,False positive,0.4455594271188087
R025_C057,2024,2.639057329615259,0,0,0,0.024717696654622916,True,True negative,0.4752823033453771
R025_C058,2024,0.0,0,0,0,5.64791947838045e-10,True,True negative,0.49999999943520806
R025_C059,2024,2.079441541679836,0,0,0,0.0006039490586071061,True,True negative,0.4993960509413929
R025_C060,2024,0.6931471805599453,0,0,0,5.7767006900864226e-08,True,True negative,0.4999999422329931
R025_C061,2024,1.791759469228055,0,0,0,8.852897499702268e-05,True,True negative,0.499911471025003
R025_C062,2024,1.791759469228055,0,0,0,8.852897499702268e-05,True,True negative,0.499911471025003
R025_C063,2024,0.6931471805599453,0,0,0,5.7767006900864226e-08,True,True negative,0.4999999422329931
R025_C064,2024,1.791759469228055,0,0,0,8.852897499702268e-05,True,True negative,0.499911471025003
R025_C066,2024,1.3862943611198906,0,0,0,5.9083840806754096e-06,True,True negative,0.49999409161591934
R025_C067,2024,1.0986122886681096,0,0,0,8.65629632656729e-07,True,True negative,0.49999913437036736
R025_C068,2024,1.9459101490553128,0,0,0,0.0002477300319792436,True,True negative,0.49975226996802075
R025_C069,2024,1.3862943611198906,0,0,0,5.9083840806754096e-06,True,True negative,0.49999409161591934
R025_C070,2024,1.9459101490553128,0,0,0,0.0002477300319792436,True,True negative,0.49975226996802075
R025_C071,2024,0.6931471805599453,0,0,0,5.7767006900864226e-08,True,True negative,0.4999999422329931
R025_C072,2024,1.6094379124341005,0,0,0,2.621007218088068e-05,True,True negative,0.4999737899278191
R025_C073,2024,1.9459101490553128,0,0,0,0.0002477300319792436,True,True negative,0.49975226996802075
R025_C074,2024,1.791759469228055,0,0,0,8.852897499702268e-05,True,True negative,0.499911471025003
R025_C075,2024,1.0986122886681096,0,0,0,8.65629632656729e-07,True,True negative,0.49999913437036736
R025_C076,2024,1.6094379124341005,0,0,0,2.621007218088068e-05,True,True negative,0.4999737899278191
R025_C077,2024,2.3978952727983707,0,0,0,0.005039993971908603,True,True negative,0.49496000602809137
R025_C078,2024,1.0986122886681096,0,0,0,8.65629632656729e-07,True,True negative,0.49999913437036736
R025_C079,2024,0.6931471805599453,0,0,0,5.7767006900864226e-08,True,True negative,0.4999999422329931
R025_C080,2024,1.6094379124341005,0,0,0,2.621007218088068e-05,True,True negative,0.4999737899278191
R025_C081,2024,3.1354942159291497,0,0,0,0.41076471668164616,True,True negative,0.08923528331835384
R025_C082,2024,2.639057329615259,0,0,0,0.024717696654622916,True,True negative,0.4752823033453771
R025_C083,2024,2.3978952727983707,0,0,0,0.005039993971908603,True,True negative,0.49496000602809137
R025_C084,2024,2.70805020110221,0,0,0,0.038620547826229264,True,True negative,0.46137945217377074
R025_C085,2024,2.4849066497880004,0,0,0,0.008974292080567959,True,True negative,0.49102570791943206
R025_C086,2024,1.6094379124341005,0,0,0,2.621007218088068e-05,True,True negative,0.4999737899278191
R025_C087,2024,2.9444389791664403,0,0,0,0.1629605820634127,True,True negative,0.3370394179365873
R025_C088,2024,2.3978952727983707,0,0,0,0.005039993971908603,True,True negative,0.49496000602809137
R025_C089,2024,2.079441541679836,0,0,0,0.0006039490586071061,True,True negative,0.4993960509413929
R025_C090,2024,2.19722457733622,0,0,0,0.0013249536430650108,True,True negative,0.498675046356935
R025_C091,2024,2.5649493574615367,0,0,0,0.015217410607103852,True,True negative,0.48478258939289615
R025_C092,2024,5.293304824724492,1,1,1,0.9999992377005156,True,True positive,0.4999992377005156
R025_C093,2024,3.295836866004329,0,1,1,0.6703357251318038,True,True positive,0.17033572513180384
R025_C094,2024,3.6635616461296463,1,1,1,0.9610645615635566,True,True positive,0.4610645615635566
R025_C095,2024,2.302585092994046,0,0,0,0.002673672923127726,True,True negative,0.4973263270768723
R025_C096,2024,2.302585092994046,0,0,0,0.002673672923127726,True,True negative,0.4973263270768723
R025_C097,2024,2.4849066497880004,0,0,0,0.008974292080567959,True,True negative,0.49102570791943206
R025_C098,2024,4.174387269895637,1,1,1,0.9986638207787858,True,True positive,0.4986638207787858
R025_C099,2024,2.302585092994046,0,0,0,0.002673672923127726,True,True negative,0.4973263270768723
R025_C100,2024,3.1780538303479458,0,0,0,0.4808442013353714,True,True negative,0.019155798664628576
R025_C101,2024,2.19722457733622,0,0,0,0.0013249536430650108,True,True negative,0.498675046356935
R025_C102,2024,2.772588722239781,0,0,0,0.058211331684448954,True,True negative,0.441788668315551
R025_C103,2024,2.302585092994046,0,0,0,0.002673672923127726,True,True negative,0.4973263270768723
R025_C104,2024,1.791759469228055,0,0,0,8.852897499702268e-05,True,True negative,0.499911471025003
R025_C105,2024,2.19722457733622,0,0,0,0.0013249536430650108,True,True negative,0.498675046356935
R025_C106,2024,2.5649493574615367,0,0,0,0.015217410607103852,True,True negative,0.48478258939289615
R025_C107,2024,2.639057329615259,0,0,0,0.024717696654622916,True,True negative,0.4752823033453771
R025_C108,2024,2.19722457733622,0,0,0,0.0013249536430650108,True,True negative,0.498675046356935
R025_C109,2024,2.639057329615259,0,0,0,0.024717696654622916,True,True negative,0.4752823033453771
R025_C110,2024,2.9444389791664403,0,0,0,0.1629605820634127,True,True negative,0.3370394179365873
R025_C111,2024,4.736198448394496,1,1,1,0.9999685622686127,True,True positive,0.49996856226861275
R025_C112,2024,1.0986122886681096,0,0,0,8.65629632656729e-07,True,True negative,0.49999913437036736
R025_C113,2024,1.0986122886681096,0,0,0,8.65629632656729e-07,True,True negative,0.49999913437036736
R026_C035,2024,0.0,0,0,0,5.64791947838045e-10,True,True negative,0.49999999943520806
R026_C036,2024,1.6094379124341005,0,0,0,2.621007218088068e-05,True,True negative,0.4999737899278191
R026_C037,2024,2.19722457733622,0,0,0,0.0013249536430650108,True,True negative,0.498675046356935
R026_C038,2024,1.3862943611198906,0,0,0,5.9083840806754096e-06,True,True negative,0.49999409161591934
R026_C039,2024,1.3862943611198906,0,0,0,5.9083840806754096e-06,True,True negative,0.49999409161591934
R026_C040,2024,0.6931471805599453,0,0,0,5.7767006900864226e-08,True,True negative,0.4999999422329931
R026_C041,2024,0.6931471805599453,0,0,0,5.7767006900864226e-08,True,True negative,0.4999999422329931
R026_C042,2024,0.0,0,0,0,5.64791947838045e-10,True,True negative,0.49999999943520806
R026_C043,2024,0.6931471805599453,0,0,0,5.7767006900864226e-08,True,True negative,0.4999999422329931
R026_C046,2024,1.0986122886681096,0,0,0,8.65629632656729e-07,True,True negative,0.49999913437036736
R026_C047,2024,0.6931471805599453,0,0,0,5.7767006900864226e-08,True,True negative,0.4999999422329931
R026_C048,2024,1.791759469228055,0,0,0,8.852897499702268e-05,True,True negative,0.499911471025003
R026_C049,2024,0.6931471805599453,0,0,0,5.7767006900864226e-08,True,True negative,0.4999999422329931
R026_C050,2024,1.3862943611198906,0,0,0,5.9083840806754096e-06,True,True negative,0.49999409161591934
R026_C051,2024,1.3862943611198906,0,0,0,5.9083840806754096e-06,True,True negative,0.49999409161591934
R026_C052,2024,1.3862943611198906,0,0,0,5.9083840806754096e-06,True,True negative,0.49999409161591934
R026_C053,2024,2.639057329615259,0,0,0,0.024717696654622916,True,True negative,0.4752823033453771
R026_C054,2024,0.6931471805599453,0,0,0,5.7767006900864226e-08,True,True negative,0.4999999422329931
R026_C055,2024,0.0,0,0,0,5.64791947838045e-10,True,True negative,0.49999999943520806
R026_C056,2024,0.0,0,0,0,5.64791947838045e-10,True,True negative,0.49999999943520806
R026_C057,2024,1.9459101490553128,0,0,0,0.0002477300319792436,True,True negative,0.49975226996802075
R026_C058,2024,0.6931471805599453,0,0,0,5.7767006900864226e-08,True,True negative,0.4999999422329931
R026_C059,2024,2.772588722239781,0,0,0,0.058211331684448954,True,True negative,0.441788668315551
R026_C060,2024,0.6931471805599453,0,0,0,5.7767006900864226e-08,True,True negative,0.4999999422329931
R026_C061,2024,1.6094379124341005,0,0,0,2.621007218088068e-05,True,True negative,0.4999737899278191
R026_C062,2024,0.0,0,0,0,5.64791947838045e-10,True,True negative,0.49999999943520806
R026_C063,2024,1.0986122886681096,0,0,0,8.65629632656729e-07,True,True negative,0.49999913437036736
R026_C064,2024,2.833213344056216,0,0,0,0.08479219087228605,True,True negative,0.41520780912771393
R026_C065,2024,1.791759469228055,0,0,0,8.852897499702268e-05,True,True negative,0.499911471025003
R026_C066,2024,1.0986122886681096,0,0,0,8.65629632656729e-07,True,True negative,0.49999913437036736
R026_C067,2024,1.6094379124341005,0,0,0,2.621007218088068e-05,True,True negative,0.4999737899278191
R026_C068,2024,2.833213344056216,0,0,0,0.08479219087228605,True,True negative,0.41520780912771393
R026_C069,2024,2.4849066497880004,0,0,0,0.008974292080567959,True,True negative,0.49102570791943206
R026_C070,2024,3.044522437723423,0,0,0,0.27524593511421913,True,True negative,0.22475406488578087
R026_C071,2024,1.9459101490553128,0,0,0,0.0002477300319792436,True,True negative,0.49975226996802075
R026_C072,2024,1.791759469228055,0,0,0,8.852897499702268e-05,True,True negative,0.499911471025003
R026_C073,2024,1.6094379124341005,0,0,0,2.621007218088068e-05,True,True negative,0.4999737899278191
R026_C074,2024,2.639057329615259,0,0,0,0.024717696654622916,True,True negative,0.4752823033453771
R026_C075,2024,1.9459101490553128,0,0,0,0.0002477300319792436,True,True negative,0.49975226996802075
R026_C076,2024,1.9459101490553128,0,0,0,0.0002477300319792436,True,True negative,0.49975226996802075
R026_C077,2024,1.6094379124341005,0,0,0,2.621007218088068e-05,True,True negative,0.4999737899278191
R026_C078,2024,1.791759469228055,0,0,0,8.852897499702268e-05,True,True negative,0.499911471025003
R026_C079,2024,0.6931471805599453,0,0,0,5.7767006900864226e-08,True,True negative,0.4999999422329931
R026_C080,2024,2.079441541679836,0,0,0,0.0006039490586071061,True,True negative,0.4993960509413929
R026_C081,2024,2.3978952727983707,0,0,0,0.005039993971908603,True,True negative,0.49496000602809137
R026_C082,2024,2.639057329615259,0,0,0,0.024717696654622916,True,True negative,0.4752823033453771
R026_C083,2024,2.8903717578961645,0,0,0,0.11948288041963083,True,True negative,0.38051711958036916
R026_C084,2024,1.9459101490553128,0,0,0,0.0002477300319792436,True,True negative,0.49975226996802075
R026_C085,2024,3.1780538303479458,0,0,0,0.4808442013353714,True,True negative,0.019155798664628576
R026_C086,2024,3.332204510175204,0,0,1,0.7216193143239186,False,False positive,0.22161931432391857
R026_C087,2024,2.639057329615259,0,0,0,0.024717696654622916,True,True negative,0.4752823033453771
R026_C088,2024,1.791759469228055,0,0,0,8.852897499702268e-05,True,True negative,0.499911471025003
R026_C089,2024,2.19722457733622,0,0,0,0.0013249536430650108,True,True negative,0.498675046356935
R026_C090,2024,2.70805020110221,0,0,0,0.038620547826229264,True,True negative,0.46137945217377074
R026_C091,2024,2.833213344056216,0,0,0,0.08479219087228605,True,True negative,0.41520780912771393
R026_C092,2024,3.8918202981106265,1,1,1,0.9912514373761554,True,True positive,0.4912514373761554
R026_C093,2024,3.1354942159291497,0,0,0,0.41076471668164616,True,True negative,0.08923528331835384
R026_C094,2024,3.258096538021482,0,0,1,0.612476721689788,False,False positive,0.11247672168978795
R026_C095,2024,2.079441541679836,0,0,0,0.0006039490586071061,True,True negative,0.4993960509413929
R026_C096,2024,1.6094379124341005,0,0,0,2.621007218088068e-05,True,True negative,0.4999737899278191
R026_C097,2024,1.6094379124341005,0,0,0,2.621007218088068e-05,True,True negative,0.4999737899278191
R026_C098,2024,3.8918202981106265,1,0,1,0.9912514373761554,False,False positive,0.4912514373761554
R026_C099,2024,3.6375861597263857,1,0,1,0.9540303661236091,False,False positive,0.45403036612360914
R026_C100,2024,2.9444389791664403,0,0,0,0.1629605820634127,True,True negative,0.3370394179365873
R026_C101,2024,1.9459101490553128,0,0,0,0.0002477300319792436,True,True negative,0.49975226996802075
R026_C102,2024,2.19722457733622,0,0,0,0.0013249536430650108,True,True negative,0.498675046356935
R026_C103,2024,3.1354942159291497,0,0,0,0.41076471668164616,True,True negative,0.08923528331835384
R026_C104,2024,1.9459101490553128,0,0,0,0.0002477300319792436,True,True negative,0.49975226996802075
R026_C105,2024,1.6094379124341005,0,0,0,2.621007218088068e-05,True,True negative,0.4999737899278191
R026_C106,2024,3.58351893845611,1,1,1,0.9353384081017577,True,True positive,0.4353384081017577
R026_C107,2024,4.836281906951478,1,1,1,0.9999838837403441,True,True positive,0.4999838837403441
R026_C108,2024,1.6094379124341005,0,0,0,2.621007218088068e-05,True,True negative,0.4999737899278191
R026_C109,2024,1.3862943611198906,0,0,0,5.9083840806754096e-06,True,True negative,0.49999409161591934
R026_C110,2024,1.6094379124341005,0,0,0,2.621007218088068e-05,True,True negative,0.4999737899278191
R026_C111,2024,2.19722457733622,0,0,0,0.0013249536430650108,True,True negative,0.498675046356935
R026_C112,2024,2.772588722239781,0,0,0,0.058211331684448954,True,True negative,0.441788668315551
R026_C113,2024,4.418840607796598,1,1,1,0.9997384616292055,True,True positive,0.49973846162920554
R026_C114,2024,0.6931471805599453,0,0,0,5.7767006900864226e-08,True,True negative,0.4999999422329931
R027_C036,2024,0.0,0,0,0,5.64791947838045e-10,True,True negative,0.49999999943520806
R027_C037,2024,1.791759469228055,0,0,0,8.852897499702268e-05,True,True negative,0.499911471025003
R027_C038,2024,2.19722457733622,0,0,0,0.0013249536430650108,True,True negative,0.498675046356935
R027_C039,2024,0.0,0,0,0,5.64791947838045e-10,True,True negative,0.49999999943520806
R027_C040,2024,0.0,0,0,0,5.64791947838045e-10,True,True negative,0.49999999943520806
R027_C041,2024,0.6931471805599453,0,0,0,5.7767006900864226e-08,True,True negative,0.4999999422329931
R027_C042,2024,0.6931471805599453,0,0,0,5.7767006900864226e-08,True,True negative,0.4999999422329931
R027_C043,2024,0.0,0,0,0,5.64791947838045e-10,True,True negative,0.49999999943520806
R027_C044,2024,0.0,0,0,0,5.64791947838045e-10,True,True negative,0.49999999943520806
R027_C045,2024,0.6931471805599453,0,0,0,5.7767006900864226e-08,True,True negative,0.4999999422329931
R027_C046,2024,1.9459101490553128,0,0,0,0.0002477300319792436,True,True negative,0.49975226996802075
R027_C053,2024,3.6635616461296463,1,0,1,0.9610645615635566,False,False positive,0.4610645615635566
R027_C054,2024,1.0986122886681096,0,0,0,8.65629632656729e-07,True,True negative,0.49999913437036736
R027_C055,2024,1.3862943611198906,0,0,0,5.9083840806754096e-06,True,True negative,0.49999409161591934
R027_C056,2024,0.0,0,0,0,5.64791947838045e-10,True,True negative,0.49999999943520806
R027_C057,2024,1.791759469228055,0,0,0,8.852897499702268e-05,True,True negative,0.499911471025003
R027_C058,2024,1.3862943611198906,0,0,0,5.9083840806754096e-06,True,True negative,0.49999409161591934
R027_C059,2024,2.19722457733622,0,0,0,0.0013249536430650108,True,True negative,0.498675046356935
R027_C060,2024,1.0986122886681096,0,0,0,8.65629632656729e-07,True,True negative,0.49999913437036736
R027_C061,2024,1.791759469228055,0,0,0,8.852897499702268e-05,True,True negative,0.499911471025003
R027_C062,2024,3.610917912644224,1,1,1,0.9455594271188087,True,True positive,0.4455594271188087
R027_C063,2024,2.079441541679836,0,0,0,0.0006039490586071061,True,True negative,0.4993960509413929
R027_C064,2024,2.639057329615259,0,0,0,0.024717696654622916,True,True negative,0.4752823033453771
R027_C067,2024,2.079441541679836,0,0,0,0.0006039490586071061,True,True negative,0.4993960509413929
R027_C069,2024,1.3862943611198906,0,0,0,5.9083840806754096e-06,True,True negative,0.49999409161591934
R027_C070,2024,1.791759469228055,0,0,0,8.852897499702268e-05,True,True negative,0.499911471025003
R027_C071,2024,2.5649493574615367,0,0,0,0.015217410607103852,True,True negative,0.48478258939289615
R027_C072,2024,1.3862943611198906,0,0,0,5.9083840806754096e-06,True,True negative,0.49999409161591934
R027_C073,2024,3.1354942159291497,0,0,0,0.41076471668164616,True,True negative,0.08923528331835384
R027_C074,2024,3.49650756146648,0,1,1,0.8858928614393123,True,True positive,0.38589286143931234
R027_C075,2024,2.079441541679836,0,0,0,0.0006039490586071061,True,True negative,0.4993960509413929
R027_C076,2024,2.19722457733622,0,0,0,0.0013249536430650108,True,True negative,0.498675046356935
R027_C077,2024,2.079441541679836,0,0,0,0.0006039490586071061,True,True negative,0.4993960509413929
R027_C078,2024,2.5649493574615367,0,0,0,0.015217410607103852,True,True negative,0.48478258939289615
R027_C079,2024,2.9444389791664403,0,0,0,0.1629605820634127,True,True negative,0.3370394179365873
R027_C080,2024,0.6931471805599453,0,0,0,5.7767006900864226e-08,True,True negative,0.4999999422329931
R027_C081,2024,1.0986122886681096,0,0,0,8.65629632656729e-07,True,True negative,0.49999913437036736
R027_C082,2024,0.6931471805599453,0,0,0,5.7767006900864226e-08,True,True negative,0.4999999422329931
R027_C083,2024,3.951243718581428,1,0,1,0.9940995708741333,False,False positive,0.49409957087413325
R027_C084,2024,3.912023005428146,1,1,1,0.9923468837478088,True,True positive,0.4923468837478088
R027_C085,2024,3.091042453358316,0,0,0,0.3412830017619351,True,True negative,0.1587169982380649
R027_C086,2024,4.330733340286331,1,1,1,0.9995291171185748,True,True positive,0.49952911711857484
R027_C087,2024,2.8903717578961645,0,0,0,0.11948288041963083,True,True negative,0.38051711958036916
R027_C088,2024,2.639057329615259,0,0,0,0.024717696654622916,True,True negative,0.4752823033453771
R027_C089,2024,2.079441541679836,0,0,0,0.0006039490586071061,True,True negative,0.4993960509413929
R027_C090,2024,3.49650756146648,0,0,1,0.8858928614393123,False,False positive,0.38589286143931234
R027_C091,2024,2.19722457733622,0,0,0,0.0013249536430650108,True,True negative,0.498675046356935
R027_C092,2024,4.07753744390572,1,1,1,0.997452259779216,True,True positive,0.49745225977921603
R027_C093,2024,2.3978952727983707,0,0,0,0.005039993971908603,True,True negative,0.49496000602809137
R027_C094,2024,2.5649493574615367,0,0,0,0.015217410607103852,True,True negative,0.48478258939289615
R027_C095,2024,2.70805020110221,0,0,0,0.038620547826229264,True,True negative,0.46137945217377074
R027_C096,2024,2.3978952727983707,0,0,0,0.005039993971908603,True,True negative,0.49496000602809137
R027_C097,2024,1.791759469228055,0,0,0,8.852897499702268e-05,True,True negative,0.499911471025003
R027_C098,2024,3.7612001156935615,1,1,1,0.9793264211280307,True,True positive,0.4793264211280307
R027_C099,2024,2.3978952727983707,0,0,0,0.005039993971908603,True,True negative,0.49496000602809137
R027_C100,2024,3.091042453358316,0,0,0,0.3412830017619351,True,True negative,0.1587169982380649
R027_C101,2024,1.9459101490553128,0,0,0,0.0002477300319792436,True,True negative,0.49975226996802075
R027_C102,2024,1.791759469228055,0,0,0,8.852897499702268e-05,True,True negative,0.499911471025003
R027_C103,2024,1.9459101490553128,0,0,0,0.0002477300319792436,True,True negative,0.49975226996802075
R027_C104,2024,1.0986122886681096,0,0,0,8.65629632656729e-07,True,True negative,0.49999913437036736
R027_C105,2024,2.302585092994046,0,0,0,0.002673672923127726,True,True negative,0.4973263270768723
R027_C106,2024,1.9459101490553128,0,0,0,0.0002477300319792436,True,True negative,0.49975226996802075
R027_C107,2024,2.079441541679836,0,0,0,0.0006039490586071061,True,True negative,0.4993960509413929
R027_C108,2024,1.3862943611198906,0,0,0,5.9083840806754096e-06,True,True negative,0.49999409161591934
R027_C109,2024,1.3862943611198906,0,0,0,5.9083840806754096e-06,True,True negative,0.49999409161591934
R027_C110,2024,0.6931471805599453,0,0,0,5.7767006900864226e-08,True,True negative,0.4999999422329931
R027_C111,2024,2.4849066497880004,0,0,0,0.008974292080567959,True,True negative,0.49102570791943206
R027_C112,2024,2.302585092994046,0,0,0,0.002673672923127726,True,True negative,0.4973263270768723
R027_C113,2024,2.302585092994046,0,0,0,0.002673672923127726,True,True negative,0.4973263270768723
R027_C114,2024,2.302585092994046,0,0,0,0.002673672923127726,True,True negative,0.4973263270768723
R028_C052,2024,0.0,0,0,0,5.64791947838045e-10,True,True negative,0.49999999943520806
R028_C053,2024,2.079441541679836,0,0,0,0.0006039490586071061,True,True negative,0.4993960509413929
R028_C054,2024,2.079441541679836,0,0,0,0.0006039490586071061,True,True negative,0.4993960509413929
R028_C055,2024,2.19722457733622,0,0,0,0.0013249536430650108,True,True negative,0.498675046356935
R028_C056,2024,2.19722457733622,0,0,0,0.0013249536430650108,True,True negative,0.498675046356935
R028_C057,2024,1.9459101490553128,0,0,0,0.0002477300319792436,True,True negative,0.49975226996802075
R028_C058,2024,1.0986122886681096,0,0,0,8.65629632656729e-07,True,True negative,0.49999913437036736
R028_C059,2024,1.9459101490553128,0,0,0,0.0002477300319792436,True,True negative,0.49975226996802075
R028_C060,2024,2.3978952727983707,0,0,0,0.005039993971908603,True,True negative,0.49496000602809137
R028_C061,2024,2.3978952727983707,0,0,0,0.005039993971908603,True,True negative,0.49496000602809137
R028_C062,2024,1.6094379124341005,0,0,0,2.621007218088068e-05,True,True negative,0.4999737899278191
R028_C063,2024,2.4849066497880004,0,0,0,0.008974292080567959,True,True negative,0.49102570791943206
R028_C064,2024,3.258096538021482,0,0,1,0.612476721689788,False,False positive,0.11247672168978795
R028_C065,2024,2.079441541679836,0,0,0,0.0006039490586071061,True,True negative,0.4993960509413929
R028_C066,2024,1.791759469228055,0,0,0,8.852897499702268e-05,True,True negative,0.499911471025003
R028_C067,2024,1.3862943611198906,0,0,0,5.9083840806754096e-06,True,True negative,0.49999409161591934
R028_C069,2024,1.3862943611198906,0,0,0,5.9083840806754096e-06,True,True negative,0.49999409161591934
R028_C070,2024,1.3862943611198906,0,0,0,5.9083840806754096e-06,True,True negative,0.49999409161591934
R028_C071,2024,1.0986122886681096,0,0,0,8.65629632656729e-07,True,True negative,0.49999913437036736
R028_C072,2024,2.079441541679836,0,0,0,0.0006039490586071061,True,True negative,0.4993960509413929
R028_C073,2024,0.6931471805599453,0,0,0,5.7767006900864226e-08,True,True negative,0.4999999422329931
R028_C074,2024,2.079441541679836,0,0,0,0.0006039490586071061,True,True negative,0.4993960509413929
R028_C075,2024,0.0,0,0,0,5.64791947838045e-10,True,True negative,0.49999999943520806
R028_C076,2024,1.791759469228055,0,0,0,8.852897499702268e-05,True,True negative,0.499911471025003
R028_C077,2024,0.6931471805599453,0,0,0,5.7767006900864226e-08,True,True negative,0.4999999422329931
R028_C078,2024,2.302585092994046,0,0,0,0.002673672923127726,True,True negative,0.4973263270768723
R028_C079,2024,4.709530201312334,1,1,1,0.9999624358514506,True,True positive,0.4999624358514506
R028_C080,2024,3.218875824868201,0,0,1,0.5488146483718718,False,False positive,0.04881464837187177
R028_C081,2024,3.1780538303479458,0,0,0,0.4808442013353714,True,True negative,0.019155798664628576
R028_C082,2024,2.4849066497880004,0,0,0,0.008974292080567959,True,True negative,0.49102570791943206
R028_C083,2024,3.367295829986474,0,1,1,0.7661666921380098,True,True positive,0.2661666921380098
R028_C084,2024,4.262679877041316,1,1,1,0.9992584893215176,True,True positive,0.4992584893215176
R028_C085,2024,1.9459101490553128,0,0,0,0.0002477300319792436,True,True negative,0.49975226996802075
R028_C086,2024,4.276666119016055,1,1,1,0.9993245506522902,True,True positive,0.4993245506522902
R028_C087,2024,4.060443010546419,1,1,1,0.9971451257742328,True,True positive,0.49714512577423275
R028_C088,2024,2.4849066497880004,0,0,0,0.008974292080567959,True,True negative,0.49102570791943206
R028_C089,2024,3.091042453358316,0,0,0,0.3412830017619351,True,True negative,0.1587169982380649
R028_C090,2024,3.367295829986474,0,0,1,0.7661666921380098,False,False positive,0.2661666921380098
R028_C091,2024,3.6635616461296463,1,0,1,0.9610645615635566,False,False positive,0.4610645615635566
R028_C092,2024,4.564348191467836,1,1,1,0.9999009842158614,True,True positive,0.4999009842158614
R028_C093,2024,3.4657359027997265,0,0,1,0.8634228435842332,False,False positive,0.36342284358423316
R028_C094,2024,3.6375861597263857,1,1,1,0.9540303661236091,True,True positive,0.45403036612360914
R028_C095,2024,3.332204510175204,0,0,1,0.7216193143239186,False,False positive,0.22161931432391857
R028_C096,2024,2.302585092994046,0,0,0,0.002673672923127726,True,True negative,0.4973263270768723
R028_C097,2024,3.218875824868201,0,0,1,0.5488146483718718,False,False positive,0.04881464837187177
R028_C098,2024,1.791759469228055,0,0,0,8.852897499702268e-05,True,True negative,0.499911471025003
R028_C099,2024,2.079441541679836,0,0,0,0.0006039490586071061,True,True negative,0.4993960509413929
R028_C100,2024,2.772588722239781,0,0,0,0.058211331684448954,True,True negative,0.441788668315551
R028_C101,2024,3.091042453358316,0,0,0,0.3412830017619351,True,True negative,0.1587169982380649
R028_C102,2024,4.110873864173311,1,1,1,0.9979595944507355,True,True positive,0.49795959445073545
R028_C103,2024,3.4339872044851463,0,0,1,0.8364500535624654,False,False positive,0.3364500535624654
R028_C104,2024,3.1354942159291497,0,0,0,0.41076471668164616,True,True negative,0.08923528331835384
R028_C105,2024,2.19722457733622,0,0,0,0.0013249536430650108,True,True negative,0.498675046356935
R028_C106,2024,1.0986122886681096,0,0,0,8.65629632656729e-07,True,True negative,0.49999913437036736
R028_C107,2024,2.19722457733622,0,0,0,0.0013249536430650108,True,True negative,0.498675046356935
R028_C108,2024,2.19722457733622,0,0,0,0.0013249536430650108,True,True negative,0.498675046356935
R028_C109,2024,2.079441541679836,0,0,0,0.0006039490586071061,True,True negative,0.4993960509413929
R028_C110,2024,2.19722457733622,0,0,0,0.0013249536430650108,True,True negative,0.498675046356935
R028_C111,2024,2.772588722239781,0,0,0,0.058211331684448954,True,True negative,0.441788668315551
R028_C112,2024,1.3862943611198906,0,0,0,5.9083840806754096e-06,True,True negative,0.49999409161591934
R028_C113,2024,2.639057329615259,0,0,0,0.024717696654622916,True,True negative,0.4752823033453771
R028_C114,2024,3.6635616461296463,1,1,1,0.9610645615635566,True,True positive,0.4610645615635566
R029_C052,2024,0.6931471805599453,0,0,0,5.7767006900864226e-08,True,True negative,0.4999999422329931
R029_C053,2024,3.044522437723423,0,0,0,0.27524593511421913,True,True negative,0.22475406488578087
R029_C054,2024,2.4849066497880004,0,0,0,0.008974292080567959,True,True negative,0.49102570791943206
R029_C055,2024,2.4849066497880004,0,0,0,0.008974292080567959,True,True negative,0.49102570791943206
R029_C056,2024,1.791759469228055,0,0,0,8.852897499702268e-05,True,True negative,0.499911471025003
R029_C057,2024,0.6931471805599453,0,0,0,5.7767006900864226e-08,True,True negative,0.4999999422329931
R029_C058,2024,0.6931471805599453,0,0,0,5.7767006900864226e-08,True,True negative,0.4999999422329931
R029_C059,2024,0.6931471805599453,0,0,0,5.7767006900864226e-08,True,True negative,0.4999999422329931
R029_C060,2024,1.6094379124341005,0,0,0,2.621007218088068e-05,True,True negative,0.4999737899278191
R029_C061,2024,1.0986122886681096,0,0,0,8.65629632656729e-07,True,True negative,0.49999913437036736
R029_C062,2024,1.6094379124341005,0,0,0,2.621007218088068e-05,True,True negative,0.4999737899278191
R029_C063,2024,3.091042453358316,0,0,0,0.3412830017619351,True,True negative,0.1587169982380649
R029_C064,2024,4.060443010546419,1,1,1,0.9971451257742328,True,True positive,0.49714512577423275
R029_C065,2024,1.791759469228055,0,0,0,8.852897499702268e-05,True,True negative,0.499911471025003
R029_C066,2024,1.9459101490553128,0,0,0,0.0002477300319792436,True,True negative,0.49975226996802075
R029_C067,2024,0.6931471805599453,0,0,0,5.7767006900864226e-08,True,True negative,0.4999999422329931
R029_C068,2024,1.3862943611198906,0,0,0,5.9083840806754096e-06,True,True negative,0.49999409161591934
R029_C069,2024,1.791759469228055,0,0,0,8.852897499702268e-05,True,True negative,0.499911471025003
R029_C070,2024,0.6931471805599453,0,0,0,5.7767006900864226e-08,True,True negative,0.4999999422329931
R029_C071,2024,0.6931471805599453,0,0,0,5.7767006900864226e-08,True,True negative,0.4999999422329931
R029_C072,2024,0.0,0,0,0,5.64791947838045e-10,True,True negative,0.49999999943520806
R029_C073,2024,0.6931471805599453,0,0,0,5.7767006900864226e-08,True,True negative,0.4999999422329931
R029_C074,2024,0.6931471805599453,0,0,0,5.7767006900864226e-08,True,True negative,0.4999999422329931
R029_C075,2024,0.6931471805599453,0,0,0,5.7767006900864226e-08,True,True negative,0.4999999422329931
R029_C076,2024,1.0986122886681096,0,0,0,8.65629632656729e-07,True,True negative,0.49999913437036736
R029_C077,2024,1.6094379124341005,0,0,0,2.621007218088068e-05,True,True negative,0.4999737899278191
R029_C078,2024,1.6094379124341005,0,0,0,2.621007218088068e-05,True,True negative,0.4999737899278191
R029_C079,2024,1.9459101490553128,0,0,0,0.0002477300319792436,True,True negative,0.49975226996802075
R029_C080,2024,2.5649493574615367,0,0,0,0.015217410607103852,True,True negative,0.48478258939289615
R029_C081,2024,2.079441541679836,0,0,0,0.0006039490586071061,True,True negative,0.4993960509413929
R029_C082,2024,3.1780538303479458,0,0,0,0.4808442013353714,True,True negative,0.019155798664628576
R029_C083,2024,3.4657359027997265,0,0,1,0.8634228435842332,False,False positive,0.36342284358423316
R029_C084,2024,4.736198448394496,1,1,1,0.9999685622686127,True,True positive,0.49996856226861275
R029_C085,2024,2.639057329615259,0,0,0,0.024717696654622916,True,True negative,0.4752823033453771
R029_C086,2024,4.330733340286331,1,1,1,0.9995291171185748,True,True positive,0.49952911711857484
R029_C087,2024,4.394449154672439,1,1,1,0.9996922211753309,True,True positive,0.49969222117533085
R029_C088,2024,4.060443010546419,1,1,1,0.9971451257742328,True,True positive,0.49714512577423275
R029_C089,2024,3.6375861597263857,1,0,1,0.9540303661236091,False,False positive,0.45403036612360914
R029_C090,2024,4.700480365792417,1,1,1,0.9999600963450134,True,True positive,0.49996009634501337
R029_C091,2024,3.9889840465642745,1,1,1,0.9954077445379951,True,True positive,0.4954077445379951
R029_C092,2024,3.80666248977032,1,1,1,0.9846554694251088,True,True positive,0.48465546942510884
R029_C093,2024,4.04305126783455,1,1,1,0.9967947494132563,True,True positive,0.4967947494132563
R029_C094,2024,3.218875824868201,0,0,1,0.5488146483718718,False,False positive,0.04881464837187177
R029_C095,2024,2.8903717578961645,0,0,0,0.11948288041963083,True,True negative,0.38051711958036916
R029_C096,2024,2.995732273553991,0,0,0,0.21519187873111192,True,True negative,0.2848081212688881
R029_C097,2024,3.912023005428146,1,1,1,0.9923468837478088,True,True positive,0.4923468837478088
R029_C098,2024,2.70805020110221,0,0,0,0.038620547826229264,True,True negative,0.46137945217377074
R029_C099,2024,3.332204510175204,0,0,1,0.7216193143239186,False,False positive,0.22161931432391857
R029_C100,2024,3.784189633918261,1,1,1,0.9822157075581223,True,True positive,0.48221570755812226
R029_C101,2024,4.02535169073515,1,1,1,0.9963941502682053,True,True positive,0.4963941502682053
R029_C102,2024,4.700480365792417,1,1,1,0.9999600963450134,True,True positive,0.49996009634501337
R029_C103,2024,2.70805020110221,0,0,0,0.038620547826229264,True,True negative,0.46137945217377074
R029_C104,2024,0.6931471805599453,0,0,0,5.7767006900864226e-08,True,True negative,0.4999999422329931
R029_C105,2024,2.4849066497880004,0,0,0,0.008974292080567959,True,True negative,0.49102570791943206
R029_C106,2024,2.19722457733622,0,0,0,0.0013249536430650108,True,True negative,0.498675046356935
R029_C107,2024,3.1780538303479458,0,0,0,0.4808442013353714,True,True negative,0.019155798664628576
R029_C108,2024,2.079441541679836,0,0,0,0.0006039490586071061,True,True negative,0.4993960509413929
R029_C109,2024,4.248495242049359,1,1,1,0.9991848941688489,True,True positive,0.4991848941688489
R029_C110,2024,4.07753744390572,1,1,1,0.997452259779216,True,True positive,0.49745225977921603
R029_C111,2024,2.19722457733622,0,0,0,0.0013249536430650108,True,True negative,0.498675046356935
R029_C112,2024,1.3862943611198906,0,0,0,5.9083840806754096e-06,True,True negative,0.49999409161591934
R029_C113,2024,2.4849066497880004,0,0,0,0.008974292080567959,True,True negative,0.49102570791943206
R029_C114,2024,0.0,0,0,0,5.64791947838045e-10,True,True negative,0.49999999943520806
R030_C053,2024,4.007333185232471,1,1,1,0.9959350760058738,True,True positive,0.49593507600587383
R030_C054,2024,3.610917912644224,1,1,1,0.9455594271188087,True,True positive,0.4455594271188087
R030_C055,2024,2.4849066497880004,0,0,0,0.008974292080567959,True,True negative,0.49102570791943206
R030_C056,2024,2.19722457733622,0,0,0,0.0013249536430650108,True,True negative,0.498675046356935
R030_C057,2024,0.6931471805599453,0,0,0,5.7767006900864226e-08,True,True negative,0.4999999422329931
R030_C058,2024,1.6094379124341005,0,0,0,2.621007218088068e-05,True,True negative,0.4999737899278191
R030_C059,2024,1.0986122886681096,0,0,0,8.65629632656729e-07,True,True negative,0.49999913437036736
R030_C060,2024,1.0986122886681096,0,0,0,8.65629632656729e-07,True,True negative,0.49999913437036736
R030_C061,2024,3.1354942159291497,0,1,0,0.41076471668164616,False,False negative,0.08923528331835384
R030_C062,2024,2.302585092994046,0,0,0,0.002673672923127726,True,True negative,0.4973263270768723
R030_C063,2024,2.8903717578961645,0,0,0,0.11948288041963083,True,True negative,0.38051711958036916
R030_C064,2024,2.4849066497880004,0,0,0,0.008974292080567959,True,True negative,0.49102570791943206
R030_C065,2024,3.737669618283368,1,0,1,0.9758943929827445,False,False positive,0.4758943929827445
R030_C066,2024,2.19722457733622,0,0,0,0.0013249536430650108,True,True negative,0.498675046356935
R030_C067,2024,2.772588722239781,0,0,0,0.058211331684448954,True,True negative,0.441788668315551
R030_C068,2024,0.6931471805599453,0,0,0,5.7767006900864226e-08,True,True negative,0.4999999422329931
R030_C069,2024,1.6094379124341005,0,0,0,2.621007218088068e-05,True,True negative,0.4999737899278191
R030_C070,2024,1.3862943611198906,0,0,0,5.9083840806754096e-06,True,True negative,0.49999409161591934
R030_C071,2024,1.9459101490553128,0,0,0,0.0002477300319792436,True,True negative,0.49975226996802075
R030_C072,2024,1.6094379124341005,0,0,0,2.621007218088068e-05,True,True negative,0.4999737899278191
R030_C073,2024,0.6931471805599453,0,0,0,5.7767006900864226e-08,True,True negative,0.4999999422329931
R030_C074,2024,0.6931471805599453,0,0,0,5.7767006900864226e-08,True,True negative,0.4999999422329931
R030_C075,2024,2.079441541679836,0,0,0,0.0006039490586071061,True,True negative,0.4993960509413929
R030_C076,2024,2.079441541679836,0,0,0,0.0006039490586071061,True,True negative,0.4993960509413929
R030_C077,2024,2.3978952727983707,0,0,0,0.005039993971908603,True,True negative,0.49496000602809137
R030_C078,2024,2.3978952727983707,0,0,0,0.005039993971908603,True,True negative,0.49496000602809137
R030_C079,2024,2.3978952727983707,0,0,0,0.005039993971908603,True,True negative,0.49496000602809137
R030_C080,2024,2.079441541679836,0,0,0,0.0006039490586071061,True,True negative,0.4993960509413929
R030_C081,2024,2.4849066497880004,0,0,0,0.008974292080567959,True,True negative,0.49102570791943206
R030_C082,2024,2.772588722239781,0,0,0,0.058211331684448954,True,True negative,0.441788668315551
R030_C083,2024,3.332204510175204,0,0,1,0.7216193143239186,False,False positive,0.22161931432391857
R030_C084,2024,3.6375861597263857,1,1,1,0.9540303661236091,True,True positive,0.45403036612360914
R030_C085,2024,4.189654742026425,1,1,1,0.9987931517302697,True,True positive,0.4987931517302697
R030_C086,2024,3.218875824868201,0,0,1,0.5488146483718718,False,False positive,0.04881464837187177
R030_C087,2024,4.304065093204169,1,1,1,0.999437402158506,True,True positive,0.49943740215850596
R030_C088,2024,4.653960350157523,1,1,1,0.9999455632864424,True,True positive,0.49994556328644235
R030_C089,2024,4.07753744390572,1,1,1,0.997452259779216,True,True positive,0.49745225977921603
R030_C090,2024,3.87120101090789,1,1,1,0.9899732019420209,True,True positive,0.4899732019420209
R030_C091,2024,5.099866427824199,1,1,1,0.9999972266639656,True,True positive,0.4999972266639656
R030_C092,2024,5.298317366548036,1,1,1,0.9999992627891959,True,True positive,0.49999926278919593
R030_C093,2024,5.308267697401205,1,1,1,0.9999993101723981,True,True positive,0.49999931017239807
R030_C094,2024,4.31748811353631,1,1,1,0.9994856026260623,True,True positive,0.49948560262606234
R030_C095,2024,3.091042453358316,0,0,0,0.3412830017619351,True,True negative,0.1587169982380649
R030_C096,2024,3.58351893845611,1,1,1,0.9353384081017577,True,True positive,0.4353384081017577
R030_C097,2024,2.8903717578961645,0,0,0,0.11948288041963083,True,True negative,0.38051711958036916
R030_C098,2024,2.9444389791664403,0,0,0,0.1629605820634127,True,True negative,0.3370394179365873
R030_C099,2024,2.3978952727983707,0,0,0,0.005039993971908603,True,True negative,0.49496000602809137
R030_C100,2024,2.302585092994046,0,0,0,0.002673672923127726,True,True negative,0.4973263270768723
R030_C101,2024,4.060443010546419,1,1,1,0.9971451257742328,True,True positive,0.49714512577423275
R030_C102,2024,3.87120101090789,1,1,1,0.9899732019420209,True,True positive,0.4899732019420209
R030_C103,2024,3.332204510175204,0,1,1,0.7216193143239186,True,True positive,0.22161931432391857
R030_C104,2024,3.912023005428146,1,1,1,0.9923468837478088,True,True positive,0.4923468837478088
R030_C105,2024,4.110873864173311,1,1,1,0.9979595944507355,True,True positive,0.49795959445073545
R030_C106,2024,2.70805020110221,0,0,0,0.038620547826229264,True,True negative,0.46137945217377074
R030_C107,2024,3.367295829986474,0,0,1,0.7661666921380098,False,False positive,0.2661666921380098
R030_C108,2024,1.9459101490553128,0,0,0,0.0002477300319792436,True,True negative,0.49975226996802075
R030_C109,2024,2.5649493574615367,0,0,0,0.015217410607103852,True,True negative,0.48478258939289615
R030_C110,2024,2.772588722239781,0,0,0,0.058211331684448954,True,True negative,0.441788668315551
R030_C111,2024,1.9459101490553128,0,0,0,0.0002477300319792436,True,True negative,0.49975226996802075
R030_C112,2024,1.3862943611198906,0,0,0,5.9083840806754096e-06,True,True negative,0.49999409161591934
R030_C113,2024,2.772588722239781,0,0,0,0.058211331684448954,True,True negative,0.441788668315551
R030_C114,2024,3.218875824868201,0,0,1,0.5488146483718718,False,False positive,0.04881464837187177
R031_C045,2024,0.6931471805599453,0,0,0,5.7767006900864226e-08,True,True negative,0.4999999422329931
R031_C046,2024,0.0,0,0,0,5.64791947838045e-10,True,True negative,0.49999999943520806
R031_C047,2024,0.6931471805599453,0,0,0,5.7767006900864226e-08,True,True negative,0.4999999422329931
R031_C048,2024,2.079441541679836,0,0,0,0.0006039490586071061,True,True negative,0.4993960509413929
R031_C049,2024,3.6375861597263857,1,0,1,0.9540303661236091,False,False positive,0.45403036612360914
R031_C050,2024,0.0,0,0,0,5.64791947838045e-10,True,True negative,0.49999999943520806
R031_C054,2024,0.0,0,0,0,5.64791947838045e-10,True,True negative,0.49999999943520806
R031_C055,2024,2.302585092994046,0,0,0,0.002673672923127726,True,True negative,0.4973263270768723
R031_C056,2024,2.4849066497880004,0,0,0,0.008974292080567959,True,True negative,0.49102570791943206
R031_C057,2024,2.772588722239781,0,0,0,0.058211331684448954,True,True negative,0.441788668315551
R031_C058,2024,4.23410650459726,1,1,1,0.9991027805420002,True,True positive,0.4991027805420002
R031_C059,2024,3.4011973816621555,0,1,1,0.8042593123851965,True,True positive,0.30425931238519655
R031_C060,2024,1.791759469228055,0,0,0,8.852897499702268e-05,True,True negative,0.499911471025003
R031_C061,2024,2.3978952727983707,0,0,0,0.005039993971908603,True,True negative,0.49496000602809137
R031_C062,2024,2.19722457733622,0,0,0,0.0013249536430650108,True,True negative,0.498675046356935
R031_C063,2024,2.639057329615259,0,0,0,0.024717696654622916,True,True negative,0.4752823033453771
R031_C064,2024,1.9459101490553128,0,0,0,0.0002477300319792436,True,True negative,0.49975226996802075
R031_C065,2024,2.3978952727983707,0,0,0,0.005039993971908603,True,True negative,0.49496000602809137
R031_C066,2024,2.302585092994046,0,0,0,0.002673672923127726,True,True negative,0.4973263270768723
R031_C067,2024,0.6931471805599453,0,0,0,5.7767006900864226e-08,True,True negative,0.4999999422329931
R031_C068,2024,1.791759469228055,0,0,0,8.852897499702268e-05,True,True negative,0.499911471025003
R031_C069,2024,1.6094379124341005,0,0,0,2.621007218088068e-05,True,True negative,0.4999737899278191
R031_C070,2024,2.772588722239781,0,0,0,0.058211331684448954,True,True negative,0.441788668315551
R031_C071,2024,2.079441541679836,0,0,0,0.0006039490586071061,True,True negative,0.4993960509413929
R031_C072,2024,0.6931471805599453,0,0,0,5.7767006900864226e-08,True,True negative,0.4999999422329931
R031_C073,2024,1.0986122886681096,0,0,0,8.65629632656729e-07,True,True negative,0.49999913437036736
R031_C074,2024,1.0986122886681096,0,0,0,8.65629632656729e-07,True,True negative,0.49999913437036736
R031_C075,2024,1.6094379124341005,0,0,0,2.621007218088068e-05,True,True negative,0.4999737899278191
R031_C076,2024,3.6635616461296463,1,1,1,0.9610645615635566,True,True positive,0.4610645615635566
R031_C077,2024,2.9444389791664403,0,0,0,0.1629605820634127,True,True negative,0.3370394179365873
R031_C078,2024,1.3862943611198906,0,0,0,5.9083840806754096e-06,True,True negative,0.49999409161591934
R031_C079,2024,2.302585092994046,0,0,0,0.002673672923127726,True,True negative,0.4973263270768723
R031_C080,2024,2.70805020110221,0,0,0,0.038620547826229264,True,True negative,0.46137945217377074
R031_C081,2024,3.688879454113936,1,0,1,0.9669193992068,False,False positive,0.46691939920680003
R031_C082,2024,2.772588722239781,0,0,0,0.058211331684448954,True,True negative,0.441788668315551
R031_C083,2024,3.4657359027997265,0,1,1,0.8634228435842332,True,True positive,0.36342284358423316
R031_C084,2024,4.143134726391533,1,1,1,0.9983543125858839,True,True positive,0.4983543125858839
R031_C085,2024,3.258096538021482,0,0,1,0.612476721689788,False,False positive,0.11247672168978795
R031_C086,2024,3.044522437723423,0,0,0,0.27524593511421913,True,True negative,0.22475406488578087
R031_C087,2024,4.532599493153256,1,1,1,0.9998776088150708,True,True positive,0.4998776088150708
R031_C088,2024,4.174387269895637,1,1,1,0.9986638207787858,True,True positive,0.4986638207787858
R031_C089,2024,4.465908118654584,1,1,1,0.9998089737546981,True,True positive,0.4998089737546981
R031_C090,2024,5.3230099791384085,1,1,1,0.9999993748343423,True,True positive,0.4999993748343423
R031_C091,2024,5.318119993844216,1,1,1,0.9999993540874919,True,True positive,0.49999935408749185
R031_C092,2024,5.796057750765372,1,1,1,0.9999999734303548,True,True positive,0.49999997343035485
R031_C093,2024,6.639875833826536,1,1,1,0.9999999999050004,True,True positive,0.49999999990500044
R031_C094,2024,5.147494476813453,1,1,1,0.9999979820772861,True,True positive,0.4999979820772861
R031_C095,2024,4.990432586778736,1,1,1,0.9999942415396651,True,True positive,0.4999942415396651
R031_C096,2024,4.691347882229144,1,1,1,0.9999575877443809,True,True positive,0.4999575877443809
R031_C097,2024,3.951243718581428,1,1,1,0.9940995708741333,True,True positive,0.49409957087413325
R031_C098,2024,3.367295829986474,0,0,1,0.7661666921380098,False,False positive,0.2661666921380098
R031_C099,2024,3.1354942159291497,0,0,0,0.41076471668164616,True,True negative,0.08923528331835384
R031_C100,2024,2.5649493574615367,0,0,0,0.015217410607103852,True,True negative,0.48478258939289615
R031_C101,2024,4.919980925828125,1,1,1,0.9999907831907097,True,True positive,0.49999078319070966
R031_C102,2024,5.529429087511423,1,1,1,0.9999998424277297,True,True positive,0.49999984242772966
R031_C103,2024,3.58351893845611,1,1,1,0.9353384081017577,True,True positive,0.4353384081017577
R031_C104,2024,2.70805020110221,0,0,0,0.038620547826229264,True,True negative,0.46137945217377074
R031_C105,2024,3.218875824868201,0,0,1,0.5488146483718718,False,False positive,0.04881464837187177
R031_C108,2024,0.0,0,0,0,5.64791947838045e-10,True,True negative,0.49999999943520806
R031_C109,2024,3.6635616461296463,1,0,1,0.9610645615635566,False,False positive,0.4610645615635566
R031_C110,2024,3.8501476017100575,1,1,1,0.9884774055996822,True,True positive,0.4884774055996822
R031_C111,2024,2.3978952727983707,0,0,0,0.005039993971908603,True,True negative,0.49496000602809137
R031_C112,2024,3.1354942159291497,0,0,0,0.41076471668164616,True,True negative,0.08923528331835384
R031_C113,2024,3.688879454113936,1,0,1,0.9669193992068,False,False positive,0.46691939920680003
R031_C114,2024,4.859812404361672,1,1,1,0.9999862266933149,True,True positive,0.49998622669331494
R031_C115,2024,0.0,0,0,0,5.64791947838045e-10,True,True negative,0.49999999943520806
R032_C045,2024,1.0986122886681096,0,0,0,8.65629632656729e-07,True,True negative,0.49999913437036736
R032_C046,2024,0.6931471805599453,0,0,0,5.7767006900864226e-08,True,True negative,0.4999999422329931
R032_C047,2024,1.0986122886681096,0,0,0,8.65629632656729e-07,True,True negative,0.49999913437036736
R032_C048,2024,0.6931471805599453,0,0,0,5.7767006900864226e-08,True,True negative,0.4999999422329931
R032_C049,2024,2.4849066497880004,0,0,0,0.008974292080567959,True,True negative,0.49102570791943206
R032_C050,2024,3.6375861597263857,1,1,1,0.9540303661236091,True,True positive,0.45403036612360914
R032_C051,2024,0.0,0,0,0,5.64791947838045e-10,True,True negative,0.49999999943520806
R032_C054,2024,0.0,0,0,0,5.64791947838045e-10,True,True negative,0.49999999943520806
R032_C055,2024,2.9444389791664403,0,0,0,0.1629605820634127,True,True negative,0.3370394179365873
R032_C056,2024,2.639057329615259,0,0,0,0.024717696654622916,True,True negative,0.4752823033453771
R032_C057,2024,2.772588722239781,0,0,0,0.058211331684448954,True,True negative,0.441788668315551
R032_C058,2024,5.7745515455444085,1,1,1,0.999999969327912,True,True positive,0.499999969327912
R032_C059,2024,5.3706380281276624,1,1,1,0.999999545119947,True,True positive,0.49999954511994704
R032_C060,2024,3.610917912644224,1,0,1,0.9455594271188087,False,False positive,0.4455594271188087
R032_C061,2024,2.302585092994046,0,0,0,0.002673672923127726,True,True negative,0.4973263270768723
R032_C062,2024,1.6094379124341005,0,0,0,2.621007218088068e-05,True,True negative,0.4999737899278191
R032_C063,2024,1.791759469228055,0,0,0,8.852897499702268e-05,True,True negative,0.499911471025003
R032_C064,2024,3.044522437723423,0,0,0,0.27524593511421913,True,True negative,0.22475406488578087
R032_C065,2024,3.5263605246161616,0,0,1,0.9045442124169463,False,False positive,0.40454421241694627
R032_C066,2024,2.5649493574615367,0,0,0,0.015217410607103852,True,True negative,0.48478258939289615
R032_C067,2024,2.5649493574615367,0,0,0,0.015217410607103852,True,True negative,0.48478258939289615
R032_C068,2024,0.0,0,0,0,5.64791947838045e-10,True,True negative,0.49999999943520806
R032_C069,2024,0.0,0,0,0,5.64791947838045e-10,True,True negative,0.49999999943520806
R032_C070,2024,1.9459101490553128,0,0,0,0.0002477300319792436,True,True negative,0.49975226996802075
R032_C071,2024,1.3862943611198906,0,0,0,5.9083840806754096e-06,True,True negative,0.49999409161591934
R032_C072,2024,1.6094379124341005,0,0,0,2.621007218088068e-05,True,True negative,0.4999737899278191
R032_C073,2024,1.3862943611198906,0,0,0,5.9083840806754096e-06,True,True negative,0.49999409161591934
R032_C074,2024,1.3862943611198906,0,0,0,5.9083840806754096e-06,True,True negative,0.49999409161591934
R032_C075,2024,1.6094379124341005,0,0,0,2.621007218088068e-05,True,True negative,0.4999737899278191
R032_C076,2024,2.19722457733622,0,0,0,0.0013249536430650108,True,True negative,0.498675046356935
R032_C077,2024,0.6931471805599453,0,0,0,5.7767006900864226e-08,True,True negative,0.4999999422329931
R032_C078,2024,1.3862943611198906,0,0,0,5.9083840806754096e-06,True,True negative,0.49999409161591934
R032_C079,2024,2.9444389791664403,0,0,0,0.1629605820634127,True,True negative,0.3370394179365873
R032_C080,2024,4.23410650459726,1,1,1,0.9991027805420002,True,True positive,0.4991027805420002
R032_C081,2024,5.278114659230518,1,1,1,0.9999991563356073,True,True positive,0.4999991563356073
R032_C082,2024,3.912023005428146,1,1,1,0.9923468837478088,True,True positive,0.4923468837478088
R032_C083,2024,1.9459101490553128,0,0,0,0.0002477300319792436,True,True negative,0.49975226996802075
R032_C084,2024,2.19722457733622,0,0,0,0.0013249536430650108,True,True negative,0.498675046356935
R032_C085,2024,2.3978952727983707,0,0,0,0.005039993971908603,True,True negative,0.49496000602809137
R032_C086,2024,3.258096538021482,0,0,1,0.612476721689788,False,False positive,0.11247672168978795
R032_C087,2024,4.897839799950911,1,1,1,0.9999893149018907,True,True positive,0.4999893149018907
R032_C088,2024,5.030437921392435,1,1,1,0.9999955912968764,True,True positive,0.49999559129687643
R032_C089,2024,5.236441962829949,1,1,1,0.999998885704811,True,True positive,0.499998885704811
R032_C090,2024,5.030437921392435,1,1,1,0.9999955912968764,True,True positive,0.49999559129687643
R032_C091,2024,5.236441962829949,1,1,1,0.999998885704811,True,True positive,0.499998885704811
R032_C092,2024,6.620073206530356,1,1,1,0.9999999998915725,True,True positive,0.4999999998915725
R032_C093,2024,6.340359303727752,1,1,1,0.9999999992982624,True,True positive,0.49999999929826244
R032_C094,2024,5.998936561946683,1,1,1,0.9999999931429804,True,True positive,0.4999999931429804
R032_C095,2024,5.424950017481403,1,1,1,0.9999996834673841,True,True positive,0.4999996834673841
R032_C096,2024,4.882801922586371,1,1,1,0.9999881864454434,True,True positive,0.4999881864454434
R032_C097,2024,4.941642422609304,1,1,1,0.9999920242178684,True,True positive,0.49999202421786837
R032_C098,2024,4.990432586778736,1,1,1,0.9999942415396651,True,True positive,0.4999942415396651
R032_C099,2024,4.948759890378168,1,1,1,0.9999923943518442,True,True positive,0.49999239435184417
R032_C100,2024,4.158883083359672,1,1,1,0.9985183143658733,True,True positive,0.49851831436587335
R032_C101,2024,3.1780538303479458,0,0,0,0.4808442013353714,True,True negative,0.019155798664628576
R032_C102,2024,3.258096538021482,0,0,1,0.612476721689788,False,False positive,0.11247672168978795
R032_C103,2024,1.6094379124341005,0,0,0,2.621007218088068e-05,True,True negative,0.4999737899278191
R032_C105,2024,4.174387269895637,1,1,1,0.9986638207787858,True,True positive,0.4986638207787858
R032_C106,2024,2.70805020110221,0,0,0,0.038620547826229264,True,True negative,0.46137945217377074
R032_C107,2024,1.6094379124341005,0,0,0,2.621007218088068e-05,True,True negative,0.4999737899278191
R032_C113,2024,2.4849066497880004,0,0,0,0.008974292080567959,True,True negative,0.49102570791943206
R032_C114,2024,3.912023005428146,1,1,1,0.9923468837478088,True,True positive,0.4923468837478088
R033_C043,2024,1.9459101490553128,0,0,0,0.0002477300319792436,True,True negative,0.49975226996802075
R033_C044,2024,1.6094379124341005,0,0,0,2.621007218088068e-05,True,True negative,0.4999737899278191
R033_C045,2024,2.70805020110221,0,0,0,0.038620547826229264,True,True negative,0.46137945217377074
R033_C046,2024,1.6094379124341005,0,0,0,2.621007218088068e-05,True,True negative,0.4999737899278191
R033_C047,2024,1.0986122886681096,0,0,0,8.65629632656729e-07,True,True negative,0.49999913437036736
R033_C048,2024,1.3862943611198906,0,0,0,5.9083840806754096e-06,True,True negative,0.49999409161591934
R033_C049,2024,3.713572066704308,1,1,1,0.9718054089565341,True,True positive,0.4718054089565341
R033_C050,2024,4.927253685157205,1,1,1,0.99999122002441,True,True positive,0.49999122002441
R033_C051,2024,3.4011973816621555,0,0,1,0.8042593123851965,False,False positive,0.30425931238519655
R033_C052,2024,0.0,0,0,0,5.64791947838045e-10,True,True negative,0.49999999943520806
R033_C055,2024,0.6931471805599453,0,0,0,5.7767006900864226e-08,True,True negative,0.4999999422329931
R033_C056,2024,2.3978952727983707,0,0,0,0.005039993971908603,True,True negative,0.49496000602809137
R033_C057,2024,3.58351893845611,1,1,1,0.9353384081017577,True,True positive,0.4353384081017577
R033_C058,2024,4.836281906951478,1,1,1,0.9999838837403441,True,True positive,0.4999838837403441
R033_C059,2024,4.875197323201151,1,1,1,0.9999875711776007,True,True positive,0.49998757117760073
R033_C060,2024,3.713572066704308,1,1,1,0.9718054089565341,True,True positive,0.4718054089565341
R033_C061,2024,1.6094379124341005,0,0,0,2.621007218088068e-05,True,True negative,0.4999737899278191
R033_C062,2024,1.791759469228055,0,0,0,8.852897499702268e-05,True,True negative,0.499911471025003
R033_C063,2024,2.19722457733622,0,0,0,0.0013249536430650108,True,True negative,0.498675046356935
R033_C064,2024,2.19722457733622,0,0,0,0.0013249536430650108,True,True negative,0.498675046356935
R033_C065,2024,2.995732273553991,0,0,0,0.21519187873111192,True,True negative,0.2848081212688881
R033_C066,2024,0.0,0,0,0,5.64791947838045e-10,True,True negative,0.49999999943520806
R033_C067,2024,2.3978952727983707,0,0,0,0.005039993971908603,True,True negative,0.49496000602809137
R033_C068,2024,1.791759469228055,0,0,0,8.852897499702268e-05,True,True negative,0.499911471025003
R033_C069,2024,1.3862943611198906,0,0,0,5.9083840806754096e-06,True,True negative,0.49999409161591934
R033_C070,2024,2.3978952727983707,0,0,0,0.005039993971908603,True,True negative,0.49496000602809137
R033_C071,2024,1.6094379124341005,0,0,0,2.621007218088068e-05,True,True negative,0.4999737899278191
R033_C072,2024,1.791759469228055,0,0,0,8.852897499702268e-05,True,True negative,0.499911471025003
R033_C073,2024,1.3862943611198906,0,0,0,5.9083840806754096e-06,True,True negative,0.49999409161591934
R033_C074,2024,0.0,0,0,0,5.64791947838045e-10,True,True negative,0.49999999943520806
R033_C075,2024,1.6094379124341005,0,0,0,2.621007218088068e-05,True,True negative,0.4999737899278191
R033_C076,2024,1.6094379124341005,0,0,0,2.621007218088068e-05,True,True negative,0.4999737899278191
R033_C077,2024,0.6931471805599453,0,0,0,5.7767006900864226e-08,True,True negative,0.4999999422329931
R033_C078,2024,1.0986122886681096,0,0,0,8.65629632656729e-07,True,True negative,0.49999913437036736
R033_C079,2024,2.3978952727983707,0,0,0,0.005039993971908603,True,True negative,0.49496000602809137
R033_C080,2024,2.302585092994046,0,0,0,0.002673672923127726,True,True negative,0.4973263270768723
R033_C081,2024,2.772588722239781,0,0,0,0.058211331684448954,True,True negative,0.441788668315551
R033_C082,2024,3.044522437723423,0,0,0,0.27524593511421913,True,True negative,0.22475406488578087
R033_C083,2024,0.0,0,0,0,5.64791947838045e-10,True,True negative,0.49999999943520806
R033_C084,2024,3.332204510175204,0,0,1,0.7216193143239186,False,False positive,0.22161931432391857
R033_C085,2024,2.9444389791664403,0,0,0,0.1629605820634127,True,True negative,0.3370394179365873
R033_C086,2024,4.718498871295094,1,1,1,0.9999646190333087,True,True positive,0.4999646190333087
R033_C087,2024,4.454347296253507,1,1,1,0.9997936487171964,True,True positive,0.49979364871719645
R033_C088,2024,5.187385805840755,1,1,1,0.9999984538942909,True,True positive,0.4999984538942909
R033_C089,2024,5.869296913133774,1,1,1,0.999999983706003,True,True positive,0.49999998370600296
R033_C090,2024,5.739792912179234,1,1,1,0.9999999613164295,True,True positive,0.49999996131642954
R033_C091,2024,6.4457198193855785,1,1,1,0.9999999996527198,True,True positive,0.4999999996527198
R033_C092,2024,7.034387929915503,1,1,1,0.9999999999931792,True,True positive,0.49999999999317923
R033_C093,2024,7.135687347028144,1,1,1,0.9999999999965317,True,True positive,0.49999999999653166
R033_C094,2024,6.373319789577012,1,1,1,0.9999999994368745,True,True positive,0.49999999943687445
R033_C095,2024,5.7430031878094825,1,1,1,0.9999999621367136,True,True positive,0.4999999621367136
R033_C096,2024,5.41610040220442,1,1,1,0.9999996642020348,True,True positive,0.4999996642020348
R033_C097,2024,4.5217885770490405,1,1,1,0.9998684494748508,True,True positive,0.49986844947485076
R033_C098,2024,4.663439094112067,1,1,1,0.9999489013322322,True,True positive,0.49994890133223224
R033_C099,2024,4.406719247264253,1,1,1,0.9997164224019289,True,True positive,0.49971642240192893
R033_C100,2024,2.772588722239781,0,0,0,0.058211331684448954,True,True negative,0.441788668315551
R033_C101,2024,1.3862943611198906,0,0,0,5.9083840806754096e-06,True,True negative,0.49999409161591934
R033_C102,2024,1.0986122886681096,0,0,0,8.65629632656729e-07,True,True negative,0.49999913437036736
R033_C103,2024,1.3862943611198906,0,0,0,5.9083840806754096e-06,True,True negative,0.49999409161591934
R033_C104,2024,0.0,0,0,0,5.64791947838045e-10,True,True negative,0.49999999943520806
R033_C105,2024,0.0,0,0,0,5.64791947838045e-10,True,True negative,0.49999999943520806
R034_C042,2024,0.0,0,0,0,5.64791947838045e-10,True,True negative,0.49999999943520806
R034_C043,2024,2.4849066497880004,0,0,0,0.008974292080567959,True,True negative,0.49102570791943206
R034_C044,2024,2.079441541679836,0,0,0,0.0006039490586071061,True,True negative,0.4993960509413929
R034_C045,2024,3.258096538021482,0,0,1,0.612476721689788,False,False positive,0.11247672168978795
R034_C046,2024,2.079441541679836,0,0,0,0.0006039490586071061,True,True negative,0.4993960509413929
R034_C047,2024,2.639057329615259,0,0,0,0.024717696654622916,True,True negative,0.4752823033453771
R034_C048,2024,1.791759469228055,0,0,0,8.852897499702268e-05,True,True negative,0.499911471025003
R034_C049,2024,2.8903717578961645,0,0,0,0.11948288041963083,True,True negative,0.38051711958036916
R034_C050,2024,2.9444389791664403,0,0,0,0.1629605820634127,True,True negative,0.3370394179365873
R034_C051,2024,3.555348061489413,0,1,1,0.9199965296592397,True,True positive,0.4199965296592397
R034_C052,2024,1.3862943611198906,0,0,0,5.9083840806754096e-06,True,True negative,0.49999409161591934
R034_C053,2024,1.0986122886681096,0,0,0,8.65629632656729e-07,True,True negative,0.49999913437036736
R034_C054,2024,0.0,0,0,0,5.64791947838045e-10,True,True negative,0.49999999943520806
R034_C057,2024,1.6094379124341005,0,0,0,2.621007218088068e-05,True,True negative,0.4999737899278191
R034_C058,2024,3.1780538303479458,0,0,0,0.4808442013353714,True,True negative,0.019155798664628576
R034_C059,2024,3.737669618283368,1,1,1,0.9758943929827445,True,True positive,0.4758943929827445
R034_C060,2024,3.091042453358316,0,0,0,0.3412830017619351,True,True negative,0.1587169982380649
R034_C061,2024,3.5263605246161616,0,0,1,0.9045442124169463,False,False positive,0.40454421241694627
R034_C062,2024,1.791759469228055,0,0,0,8.852897499702268e-05,True,True negative,0.499911471025003
R034_C063,2024,1.6094379124341005,0,0,0,2.621007218088068e-05,True,True negative,0.4999737899278191
R034_C064,2024,1.0986122886681096,0,0,0,8.65629632656729e-07,True,True negative,0.49999913437036736
R034_C065,2024,1.0986122886681096,0,0,0,8.65629632656729e-07,True,True negative,0.49999913437036736
R034_C066,2024,1.3862943611198906,0,0,0,5.9083840806754096e-06,True,True negative,0.49999409161591934
R034_C067,2024,2.302585092994046,0,0,0,0.002673672923127726,True,True negative,0.4973263270768723
R034_C068,2024,3.091042453358316,0,0,0,0.3412830017619351,True,True negative,0.1587169982380649
R034_C069,2024,4.143134726391533,1,1,1,0.9983543125858839,True,True positive,0.4983543125858839
R034_C070,2024,4.51085950651685,1,1,1,0.9998584932106669,True,True positive,0.4998584932106669
R034_C071,2024,1.791759469228055,0,0,0,8.852897499702268e-05,True,True negative,0.499911471025003
R034_C072,2024,0.0,0,0,0,5.64791947838045e-10,True,True negative,0.49999999943520806
R034_C073,2024,0.6931471805599453,0,0,0,5.7767006900864226e-08,True,True negative,0.4999999422329931
R034_C074,2024,0.6931471805599453,0,0,0,5.7767006900864226e-08,True,True negative,0.4999999422329931
R034_C075,2024,0.6931471805599453,0,0,0,5.7767006900864226e-08,True,True negative,0.4999999422329931
R034_C076,2024,0.0,0,0,0,5.64791947838045e-10,True,True negative,0.49999999943520806
R034_C078,2024,1.6094379124341005,0,0,0,2.621007218088068e-05,True,True negative,0.4999737899278191
R034_C079,2024,1.9459101490553128,0,0,0,0.0002477300319792436,True,True negative,0.49975226996802075
R034_C080,2024,0.6931471805599453,0,0,0,5.7767006900864226e-08,True,True negative,0.4999999422329931
R034_C081,2024,1.6094379124341005,0,0,0,2.621007218088068e-05,True,True negative,0.4999737899278191
R034_C082,2024,2.3978952727983707,0,0,0,0.005039993971908603,True,True negative,0.49496000602809137
R034_C083,2024,1.6094379124341005,0,0,0,2.621007218088068e-05,True,True negative,0.4999737899278191
R034_C084,2024,3.713572066704308,1,0,1,0.9718054089565341,False,False positive,0.4718054089565341
R034_C085,2024,3.6375861597263857,1,1,1,0.9540303661236091,True,True positive,0.45403036612360914
R034_C086,2024,4.672828834461906,1,1,1,0.999952006190556,True,True positive,0.499952006190556
R034_C087,2024,3.1780538303479458,0,0,0,0.4808442013353714,True,True negative,0.019155798664628576
R034_C088,2024,5.25227342804663,1,1,1,0.9999989974715268,True,True positive,0.49999899747152676
R034_C089,2024,5.846438775057724,1,1,1,0.9999999810196084,True,True positive,0.4999999810196084
R034_C090,2024,5.955837369464831,1,1,1,0.9999999908567164,True,True positive,0.4999999908567164
R034_C091,2024,6.650279048587422,1,1,1,0.9999999999113747,True,True positive,0.49999999991137467
R034_C092,2024,7.153833801578843,1,1,1,0.9999999999969276,True,True positive,0.49999999999692757
R034_C093,2024,7.251344983372214,1,1,1,0.9999999999983977,True,True positive,0.4999999999983977
R034_C094,2024,6.775366090936392,1,1,1,0.9999999999615528,True,True positive,0.49999999996155275
R034_C095,2024,6.371611847231857,1,1,1,0.9999999994304165,True,True positive,0.4999999994304165
R034_C096,2024,5.204006687076795,1,1,1,0.9999986162847032,True,True positive,0.4999986162847032
R034_C097,2024,4.442651256490317,1,1,1,0.9997768932293789,True,True positive,0.4997768932293789
R034_C098,2024,3.9318256327243257,1,1,1,0.9932883069425963,True,True positive,0.4932883069425963
R034_C099,2024,3.091042453358316,0,0,0,0.3412830017619351,True,True negative,0.1587169982380649
R034_C100,2024,3.332204510175204,0,0,1,0.7216193143239186,False,False positive,0.22161931432391857
R034_C101,2024,1.0986122886681096,0,0,0,8.65629632656729e-07,True,True negative,0.49999913437036736
R034_C102,2024,3.258096538021482,0,0,1,0.612476721689788,False,False positive,0.11247672168978795
R034_C103,2024,2.079441541679836,0,0,0,0.0006039490586071061,True,True negative,0.4993960509413929
R034_C104,2024,1.0986122886681096,0,0,0,8.65629632656729e-07,True,True negative,0.49999913437036736
R034_C105,2024,2.639057329615259,0,0,0,0.024717696654622916,True,True negative,0.4752823033453771
R035_C035,2024,0.6931471805599453,0,0,0,5.7767006900864226e-08,True,True negative,0.4999999422329931
R035_C036,2024,0.6931471805599453,0,0,0,5.7767006900864226e-08,True,True negative,0.4999999422329931
R035_C037,2024,0.6931471805599453,0,0,0,5.7767006900864226e-08,True,True negative,0.4999999422329931
R035_C038,2024,1.6094379124341005,0,0,0,2.621007218088068e-05,True,True negative,0.4999737899278191
R035_C039,2024,1.3862943611198906,0,0,0,5.9083840806754096e-06,True,True negative,0.49999409161591934
R035_C041,2024,0.6931471805599453,0,0,0,5.7767006900864226e-08,True,True negative,0.4999999422329931
R035_C042,2024,2.079441541679836,0,0,0,0.0006039490586071061,True,True negative,0.4993960509413929
R035_C043,2024,0.6931471805599453,0,0,0,5.7767006900864226e-08,True,True negative,0.4999999422329931
R035_C044,2024,1.6094379124341005,0,0,0,2.621007218088068e-05,True,True negative,0.4999737899278191
R035_C045,2024,1.3862943611198906,0,0,0,5.9083840806754096e-06,True,True negative,0.49999409161591934
R035_C046,2024,1.3862943611198906,0,0,0,5.9083840806754096e-06,True,True negative,0.49999409161591934
R035_C047,2024,2.3978952727983707,0,0,0,0.005039993971908603,True,True negative,0.49496000602809137
R035_C048,2024,2.70805020110221,0,0,0,0.038620547826229264,True,True negative,0.46137945217377074
R035_C049,2024,3.044522437723423,0,0,0,0.27524593511421913,True,True negative,0.22475406488578087
R035_C050,2024,3.1354942159291497,0,0,0,0.41076471668164616,True,True negative,0.08923528331835384
R035_C051,2024,1.9459101490553128,0,0,0,0.0002477300319792436,True,True negative,0.49975226996802075
R035_C052,2024,2.9444389791664403,0,1,0,0.1629605820634127,False,False negative,0.3370394179365873
R035_C053,2024,4.394449154672439,1,1,1,0.9996922211753309,True,True positive,0.49969222117533085
R035_C054,2024,2.19722457733622,0,0,0,0.0013249536430650108,True,True negative,0.498675046356935
R035_C055,2024,2.19722457733622,0,0,0,0.0013249536430650108,True,True negative,0.498675046356935
R035_C056,2024,2.19722457733622,0,0,0,0.0013249536430650108,True,True negative,0.498675046356935
R035_C057,2024,1.0986122886681096,0,0,0,8.65629632656729e-07,True,True negative,0.49999913437036736
R035_C058,2024,0.6931471805599453,0,0,0,5.7767006900864226e-08,True,True negative,0.4999999422329931
R035_C059,2024,2.4849066497880004,0,0,0,0.008974292080567959,True,True negative,0.49102570791943206
R035_C060,2024,1.6094379124341005,0,0,0,2.621007218088068e-05,True,True negative,0.4999737899278191
R035_C061,2024,0.0,0,0,0,5.64791947838045e-10,True,True negative,0.49999999943520806
R035_C062,2024,0.6931471805599453,0,0,0,5.7767006900864226e-08,True,True negative,0.4999999422329931
R035_C063,2024,0.6931471805599453,0,0,0,5.7767006900864226e-08,True,True negative,0.4999999422329931
R035_C064,2024,1.3862943611198906,0,0,0,5.9083840806754096e-06,True,True negative,0.49999409161591934
R035_C065,2024,1.9459101490553128,0,0,0,0.0002477300319792436,True,True negative,0.49975226996802075
R035_C066,2024,0.6931471805599453,0,0,0,5.7767006900864226e-08,True,True negative,0.4999999422329931
R035_C067,2024,1.0986122886681096,0,0,0,8.65629632656729e-07,True,True negative,0.49999913437036736
R035_C068,2024,2.5649493574615367,0,0,0,0.015217410607103852,True,True negative,0.48478258939289615
R035_C069,2024,4.330733340286331,1,1,1,0.9995291171185748,True,True positive,0.49952911711857484
R035_C070,2024,5.017279836814924,1,1,1,0.9999951864802625,True,True positive,0.49999518648026253
R035_C071,2024,1.3862943611198906,0,0,0,5.9083840806754096e-06,True,True negative,0.49999409161591934
R035_C072,2024,0.0,0,0,0,5.64791947838045e-10,True,True negative,0.49999999943520806
R035_C073,2024,1.6094379124341005,0,0,0,2.621007218088068e-05,True,True negative,0.4999737899278191
R035_C074,2024,2.19722457733622,0,0,0,0.0013249536430650108,True,True negative,0.498675046356935
R035_C075,2024,2.4849066497880004,0,0,0,0.008974292080567959,True,True negative,0.49102570791943206
R035_C076,2024,2.079441541679836,0,0,0,0.0006039490586071061,True,True negative,0.4993960509413929
R035_C077,2024,2.19722457733622,0,0,0,0.0013249536430650108,True,True negative,0.498675046356935
R035_C078,2024,0.6931471805599453,0,0,0,5.7767006900864226e-08,True,True negative,0.4999999422329931
R035_C079,2024,1.9459101490553128,0,0,0,0.0002477300319792436,True,True negative,0.49975226996802075
R035_C080,2024,1.0986122886681096,0,0,0,8.65629632656729e-07,True,True negative,0.49999913437036736
R035_C081,2024,1.3862943611198906,0,0,0,5.9083840806754096e-06,True,True negative,0.49999409161591934
R035_C082,2024,0.6931471805599453,0,0,0,5.7767006900864226e-08,True,True negative,0.4999999422329931
R035_C083,2024,2.079441541679836,0,0,0,0.0006039490586071061,True,True negative,0.4993960509413929
R035_C084,2024,3.091042453358316,0,0,0,0.3412830017619351,True,True negative,0.1587169982380649
R035_C085,2024,2.995732273553991,0,0,0,0.21519187873111192,True,True negative,0.2848081212688881
R035_C086,2024,2.8903717578961645,0,0,0,0.11948288041963083,True,True negative,0.38051711958036916
R035_C087,2024,3.4011973816621555,0,1,1,0.8042593123851965,True,True positive,0.30425931238519655
R035_C088,2024,4.02535169073515,1,1,1,0.9963941502682053,True,True positive,0.4963941502682053
R035_C089,2024,5.318119993844216,1,1,1,0.9999993540874919,True,True positive,0.49999935408749185
R035_C090,2024,5.926926025970411,1,1,1,0.9999999889100116,True,True positive,0.49999998891001163
R035_C091,2024,6.253828811575473,1,1,1,0.999999998749536,True,True positive,0.49999999874953605
R035_C092,2024,6.049733455231958,1,1,1,0.9999999951151752,True,True positive,0.49999999511517523
R035_C093,2024,6.954638864880987,1,1,1,0.999999999988384,True,True positive,0.49999999998838396
R035_C094,2024,6.073044534100405,1,1,1,0.9999999958192121,True,True positive,0.49999999581921206
R035_C095,2024,6.093569770045136,1,1,1,0.9999999963546027,True,True positive,0.4999999963546027
R035_C096,2024,5.726847747587197,1,1,1,0.9999999578244005,True,True positive,0.49999995782440054
R035_C097,2024,5.407171771460119,1,1,1,0.999999643576148,True,True positive,0.499999643576148
R035_C098,2024,4.127134385045092,1,1,1,0.9981691193857279,True,True positive,0.49816911938572794
R035_C099,2024,3.044522437723423,0,0,0,0.27524593511421913,True,True negative,0.22475406488578087
R035_C100,2024,3.58351893845611,1,1,1,0.9353384081017577,True,True positive,0.4353384081017577
R035_C101,2024,4.624972813284271,1,1,1,0.999933940287494,True,True positive,0.49993394028749405
R035_C102,2024,3.9889840465642745,1,1,1,0.9954077445379951,True,True positive,0.4954077445379951
R035_C103,2024,4.189654742026425,1,1,1,0.9987931517302697,True,True positive,0.4987931517302697
R035_C104,2024,5.327876168789581,1,1,1,0.9999993948186633,True,True positive,0.4999993948186633
R035_C105,2024,3.1354942159291497,0,1,0,0.41076471668164616,False,False negative,0.08923528331835384
R035_C106,2024,0.0,0,0,0,5.64791947838045e-10,True,True negative,0.49999999943520806
R036_C026,2024,0.0,0,0,0,5.64791947838045e-10,True,True negative,0.49999999943520806
R036_C035,2024,0.6931471805599453,0,0,0,5.7767006900864226e-08,True,True negative,0.4999999422329931
R036_C036,2024,0.0,0,0,0,5.64791947838045e-10,True,True negative,0.49999999943520806
R036_C037,2024,0.0,0,0,0,5.64791947838045e-10,True,True negative,0.49999999943520806
R036_C038,2024,1.0986122886681096,0,0,0,8.65629632656729e-07,True,True negative,0.49999913437036736
R036_C039,2024,3.295836866004329,0,0,1,0.6703357251318038,False,False positive,0.17033572513180384
R036_C040,2024,3.258096538021482,0,0,1,0.612476721689788,False,False positive,0.11247672168978795
R036_C041,2024,2.4849066497880004,0,0,0,0.008974292080567959,True,True negative,0.49102570791943206
R036_C042,2024,2.302585092994046,0,0,0,0.002673672923127726,True,True negative,0.4973263270768723
R036_C043,2024,0.6931471805599453,0,0,0,5.7767006900864226e-08,True,True negative,0.4999999422329931
R036_C044,2024,1.9459101490553128,0,0,0,0.0002477300319792436,True,True negative,0.49975226996802075
R036_C045,2024,2.3978952727983707,0,0,0,0.005039993971908603,True,True negative,0.49496000602809137
R036_C046,2024,2.772588722239781,0,0,0,0.058211331684448954,True,True negative,0.441788668315551
R036_C047,2024,2.833213344056216,0,0,0,0.08479219087228605,True,True negative,0.41520780912771393
R036_C048,2024,2.302585092994046,0,0,0,0.002673672923127726,True,True negative,0.4973263270768723
R036_C049,2024,2.4849066497880004,0,0,0,0.008974292080567959,True,True negative,0.49102570791943206
R036_C050,2024,2.639057329615259,0,0,0,0.024717696654622916,True,True negative,0.4752823033453771
R036_C051,2024,2.3978952727983707,0,0,0,0.005039993971908603,True,True negative,0.49496000602809137
R036_C052,2024,3.1354942159291497,0,0,0,0.41076471668164616,True,True negative,0.08923528331835384
R036_C053,2024,3.1780538303479458,0,0,0,0.4808442013353714,True,True negative,0.019155798664628576
R036_C054,2024,1.791759469228055,0,0,0,8.852897499702268e-05,True,True negative,0.499911471025003
R036_C055,2024,0.6931471805599453,0,0,0,5.7767006900864226e-08,True,True negative,0.4999999422329931
R036_C056,2024,1.0986122886681096,0,0,0,8.65629632656729e-07,True,True negative,0.49999913437036736
R036_C057,2024,2.9444389791664403,0,0,0,0.1629605820634127,True,True negative,0.3370394179365873
R036_C058,2024,0.6931471805599453,0,0,0,5.7767006900864226e-08,True,True negative,0.4999999422329931
R036_C059,2024,0.6931471805599453,0,0,0,5.7767006900864226e-08,True,True negative,0.4999999422329931
R036_C060,2024,2.19722457733622,0,0,0,0.0013249536430650108,True,True negative,0.498675046356935
R036_C061,2024,1.791759469228055,0,0,0,8.852897499702268e-05,True,True negative,0.499911471025003
R036_C062,2024,1.6094379124341005,0,0,0,2.621007218088068e-05,True,True negative,0.4999737899278191
R036_C063,2024,1.3862943611198906,0,0,0,5.9083840806754096e-06,True,True negative,0.49999409161591934
R036_C064,2024,2.079441541679836,0,0,0,0.0006039490586071061,True,True negative,0.4993960509413929
R036_C065,2024,1.3862943611198906,0,0,0,5.9083840806754096e-06,True,True negative,0.49999409161591934
R036_C066,2024,0.6931471805599453,0,0,0,5.7767006900864226e-08,True,True negative,0.4999999422329931
R036_C067,2024,1.0986122886681096,0,0,0,8.65629632656729e-07,True,True negative,0.49999913437036736
R036_C068,2024,2.079441541679836,0,0,0,0.0006039490586071061,True,True negative,0.4993960509413929
R036_C069,2024,2.3978952727983707,0,0,0,0.005039993971908603,True,True negative,0.49496000602809137
R036_C070,2024,1.9459101490553128,0,0,0,0.0002477300319792436,True,True negative,0.49975226996802075
R036_C071,2024,2.302585092994046,0,0,0,0.002673672923127726,True,True negative,0.4973263270768723
R036_C072,2024,2.4849066497880004,0,0,0,0.008974292080567959,True,True negative,0.49102570791943206
R036_C073,2024,1.3862943611198906,0,0,0,5.9083840806754096e-06,True,True negative,0.49999409161591934
R036_C074,2024,1.3862943611198906,0,0,0,5.9083840806754096e-06,True,True negative,0.49999409161591934
R036_C075,2024,2.079441541679836,0,0,0,0.0006039490586071061,True,True negative,0.4993960509413929
R036_C076,2024,2.3978952727983707,0,0,0,0.005039993971908603,True,True negative,0.49496000602809137
R036_C077,2024,2.4849066497880004,0,0,0,0.008974292080567959,True,True negative,0.49102570791943206
R036_C078,2024,2.3978952727983707,0,0,0,0.005039993971908603,True,True negative,0.49496000602809137
R036_C079,2024,2.302585092994046,0,0,0,0.002673672923127726,True,True negative,0.4973263270768723
R036_C080,2024,0.0,0,0,0,5.64791947838045e-10,True,True negative,0.49999999943520806
R036_C081,2024,1.0986122886681096,0,0,0,8.65629632656729e-07,True,True negative,0.49999913437036736
R036_C082,2024,1.791759469228055,0,0,0,8.852897499702268e-05,True,True negative,0.499911471025003
R036_C083,2024,3.4339872044851463,0,0,1,0.8364500535624654,False,False positive,0.3364500535624654
R036_C084,2024,4.543294782270004,1,1,1,0.9998860425717075,True,True positive,0.49988604257170755
R036_C085,2024,3.044522437723423,0,0,0,0.27524593511421913,True,True negative,0.22475406488578087
R036_C086,2024,2.19722457733622,0,0,0,0.0013249536430650108,True,True negative,0.498675046356935
R036_C087,2024,3.258096538021482,0,0,1,0.612476721689788,False,False positive,0.11247672168978795
R036_C088,2024,3.6375861597263857,1,0,1,0.9540303661236091,False,False positive,0.45403036612360914
R036_C089,2024,4.290459441148391,1,1,1,0.9993839376963842,True,True positive,0.49938393769638423
R036_C090,2024,5.19295685089021,1,1,1,0.9999985103443996,True,True positive,0.49999851034439957
R036_C091,2024,4.882801922586371,1,1,1,0.9999881864454434,True,True positive,0.4999881864454434
R036_C092,2024,5.799092654460526,1,1,1,0.9999999739632963,True,True positive,0.4999999739632963
R036_C093,2024,6.551080335043404,1,1,1,0.9999999998281357,True,True positive,0.4999999998281357
R036_C094,2024,5.552959584921617,1,1,1,0.9999998653356167,True,True positive,0.4999998653356167
R036_C095,2024,5.049856007249537,1,1,1,0.9999961273518968,True,True positive,0.4999961273518968
R036_C096,2024,4.04305126783455,1,1,1,0.9967947494132563,True,True positive,0.4967947494132563
R036_C097,2024,4.61512051684126,1,1,1,0.9999294492523191,True,True positive,0.4999294492523191
R036_C098,2024,4.262679877041316,1,1,1,0.9992584893215176,True,True positive,0.4992584893215176
R036_C099,2024,3.295836866004329,0,0,1,0.6703357251318038,False,False positive,0.17033572513180384
R036_C100,2024,3.49650756146648,0,1,1,0.8858928614393123,True,True positive,0.38589286143931234
R036_C101,2024,3.367295829986474,0,1,1,0.7661666921380098,True,True positive,0.2661666921380098
R036_C102,2024,3.4339872044851463,0,1,1,0.8364500535624654,True,True positive,0.3364500535624654
R036_C103,2024,3.970291913552122,1,0,1,0.9948005288631603,False,False positive,0.4948005288631603
R036_C104,2024,3.044522437723423,0,0,0,0.27524593511421913,True,True negative,0.22475406488578087
R036_C105,2024,1.3862943611198906,0,0,0,5.9083840806754096e-06,True,True negative,0.49999409161591934
R037_C024,2024,0.6931471805599453,0,0,0,5.7767006900864226e-08,True,True negative,0.4999999422329931
R037_C025,2024,0.6931471805599453,0,0,0,5.7767006900864226e-08,True,True negative,0.4999999422329931
R037_C026,2024,1.0986122886681096,0,0,0,8.65629632656729e-07,True,True negative,0.49999913437036736
R037_C027,2024,0.0,0,0,0,5.64791947838045e-10,True,True negative,0.49999999943520806
R037_C028,2024,0.0,0,0,0,5.64791947838045e-10,True,True negative,0.49999999943520806
R037_C029,2024,0.0,0,0,0,5.64791947838045e-10,True,True negative,0.49999999943520806
R037_C036,2024,0.0,0,0,0,5.64791947838045e-10,True,True negative,0.49999999943520806
R037_C037,2024,3.367295829986474,0,0,1,0.7661666921380098,False,False positive,0.2661666921380098
R037_C038,2024,2.70805020110221,0,0,0,0.038620547826229264,True,True negative,0.46137945217377074
R037_C039,2024,3.4657359027997265,0,0,1,0.8634228435842332,False,False positive,0.36342284358423316
R037_C040,2024,3.58351893845611,1,0,1,0.9353384081017577,False,False positive,0.4353384081017577
R037_C041,2024,3.091042453358316,0,0,0,0.3412830017619351,True,True negative,0.1587169982380649
R037_C042,2024,2.4849066497880004,0,0,0,0.008974292080567959,True,True negative,0.49102570791943206
R037_C043,2024,0.0,0,0,0,5.64791947838045e-10,True,True negative,0.49999999943520806
R037_C044,2024,1.0986122886681096,0,0,0,8.65629632656729e-07,True,True negative,0.49999913437036736
R037_C045,2024,1.791759469228055,0,0,0,8.852897499702268e-05,True,True negative,0.499911471025003
R037_C046,2024,2.4849066497880004,0,0,0,0.008974292080567959,True,True negative,0.49102570791943206
R037_C047,2024,2.4849066497880004,0,0,0,0.008974292080567959,True,True negative,0.49102570791943206
R037_C048,2024,3.258096538021482,0,0,1,0.612476721689788,False,False positive,0.11247672168978795
R037_C049,2024,2.639057329615259,0,0,0,0.024717696654622916,True,True negative,0.4752823033453771
R037_C050,2024,3.5263605246161616,0,1,1,0.9045442124169463,True,True positive,0.40454421241694627
R037_C051,2024,2.833213344056216,0,0,0,0.08479219087228605,True,True negative,0.41520780912771393
R037_C052,2024,3.367295829986474,0,0,1,0.7661666921380098,False,False positive,0.2661666921380098
R037_C053,2024,2.19722457733622,0,0,0,0.0013249536430650108,True,True negative,0.498675046356935
R037_C054,2024,1.3862943611198906,0,0,0,5.9083840806754096e-06,True,True negative,0.49999409161591934
R037_C056,2024,0.0,0,0,0,5.64791947838045e-10,True,True negative,0.49999999943520806
R037_C057,2024,1.6094379124341005,0,0,0,2.621007218088068e-05,True,True negative,0.4999737899278191
R037_C058,2024,2.19722457733622,0,0,0,0.0013249536430650108,True,True negative,0.498675046356935
R037_C060,2024,2.302585092994046,0,0,0,0.002673672923127726,True,True negative,0.4973263270768723
R037_C061,2024,1.9459101490553128,0,0,0,0.0002477300319792436,True,True negative,0.49975226996802075
R037_C062,2024,2.5649493574615367,0,0,0,0.015217410607103852,True,True negative,0.48478258939289615
R037_C063,2024,1.9459101490553128,0,0,0,0.0002477300319792436,True,True negative,0.49975226996802075
R037_C064,2024,0.6931471805599453,0,0,0,5.7767006900864226e-08,True,True negative,0.4999999422329931
R037_C065,2024,1.3862943611198906,0,0,0,5.9083840806754096e-06,True,True negative,0.49999409161591934
R037_C066,2024,1.9459101490553128,0,0,0,0.0002477300319792436,True,True negative,0.49975226996802075
R037_C067,2024,2.19722457733622,0,0,0,0.0013249536430650108,True,True negative,0.498675046356935
R037_C068,2024,2.4849066497880004,0,0,0,0.008974292080567959,True,True negative,0.49102570791943206
R037_C069,2024,0.0,0,0,0,5.64791947838045e-10,True,True negative,0.49999999943520806
R037_C070,2024,0.6931471805599453,0,0,0,5.7767006900864226e-08,True,True negative,0.4999999422329931
R037_C071,2024,1.6094379124341005,0,0,0,2.621007218088068e-05,True,True negative,0.4999737899278191
R037_C072,2024,1.6094379124341005,0,0,0,2.621007218088068e-05,True,True negative,0.4999737899278191
R037_C073,2024,0.6931471805599453,0,0,0,5.7767006900864226e-08,True,True negative,0.4999999422329931
R037_C074,2024,1.3862943611198906,0,0,0,5.9083840806754096e-06,True,True negative,0.49999409161591934
R037_C075,2024,2.19722457733622,0,0,0,0.0013249536430650108,True,True negative,0.498675046356935
R037_C076,2024,3.367295829986474,0,0,1,0.7661666921380098,False,False positive,0.2661666921380098
R037_C077,2024,2.5649493574615367,0,0,0,0.015217410607103852,True,True negative,0.48478258939289615
R037_C078,2024,1.791759469228055,0,0,0,8.852897499702268e-05,True,True negative,0.499911471025003
R037_C079,2024,1.0986122886681096,0,0,0,8.65629632656729e-07,True,True negative,0.49999913437036736
R037_C080,2024,1.0986122886681096,0,0,0,8.65629632656729e-07,True,True negative,0.49999913437036736
R037_C081,2024,1.9459101490553128,0,0,0,0.0002477300319792436,True,True negative,0.49975226996802075
R037_C082,2024,2.079441541679836,0,0,0,0.0006039490586071061,True,True negative,0.4993960509413929
R037_C083,2024,1.791759469228055,0,0,0,8.852897499702268e-05,True,True negative,0.499911471025003
R037_C084,2024,2.8903717578961645,0,0,0,0.11948288041963083,True,True negative,0.38051711958036916
R037_C085,2024,1.3862943611198906,0,0,0,5.9083840806754096e-06,True,True negative,0.49999409161591934
R037_C086,2024,3.332204510175204,0,0,1,0.7216193143239186,False,False positive,0.22161931432391857
R037_C087,2024,2.9444389791664403,0,0,0,0.1629605820634127,True,True negative,0.3370394179365873
R037_C088,2024,4.007333185232471,1,1,1,0.9959350760058738,True,True positive,0.49593507600587383
R037_C089,2024,5.147494476813453,1,1,1,0.9999979820772861,True,True positive,0.4999979820772861
R037_C090,2024,4.189654742026425,1,1,1,0.9987931517302697,True,True positive,0.4987931517302697
R037_C091,2024,4.304065093204169,1,1,1,0.999437402158506,True,True positive,0.49943740215850596
R037_C092,2024,4.51085950651685,1,1,1,0.9998584932106669,True,True positive,0.4998584932106669
R037_C093,2024,5.438079308923196,1,1,1,0.9999997100321244,True,True positive,0.4999997100321244
R037_C094,2024,5.231108616854587,1,1,1,0.9999988453127767,True,True positive,0.4999988453127767
R037_C095,2024,4.174387269895637,1,1,1,0.9986638207787858,True,True positive,0.4986638207787858
R037_C096,2024,3.258096538021482,0,0,1,0.612476721689788,False,False positive,0.11247672168978795
R037_C097,2024,2.70805020110221,0,0,0,0.038620547826229264,True,True negative,0.46137945217377074
R037_C098,2024,2.833213344056216,0,0,0,0.08479219087228605,True,True negative,0.41520780912771393
R037_C099,2024,3.4657359027997265,0,0,1,0.8634228435842332,False,False positive,0.36342284358423316
R037_C100,2024,2.70805020110221,0,0,0,0.038620547826229264,True,True negative,0.46137945217377074
R037_C101,2024,1.791759469228055,0,0,0,8.852897499702268e-05,True,True negative,0.499911471025003
R037_C102,2024,2.772588722239781,0,0,0,0.058211331684448954,True,True negative,0.441788668315551
R037_C103,2024,2.772588722239781,0,0,0,0.058211331684448954,True,True negative,0.441788668315551
R037_C104,2024,2.079441541679836,0,0,0,0.0006039490586071061,True,True negative,0.4993960509413929
R037_C105,2024,2.833213344056216,0,0,0,0.08479219087228605,True,True negative,0.41520780912771393
R037_C106,2024,1.791759469228055,0,0,0,8.852897499702268e-05,True,True negative,0.499911471025003
R038_C024,2024,0.0,0,0,0,5.64791947838045e-10,True,True negative,0.49999999943520806
R038_C025,2024,0.0,0,0,0,5.64791947838045e-10,True,True negative,0.49999999943520806
R038_C026,2024,3.258096538021482,0,0,1,0.612476721689788,False,False positive,0.11247672168978795
R038_C027,2024,1.9459101490553128,0,0,0,0.0002477300319792436,True,True negative,0.49975226996802075
R038_C028,2024,1.791759469228055,0,0,0,8.852897499702268e-05,True,True negative,0.499911471025003
R038_C029,2024,2.19722457733622,0,0,0,0.0013249536430650108,True,True negative,0.498675046356935
R038_C035,2024,2.079441541679836,0,0,0,0.0006039490586071061,True,True negative,0.4993960509413929
R038_C036,2024,2.9444389791664403,0,0,0,0.1629605820634127,True,True negative,0.3370394179365873
R038_C037,2024,3.5263605246161616,0,0,1,0.9045442124169463,False,False positive,0.40454421241694627
R038_C038,2024,2.5649493574615367,0,0,0,0.015217410607103852,True,True negative,0.48478258939289615
R038_C039,2024,1.0986122886681096,0,0,0,8.65629632656729e-07,True,True negative,0.49999913437036736
R038_C040,2024,1.9459101490553128,0,0,0,0.0002477300319792436,True,True negative,0.49975226996802075
R038_C041,2024,2.079441541679836,0,0,0,0.0006039490586071061,True,True negative,0.4993960509413929
R038_C042,2024,1.0986122886681096,0,0,0,8.65629632656729e-07,True,True negative,0.49999913437036736
R038_C043,2024,0.6931471805599453,0,0,0,5.7767006900864226e-08,True,True negative,0.4999999422329931
R038_C045,2024,1.3862943611198906,0,0,0,5.9083840806754096e-06,True,True negative,0.49999409161591934
R038_C046,2024,2.639057329615259,0,0,0,0.024717696654622916,True,True negative,0.4752823033453771
R038_C047,2024,2.9444389791664403,0,0,0,0.1629605820634127,True,True negative,0.3370394179365873
R038_C048,2024,1.791759469228055,0,0,0,8.852897499702268e-05,True,True negative,0.499911471025003
R038_C049,2024,1.6094379124341005,0,0,0,2.621007218088068e-05,True,True negative,0.4999737899278191
R038_C050,2024,2.302585092994046,0,0,0,0.002673672923127726,True,True negative,0.4973263270768723
R038_C051,2024,2.3978952727983707,0,0,0,0.005039993971908603,True,True negative,0.49496000602809137
R038_C052,2024,2.302585092994046,0,0,0,0.002673672923127726,True,True negative,0.4973263270768723
R038_C053,2024,2.079441541679836,0,0,0,0.0006039490586071061,True,True negative,0.4993960509413929
R038_C054,2024,0.6931471805599453,0,0,0,5.7767006900864226e-08,True,True negative,0.4999999422329931
R038_C055,2024,0.6931471805599453,0,0,0,5.7767006900864226e-08,True,True negative,0.4999999422329931
R038_C056,2024,0.6931471805599453,0,0,0,5.7767006900864226e-08,True,True negative,0.4999999422329931
R038_C057,2024,0.6931471805599453,0,0,0,5.7767006900864226e-08,True,True negative,0.4999999422329931
R038_C058,2024,0.6931471805599453,0,0,0,5.7767006900864226e-08,True,True negative,0.4999999422329931
R038_C059,2024,2.4849066497880004,0,0,0,0.008974292080567959,True,True negative,0.49102570791943206
R038_C060,2024,0.0,0,0,0,5.64791947838045e-10,True,True negative,0.49999999943520806
R038_C061,2024,2.079441541679836,0,0,0,0.0006039490586071061,True,True negative,0.4993960509413929
R038_C062,2024,2.19722457733622,0,0,0,0.0013249536430650108,True,True negative,0.498675046356935
R038_C063,2024,2.833213344056216,0,0,0,0.08479219087228605,True,True negative,0.41520780912771393
R038_C064,2024,2.639057329615259,0,0,0,0.024717696654622916,True,True negative,0.4752823033453771
R038_C065,2024,1.0986122886681096,0,0,0,8.65629632656729e-07,True,True negative,0.49999913437036736
R038_C066,2024,1.0986122886681096,0,0,0,8.65629632656729e-07,True,True negative,0.49999913437036736
R038_C067,2024,3.295836866004329,0,0,1,0.6703357251318038,False,False positive,0.17033572513180384
R038_C068,2024,0.6931471805599453,0,0,0,5.7767006900864226e-08,True,True negative,0.4999999422329931
R038_C069,2024,1.0986122886681096,0,0,0,8.65629632656729e-07,True,True negative,0.49999913437036736
R038_C070,2024,1.3862943611198906,0,0,0,5.9083840806754096e-06,True,True negative,0.49999409161591934
R038_C071,2024,1.3862943611198906,0,0,0,5.9083840806754096e-06,True,True negative,0.49999409161591934
R038_C072,2024,1.3862943611198906,0,0,0,5.9083840806754096e-06,True,True negative,0.49999409161591934
R038_C073,2024,1.0986122886681096,0,0,0,8.65629632656729e-07,True,True negative,0.49999913437036736
R038_C074,2024,1.6094379124341005,0,0,0,2.621007218088068e-05,True,True negative,0.4999737899278191
R038_C075,2024,1.0986122886681096,0,0,0,8.65629632656729e-07,True,True negative,0.49999913437036736
R038_C076,2024,1.6094379124341005,0,0,0,2.621007218088068e-05,True,True negative,0.4999737899278191
R038_C077,2024,4.23410650459726,1,1,1,0.9991027805420002,True,True positive,0.4991027805420002
R038_C078,2024,2.9444389791664403,0,0,0,0.1629605820634127,True,True negative,0.3370394179365873
R038_C079,2024,2.079441541679836,0,0,0,0.0006039490586071061,True,True negative,0.4993960509413929
R038_C080,2024,2.302585092994046,0,0,0,0.002673672923127726,True,True negative,0.4973263270768723
R038_C081,2024,0.6931471805599453,0,0,0,5.7767006900864226e-08,True,True negative,0.4999999422329931
R038_C082,2024,1.3862943611198906,0,0,0,5.9083840806754096e-06,True,True negative,0.49999409161591934
R038_C083,2024,1.791759469228055,0,0,0,8.852897499702268e-05,True,True negative,0.499911471025003
R038_C084,2024,2.4849066497880004,0,0,0,0.008974292080567959,True,True negative,0.49102570791943206
R038_C085,2024,1.6094379124341005,0,0,0,2.621007218088068e-05,True,True negative,0.4999737899278191
R038_C086,2024,2.8903717578961645,0,0,0,0.11948288041963083,True,True negative,0.38051711958036916
R038_C087,2024,1.791759469228055,0,0,0,8.852897499702268e-05,True,True negative,0.499911471025003
R038_C088,2024,3.49650756146648,0,0,1,0.8858928614393123,False,False positive,0.38589286143931234
R038_C089,2024,4.304065093204169,1,1,1,0.999437402158506,True,True positive,0.49943740215850596
R038_C090,2024,3.8918202981106265,1,1,1,0.9912514373761554,True,True positive,0.4912514373761554
R038_C091,2024,3.58351893845611,1,1,1,0.9353384081017577,True,True positive,0.4353384081017577
R038_C092,2024,3.610917912644224,1,1,1,0.9455594271188087,True,True positive,0.4455594271188087
R038_C093,2024,3.737669618283368,1,1,1,0.9758943929827445,True,True positive,0.4758943929827445
R038_C094,2024,4.844187086458591,1,1,1,0.9999847122553324,True,True positive,0.49998471225533236
R038_C095,2024,3.091042453358316,0,0,0,0.3412830017619351,True,True negative,0.1587169982380649
R038_C096,2024,3.9318256327243257,1,1,1,0.9932883069425963,True,True positive,0.4932883069425963
R038_C097,2024,1.9459101490553128,0,0,0,0.0002477300319792436,True,True negative,0.49975226996802075
R038_C098,2024,2.3978952727983707,0,0,0,0.005039993971908603,True,True negative,0.49496000602809137
R038_C099,2024,1.0986122886681096,0,0,0,8.65629632656729e-07,True,True negative,0.49999913437036736
R038_C100,2024,2.833213344056216,0,0,0,0.08479219087228605,True,True negative,0.41520780912771393
R038_C101,2024,3.5263605246161616,0,1,1,0.9045442124169463,True,True positive,0.40454421241694627
R038_C102,2024,2.8903717578961645,0,0,0,0.11948288041963083,True,True negative,0.38051711958036916
R038_C103,2024,1.9459101490553128,0,0,0,0.0002477300319792436,True,True negative,0.49975226996802075
R038_C104,2024,2.639057329615259,0,0,0,0.024717696654622916,True,True negative,0.4752823033453771
R038_C105,2024,2.3978952727983707,0,0,0,0.005039993971908603,True,True negative,0.49496000602809137
R038_C106,2024,1.6094379124341005,0,0,0,2.621007218088068e-05,True,True negative,0.4999737899278191
R038_C107,2024,0.6931471805599453,0,0,0,5.7767006900864226e-08,True,True negative,0.4999999422329931
R039_C022,2024,0.6931471805599453,0,0,0,5.7767006900864226e-08,True,True negative,0.4999999422329931
R039_C023,2024,0.0,0,0,0,5.64791947838045e-10,True,True negative,0.49999999943520806
R039_C024,2024,0.0,0,0,0,5.64791947838045e-10,True,True negative,0.49999999943520806
R039_C025,2024,2.3978952727983707,0,0,0,0.005039993971908603,True,True negative,0.49496000602809137
R039_C026,2024,2.772588722239781,0,0,0,0.058211331684448954,True,True negative,0.441788668315551
R039_C027,2024,0.0,0,0,0,5.64791947838045e-10,True,True negative,0.49999999943520806
R039_C028,2024,0.0,0,0,0,5.64791947838045e-10,True,True negative,0.49999999943520806
R039_C029,2024,2.5649493574615367,0,0,0,0.015217410607103852,True,True negative,0.48478258939289615
R039_C030,2024,1.6094379124341005,0,0,0,2.621007218088068e-05,True,True negative,0.4999737899278191
R039_C031,2024,1.3862943611198906,0,0,0,5.9083840806754096e-06,True,True negative,0.49999409161591934
R039_C032,2024,1.0986122886681096,0,0,0,8.65629632656729e-07,True,True negative,0.49999913437036736
R039_C034,2024,1.0986122886681096,0,0,0,8.65629632656729e-07,True,True negative,0.49999913437036736
R039_C035,2024,2.079441541679836,0,0,0,0.0006039490586071061,True,True negative,0.4993960509413929
R039_C036,2024,1.9459101490553128,0,0,0,0.0002477300319792436,True,True negative,0.49975226996802075
R039_C037,2024,1.3862943611198906,0,0,0,5.9083840806754096e-06,True,True negative,0.49999409161591934
R039_C038,2024,2.639057329615259,0,0,0,0.024717696654622916,True,True negative,0.4752823033453771
R039_C040,2024,0.0,0,0,0,5.64791947838045e-10,True,True negative,0.49999999943520806
R039_C041,2024,1.3862943611198906,0,0,0,5.9083840806754096e-06,True,True negative,0.49999409161591934
R039_C042,2024,2.19722457733622,0,0,0,0.0013249536430650108,True,True negative,0.498675046356935
R039_C043,2024,0.6931471805599453,0,0,0,5.7767006900864226e-08,True,True negative,0.4999999422329931
R039_C044,2024,1.9459101490553128,0,0,0,0.0002477300319792436,True,True negative,0.49975226996802075
R039_C045,2024,1.791759469228055,0,0,0,8.852897499702268e-05,True,True negative,0.499911471025003
R039_C046,2024,1.3862943611198906,0,0,0,5.9083840806754096e-06,True,True negative,0.49999409161591934
R039_C047,2024,3.1780538303479458,0,0,0,0.4808442013353714,True,True negative,0.019155798664628576
R039_C048,2024,2.19722457733622,0,0,0,0.0013249536430650108,True,True negative,0.498675046356935
R039_C049,2024,2.079441541679836,0,0,0,0.0006039490586071061,True,True negative,0.4993960509413929
R039_C050,2024,2.19722457733622,0,0,0,0.0013249536430650108,True,True negative,0.498675046356935
R039_C051,2024,1.0986122886681096,0,0,0,8.65629632656729e-07,True,True negative,0.49999913437036736
R039_C052,2024,2.19722457733622,0,0,0,0.0013249536430650108,True,True negative,0.498675046356935
R039_C053,2024,1.3862943611198906,0,0,0,5.9083840806754096e-06,True,True negative,0.49999409161591934
R039_C054,2024,0.6931471805599453,0,0,0,5.7767006900864226e-08,True,True negative,0.4999999422329931
R039_C055,2024,1.3862943611198906,0,0,0,5.9083840806754096e-06,True,True negative,0.49999409161591934
R039_C056,2024,0.6931471805599453,0,0,0,5.7767006900864226e-08,True,True negative,0.4999999422329931
R039_C057,2024,0.6931471805599453,0,0,0,5.7767006900864226e-08,True,True negative,0.4999999422329931
R039_C058,2024,2.079441541679836,0,0,0,0.0006039490586071061,True,True negative,0.4993960509413929
R039_C059,2024,2.19722457733622,0,0,0,0.0013249536430650108,True,True negative,0.498675046356935
R039_C060,2024,1.791759469228055,0,0,0,8.852897499702268e-05,True,True negative,0.499911471025003
R039_C061,2024,1.0986122886681096,0,0,0,8.65629632656729e-07,True,True negative,0.49999913437036736
R039_C062,2024,2.4849066497880004,0,0,0,0.008974292080567959,True,True negative,0.49102570791943206
R039_C063,2024,3.258096538021482,0,0,1,0.612476721689788,False,False positive,0.11247672168978795
R039_C064,2024,2.639057329615259,0,0,0,0.024717696654622916,True,True negative,0.4752823033453771
R039_C065,2024,1.6094379124341005,0,0,0,2.621007218088068e-05,True,True negative,0.4999737899278191
R039_C066,2024,0.6931471805599453,0,0,0,5.7767006900864226e-08,True,True negative,0.4999999422329931
R039_C067,2024,2.19722457733622,0,0,0,0.0013249536430650108,True,True negative,0.498675046356935
R039_C068,2024,1.791759469228055,0,0,0,8.852897499702268e-05,True,True negative,0.499911471025003
R039_C069,2024,1.6094379124341005,0,0,0,2.621007218088068e-05,True,True negative,0.4999737899278191
R039_C070,2024,0.0,0,0,0,5.64791947838045e-10,True,True negative,0.49999999943520806
R039_C071,2024,0.0,0,0,0,5.64791947838045e-10,True,True negative,0.49999999943520806
R039_C072,2024,1.9459101490553128,0,0,0,0.0002477300319792436,True,True negative,0.49975226996802075
R039_C073,2024,2.3978952727983707,0,0,0,0.005039993971908603,True,True negative,0.49496000602809137
R039_C074,2024,1.9459101490553128,0,0,0,0.0002477300319792436,True,True negative,0.49975226996802075
R039_C075,2024,1.791759469228055,0,0,0,8.852897499702268e-05,True,True negative,0.499911471025003
R039_C076,2024,2.4849066497880004,0,0,0,0.008974292080567959,True,True negative,0.49102570791943206
R039_C077,2024,4.934473933130692,1,1,1,0.9999916332216712,True,True positive,0.4999916332216712
R039_C078,2024,3.332204510175204,0,1,1,0.7216193143239186,True,True positive,0.22161931432391857
R039_C079,2024,2.19722457733622,0,0,0,0.0013249536430650108,True,True negative,0.498675046356935
R039_C080,2024,1.6094379124341005,0,0,0,2.621007218088068e-05,True,True negative,0.4999737899278191
R039_C081,2024,2.8903717578961645,0,0,0,0.11948288041963083,True,True negative,0.38051711958036916
R039_C082,2024,2.079441541679836,0,0,0,0.0006039490586071061,True,True negative,0.4993960509413929
R039_C083,2024,2.079441541679836,0,0,0,0.0006039490586071061,True,True negative,0.4993960509413929
R039_C084,2024,2.5649493574615367,0,0,0,0.015217410607103852,True,True negative,0.48478258939289615
R039_C085,2024,0.6931471805599453,0,0,0,5.7767006900864226e-08,True,True negative,0.4999999422329931
R039_C086,2024,2.772588722239781,0,0,0,0.058211331684448954,True,True negative,0.441788668315551
R039_C087,2024,3.044522437723423,0,0,0,0.27524593511421913,True,True negative,0.22475406488578087
R039_C088,2024,4.653960350157523,1,1,1,0.9999455632864424,True,True positive,0.49994556328644235
R039_C089,2024,4.127134385045092,1,1,1,0.9981691193857279,True,True positive,0.49816911938572794
R039_C090,2024,4.0943445622221,1,1,1,0.9977220714665015,True,True positive,0.4977220714665015
R039_C091,2024,4.248495242049359,1,1,1,0.9991848941688489,True,True positive,0.4991848941688489
R039_C092,2024,1.9459101490553128,0,0,0,0.0002477300319792436,True,True negative,0.49975226996802075
R039_C093,2024,1.6094379124341005,0,0,0,2.621007218088068e-05,True,True negative,0.4999737899278191
R039_C094,2024,3.688879454113936,1,1,1,0.9669193992068,True,True positive,0.46691939920680003
R039_C095,2024,3.4339872044851463,0,1,1,0.8364500535624654,True,True positive,0.3364500535624654
R039_C096,2024,3.970291913552122,1,1,1,0.9948005288631603,True,True positive,0.4948005288631603
R039_C097,2024,2.302585092994046,0,0,0,0.002673672923127726,True,True negative,0.4973263270768723
R039_C098,2024,0.0,0,0,0,5.64791947838045e-10,True,True negative,0.49999999943520806
R039_C099,2024,1.3862943611198906,0,0,0,5.9083840806754096e-06,True,True negative,0.49999409161591934
R039_C100,2024,3.6375861597263857,1,1,1,0.9540303661236091,True,True positive,0.45403036612360914
R039_C101,2024,4.90527477843843,1,1,1,0.9999898323427167,True,True positive,0.49998983234271666
R039_C102,2024,2.639057329615259,0,0,0,0.024717696654622916,True,True negative,0.4752823033453771
R039_C103,2024,2.833213344056216,0,0,0,0.08479219087228605,True,True negative,0.41520780912771393
R039_C104,2024,2.5649493574615367,0,0,0,0.015217410607103852,True,True negative,0.48478258939289615
R039_C105,2024,0.0,0,0,0,5.64791947838045e-10,True,True negative,0.49999999943520806
R039_C106,2024,1.3862943611198906,0,0,0,5.9083840806754096e-06,True,True negative,0.49999409161591934
R039_C107,2024,0.0,0,0,0,5.64791947838045e-10,True,True negative,0.49999999943520806
R040_C023,2024,0.6931471805599453,0,0,0,5.7767006900864226e-08,True,True negative,0.4999999422329931
R040_C024,2024,1.0986122886681096,0,0,0,8.65629632656729e-07,True,True negative,0.49999913437036736
R040_C025,2024,2.302585092994046,0,0,0,0.002673672923127726,True,True negative,0.4973263270768723
R040_C026,2024,1.791759469228055,0,0,0,8.852897499702268e-05,True,True negative,0.499911471025003
R040_C027,2024,0.0,0,0,0,5.64791947838045e-10,True,True negative,0.49999999943520806
R040_C028,2024,1.9459101490553128,0,0,0,0.0002477300319792436,True,True negative,0.49975226996802075
R040_C029,2024,1.0986122886681096,0,0,0,8.65629632656729e-07,True,True negative,0.49999913437036736
R040_C030,2024,1.0986122886681096,0,0,0,8.65629632656729e-07,True,True negative,0.49999913437036736
R040_C031,2024,0.6931471805599453,0,0,0,5.7767006900864226e-08,True,True negative,0.4999999422329931
R040_C032,2024,0.6931471805599453,0,0,0,5.7767006900864226e-08,True,True negative,0.4999999422329931
R040_C033,2024,0.0,0,0,0,5.64791947838045e-10,True,True negative,0.49999999943520806
R040_C034,2024,0.0,0,0,0,5.64791947838045e-10,True,True negative,0.49999999943520806
R040_C035,2024,0.6931471805599453,0,0,0,5.7767006900864226e-08,True,True negative,0.4999999422329931
R040_C036,2024,1.3862943611198906,0,0,0,5.9083840806754096e-06,True,True negative,0.49999409161591934
R040_C037,2024,1.6094379124341005,0,0,0,2.621007218088068e-05,True,True negative,0.4999737899278191
R040_C038,2024,2.4849066497880004,0,0,0,0.008974292080567959,True,True negative,0.49102570791943206
R040_C039,2024,2.5649493574615367,0,0,0,0.015217410607103852,True,True negative,0.48478258939289615
R040_C040,2024,2.079441541679836,0,0,0,0.0006039490586071061,True,True negative,0.4993960509413929
R040_C041,2024,2.079441541679836,0,0,0,0.0006039490586071061,True,True negative,0.4993960509413929
R040_C042,2024,1.6094379124341005,0,0,0,2.621007218088068e-05,True,True negative,0.4999737899278191
R040_C043,2024,1.791759469228055,0,0,0,8.852897499702268e-05,True,True negative,0.499911471025003
R040_C044,2024,0.0,0,0,0,5.64791947838045e-10,True,True negative,0.49999999943520806
R040_C045,2024,0.6931471805599453,0,0,0,5.7767006900864226e-08,True,True negative,0.4999999422329931
R040_C046,2024,0.0,0,0,0,5.64791947838045e-10,True,True negative,0.49999999943520806
R040_C047,2024,0.6931471805599453,0,0,0,5.7767006900864226e-08,True,True negative,0.4999999422329931
R040_C049,2024,1.0986122886681096,0,0,0,8.65629632656729e-07,True,True negative,0.49999913437036736
R040_C050,2024,3.044522437723423,0,0,0,0.27524593511421913,True,True negative,0.22475406488578087
R040_C051,2024,0.6931471805599453,0,0,0,5.7767006900864226e-08,True,True negative,0.4999999422329931
R040_C052,2024,2.4849066497880004,0,0,0,0.008974292080567959,True,True negative,0.49102570791943206
R040_C053,2024,1.6094379124341005,0,0,0,2.621007218088068e-05,True,True negative,0.4999737899278191
R040_C054,2024,0.6931471805599453,0,0,0,5.7767006900864226e-08,True,True negative,0.4999999422329931
R040_C055,2024,0.0,0,0,0,5.64791947838045e-10,True,True negative,0.49999999943520806
R040_C056,2024,1.0986122886681096,0,0,0,8.65629632656729e-07,True,True negative,0.49999913437036736
R040_C057,2024,1.6094379124341005,0,0,0,2.621007218088068e-05,True,True negative,0.4999737899278191
R040_C058,2024,2.19722457733622,0,0,0,0.0013249536430650108,True,True negative,0.498675046356935
R040_C059,2024,2.19722457733622,0,0,0,0.0013249536430650108,True,True negative,0.498675046356935
R040_C060,2024,3.044522437723423,0,0,0,0.27524593511421913,True,True negative,0.22475406488578087
R040_C061,2024,1.9459101490553128,0,0,0,0.0002477300319792436,True,True negative,0.49975226996802075
R040_C062,2024,1.0986122886681096,0,0,0,8.65629632656729e-07,True,True negative,0.49999913437036736
R040_C063,2024,3.737669618283368,1,1,1,0.9758943929827445,True,True positive,0.4758943929827445
R040_C064,2024,2.079441541679836,0,0,0,0.0006039490586071061,True,True negative,0.4993960509413929
R040_C065,2024,2.3978952727983707,0,0,0,0.005039993971908603,True,True negative,0.49496000602809137
R040_C066,2024,1.6094379124341005,0,0,0,2.621007218088068e-05,True,True negative,0.4999737899278191
R040_C067,2024,1.0986122886681096,0,0,0,8.65629632656729e-07,True,True negative,0.49999913437036736
R040_C068,2024,1.0986122886681096,0,0,0,8.65629632656729e-07,True,True negative,0.49999913437036736
R040_C069,2024,1.6094379124341005,0,0,0,2.621007218088068e-05,True,True negative,0.4999737899278191
R040_C070,2024,1.791759469228055,0,0,0,8.852897499702268e-05,True,True negative,0.499911471025003
R040_C071,2024,1.791759469228055,0,0,0,8.852897499702268e-05,True,True negative,0.499911471025003
R040_C072,2024,1.3862943611198906,0,0,0,5.9083840806754096e-06,True,True negative,0.49999409161591934
R040_C073,2024,2.4849066497880004,0,0,0,0.008974292080567959,True,True negative,0.49102570791943206
R040_C074,2024,2.639057329615259,0,0,0,0.024717696654622916,True,True negative,0.4752823033453771
R040_C075,2024,1.791759469228055,0,0,0,8.852897499702268e-05,True,True negative,0.499911471025003
R040_C076,2024,2.8903717578961645,0,0,0,0.11948288041963083,True,True negative,0.38051711958036916
R040_C077,2024,2.4849066497880004,0,0,0,0.008974292080567959,True,True negative,0.49102570791943206
R040_C078,2024,0.6931471805599453,0,0,0,5.7767006900864226e-08,True,True negative,0.4999999422329931
R040_C079,2024,1.6094379124341005,0,0,0,2.621007218088068e-05,True,True negative,0.4999737899278191
R040_C080,2024,1.0986122886681096,0,0,0,8.65629632656729e-07,True,True negative,0.49999913437036736
R040_C081,2024,1.791759469228055,0,0,0,8.852897499702268e-05,True,True negative,0.499911471025003
R040_C082,2024,2.3978952727983707,0,0,0,0.005039993971908603,True,True negative,0.49496000602809137
R040_C083,2024,4.718498871295094,1,1,1,0.9999646190333087,True,True positive,0.4999646190333087
R040_C084,2024,1.9459101490553128,0,0,0,0.0002477300319792436,True,True negative,0.49975226996802075
R040_C085,2024,2.5649493574615367,0,0,0,0.015217410607103852,True,True negative,0.48478258939289615
R040_C086,2024,1.6094379124341005,0,0,0,2.621007218088068e-05,True,True negative,0.4999737899278191
R040_C087,2024,1.6094379124341005,0,0,0,2.621007218088068e-05,True,True negative,0.4999737899278191
R040_C088,2024,3.58351893845611,1,0,1,0.9353384081017577,False,False positive,0.4353384081017577
R040_C089,2024,2.995732273553991,0,0,0,0.21519187873111192,True,True negative,0.2848081212688881
R040_C090,2024,1.9459101490553128,0,0,0,0.0002477300319792436,True,True negative,0.49975226996802075
R040_C091,2024,3.912023005428146,1,1,1,0.9923468837478088,True,True positive,0.4923468837478088
R040_C092,2024,3.1354942159291497,0,0,0,0.41076471668164616,True,True negative,0.08923528331835384
R040_C093,2024,3.091042453358316,0,0,0,0.3412830017619351,True,True negative,0.1587169982380649
R040_C094,2024,3.5263605246161616,0,0,1,0.9045442124169463,False,False positive,0.40454421241694627
R040_C095,2024,3.258096538021482,0,0,1,0.612476721689788,False,False positive,0.11247672168978795
R040_C096,2024,3.828641396489095,1,1,1,0.9867219015643443,True,True positive,0.48672190156434425
R040_C097,2024,2.3978952727983707,0,0,0,0.005039993971908603,True,True negative,0.49496000602809137
R040_C098,2024,0.6931471805599453,0,0,0,5.7767006900864226e-08,True,True negative,0.4999999422329931
R040_C099,2024,1.0986122886681096,0,0,0,8.65629632656729e-07,True,True negative,0.49999913437036736
R040_C100,2024,1.0986122886681096,0,0,0,8.65629632656729e-07,True,True negative,0.49999913437036736
R040_C101,2024,2.995732273553991,0,0,0,0.21519187873111192,True,True negative,0.2848081212688881
R040_C102,2024,2.639057329615259,0,0,0,0.024717696654622916,True,True negative,0.4752823033453771
R040_C103,2024,3.332204510175204,0,0,1,0.7216193143239186,False,False positive,0.22161931432391857
R040_C104,2024,2.3978952727983707,0,0,0,0.005039993971908603,True,True negative,0.49496000602809137
R040_C105,2024,1.9459101490553128,0,0,0,0.0002477300319792436,True,True negative,0.49975226996802075
R040_C106,2024,0.0,0,0,0,5.64791947838045e-10,True,True negative,0.49999999943520806
R040_C107,2024,2.079441541679836,0,0,0,0.0006039490586071061,True,True negative,0.4993960509413929
R040_C108,2024,0.0,0,0,0,5.64791947838045e-10,True,True negative,0.49999999943520806
R040_C109,2024,1.0986122886681096,0,0,0,8.65629632656729e-07,True,True negative,0.49999913437036736
R040_C110,2024,2.9444389791664403,0,0,0,0.1629605820634127,True,True negative,0.3370394179365873
R041_C024,2024,0.0,0,0,0,5.64791947838045e-10,True,True negative,0.49999999943520806
R041_C025,2024,1.0986122886681096,0,0,0,8.65629632656729e-07,True,True negative,0.49999913437036736
R041_C026,2024,2.9444389791664403,0,0,0,0.1629605820634127,True,True negative,0.3370394179365873
R041_C027,2024,1.0986122886681096,0,0,0,8.65629632656729e-07,True,True negative,0.49999913437036736
R041_C028,2024,1.6094379124341005,0,0,0,2.621007218088068e-05,True,True negative,0.4999737899278191
R041_C029,2024,1.791759469228055,0,0,0,8.852897499702268e-05,True,True negative,0.499911471025003
R041_C030,2024,1.3862943611198906,0,0,0,5.9083840806754096e-06,True,True negative,0.49999409161591934
R041_C031,2024,1.3862943611198906,0,0,0,5.9083840806754096e-06,True,True negative,0.49999409161591934
R041_C032,2024,1.3862943611198906,0,0,0,5.9083840806754096e-06,True,True negative,0.49999409161591934
R041_C033,2024,1.3862943611198906,0,0,0,5.9083840806754096e-06,True,True negative,0.49999409161591934
R041_C034,2024,1.0986122886681096,0,0,0,8.65629632656729e-07,True,True negative,0.49999913437036736
R041_C035,2024,2.772588722239781,0,0,0,0.058211331684448954,True,True negative,0.441788668315551
R041_C036,2024,1.3862943611198906,0,0,0,5.9083840806754096e-06,True,True negative,0.49999409161591934
R041_C037,2024,1.6094379124341005,0,0,0,2.621007218088068e-05,True,True negative,0.4999737899278191
R041_C038,2024,1.0986122886681096,0,0,0,8.65629632656729e-07,True,True negative,0.49999913437036736
R041_C039,2024,1.791759469228055,0,0,0,8.852897499702268e-05,True,True negative,0.499911471025003
R041_C040,2024,0.0,0,0,0,5.64791947838045e-10,True,True negative,0.49999999943520806
R041_C041,2024,1.0986122886681096,0,0,0,8.65629632656729e-07,True,True negative,0.49999913437036736
R041_C043,2024,0.0,0,0,0,5.64791947838045e-10,True,True negative,0.49999999943520806
R041_C044,2024,0.0,0,0,0,5.64791947838045e-10,True,True negative,0.49999999943520806
R041_C045,2024,0.0,0,0,0,5.64791947838045e-10,True,True negative,0.49999999943520806
R041_C046,2024,2.079441541679836,0,0,0,0.0006039490586071061,True,True negative,0.4993960509413929
R041_C047,2024,0.0,0,0,0,5.64791947838045e-10,True,True negative,0.49999999943520806
R041_C048,2024,0.0,0,0,0,5.64791947838045e-10,True,True negative,0.49999999943520806
R041_C049,2024,0.0,0,0,0,5.64791947838045e-10,True,True negative,0.49999999943520806
R041_C050,2024,1.0986122886681096,0,0,0,8.65629632656729e-07,True,True negative,0.49999913437036736
R041_C051,2024,1.791759469228055,0,0,0,8.852897499702268e-05,True,True negative,0.499911471025003
R041_C052,2024,1.0986122886681096,0,0,0,8.65629632656729e-07,True,True negative,0.49999913437036736
R041_C053,2024,0.0,0,0,0,5.64791947838045e-10,True,True negative,0.49999999943520806
R041_C055,2024,0.6931471805599453,0,0,0,5.7767006900864226e-08,True,True negative,0.4999999422329931
R041_C056,2024,0.0,0,0,0,5.64791947838045e-10,True,True negative,0.49999999943520806
R041_C057,2024,0.6931471805599453,0,0,0,5.7767006900864226e-08,True,True negative,0.4999999422329931
R041_C058,2024,1.791759469228055,0,0,0,8.852897499702268e-05,True,True negative,0.499911471025003
R041_C059,2024,2.9444389791664403,0,0,0,0.1629605820634127,True,True negative,0.3370394179365873
R041_C060,2024,1.6094379124341005,0,0,0,2.621007218088068e-05,True,True negative,0.4999737899278191
R041_C061,2024,1.3862943611198906,0,0,0,5.9083840806754096e-06,True,True negative,0.49999409161591934
R041_C062,2024,2.19722457733622,0,0,0,0.0013249536430650108,True,True negative,0.498675046356935
R041_C063,2024,4.955827057601261,1,1,1,0.9999927448730197,True,True positive,0.4999927448730197
R041_C064,2024,4.02535169073515,1,1,1,0.9963941502682053,True,True positive,0.4963941502682053
R041_C065,2024,3.091042453358316,0,0,0,0.3412830017619351,True,True negative,0.1587169982380649
R041_C066,2024,1.791759469228055,0,0,0,8.852897499702268e-05,True,True negative,0.499911471025003
R041_C067,2024,2.302585092994046,0,0,0,0.002673672923127726,True,True negative,0.4973263270768723
R041_C068,2024,1.0986122886681096,0,0,0,8.65629632656729e-07,True,True negative,0.49999913437036736
R041_C069,2024,1.791759469228055,0,0,0,8.852897499702268e-05,True,True negative,0.499911471025003
R041_C070,2024,0.6931471805599453,0,0,0,5.7767006900864226e-08,True,True negative,0.4999999422329931
R041_C071,2024,0.0,0,0,0,5.64791947838045e-10,True,True negative,0.49999999943520806
R041_C072,2024,2.19722457733622,0,0,0,0.0013249536430650108,True,True negative,0.498675046356935
R041_C073,2024,1.0986122886681096,0,0,0,8.65629632656729e-07,True,True negative,0.49999913437036736
R041_C074,2024,1.791759469228055,0,0,0,8.852897499702268e-05,True,True negative,0.499911471025003
R041_C075,2024,1.3862943611198906,0,0,0,5.9083840806754096e-06,True,True negative,0.49999409161591934
R041_C076,2024,2.079441541679836,0,0,0,0.0006039490586071061,True,True negative,0.4993960509413929
R041_C077,2024,2.19722457733622,0,0,0,0.0013249536430650108,True,True negative,0.498675046356935
R041_C078,2024,2.302585092994046,0,0,0,0.002673672923127726,True,True negative,0.4973263270768723
R041_C079,2024,1.3862943611198906,0,0,0,5.9083840806754096e-06,True,True negative,0.49999409161591934
R041_C080,2024,1.3862943611198906,0,0,0,5.9083840806754096e-06,True,True negative,0.49999409161591934
R041_C081,2024,1.791759469228055,0,0,0,8.852897499702268e-05,True,True negative,0.499911471025003
R041_C082,2024,2.4849066497880004,0,0,0,0.008974292080567959,True,True negative,0.49102570791943206
R041_C083,2024,2.302585092994046,0,0,0,0.002673672923127726,True,True negative,0.4973263270768723
R041_C084,2024,1.0986122886681096,0,0,0,8.65629632656729e-07,True,True negative,0.49999913437036736
R041_C085,2024,2.079441541679836,0,0,0,0.0006039490586071061,True,True negative,0.4993960509413929
R041_C086,2024,2.3978952727983707,0,0,0,0.005039993971908603,True,True negative,0.49496000602809137
R041_C087,2024,2.19722457733622,0,0,0,0.0013249536430650108,True,True negative,0.498675046356935
R041_C088,2024,4.110873864173311,1,1,1,0.9979595944507355,True,True positive,0.49795959445073545
R041_C089,2024,2.3978952727983707,0,0,0,0.005039993971908603,True,True negative,0.49496000602809137
R041_C090,2024,0.6931471805599453,0,0,0,5.7767006900864226e-08,True,True negative,0.4999999422329931
R041_C091,2024,2.772588722239781,0,0,0,0.058211331684448954,True,True negative,0.441788668315551
R041_C092,2024,1.791759469228055,0,0,0,8.852897499702268e-05,True,True negative,0.499911471025003
R041_C093,2024,2.302585092994046,0,0,0,0.002673672923127726,True,True negative,0.4973263270768723
R041_C094,2024,1.6094379124341005,0,0,0,2.621007218088068e-05,True,True negative,0.4999737899278191
R041_C095,2024,1.9459101490553128,0,0,0,0.0002477300319792436,True,True negative,0.49975226996802075
R041_C096,2024,3.091042453358316,0,0,0,0.3412830017619351,True,True negative,0.1587169982380649
R041_C097,2024,1.3862943611198906,0,0,0,5.9083840806754096e-06,True,True negative,0.49999409161591934
R041_C098,2024,1.791759469228055,0,0,0,8.852897499702268e-05,True,True negative,0.499911471025003
R041_C099,2024,1.0986122886681096,0,0,0,8.65629632656729e-07,True,True negative,0.49999913437036736
R041_C100,2024,1.6094379124341005,0,0,0,2.621007218088068e-05,True,True negative,0.4999737899278191
R041_C101,2024,1.791759469228055,0,0,0,8.852897499702268e-05,True,True negative,0.499911471025003
R041_C102,2024,1.9459101490553128,0,0,0,0.0002477300319792436,True,True negative,0.49975226996802075
R041_C103,2024,2.8903717578961645,0,0,0,0.11948288041963083,True,True negative,0.38051711958036916
R041_C104,2024,2.772588722239781,0,0,0,0.058211331684448954,True,True negative,0.441788668315551
R041_C105,2024,2.079441541679836,0,0,0,0.0006039490586071061,True,True negative,0.4993960509413929
R041_C106,2024,1.0986122886681096,0,0,0,8.65629632656729e-07,True,True negative,0.49999913437036736
R041_C107,2024,1.9459101490553128,0,0,0,0.0002477300319792436,True,True negative,0.49975226996802075
R041_C108,2024,1.6094379124341005,0,0,0,2.621007218088068e-05,True,True negative,0.4999737899278191
R041_C109,2024,2.3978952727983707,0,0,0,0.005039993971908603,True,True negative,0.49496000602809137
R041_C110,2024,4.0943445622221,1,1,1,0.9977220714665015,True,True positive,0.4977220714665015
R041_C111,2024,1.6094379124341005,0,0,0,2.621007218088068e-05,True,True negative,0.4999737899278191
R042_C022,2024,0.6931471805599453,0,0,0,5.7767006900864226e-08,True,True negative,0.4999999422329931
R042_C023,2024,1.3862943611198906,0,0,0,5.9083840806754096e-06,True,True negative,0.49999409161591934
R042_C024,2024,0.6931471805599453,0,0,0,5.7767006900864226e-08,True,True negative,0.4999999422329931
R042_C025,2024,1.3862943611198906,0,0,0,5.9083840806754096e-06,True,True negative,0.49999409161591934
R042_C026,2024,1.6094379124341005,0,0,0,2.621007218088068e-05,True,True negative,0.4999737899278191
R042_C027,2024,0.0,0,0,0,5.64791947838045e-10,True,True negative,0.49999999943520806
R042_C028,2024,0.6931471805599453,0,0,0,5.7767006900864226e-08,True,True negative,0.4999999422329931
R042_C029,2024,1.0986122886681096,0,0,0,8.65629632656729e-07,True,True negative,0.49999913437036736
R042_C030,2024,0.0,0,0,0,5.64791947838045e-10,True,True negative,0.49999999943520806
R042_C032,2024,1.0986122886681096,0,0,0,8.65629632656729e-07,True,True negative,0.49999913437036736
R042_C033,2024,0.0,0,0,0,5.64791947838045e-10,True,True negative,0.49999999943520806
R042_C034,2024,1.0986122886681096,0,0,0,8.65629632656729e-07,True,True negative,0.49999913437036736
R042_C035,2024,2.772588722239781,0,0,0,0.058211331684448954,True,True negative,0.441788668315551
R042_C036,2024,1.3862943611198906,0,0,0,5.9083840806754096e-06,True,True negative,0.49999409161591934
R042_C037,2024,1.0986122886681096,0,0,0,8.65629632656729e-07,True,True negative,0.49999913437036736
R042_C038,2024,2.302585092994046,0,0,0,0.002673672923127726,True,True negative,0.4973263270768723
R042_C039,2024,1.791759469228055,0,0,0,8.852897499702268e-05,True,True negative,0.499911471025003
R042_C040,2024,0.6931471805599453,0,0,0,5.7767006900864226e-08,True,True negative,0.4999999422329931
R042_C041,2024,0.6931471805599453,0,0,0,5.7767006900864226e-08,True,True negative,0.4999999422329931
R042_C044,2024,0.0,0,0,0,5.64791947838045e-10,True,True negative,0.49999999943520806
R042_C045,2024,0.6931471805599453,0,0,0,5.7767006900864226e-08,True,True negative,0.4999999422329931
R042_C046,2024,1.6094379124341005,0,0,0,2.621007218088068e-05,True,True negative,0.4999737899278191
R042_C048,2024,0.6931471805599453,0,0,0,5.7767006900864226e-08,True,True negative,0.4999999422329931
R042_C049,2024,1.3862943611198906,0,0,0,5.9083840806754096e-06,True,True negative,0.49999409161591934
R042_C050,2024,1.3862943611198906,0,0,0,5.9083840806754096e-06,True,True negative,0.49999409161591934
R042_C052,2024,0.6931471805599453,0,0,0,5.7767006900864226e-08,True,True negative,0.4999999422329931
R042_C053,2024,1.0986122886681096,0,0,0,8.65629632656729e-07,True,True negative,0.49999913437036736
R042_C054,2024,0.6931471805599453,0,0,0,5.7767006900864226e-08,True,True negative,0.4999999422329931
R042_C055,2024,0.6931471805599453,0,0,0,5.7767006900864226e-08,True,True negative,0.4999999422329931
R042_C056,2024,0.0,0,0,0,5.64791947838045e-10,True,True negative,0.49999999943520806
R042_C057,2024,1.6094379124341005,0,0,0,2.621007218088068e-05,True,True negative,0.4999737899278191
R042_C058,2024,2.19722457733622,0,0,0,0.0013249536430650108,True,True negative,0.498675046356935
R042_C059,2024,2.079441541679836,0,0,0,0.0006039490586071061,True,True negative,0.4993960509413929
R042_C060,2024,0.6931471805599453,0,0,0,5.7767006900864226e-08,True,True negative,0.4999999422329931
R042_C061,2024,0.6931471805599453,0,0,0,5.7767006900864226e-08,True,True negative,0.4999999422329931
R042_C062,2024,1.9459101490553128,0,0,0,0.0002477300319792436,True,True negative,0.49975226996802075
R042_C063,2024,2.302585092994046,0,0,0,0.002673672923127726,True,True negative,0.4973263270768723
R042_C064,2024,3.7612001156935615,1,0,1,0.9793264211280307,False,False positive,0.4793264211280307
R042_C065,2024,4.770684624465665,1,1,1,0.9999750275711268,True,True positive,0.4999750275711268
R042_C066,2024,3.688879454113936,1,1,1,0.9669193992068,True,True positive,0.46691939920680003
R042_C067,2024,1.3862943611198906,0,0,0,5.9083840806754096e-06,True,True negative,0.49999409161591934
R042_C068,2024,1.6094379124341005,0,0,0,2.621007218088068e-05,True,True negative,0.4999737899278191
R042_C069,2024,0.6931471805599453,0,0,0,5.7767006900864226e-08,True,True negative,0.4999999422329931
R042_C070,2024,1.9459101490553128,0,0,0,0.0002477300319792436,True,True negative,0.49975226996802075
R042_C071,2024,0.0,0,0,0,5.64791947838045e-10,True,True negative,0.49999999943520806
R042_C072,2024,1.0986122886681096,0,0,0,8.65629632656729e-07,True,True negative,0.49999913437036736
R042_C073,2024,1.0986122886681096,0,0,0,8.65629632656729e-07,True,True negative,0.49999913437036736
R042_C074,2024,1.3862943611198906,0,0,0,5.9083840806754096e-06,True,True negative,0.49999409161591934
R042_C075,2024,0.6931471805599453,0,0,0,5.7767006900864226e-08,True,True negative,0.4999999422329931
R042_C076,2024,0.6931471805599453,0,0,0,5.7767006900864226e-08,True,True negative,0.4999999422329931
R042_C077,2024,0.6931471805599453,0,0,0,5.7767006900864226e-08,True,True negative,0.4999999422329931
R042_C078,2024,3.4657359027997265,0,1,1,0.8634228435842332,True,True positive,0.36342284358423316
R042_C079,2024,2.19722457733622,0,0,0,0.0013249536430650108,True,True negative,0.498675046356935
R042_C080,2024,0.6931471805599453,0,0,0,5.7767006900864226e-08,True,True negative,0.4999999422329931
R042_C081,2024,0.6931471805599453,0,0,0,5.7767006900864226e-08,True,True negative,0.4999999422329931
R042_C082,2024,0.6931471805599453,0,0,0,5.7767006900864226e-08,True,True negative,0.4999999422329931
R042_C083,2024,1.3862943611198906,0,0,0,5.9083840806754096e-06,True,True negative,0.49999409161591934
R042_C084,2024,1.6094379124341005,0,0,0,2.621007218088068e-05,True,True negative,0.4999737899278191
R042_C085,2024,2.8903717578961645,0,0,0,0.11948288041963083,True,True negative,0.38051711958036916
R042_C086,2024,3.044522437723423,0,0,0,0.27524593511421913,True,True negative,0.22475406488578087
R042_C087,2024,4.934473933130692,1,1,1,0.9999916332216712,True,True positive,0.4999916332216712
R042_C088,2024,5.697093486505405,1,1,1,0.9999999485560607,True,True positive,0.49999994855606067
R042_C089,2024,3.9318256327243257,1,1,1,0.9932883069425963,True,True positive,0.4932883069425963
R042_C090,2024,0.6931471805599453,0,0,0,5.7767006900864226e-08,True,True negative,0.4999999422329931
R042_C091,2024,4.262679877041316,1,1,1,0.9992584893215176,True,True positive,0.4992584893215176
R042_C092,2024,3.367295829986474,0,0,1,0.7661666921380098,False,False positive,0.2661666921380098
R042_C093,2024,1.3862943611198906,0,0,0,5.9083840806754096e-06,True,True negative,0.49999409161591934
R042_C094,2024,1.9459101490553128,0,0,0,0.0002477300319792436,True,True negative,0.49975226996802075
R042_C095,2024,1.0986122886681096,0,0,0,8.65629632656729e-07,True,True negative,0.49999913437036736
R042_C096,2024,3.5263605246161616,0,0,1,0.9045442124169463,False,False positive,0.40454421241694627
R042_C097,2024,3.737669618283368,1,1,1,0.9758943929827445,True,True positive,0.4758943929827445
R042_C098,2024,2.772588722239781,0,0,0,0.058211331684448954,True,True negative,0.441788668315551
R042_C099,2024,2.772588722239781,0,0,0,0.058211331684448954,True,True negative,0.441788668315551
R042_C100,2024,1.3862943611198906,0,0,0,5.9083840806754096e-06,True,True negative,0.49999409161591934
R042_C101,2024,2.70805020110221,0,0,0,0.038620547826229264,True,True negative,0.46137945217377074
R042_C102,2024,3.8918202981106265,1,1,1,0.9912514373761554,True,True positive,0.4912514373761554
R042_C103,2024,0.6931471805599453,0,0,0,5.7767006900864226e-08,True,True negative,0.4999999422329931
R042_C104,2024,2.8903717578961645,0,0,0,0.11948288041963083,True,True negative,0.38051711958036916
R042_C105,2024,3.295836866004329,0,0,1,0.6703357251318038,False,False positive,0.17033572513180384
R042_C106,2024,4.04305126783455,1,1,1,0.9967947494132563,True,True positive,0.4967947494132563
R042_C107,2024,4.060443010546419,1,1,1,0.9971451257742328,True,True positive,0.49714512577423275
R042_C108,2024,2.772588722239781,0,0,0,0.058211331684448954,True,True negative,0.441788668315551
R042_C109,2024,3.044522437723423,0,0,0,0.27524593511421913,True,True negative,0.22475406488578087
R042_C110,2024,2.302585092994046,0,0,0,0.002673672923127726,True,True negative,0.4973263270768723
R042_C111,2024,2.3978952727983707,0,0,0,0.005039993971908603,True,True negative,0.49496000602809137
R042_C112,2024,1.3862943611198906,0,0,0,5.9083840806754096e-06,True,True negative,0.49999409161591934
R043_C022,2024,1.0986122886681096,0,0,0,8.65629632656729e-07,True,True negative,0.49999913437036736
R043_C025,2024,1.0986122886681096,0,0,0,8.65629632656729e-07,True,True negative,0.49999913437036736
R043_C026,2024,0.6931471805599453,0,0,0,5.7767006900864226e-08,True,True negative,0.4999999422329931
R043_C028,2024,0.0,0,0,0,5.64791947838045e-10,True,True negative,0.49999999943520806
R043_C029,2024,0.0,0,0,0,5.64791947838045e-10,True,True negative,0.49999999943520806
R043_C030,2024,0.0,0,0,0,5.64791947838045e-10,True,True negative,0.49999999943520806
R043_C031,2024,0.6931471805599453,0,0,0,5.7767006900864226e-08,True,True negative,0.4999999422329931
R043_C032,2024,0.6931471805599453,0,0,0,5.7767006900864226e-08,True,True negative,0.4999999422329931
R043_C034,2024,1.6094379124341005,0,0,0,2.621007218088068e-05,True,True negative,0.4999737899278191
R043_C035,2024,1.0986122886681096,0,0,0,8.65629632656729e-07,True,True negative,0.49999913437036736
R043_C038,2024,0.0,0,0,0,5.64791947838045e-10,True,True negative,0.49999999943520806
R043_C039,2024,0.6931471805599453,0,0,0,5.7767006900864226e-08,True,True negative,0.4999999422329931
R043_C040,2024,1.3862943611198906,0,0,0,5.9083840806754096e-06,True,True negative,0.49999409161591934
R043_C041,2024,0.6931471805599453,0,0,0,5.7767006900864226e-08,True,True negative,0.4999999422329931
R043_C042,2024,0.6931471805599453,0,0,0,5.7767006900864226e-08,True,True negative,0.4999999422329931
R043_C043,2024,0.0,0,0,0,5.64791947838045e-10,True,True negative,0.49999999943520806
R043_C044,2024,1.0986122886681096,0,0,0,8.65629632656729e-07,True,True negative,0.49999913437036736
R043_C045,2024,0.6931471805599453,0,0,0,5.7767006900864226e-08,True,True negative,0.4999999422329931
R043_C046,2024,1.6094379124341005,0,0,0,2.621007218088068e-05,True,True negative,0.4999737899278191
R043_C047,2024,2.5649493574615367,0,0,0,0.015217410607103852,True,True negative,0.48478258939289615
R043_C048,2024,2.079441541679836,0,0,0,0.0006039490586071061,True,True negative,0.4993960509413929
R043_C049,2024,1.3862943611198906,0,0,0,5.9083840806754096e-06,True,True negative,0.49999409161591934
R043_C050,2024,0.6931471805599453,0,0,0,5.7767006900864226e-08,True,True negative,0.4999999422329931
R043_C052,2024,0.0,0,0,0,5.64791947838045e-10,True,True negative,0.49999999943520806
R043_C053,2024,0.6931471805599453,0,0,0,5.7767006900864226e-08,True,True negative,0.4999999422329931
R043_C054,2024,1.791759469228055,0,0,0,8.852897499702268e-05,True,True negative,0.499911471025003
R043_C055,2024,0.6931471805599453,0,0,0,5.7767006900864226e-08,True,True negative,0.4999999422329931
R043_C056,2024,0.6931471805599453,0,0,0,5.7767006900864226e-08,True,True negative,0.4999999422329931
R043_C057,2024,1.0986122886681096,0,0,0,8.65629632656729e-07,True,True negative,0.49999913437036736
R043_C058,2024,0.6931471805599453,0,0,0,5.7767006900864226e-08,True,True negative,0.4999999422329931
R043_C059,2024,2.4849066497880004,0,0,0,0.008974292080567959,True,True negative,0.49102570791943206
R043_C060,2024,2.4849066497880004,0,0,0,0.008974292080567959,True,True negative,0.49102570791943206
R043_C061,2024,2.3978952727983707,0,0,0,0.005039993971908603,True,True negative,0.49496000602809137
R043_C062,2024,1.3862943611198906,0,0,0,5.9083840806754096e-06,True,True negative,0.49999409161591934
R043_C063,2024,0.0,0,0,0,5.64791947838045e-10,True,True negative,0.49999999943520806
R043_C064,2024,2.19722457733622,0,0,0,0.0013249536430650108,True,True negative,0.498675046356935
R043_C065,2024,2.639057329615259,0,0,0,0.024717696654622916,True,True negative,0.4752823033453771
R043_C066,2024,2.772588722239781,0,0,0,0.058211331684448954,True,True negative,0.441788668315551
R043_C067,2024,1.6094379124341005,0,0,0,2.621007218088068e-05,True,True negative,0.4999737899278191
R043_C068,2024,0.0,0,0,0,5.64791947838045e-10,True,True negative,0.49999999943520806
R043_C069,2024,1.791759469228055,0,0,0,8.852897499702268e-05,True,True negative,0.499911471025003
R043_C070,2024,2.19722457733622,0,0,0,0.0013249536430650108,True,True negative,0.498675046356935
R043_C071,2024,1.3862943611198906,0,0,0,5.9083840806754096e-06,True,True negative,0.49999409161591934
R043_C072,2024,1.0986122886681096,0,0,0,8.65629632656729e-07,True,True negative,0.49999913437036736
R043_C073,2024,1.791759469228055,0,0,0,8.852897499702268e-05,True,True negative,0.499911471025003
R043_C074,2024,1.6094379124341005,0,0,0,2.621007218088068e-05,True,True negative,0.4999737899278191
R043_C075,2024,1.0986122886681096,0,0,0,8.65629632656729e-07,True,True negative,0.49999913437036736
R043_C076,2024,1.0986122886681096,0,0,0,8.65629632656729e-07,True,True negative,0.49999913437036736
R043_C077,2024,2.079441541679836,0,0,0,0.0006039490586071061,True,True negative,0.4993960509413929
R043_C078,2024,1.3862943611198906,0,0,0,5.9083840806754096e-06,True,True negative,0.49999409161591934
R043_C079,2024,0.6931471805599453,0,0,0,5.7767006900864226e-08,True,True negative,0.4999999422329931
R043_C080,2024,1.3862943611198906,0,0,0,5.9083840806754096e-06,True,True negative,0.49999409161591934
R043_C081,2024,1.3862943611198906,0,0,0,5.9083840806754096e-06,True,True negative,0.49999409161591934
R043_C082,2024,1.6094379124341005,0,0,0,2.621007218088068e-05,True,True negative,0.4999737899278191
R043_C083,2024,0.6931471805599453,0,0,0,5.7767006900864226e-08,True,True negative,0.4999999422329931
R043_C084,2024,2.079441541679836,0,0,0,0.0006039490586071061,True,True negative,0.4993960509413929
R043_C085,2024,3.6375861597263857,1,0,1,0.9540303661236091,False,False positive,0.45403036612360914
R043_C086,2024,2.4849066497880004,0,0,0,0.008974292080567959,True,True negative,0.49102570791943206
R043_C087,2024,3.9889840465642745,1,1,1,0.9954077445379951,True,True positive,0.4954077445379951
R043_C088,2024,2.8903717578961645,0,0,0,0.11948288041963083,True,True negative,0.38051711958036916
R043_C089,2024,1.9459101490553128,0,0,0,0.0002477300319792436,True,True negative,0.49975226996802075
R043_C090,2024,3.784189633918261,1,1,1,0.9822157075581223,True,True positive,0.48221570755812226
R043_C091,2024,3.737669618283368,1,1,1,0.9758943929827445,True,True positive,0.4758943929827445
R043_C092,2024,2.4849066497880004,0,0,0,0.008974292080567959,True,True negative,0.49102570791943206
R043_C093,2024,1.3862943611198906,0,0,0,5.9083840806754096e-06,True,True negative,0.49999409161591934
R043_C094,2024,2.70805020110221,0,0,0,0.038620547826229264,True,True negative,0.46137945217377074
R043_C095,2024,0.6931471805599453,0,0,0,5.7767006900864226e-08,True,True negative,0.4999999422329931
R043_C096,2024,0.0,0,0,0,5.64791947838045e-10,True,True negative,0.49999999943520806
R043_C097,2024,2.3978952727983707,0,0,0,0.005039993971908603,True,True negative,0.49496000602809137
R043_C098,2024,0.6931471805599453,0,0,0,5.7767006900864226e-08,True,True negative,0.4999999422329931
R043_C099,2024,1.6094379124341005,0,0,0,2.621007218088068e-05,True,True negative,0.4999737899278191
R043_C100,2024,0.0,0,0,0,5.64791947838045e-10,True,True negative,0.49999999943520806
R043_C101,2024,1.6094379124341005,0,0,0,2.621007218088068e-05,True,True negative,0.4999737899278191
R043_C102,2024,2.4849066497880004,0,0,0,0.008974292080567959,True,True negative,0.49102570791943206
R043_C103,2024,0.6931471805599453,0,0,0,5.7767006900864226e-08,True,True negative,0.4999999422329931
R043_C104,2024,1.9459101490553128,0,0,0,0.0002477300319792436,True,True negative,0.49975226996802075
R043_C105,2024,1.9459101490553128,0,0,0,0.0002477300319792436,True,True negative,0.49975226996802075
R043_C106,2024,4.204692619390966,1,1,1,0.9989083078834317,True,True positive,0.49890830788343166
R043_C107,2024,3.737669618283368,1,1,1,0.9758943929827445,True,True positive,0.4758943929827445
R043_C108,2024,1.791759469228055,0,0,0,8.852897499702268e-05,True,True negative,0.499911471025003
R043_C109,2024,1.791759469228055,0,0,0,8.852897499702268e-05,True,True negative,0.499911471025003
R043_C110,2024,2.19722457733622,0,0,0,0.0013249536430650108,True,True negative,0.498675046356935
R043_C111,2024,0.6931471805599453,0,0,0,5.7767006900864226e-08,True,True negative,0.4999999422329931
R044_C023,2024,0.0,0,0,0,5.64791947838045e-10,True,True negative,0.49999999943520806
R044_C024,2024,0.0,0,0,0,5.64791947838045e-10,True,True negative,0.49999999943520806
R044_C025,2024,2.19722457733622,0,0,0,0.0013249536430650108,True,True negative,0.498675046356935
R044_C026,2024,0.0,0,0,0,5.64791947838045e-10,True,True negative,0.49999999943520806
R044_C027,2024,0.0,0,0,0,5.64791947838045e-10,True,True negative,0.49999999943520806
R044_C028,2024,1.0986122886681096,0,0,0,8.65629632656729e-07,True,True negative,0.49999913437036736
R044_C030,2024,1.3862943611198906,0,0,0,5.9083840806754096e-06,True,True negative,0.49999409161591934
R044_C031,2024,0.6931471805599453,0,0,0,5.7767006900864226e-08,True,True negative,0.4999999422329931
R044_C032,2024,0.0,0,0,0,5.64791947838045e-10,True,True negative,0.49999999943520806
R044_C033,2024,1.0986122886681096,0,0,0,8.65629632656729e-07,True,True negative,0.49999913437036736
R044_C034,2024,1.6094379124341005,0,0,0,2.621007218088068e-05,True,True negative,0.4999737899278191
R044_C035,2024,0.0,0,0,0,5.64791947838045e-10,True,True negative,0.49999999943520806
R044_C036,2024,1.3862943611198906,0,0,0,5.9083840806754096e-06,True,True negative,0.49999409161591934
R044_C039,2024,0.0,0,0,0,5.64791947838045e-10,True,True negative,0.49999999943520806
R044_C040,2024,0.0,0,0,0,5.64791947838045e-10,True,True negative,0.49999999943520806
R044_C041,2024,0.6931471805599453,0,0,0,5.7767006900864226e-08,True,True negative,0.4999999422329931
R044_C042,2024,1.791759469228055,0,0,0,8.852897499702268e-05,True,True negative,0.499911471025003
R044_C043,2024,0.6931471805599453,0,0,0,5.7767006900864226e-08,True,True negative,0.4999999422329931
R044_C044,2024,0.6931471805599453,0,0,0,5.7767006900864226e-08,True,True negative,0.4999999422329931
R044_C045,2024,0.0,0,0,0,5.64791947838045e-10,True,True negative,0.49999999943520806
R044_C047,2024,1.3862943611198906,0,0,0,5.9083840806754096e-06,True,True negative,0.49999409161591934
R044_C048,2024,1.3862943611198906,0,0,0,5.9083840806754096e-06,True,True negative,0.49999409161591934
R044_C049,2024,1.9459101490553128,0,0,0,0.0002477300319792436,True,True negative,0.49975226996802075
R044_C050,2024,1.6094379124341005,0,0,0,2.621007218088068e-05,True,True negative,0.4999737899278191
R044_C052,2024,0.0,0,0,0,5.64791947838045e-10,True,True negative,0.49999999943520806
R044_C053,2024,0.0,0,0,0,5.64791947838045e-10,True,True negative,0.49999999943520806
R044_C054,2024,0.0,0,0,0,5.64791947838045e-10,True,True negative,0.49999999943520806
R044_C055,2024,1.3862943611198906,0,0,0,5.9083840806754096e-06,True,True negative,0.49999409161591934
R044_C056,2024,1.9459101490553128,0,0,0,0.0002477300319792436,True,True negative,0.49975226996802075
R044_C057,2024,0.6931471805599453,0,0,0,5.7767006900864226e-08,True,True negative,0.4999999422329931
R044_C058,2024,0.0,0,0,0,5.64791947838045e-10,True,True negative,0.49999999943520806
R044_C059,2024,0.6931471805599453,0,0,0,5.7767006900864226e-08,True,True negative,0.4999999422329931
R044_C060,2024,0.0,0,0,0,5.64791947838045e-10,True,True negative,0.49999999943520806
R044_C061,2024,1.0986122886681096,0,0,0,8.65629632656729e-07,True,True negative,0.49999913437036736
R044_C062,2024,2.079441541679836,0,0,0,0.0006039490586071061,True,True negative,0.4993960509413929
R044_C063,2024,1.0986122886681096,0,0,0,8.65629632656729e-07,True,True negative,0.49999913437036736
R044_C064,2024,2.19722457733622,0,0,0,0.0013249536430650108,True,True negative,0.498675046356935
R044_C065,2024,3.367295829986474,0,0,1,0.7661666921380098,False,False positive,0.2661666921380098
R044_C066,2024,2.079441541679836,0,0,0,0.0006039490586071061,True,True negative,0.4993960509413929
R044_C067,2024,1.3862943611198906,0,0,0,5.9083840806754096e-06,True,True negative,0.49999409161591934
R044_C068,2024,1.0986122886681096,0,0,0,8.65629632656729e-07,True,True negative,0.49999913437036736
R044_C069,2024,1.6094379124341005,0,0,0,2.621007218088068e-05,True,True negative,0.4999737899278191
R044_C070,2024,1.3862943611198906,0,0,0,5.9083840806754096e-06,True,True negative,0.49999409161591934
R044_C071,2024,2.302585092994046,0,0,0,0.002673672923127726,True,True negative,0.4973263270768723
R044_C072,2024,1.3862943611198906,0,0,0,5.9083840806754096e-06,True,True negative,0.49999409161591934
R044_C073,2024,1.9459101490553128,0,0,0,0.0002477300319792436,True,True negative,0.49975226996802075
R044_C074,2024,1.6094379124341005,0,0,0,2.621007218088068e-05,True,True negative,0.4999737899278191
R044_C075,2024,0.0,0,0,0,5.64791947838045e-10,True,True negative,0.49999999943520806
R044_C076,2024,1.6094379124341005,0,0,0,2.621007218088068e-05,True,True negative,0.4999737899278191
R044_C077,2024,0.6931471805599453,0,0,0,5.7767006900864226e-08,True,True negative,0.4999999422329931
R044_C078,2024,2.302585092994046,0,0,0,0.002673672923127726,True,True negative,0.4973263270768723
R044_C079,2024,0.6931471805599453,0,0,0,5.7767006900864226e-08,True,True negative,0.4999999422329931
R044_C080,2024,2.079441541679836,0,0,0,0.0006039490586071061,True,True negative,0.4993960509413929
R044_C081,2024,2.19722457733622,0,0,0,0.0013249536430650108,True,True negative,0.498675046356935
R044_C082,2024,1.9459101490553128,0,0,0,0.0002477300319792436,True,True negative,0.49975226996802075
R044_C083,2024,2.70805020110221,0,0,0,0.038620547826229264,True,True negative,0.46137945217377074
R044_C084,2024,3.6375861597263857,1,1,1,0.9540303661236091,True,True positive,0.45403036612360914
R044_C085,2024,2.5649493574615367,0,0,0,0.015217410607103852,True,True negative,0.48478258939289615
R044_C086,2024,1.6094379124341005,0,0,0,2.621007218088068e-05,True,True negative,0.4999737899278191
R044_C087,2024,3.4657359027997265,0,0,1,0.8634228435842332,False,False positive,0.36342284358423316
R044_C088,2024,2.5649493574615367,0,0,0,0.015217410607103852,True,True negative,0.48478258939289615
R044_C089,2024,1.3862943611198906,0,0,0,5.9083840806754096e-06,True,True negative,0.49999409161591934
R044_C090,2024,2.302585092994046,0,0,0,0.002673672923127726,True,True negative,0.4973263270768723
R044_C091,2024,3.784189633918261,1,1,1,0.9822157075581223,True,True positive,0.48221570755812226
R044_C092,2024,1.791759469228055,0,0,0,8.852897499702268e-05,True,True negative,0.499911471025003
R044_C093,2024,1.0986122886681096,0,0,0,8.65629632656729e-07,True,True negative,0.49999913437036736
R044_C094,2024,0.0,0,0,0,5.64791947838045e-10,True,True negative,0.49999999943520806
R044_C095,2024,0.6931471805599453,0,0,0,5.7767006900864226e-08,True,True negative,0.4999999422329931
R044_C096,2024,1.0986122886681096,0,0,0,8.65629632656729e-07,True,True negative,0.49999913437036736
R044_C097,2024,2.19722457733622,0,0,0,0.0013249536430650108,True,True negative,0.498675046356935
R044_C098,2024,1.0986122886681096,0,0,0,8.65629632656729e-07,True,True negative,0.49999913437036736
R044_C099,2024,1.6094379124341005,0,0,0,2.621007218088068e-05,True,True negative,0.4999737899278191
R044_C100,2024,1.6094379124341005,0,0,0,2.621007218088068e-05,True,True negative,0.4999737899278191
R044_C101,2024,0.6931471805599453,0,0,0,5.7767006900864226e-08,True,True negative,0.4999999422329931
R044_C102,2024,1.6094379124341005,0,0,0,2.621007218088068e-05,True,True negative,0.4999737899278191
R044_C103,2024,2.70805020110221,0,0,0,0.038620547826229264,True,True negative,0.46137945217377074
R044_C104,2024,1.0986122886681096,0,0,0,8.65629632656729e-07,True,True negative,0.49999913437036736
R044_C105,2024,1.9459101490553128,0,0,0,0.0002477300319792436,True,True negative,0.49975226996802075
R044_C106,2024,1.3862943611198906,0,0,0,5.9083840806754096e-06,True,True negative,0.49999409161591934
R044_C107,2024,2.079441541679836,0,0,0,0.0006039490586071061,True,True negative,0.4993960509413929
R044_C108,2024,2.70805020110221,0,0,0,0.038620547826229264,True,True negative,0.46137945217377074
R044_C109,2024,2.4849066497880004,0,0,0,0.008974292080567959,True,True negative,0.49102570791943206
R044_C110,2024,0.6931471805599453,0,0,0,5.7767006900864226e-08,True,True negative,0.4999999422329931
R044_C111,2024,2.70805020110221,0,0,0,0.038620547826229264,True,True negative,0.46137945217377074
R044_C112,2024,2.3978952727983707,0,0,0,0.005039993971908603,True,True negative,0.49496000602809137
R044_C113,2024,1.0986122886681096,0,0,0,8.65629632656729e-07,True,True negative,0.49999913437036736
R045_C025,2024,0.6931471805599453,0,0,0,5.7767006900864226e-08,True,True negative,0.4999999422329931
R045_C026,2024,1.0986122886681096,0,0,0,8.65629632656729e-07,True,True negative,0.49999913437036736
R045_C027,2024,1.0986122886681096,0,0,0,8.65629632656729e-07,True,True negative,0.49999913437036736
R045_C028,2024,0.0,0,0,0,5.64791947838045e-10,True,True negative,0.49999999943520806
R045_C029,2024,0.0,0,0,0,5.64791947838045e-10,True,True negative,0.49999999943520806
R045_C030,2024,0.0,0,0,0,5.64791947838045e-10,True,True negative,0.49999999943520806
R045_C031,2024,0.6931471805599453,0,0,0,5.7767006900864226e-08,True,True negative,0.4999999422329931
R045_C032,2024,0.6931471805599453,0,0,0,5.7767006900864226e-08,True,True negative,0.4999999422329931
R045_C033,2024,0.0,0,0,0,5.64791947838045e-10,True,True negative,0.49999999943520806
R045_C034,2024,1.3862943611198906,0,0,0,5.9083840806754096e-06,True,True negative,0.49999409161591934
R045_C035,2024,1.791759469228055,0,0,0,8.852897499702268e-05,True,True negative,0.499911471025003
R045_C036,2024,1.0986122886681096,0,0,0,8.65629632656729e-07,True,True negative,0.49999913437036736
R045_C037,2024,0.0,0,0,0,5.64791947838045e-10,True,True negative,0.49999999943520806
R045_C038,2024,1.0986122886681096,0,0,0,8.65629632656729e-07,True,True negative,0.49999913437036736
R045_C039,2024,0.0,0,0,0,5.64791947838045e-10,True,True negative,0.49999999943520806
R045_C040,2024,0.6931471805599453,0,0,0,5.7767006900864226e-08,True,True negative,0.4999999422329931
R045_C041,2024,0.0,0,0,0,5.64791947838045e-10,True,True negative,0.49999999943520806
R045_C042,2024,0.6931471805599453,0,0,0,5.7767006900864226e-08,True,True negative,0.4999999422329931
R045_C043,2024,0.0,0,0,0,5.64791947838045e-10,True,True negative,0.49999999943520806
R045_C044,2024,0.0,0,0,0,5.64791947838045e-10,True,True negative,0.49999999943520806
R045_C047,2024,0.0,0,0,0,5.64791947838045e-10,True,True negative,0.49999999943520806
R045_C048,2024,0.0,0,0,0,5.64791947838045e-10,True,True negative,0.49999999943520806
R045_C049,2024,1.6094379124341005,0,0,0,2.621007218088068e-05,True,True negative,0.4999737899278191
R045_C050,2024,1.3862943611198906,0,0,0,5.9083840806754096e-06,True,True negative,0.49999409161591934
R045_C051,2024,0.6931471805599453,0,0,0,5.7767006900864226e-08,True,True negative,0.4999999422329931
R045_C052,2024,0.0,0,0,0,5.64791947838045e-10,True,True negative,0.49999999943520806
R045_C053,2024,0.0,0,0,0,5.64791947838045e-10,True,True negative,0.49999999943520806
R045_C054,2024,1.0986122886681096,0,0,0,8.65629632656729e-07,True,True negative,0.49999913437036736
R045_C055,2024,0.6931471805599453,0,0,0,5.7767006900864226e-08,True,True negative,0.4999999422329931
R045_C056,2024,2.19722457733622,0,0,0,0.0013249536430650108,True,True negative,0.498675046356935
R045_C057,2024,3.58351893845611,1,0,1,0.9353384081017577,False,False positive,0.4353384081017577
R045_C058,2024,1.0986122886681096,0,0,0,8.65629632656729e-07,True,True negative,0.49999913437036736
R045_C059,2024,0.6931471805599453,0,0,0,5.7767006900864226e-08,True,True negative,0.4999999422329931
R045_C060,2024,1.0986122886681096,0,0,0,8.65629632656729e-07,True,True negative,0.49999913437036736
R045_C061,2024,1.791759469228055,0,0,0,8.852897499702268e-05,True,True negative,0.499911471025003
R045_C062,2024,0.6931471805599453,0,0,0,5.7767006900864226e-08,True,True negative,0.4999999422329931
R045_C063,2024,0.6931471805599453,0,0,0,5.7767006900864226e-08,True,True negative,0.4999999422329931
R045_C064,2024,1.9459101490553128,0,0,0,0.0002477300319792436,True,True negative,0.49975226996802075
R045_C065,2024,1.791759469228055,0,0,0,8.852897499702268e-05,True,True negative,0.499911471025003
R045_C066,2024,0.6931471805599453,0,0,0,5.7767006900864226e-08,True,True negative,0.4999999422329931
R045_C067,2024,1.9459101490553128,0,0,0,0.0002477300319792436,True,True negative,0.49975226996802075
R045_C068,2024,1.791759469228055,0,0,0,8.852897499702268e-05,True,True negative,0.499911471025003
R045_C069,2024,2.639057329615259,0,0,0,0.024717696654622916,True,True negative,0.4752823033453771
R045_C070,2024,1.0986122886681096,0,0,0,8.65629632656729e-07,True,True negative,0.49999913437036736
R045_C071,2024,1.6094379124341005,0,0,0,2.621007218088068e-05,True,True negative,0.4999737899278191
R045_C072,2024,0.0,0,0,0,5.64791947838045e-10,True,True negative,0.49999999943520806
R045_C073,2024,1.0986122886681096,0,0,0,8.65629632656729e-07,True,True negative,0.49999913437036736
R045_C074,2024,1.3862943611198906,0,0,0,5.9083840806754096e-06,True,True negative,0.49999409161591934
R045_C075,2024,2.079441541679836,0,0,0,0.0006039490586071061,True,True negative,0.4993960509413929
R045_C076,2024,2.3978952727983707,0,0,0,0.005039993971908603,True,True negative,0.49496000602809137
R045_C077,2024,1.3862943611198906,0,0,0,5.9083840806754096e-06,True,True negative,0.49999409161591934
R045_C078,2024,2.8903717578961645,0,0,0,0.11948288041963083,True,True negative,0.38051711958036916
R045_C079,2024,1.0986122886681096,0,0,0,8.65629632656729e-07,True,True negative,0.49999913437036736
R045_C080,2024,1.9459101490553128,0,0,0,0.0002477300319792436,True,True negative,0.49975226996802075
R045_C081,2024,1.791759469228055,0,0,0,8.852897499702268e-05,True,True negative,0.499911471025003
R045_C082,2024,0.0,0,0,0,5.64791947838045e-10,True,True negative,0.49999999943520806
R045_C083,2024,3.80666248977032,1,1,1,0.9846554694251088,True,True positive,0.48465546942510884
R045_C084,2024,4.605170185988092,1,1,1,0.9999246035912273,True,True positive,0.49992460359122726
R045_C085,2024,3.332204510175204,0,0,1,0.7216193143239186,False,False positive,0.22161931432391857
R045_C086,2024,3.5263605246161616,0,1,1,0.9045442124169463,True,True positive,0.40454421241694627
R045_C087,2024,3.091042453358316,0,0,0,0.3412830017619351,True,True negative,0.1587169982380649
R045_C088,2024,2.995732273553991,0,0,0,0.21519187873111192,True,True negative,0.2848081212688881
R045_C089,2024,2.302585092994046,0,0,0,0.002673672923127726,True,True negative,0.4973263270768723
R045_C090,2024,2.70805020110221,0,0,0,0.038620547826229264,True,True negative,0.46137945217377074
R045_C091,2024,3.091042453358316,0,0,0,0.3412830017619351,True,True negative,0.1587169982380649
R045_C092,2024,2.302585092994046,0,0,0,0.002673672923127726,True,True negative,0.4973263270768723
R045_C093,2024,0.6931471805599453,0,0,0,5.7767006900864226e-08,True,True negative,0.4999999422329931
R045_C094,2024,1.6094379124341005,0,0,0,2.621007218088068e-05,True,True negative,0.4999737899278191
R045_C095,2024,0.0,0,0,0,5.64791947838045e-10,True,True negative,0.49999999943520806
R045_C096,2024,0.0,0,0,0,5.64791947838045e-10,True,True negative,0.49999999943520806
R045_C097,2024,3.044522437723423,0,0,0,0.27524593511421913,True,True negative,0.22475406488578087
R045_C098,2024,2.079441541679836,0,0,0,0.0006039490586071061,True,True negative,0.4993960509413929
R045_C099,2024,1.6094379124341005,0,0,0,2.621007218088068e-05,True,True negative,0.4999737899278191
R045_C100,2024,0.0,0,0,0,5.64791947838045e-10,True,True negative,0.49999999943520806
R045_C101,2024,1.6094379124341005,0,0,0,2.621007218088068e-05,True,True negative,0.4999737899278191
R045_C102,2024,0.6931471805599453,0,0,0,5.7767006900864226e-08,True,True negative,0.4999999422329931
R045_C103,2024,2.19722457733622,0,0,0,0.0013249536430650108,True,True negative,0.498675046356935
R045_C104,2024,1.6094379124341005,0,0,0,2.621007218088068e-05,True,True negative,0.4999737899278191
R045_C105,2024,0.6931471805599453,0,0,0,5.7767006900864226e-08,True,True negative,0.4999999422329931
R045_C106,2024,1.0986122886681096,0,0,0,8.65629632656729e-07,True,True negative,0.49999913437036736
R045_C107,2024,0.6931471805599453,0,0,0,5.7767006900864226e-08,True,True negative,0.4999999422329931
R045_C108,2024,2.19722457733622,0,0,0,0.0013249536430650108,True,True negative,0.498675046356935
R045_C109,2024,1.9459101490553128,0,0,0,0.0002477300319792436,True,True negative,0.49975226996802075
R045_C110,2024,0.6931471805599453,0,0,0,5.7767006900864226e-08,True,True negative,0.4999999422329931
R045_C111,2024,0.0,0,0,0,5.64791947838045e-10,True,True negative,0.49999999943520806
R045_C112,2024,2.639057329615259,0,0,0,0.024717696654622916,True,True negative,0.4752823033453771
R045_C113,2024,1.9459101490553128,0,0,0,0.0002477300319792436,True,True negative,0.49975226996802075
R046_C028,2024,0.6931471805599453,0,0,0,5.7767006900864226e-08,True,True negative,0.4999999422329931
R046_C029,2024,0.0,0,0,0,5.64791947838045e-10,True,True negative,0.49999999943520806
R046_C030,2024,1.3862943611198906,0,0,0,5.9083840806754096e-06,True,True negative,0.49999409161591934
R046_C031,2024,1.3862943611198906,0,0,0,5.9083840806754096e-06,True,True negative,0.49999409161591934
R046_C032,2024,1.791759469228055,0,0,0,8.852897499702268e-05,True,True negative,0.499911471025003
R046_C033,2024,1.791759469228055,0,0,0,8.852897499702268e-05,True,True negative,0.499911471025003
R046_C034,2024,0.6931471805599453,0,0,0,5.7767006900864226e-08,True,True negative,0.4999999422329931
R046_C035,2024,1.3862943611198906,0,0,0,5.9083840806754096e-06,True,True negative,0.49999409161591934
R046_C036,2024,0.6931471805599453,0,0,0,5.7767006900864226e-08,True,True negative,0.4999999422329931
R046_C037,2024,1.0986122886681096,0,0,0,8.65629632656729e-07,True,True negative,0.49999913437036736
R046_C038,2024,0.6931471805599453,0,0,0,5.7767006900864226e-08,True,True negative,0.4999999422329931
R046_C039,2024,0.6931471805599453,0,0,0,5.7767006900864226e-08,True,True negative,0.4999999422329931
R046_C040,2024,0.6931471805599453,0,0,0,5.7767006900864226e-08,True,True negative,0.4999999422329931
R046_C042,2024,0.0,0,0,0,5.64791947838045e-10,True,True negative,0.49999999943520806
R046_C043,2024,1.6094379124341005,0,0,0,2.621007218088068e-05,True,True negative,0.4999737899278191
R046_C044,2024,0.0,0,0,0,5.64791947838045e-10,True,True negative,0.49999999943520806
R046_C046,2024,0.0,0,0,0,5.64791947838045e-10,True,True negative,0.49999999943520806
R046_C047,2024,1.0986122886681096,0,0,0,8.65629632656729e-07,True,True negative,0.49999913437036736
R046_C048,2024,0.6931471805599453,0,0,0,5.7767006900864226e-08,True,True negative,0.4999999422329931
R046_C049,2024,0.6931471805599453,0,0,0,5.7767006900864226e-08,True,True negative,0.4999999422329931
R046_C050,2024,0.6931471805599453,0,0,0,5.7767006900864226e-08,True,True negative,0.4999999422329931
R046_C051,2024,1.6094379124341005,0,0,0,2.621007218088068e-05,True,True negative,0.4999737899278191
R046_C052,2024,0.0,0,0,0,5.64791947838045e-10,True,True negative,0.49999999943520806
R046_C053,2024,0.0,0,0,0,5.64791947838045e-10,True,True negative,0.49999999943520806
R046_C054,2024,1.0986122886681096,0,0,0,8.65629632656729e-07,True,True negative,0.49999913437036736
R046_C055,2024,1.6094379124341005,0,0,0,2.621007218088068e-05,True,True negative,0.4999737899278191
R046_C056,2024,2.772588722239781,0,0,0,0.058211331684448954,True,True negative,0.441788668315551
R046_C057,2024,3.80666248977032,1,1,1,0.9846554694251088,True,True positive,0.48465546942510884
R046_C058,2024,1.6094379124341005,0,0,0,2.621007218088068e-05,True,True negative,0.4999737899278191
R046_C059,2024,1.791759469228055,0,0,0,8.852897499702268e-05,True,True negative,0.499911471025003
R046_C060,2024,0.6931471805599453,0,0,0,5.7767006900864226e-08,True,True negative,0.4999999422329931
R046_C061,2024,0.6931471805599453,0,0,0,5.7767006900864226e-08,True,True negative,0.4999999422329931
R046_C062,2024,1.791759469228055,0,0,0,8.852897499702268e-05,True,True negative,0.499911471025003
R046_C063,2024,1.0986122886681096,0,0,0,8.65629632656729e-07,True,True negative,0.49999913437036736
R046_C064,2024,1.9459101490553128,0,0,0,0.0002477300319792436,True,True negative,0.49975226996802075
R046_C065,2024,0.6931471805599453,0,0,0,5.7767006900864226e-08,True,True negative,0.4999999422329931
R046_C066,2024,0.6931471805599453,0,0,0,5.7767006900864226e-08,True,True negative,0.4999999422329931
R046_C067,2024,3.295836866004329,0,0,1,0.6703357251318038,False,False positive,0.17033572513180384
R046_C068,2024,2.302585092994046,0,0,0,0.002673672923127726,True,True negative,0.4973263270768723
R046_C069,2024,2.079441541679836,0,0,0,0.0006039490586071061,True,True negative,0.4993960509413929
R046_C070,2024,1.791759469228055,0,0,0,8.852897499702268e-05,True,True negative,0.499911471025003
R046_C071,2024,2.19722457733622,0,0,0,0.0013249536430650108,True,True negative,0.498675046356935
R046_C072,2024,1.6094379124341005,0,0,0,2.621007218088068e-05,True,True negative,0.4999737899278191
R046_C073,2024,1.6094379124341005,0,0,0,2.621007218088068e-05,True,True negative,0.4999737899278191
R046_C074,2024,1.0986122886681096,0,0,0,8.65629632656729e-07,True,True negative,0.49999913437036736
R046_C075,2024,2.833213344056216,0,0,0,0.08479219087228605,True,True negative,0.41520780912771393
R046_C076,2024,3.555348061489413,0,1,1,0.9199965296592397,True,True positive,0.4199965296592397
R046_C077,2024,2.19722457733622,0,0,0,0.0013249536430650108,True,True negative,0.498675046356935
R046_C078,2024,1.6094379124341005,0,0,0,2.621007218088068e-05,True,True negative,0.4999737899278191
R046_C079,2024,0.6931471805599453,0,0,0,5.7767006900864226e-08,True,True negative,0.4999999422329931
R046_C080,2024,1.6094379124341005,0,0,0,2.621007218088068e-05,True,True negative,0.4999737899278191
R046_C081,2024,0.6931471805599453,0,0,0,5.7767006900864226e-08,True,True negative,0.4999999422329931
R046_C082,2024,2.5649493574615367,0,0,0,0.015217410607103852,True,True negative,0.48478258939289615
R046_C083,2024,3.295836866004329,0,0,1,0.6703357251318038,False,False positive,0.17033572513180384
R046_C084,2024,3.6375861597263857,1,0,1,0.9540303661236091,False,False positive,0.45403036612360914
R046_C085,2024,1.791759469228055,0,0,0,8.852897499702268e-05,True,True negative,0.499911471025003
R046_C086,2024,2.079441541679836,0,0,0,0.0006039490586071061,True,True negative,0.4993960509413929
R046_C087,2024,2.302585092994046,0,0,0,0.002673672923127726,True,True negative,0.4973263270768723
R046_C088,2024,1.9459101490553128,0,0,0,0.0002477300319792436,True,True negative,0.49975226996802075
R046_C089,2024,1.3862943611198906,0,0,0,5.9083840806754096e-06,True,True negative,0.49999409161591934
R046_C090,2024,2.70805020110221,0,0,0,0.038620547826229264,True,True negative,0.46137945217377074
R046_C091,2024,2.8903717578961645,0,0,0,0.11948288041963083,True,True negative,0.38051711958036916
R046_C092,2024,0.6931471805599453,0,0,0,5.7767006900864226e-08,True,True negative,0.4999999422329931
R046_C093,2024,2.3978952727983707,0,0,0,0.005039993971908603,True,True negative,0.49496000602809137
R046_C094,2024,3.091042453358316,0,0,0,0.3412830017619351,True,True negative,0.1587169982380649
R046_C095,2024,2.079441541679836,0,0,0,0.0006039490586071061,True,True negative,0.4993960509413929
R046_C096,2024,2.079441541679836,0,0,0,0.0006039490586071061,True,True negative,0.4993960509413929
R046_C097,2024,1.3862943611198906,0,0,0,5.9083840806754096e-06,True,True negative,0.49999409161591934
R046_C098,2024,0.6931471805599453,0,0,0,5.7767006900864226e-08,True,True negative,0.4999999422329931
R046_C099,2024,0.6931471805599453,0,0,0,5.7767006900864226e-08,True,True negative,0.4999999422329931
R046_C100,2024,2.3978952727983707,0,0,0,0.005039993971908603,True,True negative,0.49496000602809137
R046_C101,2024,1.3862943611198906,0,0,0,5.9083840806754096e-06,True,True negative,0.49999409161591934
R046_C102,2024,0.0,0,0,0,5.64791947838045e-10,True,True negative,0.49999999943520806
R046_C103,2024,0.0,0,0,0,5.64791947838045e-10,True,True negative,0.49999999943520806
R046_C104,2024,3.4339872044851463,0,0,1,0.8364500535624654,False,False positive,0.3364500535624654
R046_C105,2024,0.6931471805599453,0,0,0,5.7767006900864226e-08,True,True negative,0.4999999422329931
R046_C106,2024,1.3862943611198906,0,0,0,5.9083840806754096e-06,True,True negative,0.49999409161591934
R046_C107,2024,2.3978952727983707,0,0,0,0.005039993971908603,True,True negative,0.49496000602809137
R046_C108,2024,1.3862943611198906,0,0,0,5.9083840806754096e-06,True,True negative,0.49999409161591934
R046_C109,2024,3.6375861597263857,1,1,1,0.9540303661236091,True,True positive,0.45403036612360914
R046_C110,2024,4.7535901911063645,1,1,1,0.9999720085717935,True,True positive,0.49997200857179347
R046_C111,2024,2.9444389791664403,0,0,0,0.1629605820634127,True,True negative,0.3370394179365873
R046_C112,2024,0.0,0,0,0,5.64791947838045e-10,True,True negative,0.49999999943520806
R046_C113,2024,0.6931471805599453,0,0,0,5.7767006900864226e-08,True,True negative,0.4999999422329931
R046_C114,2024,0.0,0,0,0,5.64791947838045e-10,True,True negative,0.49999999943520806
R047_C030,2024,2.3978952727983707,0,0,0,0.005039993971908603,True,True negative,0.49496000602809137
R047_C031,2024,1.791759469228055,0,0,0,8.852897499702268e-05,True,True negative,0.499911471025003
R047_C032,2024,1.0986122886681096,0,0,0,8.65629632656729e-07,True,True negative,0.49999913437036736
R047_C033,2024,0.0,0,0,0,5.64791947838045e-10,True,True negative,0.49999999943520806
R047_C034,2024,1.3862943611198906,0,0,0,5.9083840806754096e-06,True,True negative,0.49999409161591934
R047_C035,2024,0.0,0,0,0,5.64791947838045e-10,True,True negative,0.49999999943520806
R047_C036,2024,1.0986122886681096,0,0,0,8.65629632656729e-07,True,True negative,0.49999913437036736
R047_C037,2024,0.6931471805599453,0,0,0,5.7767006900864226e-08,True,True negative,0.4999999422329931
R047_C038,2024,1.0986122886681096,0,0,0,8.65629632656729e-07,True,True negative,0.49999913437036736
R047_C039,2024,0.6931471805599453,0,0,0,5.7767006900864226e-08,True,True negative,0.4999999422329931
R047_C043,2024,0.0,0,0,0,5.64791947838045e-10,True,True negative,0.49999999943520806
R047_C044,2024,0.0,0,0,0,5.64791947838045e-10,True,True negative,0.49999999943520806
R047_C045,2024,0.6931471805599453,0,0,0,5.7767006900864226e-08,True,True negative,0.4999999422329931
R047_C046,2024,0.6931471805599453,0,0,0,5.7767006900864226e-08,True,True negative,0.4999999422329931
R047_C047,2024,0.0,0,0,0,5.64791947838045e-10,True,True negative,0.49999999943520806
R047_C048,2024,1.0986122886681096,0,0,0,8.65629632656729e-07,True,True negative,0.49999913437036736
R047_C051,2024,0.0,0,0,0,5.64791947838045e-10,True,True negative,0.49999999943520806
R047_C052,2024,1.0986122886681096,0,0,0,8.65629632656729e-07,True,True negative,0.49999913437036736
R047_C053,2024,1.0986122886681096,0,0,0,8.65629632656729e-07,True,True negative,0.49999913437036736
R047_C054,2024,1.0986122886681096,0,0,0,8.65629632656729e-07,True,True negative,0.49999913437036736
R047_C055,2024,0.0,0,0,0,5.64791947838045e-10,True,True negative,0.49999999943520806
R047_C056,2024,1.6094379124341005,0,0,0,2.621007218088068e-05,True,True negative,0.4999737899278191
R047_C057,2024,1.6094379124341005,0,0,0,2.621007218088068e-05,True,True negative,0.4999737899278191
R047_C058,2024,1.0986122886681096,0,0,0,8.65629632656729e-07,True,True negative,0.49999913437036736
R047_C059,2024,1.3862943611198906,0,0,0,5.9083840806754096e-06,True,True negative,0.49999409161591934
R047_C060,2024,1.3862943611198906,0,0,0,5.9083840806754096e-06,True,True negative,0.49999409161591934
R047_C061,2024,1.3862943611198906,0,0,0,5.9083840806754096e-06,True,True negative,0.49999409161591934
R047_C062,2024,3.258096538021482,0,0,1,0.612476721689788,False,False positive,0.11247672168978795
R047_C063,2024,1.6094379124341005,0,0,0,2.621007218088068e-05,True,True negative,0.4999737899278191
R047_C064,2024,2.19722457733622,0,0,0,0.0013249536430650108,True,True negative,0.498675046356935
R047_C065,2024,2.3978952727983707,0,0,0,0.005039993971908603,True,True negative,0.49496000602809137
R047_C066,2024,1.3862943611198906,0,0,0,5.9083840806754096e-06,True,True negative,0.49999409161591934
R047_C067,2024,1.791759469228055,0,0,0,8.852897499702268e-05,True,True negative,0.499911471025003
R047_C068,2024,1.6094379124341005,0,0,0,2.621007218088068e-05,True,True negative,0.4999737899278191
R047_C069,2024,0.6931471805599453,0,0,0,5.7767006900864226e-08,True,True negative,0.4999999422329931
R047_C070,2024,1.0986122886681096,0,0,0,8.65629632656729e-07,True,True negative,0.49999913437036736
R047_C071,2024,0.6931471805599453,0,0,0,5.7767006900864226e-08,True,True negative,0.4999999422329931
R047_C072,2024,2.19722457733622,0,0,0,0.0013249536430650108,True,True negative,0.498675046356935
R047_C073,2024,1.0986122886681096,0,0,0,8.65629632656729e-07,True,True negative,0.49999913437036736
R047_C074,2024,1.0986122886681096,0,0,0,8.65629632656729e-07,True,True negative,0.49999913437036736
R047_C075,2024,2.079441541679836,0,0,0,0.0006039490586071061,True,True negative,0.4993960509413929
R047_C076,2024,1.9459101490553128,0,0,0,0.0002477300319792436,True,True negative,0.49975226996802075
R047_C077,2024,0.6931471805599453,0,0,0,5.7767006900864226e-08,True,True negative,0.4999999422329931
R047_C078,2024,0.0,0,0,0,5.64791947838045e-10,True,True negative,0.49999999943520806
R047_C079,2024,0.0,0,0,0,5.64791947838045e-10,True,True negative,0.49999999943520806
R047_C080,2024,2.9444389791664403,0,0,0,0.1629605820634127,True,True negative,0.3370394179365873
R047_C081,2024,1.6094379124341005,0,0,0,2.621007218088068e-05,True,True negative,0.4999737899278191
R047_C082,2024,1.0986122886681096,0,0,0,8.65629632656729e-07,True,True negative,0.49999913437036736
R047_C083,2024,1.0986122886681096,0,0,0,8.65629632656729e-07,True,True negative,0.49999913437036736
R047_C084,2024,2.19722457733622,0,0,0,0.0013249536430650108,True,True negative,0.498675046356935
R047_C085,2024,1.3862943611198906,0,0,0,5.9083840806754096e-06,True,True negative,0.49999409161591934
R047_C086,2024,0.6931471805599453,0,0,0,5.7767006900864226e-08,True,True negative,0.4999999422329931
R047_C087,2024,4.605170185988092,1,1,1,0.9999246035912273,True,True positive,0.49992460359122726
R047_C088,2024,4.262679877041316,1,1,1,0.9992584893215176,True,True positive,0.4992584893215176
R047_C089,2024,2.079441541679836,0,0,0,0.0006039490586071061,True,True negative,0.4993960509413929
R047_C090,2024,2.995732273553991,0,0,0,0.21519187873111192,True,True negative,0.2848081212688881
R047_C091,2024,1.791759469228055,0,0,0,8.852897499702268e-05,True,True negative,0.499911471025003
R047_C092,2024,1.3862943611198906,0,0,0,5.9083840806754096e-06,True,True negative,0.49999409161591934
R047_C093,2024,1.791759469228055,0,0,0,8.852897499702268e-05,True,True negative,0.499911471025003
R047_C094,2024,2.4849066497880004,0,0,0,0.008974292080567959,True,True negative,0.49102570791943206
R047_C095,2024,1.6094379124341005,0,0,0,2.621007218088068e-05,True,True negative,0.4999737899278191
R047_C096,2024,3.258096538021482,0,0,1,0.612476721689788,False,False positive,0.11247672168978795
R047_C097,2024,2.302585092994046,0,0,0,0.002673672923127726,True,True negative,0.4973263270768723
R047_C098,2024,0.0,0,0,0,5.64791947838045e-10,True,True negative,0.49999999943520806
R047_C099,2024,2.302585092994046,0,0,0,0.002673672923127726,True,True negative,0.4973263270768723
R047_C100,2024,2.772588722239781,0,0,0,0.058211331684448954,True,True negative,0.441788668315551
R047_C101,2024,1.0986122886681096,0,0,0,8.65629632656729e-07,True,True negative,0.49999913437036736
R047_C102,2024,1.3862943611198906,0,0,0,5.9083840806754096e-06,True,True negative,0.49999409161591934
R047_C103,2024,1.6094379124341005,0,0,0,2.621007218088068e-05,True,True negative,0.4999737899278191
R047_C104,2024,2.079441541679836,0,0,0,0.0006039490586071061,True,True negative,0.4993960509413929
R047_C105,2024,1.3862943611198906,0,0,0,5.9083840806754096e-06,True,True negative,0.49999409161591934
R047_C106,2024,0.0,0,0,0,5.64791947838045e-10,True,True negative,0.49999999943520806
R047_C107,2024,1.3862943611198906,0,0,0,5.9083840806754096e-06,True,True negative,0.49999409161591934
R047_C108,2024,0.6931471805599453,0,0,0,5.7767006900864226e-08,True,True negative,0.4999999422329931
R047_C109,2024,3.4011973816621555,0,1,1,0.8042593123851965,True,True positive,0.30425931238519655
R047_C110,2024,3.784189633918261,1,1,1,0.9822157075581223,True,True positive,0.48221570755812226
R047_C111,2024,2.8903717578961645,0,0,0,0.11948288041963083,True,True negative,0.38051711958036916
R047_C112,2024,2.3978952727983707,0,0,0,0.005039993971908603,True,True negative,0.49496000602809137
R047_C113,2024,1.0986122886681096,0,0,0,8.65629632656729e-07,True,True negative,0.49999913437036736
R047_C114,2024,0.0,0,0,0,5.64791947838045e-10,True,True negative,0.49999999943520806
R047_C115,2024,0.6931471805599453,0,0,0,5.7767006900864226e-08,True,True negative,0.4999999422329931
R048_C030,2024,0.0,0,0,0,5.64791947838045e-10,True,True negative,0.49999999943520806
R048_C031,2024,1.0986122886681096,0,0,0,8.65629632656729e-07,True,True negative,0.49999913437036736
R048_C032,2024,0.0,0,0,0,5.64791947838045e-10,True,True negative,0.49999999943520806
R048_C033,2024,1.0986122886681096,0,0,0,8.65629632656729e-07,True,True negative,0.49999913437036736
R048_C034,2024,1.3862943611198906,0,0,0,5.9083840806754096e-06,True,True negative,0.49999409161591934
R048_C035,2024,1.3862943611198906,0,0,0,5.9083840806754096e-06,True,True negative,0.49999409161591934
R048_C036,2024,0.6931471805599453,0,0,0,5.7767006900864226e-08,True,True negative,0.4999999422329931
R048_C037,2024,1.0986122886681096,0,0,0,8.65629632656729e-07,True,True negative,0.49999913437036736
R048_C038,2024,0.6931471805599453,0,0,0,5.7767006900864226e-08,True,True negative,0.4999999422329931
R048_C039,2024,1.0986122886681096,0,0,0,8.65629632656729e-07,True,True negative,0.49999913437036736
R048_C043,2024,0.0,0,0,0,5.64791947838045e-10,True,True negative,0.49999999943520806
R048_C044,2024,0.0,0,0,0,5.64791947838045e-10,True,True negative,0.49999999943520806
R048_C045,2024,0.6931471805599453,0,0,0,5.7767006900864226e-08,True,True negative,0.4999999422329931
R048_C046,2024,1.0986122886681096,0,0,0,8.65629632656729e-07,True,True negative,0.49999913437036736
R048_C047,2024,2.079441541679836,0,0,0,0.0006039490586071061,True,True negative,0.4993960509413929
R048_C048,2024,1.0986122886681096,0,0,0,8.65629632656729e-07,True,True negative,0.49999913437036736
R048_C051,2024,0.0,0,0,0,5.64791947838045e-10,True,True negative,0.49999999943520806
R048_C052,2024,0.0,0,0,0,5.64791947838045e-10,True,True negative,0.49999999943520806
R048_C053,2024,1.3862943611198906,0,0,0,5.9083840806754096e-06,True,True negative,0.49999409161591934
R048_C054,2024,1.0986122886681096,0,0,0,8.65629632656729e-07,True,True negative,0.49999913437036736
R048_C055,2024,0.6931471805599453,0,0,0,5.7767006900864226e-08,True,True negative,0.4999999422329931
R048_C056,2024,0.6931471805599453,0,0,0,5.7767006900864226e-08,True,True negative,0.4999999422329931
R048_C057,2024,1.9459101490553128,0,0,0,0.0002477300319792436,True,True negative,0.49975226996802075
R048_C058,2024,0.6931471805599453,0,0,0,5.7767006900864226e-08,True,True negative,0.4999999422329931
R048_C059,2024,1.0986122886681096,0,0,0,8.65629632656729e-07,True,True negative,0.49999913437036736
R048_C060,2024,1.791759469228055,0,0,0,8.852897499702268e-05,True,True negative,0.499911471025003
R048_C061,2024,1.0986122886681096,0,0,0,8.65629632656729e-07,True,True negative,0.49999913437036736
R048_C062,2024,2.19722457733622,0,0,0,0.0013249536430650108,True,True negative,0.498675046356935
R048_C063,2024,3.1354942159291497,0,0,0,0.41076471668164616,True,True negative,0.08923528331835384
R048_C064,2024,3.332204510175204,0,1,1,0.7216193143239186,True,True positive,0.22161931432391857
R048_C065,2024,2.079441541679836,0,0,0,0.0006039490586071061,True,True negative,0.4993960509413929
R048_C066,2024,1.0986122886681096,0,0,0,8.65629632656729e-07,True,True negative,0.49999913437036736
R048_C067,2024,0.0,0,0,0,5.64791947838045e-10,True,True negative,0.49999999943520806
R048_C068,2024,1.791759469228055,0,0,0,8.852897499702268e-05,True,True negative,0.499911471025003
R048_C069,2024,0.6931471805599453,0,0,0,5.7767006900864226e-08,True,True negative,0.4999999422329931
R048_C070,2024,2.302585092994046,0,0,0,0.002673672923127726,True,True negative,0.4973263270768723
R048_C071,2024,2.302585092994046,0,0,0,0.002673672923127726,True,True negative,0.4973263270768723
R048_C072,2024,2.079441541679836,0,0,0,0.0006039490586071061,True,True negative,0.4993960509413929
R048_C073,2024,2.079441541679836,0,0,0,0.0006039490586071061,True,True negative,0.4993960509413929
R048_C074,2024,1.3862943611198906,0,0,0,5.9083840806754096e-06,True,True negative,0.49999409161591934
R048_C075,2024,1.0986122886681096,0,0,0,8.65629632656729e-07,True,True negative,0.49999913437036736
R048_C076,2024,0.0,0,0,0,5.64791947838045e-10,True,True negative,0.49999999943520806
R048_C077,2024,2.302585092994046,0,0,0,0.002673672923127726,True,True negative,0.4973263270768723
R048_C078,2024,0.0,0,0,0,5.64791947838045e-10,True,True negative,0.49999999943520806
R048_C079,2024,0.0,0,0,0,5.64791947838045e-10,True,True negative,0.49999999943520806
R048_C080,2024,1.6094379124341005,0,0,0,2.621007218088068e-05,True,True negative,0.4999737899278191
R048_C081,2024,1.9459101490553128,0,0,0,0.0002477300319792436,True,True negative,0.49975226996802075
R048_C082,2024,2.772588722239781,0,0,0,0.058211331684448954,True,True negative,0.441788668315551
R048_C083,2024,0.6931471805599453,0,0,0,5.7767006900864226e-08,True,True negative,0.4999999422329931
R048_C084,2024,1.6094379124341005,0,0,0,2.621007218088068e-05,True,True negative,0.4999737899278191
R048_C085,2024,1.0986122886681096,0,0,0,8.65629632656729e-07,True,True negative,0.49999913437036736
R048_C086,2024,1.0986122886681096,0,0,0,8.65629632656729e-07,True,True negative,0.49999913437036736
R048_C087,2024,3.7612001156935615,1,0,1,0.9793264211280307,False,False positive,0.4793264211280307
R048_C088,2024,3.9318256327243257,1,0,1,0.9932883069425963,False,False positive,0.4932883069425963
R048_C089,2024,1.9459101490553128,0,0,0,0.0002477300319792436,True,True negative,0.49975226996802075
R048_C090,2024,2.639057329615259,0,0,0,0.024717696654622916,True,True negative,0.4752823033453771
R048_C091,2024,1.6094379124341005,0,0,0,2.621007218088068e-05,True,True negative,0.4999737899278191
R048_C092,2024,0.6931471805599453,0,0,0,5.7767006900864226e-08,True,True negative,0.4999999422329931
R048_C093,2024,0.6931471805599453,0,0,0,5.7767006900864226e-08,True,True negative,0.4999999422329931
R048_C094,2024,1.0986122886681096,0,0,0,8.65629632656729e-07,True,True negative,0.49999913437036736
R048_C095,2024,2.70805020110221,0,0,0,0.038620547826229264,True,True negative,0.46137945217377074
R048_C096,2024,2.9444389791664403,0,0,0,0.1629605820634127,True,True negative,0.3370394179365873
R048_C097,2024,2.3978952727983707,0,0,0,0.005039993971908603,True,True negative,0.49496000602809137
R048_C098,2024,1.0986122886681096,0,0,0,8.65629632656729e-07,True,True negative,0.49999913437036736
R048_C099,2024,1.0986122886681096,0,0,0,8.65629632656729e-07,True,True negative,0.49999913437036736
R048_C100,2024,0.6931471805599453,0,0,0,5.7767006900864226e-08,True,True negative,0.4999999422329931
R048_C101,2024,1.791759469228055,0,0,0,8.852897499702268e-05,True,True negative,0.499911471025003
R048_C102,2024,1.0986122886681096,0,0,0,8.65629632656729e-07,True,True negative,0.49999913437036736
R048_C103,2024,0.0,0,0,0,5.64791947838045e-10,True,True negative,0.49999999943520806
R048_C104,2024,0.6931471805599453,0,0,0,5.7767006900864226e-08,True,True negative,0.4999999422329931
R048_C105,2024,1.0986122886681096,0,0,0,8.65629632656729e-07,True,True negative,0.49999913437036736
R048_C106,2024,1.3862943611198906,0,0,0,5.9083840806754096e-06,True,True negative,0.49999409161591934
R048_C107,2024,0.6931471805599453,0,0,0,5.7767006900864226e-08,True,True negative,0.4999999422329931
R048_C108,2024,1.9459101490553128,0,0,0,0.0002477300319792436,True,True negative,0.49975226996802075
R048_C109,2024,2.302585092994046,0,0,0,0.002673672923127726,True,True negative,0.4973263270768723
R048_C110,2024,1.0986122886681096,0,0,0,8.65629632656729e-07,True,True negative,0.49999913437036736
R048_C111,2024,1.6094379124341005,0,0,0,2.621007218088068e-05,True,True negative,0.4999737899278191
R048_C112,2024,1.791759469228055,0,0,0,8.852897499702268e-05,True,True negative,0.499911471025003
R048_C113,2024,1.0986122886681096,0,0,0,8.65629632656729e-07,True,True negative,0.49999913437036736
R048_C114,2024,1.0986122886681096,0,0,0,8.65629632656729e-07,True,True negative,0.49999913437036736
R048_C115,2024,0.0,0,0,0,5.64791947838045e-10,True,True negative,0.49999999943520806
R049_C034,2024,0.0,0,0,0,5.64791947838045e-10,True,True negative,0.49999999943520806
R049_C035,2024,1.9459101490553128,0,0,0,0.0002477300319792436,True,True negative,0.49975226996802075
R049_C036,2024,1.3862943611198906,0,0,0,5.9083840806754096e-06,True,True negative,0.49999409161591934
R049_C037,2024,1.791759469228055,0,0,0,8.852897499702268e-05,True,True negative,0.499911471025003
R049_C038,2024,0.0,0,0,0,5.64791947838045e-10,True,True negative,0.49999999943520806
R049_C039,2024,0.6931471805599453,0,0,0,5.7767006900864226e-08,True,True negative,0.4999999422329931
R049_C040,2024,0.6931471805599453,0,0,0,5.7767006900864226e-08,True,True negative,0.4999999422329931
R049_C041,2024,0.0,0,0,0,5.64791947838045e-10,True,True negative,0.49999999943520806
R049_C046,2024,0.6931471805599453,0,0,0,5.7767006900864226e-08,True,True negative,0.4999999422329931
R049_C047,2024,1.3862943611198906,0,0,0,5.9083840806754096e-06,True,True negative,0.49999409161591934
R049_C048,2024,0.0,0,0,0,5.64791947838045e-10,True,True negative,0.49999999943520806
R049_C049,2024,0.0,0,0,0,5.64791947838045e-10,True,True negative,0.49999999943520806
R049_C050,2024,1.0986122886681096,0,0,0,8.65629632656729e-07,True,True negative,0.49999913437036736
R049_C051,2024,0.6931471805599453,0,0,0,5.7767006900864226e-08,True,True negative,0.4999999422329931
R049_C052,2024,1.0986122886681096,0,0,0,8.65629632656729e-07,True,True negative,0.49999913437036736
R049_C053,2024,1.6094379124341005,0,0,0,2.621007218088068e-05,True,True negative,0.4999737899278191
R049_C054,2024,1.0986122886681096,0,0,0,8.65629632656729e-07,True,True negative,0.49999913437036736
R049_C055,2024,1.9459101490553128,0,0,0,0.0002477300319792436,True,True negative,0.49975226996802075
R049_C056,2024,2.639057329615259,0,0,0,0.024717696654622916,True,True negative,0.4752823033453771
R049_C057,2024,1.791759469228055,0,0,0,8.852897499702268e-05,True,True negative,0.499911471025003
R049_C058,2024,1.0986122886681096,0,0,0,8.65629632656729e-07,True,True negative,0.49999913437036736
R049_C059,2024,1.3862943611198906,0,0,0,5.9083840806754096e-06,True,True negative,0.49999409161591934
R049_C060,2024,1.3862943611198906,0,0,0,5.9083840806754096e-06,True,True negative,0.49999409161591934
R049_C061,2024,1.3862943611198906,0,0,0,5.9083840806754096e-06,True,True negative,0.49999409161591934
R049_C062,2024,1.6094379124341005,0,0,0,2.621007218088068e-05,True,True negative,0.4999737899278191
R049_C063,2024,2.833213344056216,0,0,0,0.08479219087228605,True,True negative,0.41520780912771393
R049_C064,2024,3.5263605246161616,0,0,1,0.9045442124169463,False,False positive,0.40454421241694627
R049_C065,2024,1.6094379124341005,0,0,0,2.621007218088068e-05,True,True negative,0.4999737899278191
R049_C066,2024,1.0986122886681096,0,0,0,8.65629632656729e-07,True,True negative,0.49999913437036736
R049_C067,2024,0.0,0,0,0,5.64791947838045e-10,True,True negative,0.49999999943520806
R049_C068,2024,2.19722457733622,0,0,0,0.0013249536430650108,True,True negative,0.498675046356935
R049_C069,2024,1.791759469228055,0,0,0,8.852897499702268e-05,True,True negative,0.499911471025003
R049_C070,2024,2.8903717578961645,0,0,0,0.11948288041963083,True,True negative,0.38051711958036916
R049_C071,2024,2.302585092994046,0,0,0,0.002673672923127726,True,True negative,0.4973263270768723
R049_C072,2024,2.4849066497880004,0,0,0,0.008974292080567959,True,True negative,0.49102570791943206
R049_C073,2024,2.5649493574615367,0,0,0,0.015217410607103852,True,True negative,0.48478258939289615
R049_C074,2024,1.3862943611198906,0,0,0,5.9083840806754096e-06,True,True negative,0.49999409161591934
R049_C075,2024,0.6931471805599453,0,0,0,5.7767006900864226e-08,True,True negative,0.4999999422329931
R049_C076,2024,0.0,0,0,0,5.64791947838045e-10,True,True negative,0.49999999943520806
R049_C077,2024,1.0986122886681096,0,0,0,8.65629632656729e-07,True,True negative,0.49999913437036736
R049_C078,2024,0.6931471805599453,0,0,0,5.7767006900864226e-08,True,True negative,0.4999999422329931
R049_C079,2024,2.079441541679836,0,0,0,0.0006039490586071061,True,True negative,0.4993960509413929
R049_C080,2024,2.5649493574615367,0,0,0,0.015217410607103852,True,True negative,0.48478258939289615
R049_C081,2024,3.9318256327243257,1,1,1,0.9932883069425963,True,True positive,0.4932883069425963
R049_C082,2024,3.713572066704308,1,1,1,0.9718054089565341,True,True positive,0.4718054089565341
R049_C083,2024,1.3862943611198906,0,0,0,5.9083840806754096e-06,True,True negative,0.49999409161591934
R049_C084,2024,0.0,0,0,0,5.64791947838045e-10,True,True negative,0.49999999943520806
R049_C085,2024,1.0986122886681096,0,0,0,8.65629632656729e-07,True,True negative,0.49999913437036736
R049_C086,2024,1.791759469228055,0,0,0,8.852897499702268e-05,True,True negative,0.499911471025003
R049_C087,2024,2.302585092994046,0,0,0,0.002673672923127726,True,True negative,0.4973263270768723
R049_C088,2024,1.6094379124341005,0,0,0,2.621007218088068e-05,True,True negative,0.4999737899278191
R049_C089,2024,0.0,0,0,0,5.64791947838045e-10,True,True negative,0.49999999943520806
R049_C090,2024,3.5263605246161616,0,0,1,0.9045442124169463,False,False positive,0.40454421241694627
R049_C091,2024,1.791759469228055,0,0,0,8.852897499702268e-05,True,True negative,0.499911471025003
R049_C092,2024,2.19722457733622,0,0,0,0.0013249536430650108,True,True negative,0.498675046356935
R049_C093,2024,2.302585092994046,0,0,0,0.002673672923127726,True,True negative,0.4973263270768723
R049_C094,2024,2.3978952727983707,0,0,0,0.005039993971908603,True,True negative,0.49496000602809137
R049_C095,2024,3.7612001156935615,1,1,1,0.9793264211280307,True,True positive,0.4793264211280307
R049_C096,2024,5.087596335232384,1,1,1,0.999996989908326,True,True positive,0.499996989908326
R049_C097,2024,1.9459101490553128,0,0,0,0.0002477300319792436,True,True negative,0.49975226996802075
R049_C098,2024,2.19722457733622,0,0,0,0.0013249536430650108,True,True negative,0.498675046356935
R049_C099,2024,1.9459101490553128,0,0,0,0.0002477300319792436,True,True negative,0.49975226996802075
R049_C100,2024,0.0,0,0,0,5.64791947838045e-10,True,True negative,0.49999999943520806
R049_C101,2024,0.6931471805599453,0,0,0,5.7767006900864226e-08,True,True negative,0.4999999422329931
R049_C102,2024,0.6931471805599453,0,0,0,5.7767006900864226e-08,True,True negative,0.4999999422329931
R049_C103,2024,0.6931471805599453,0,0,0,5.7767006900864226e-08,True,True negative,0.4999999422329931
R049_C104,2024,1.3862943611198906,0,0,0,5.9083840806754096e-06,True,True negative,0.49999409161591934
R049_C105,2024,0.0,0,0,0,5.64791947838045e-10,True,True negative,0.49999999943520806
R049_C106,2024,1.0986122886681096,0,0,0,8.65629632656729e-07,True,True negative,0.49999913437036736
R049_C107,2024,2.5649493574615367,0,0,0,0.015217410607103852,True,True negative,0.48478258939289615
R049_C108,2024,2.639057329615259,0,0,0,0.024717696654622916,True,True negative,0.4752823033453771
R049_C109,2024,0.6931471805599453,0,0,0,5.7767006900864226e-08,True,True negative,0.4999999422329931
R049_C110,2024,1.9459101490553128,0,0,0,0.0002477300319792436,True,True negative,0.49975226996802075
R049_C111,2024,0.0,0,0,0,5.64791947838045e-10,True,True negative,0.49999999943520806
R049_C112,2024,0.0,0,0,0,5.64791947838045e-10,True,True negative,0.49999999943520806
R049_C113,2024,1.6094379124341005,0,0,0,2.621007218088068e-05,True,True negative,0.4999737899278191
R049_C114,2024,1.0986122886681096,0,0,0,8.65629632656729e-07,True,True negative,0.49999913437036736
R049_C115,2024,1.0986122886681096,0,0,0,8.65629632656729e-07,True,True negative,0.49999913437036736
R049_C116,2024,0.0,0,0,0,5.64791947838045e-10,True,True negative,0.49999999943520806
R050_C034,2024,0.6931471805599453,0,0,0,5.7767006900864226e-08,True,True negative,0.4999999422329931
R050_C035,2024,0.0,0,0,0,5.64791947838045e-10,True,True negative,0.49999999943520806
R050_C036,2024,2.302585092994046,0,0,0,0.002673672923127726,True,True negative,0.4973263270768723
R050_C037,2024,0.6931471805599453,0,0,0,5.7767006900864226e-08,True,True negative,0.4999999422329931
R050_C038,2024,1.0986122886681096,0,0,0,8.65629632656729e-07,True,True negative,0.49999913437036736
R050_C039,2024,0.0,0,0,0,5.64791947838045e-10,True,True negative,0.49999999943520806
R050_C040,2024,0.0,0,0,0,5.64791947838045e-10,True,True negative,0.49999999943520806
R050_C041,2024,0.0,0,0,0,5.64791947838045e-10,True,True negative,0.49999999943520806
R050_C046,2024,0.6931471805599453,0,0,0,5.7767006900864226e-08,True,True negative,0.4999999422329931
R050_C047,2024,1.9459101490553128,0,0,0,0.0002477300319792436,True,True negative,0.49975226996802075
R050_C048,2024,1.9459101490553128,0,0,0,0.0002477300319792436,True,True negative,0.49975226996802075
R050_C049,2024,0.6931471805599453,0,0,0,5.7767006900864226e-08,True,True negative,0.4999999422329931
R050_C050,2024,0.0,0,0,0,5.64791947838045e-10,True,True negative,0.49999999943520806
R050_C051,2024,0.0,0,0,0,5.64791947838045e-10,True,True negative,0.49999999943520806
R050_C052,2024,1.0986122886681096,0,0,0,8.65629632656729e-07,True,True negative,0.49999913437036736
R050_C053,2024,1.0986122886681096,0,0,0,8.65629632656729e-07,True,True negative,0.49999913437036736
R050_C054,2024,0.6931471805599453,0,0,0,5.7767006900864226e-08,True,True negative,0.4999999422329931
R050_C055,2024,1.0986122886681096,0,0,0,8.65629632656729e-07,True,True negative,0.49999913437036736
R050_C056,2024,1.3862943611198906,0,0,0,5.9083840806754096e-06,True,True negative,0.49999409161591934
R050_C057,2024,1.3862943611198906,0,0,0,5.9083840806754096e-06,True,True negative,0.49999409161591934
R050_C058,2024,0.6931471805599453,0,0,0,5.7767006900864226e-08,True,True negative,0.4999999422329931
R050_C059,2024,0.6931471805599453,0,0,0,5.7767006900864226e-08,True,True negative,0.4999999422329931
R050_C060,2024,1.0986122886681096,0,0,0,8.65629632656729e-07,True,True negative,0.49999913437036736
R050_C061,2024,1.0986122886681096,0,0,0,8.65629632656729e-07,True,True negative,0.49999913437036736
R050_C062,2024,0.6931471805599453,0,0,0,5.7767006900864226e-08,True,True negative,0.4999999422329931
R050_C063,2024,1.9459101490553128,0,0,0,0.0002477300319792436,True,True negative,0.49975226996802075
R050_C064,2024,2.772588722239781,0,0,0,0.058211331684448954,True,True negative,0.441788668315551
R050_C065,2024,1.9459101490553128,0,0,0,0.0002477300319792436,True,True negative,0.49975226996802075
R050_C066,2024,0.6931471805599453,0,0,0,5.7767006900864226e-08,True,True negative,0.4999999422329931
R050_C067,2024,2.5649493574615367,0,0,0,0.015217410607103852,True,True negative,0.48478258939289615
R050_C068,2024,2.3978952727983707,0,0,0,0.005039993971908603,True,True negative,0.49496000602809137
R050_C069,2024,1.0986122886681096,0,0,0,8.65629632656729e-07,True,True negative,0.49999913437036736
R050_C070,2024,1.9459101490553128,0,0,0,0.0002477300319792436,True,True negative,0.49975226996802075
R050_C071,2024,1.3862943611198906,0,0,0,5.9083840806754096e-06,True,True negative,0.49999409161591934
R050_C072,2024,3.713572066704308,1,1,1,0.9718054089565341,True,True positive,0.4718054089565341
R050_C073,2024,3.4339872044851463,0,1,1,0.8364500535624654,True,True positive,0.3364500535624654
R050_C074,2024,1.791759469228055,0,0,0,8.852897499702268e-05,True,True negative,0.499911471025003
R050_C075,2024,2.5649493574615367,0,0,0,0.015217410607103852,True,True negative,0.48478258939289615
R050_C076,2024,1.6094379124341005,0,0,0,2.621007218088068e-05,True,True negative,0.4999737899278191
R050_C077,2024,0.6931471805599453,0,0,0,5.7767006900864226e-08,True,True negative,0.4999999422329931
R050_C078,2024,3.367295829986474,0,0,1,0.7661666921380098,False,False positive,0.2661666921380098
R050_C079,2024,2.70805020110221,0,0,0,0.038620547826229264,True,True negative,0.46137945217377074
R050_C080,2024,1.791759469228055,0,0,0,8.852897499702268e-05,True,True negative,0.499911471025003
R050_C081,2024,4.418840607796598,1,1,1,0.9997384616292055,True,True positive,0.49973846162920554
R050_C082,2024,5.389071729816501,1,1,1,0.9999995977944108,True,True positive,0.49999959779441083
R050_C083,2024,3.784189633918261,1,0,1,0.9822157075581223,False,False positive,0.48221570755812226
R050_C084,2024,2.4849066497880004,0,0,0,0.008974292080567959,True,True negative,0.49102570791943206
R050_C085,2024,1.3862943611198906,0,0,0,5.9083840806754096e-06,True,True negative,0.49999409161591934
R050_C086,2024,2.302585092994046,0,0,0,0.002673672923127726,True,True negative,0.4973263270768723
R050_C087,2024,0.6931471805599453,0,0,0,5.7767006900864226e-08,True,True negative,0.4999999422329931
R050_C088,2024,0.0,0,0,0,5.64791947838045e-10,True,True negative,0.49999999943520806
R050_C089,2024,2.079441541679836,0,0,0,0.0006039490586071061,True,True negative,0.4993960509413929
R050_C090,2024,3.1354942159291497,0,0,0,0.41076471668164616,True,True negative,0.08923528331835384
R050_C091,2024,2.302585092994046,0,0,0,0.002673672923127726,True,True negative,0.4973263270768723
R050_C092,2024,2.5649493574615367,0,0,0,0.015217410607103852,True,True negative,0.48478258939289615
R050_C093,2024,1.3862943611198906,0,0,0,5.9083840806754096e-06,True,True negative,0.49999409161591934
R050_C094,2024,2.5649493574615367,0,0,0,0.015217410607103852,True,True negative,0.48478258939289615
R050_C095,2024,3.7612001156935615,1,1,1,0.9793264211280307,True,True positive,0.4793264211280307
R050_C096,2024,3.784189633918261,1,1,1,0.9822157075581223,True,True positive,0.48221570755812226
R050_C097,2024,1.6094379124341005,0,0,0,2.621007218088068e-05,True,True negative,0.4999737899278191
R050_C098,2024,2.302585092994046,0,0,0,0.002673672923127726,True,True negative,0.4973263270768723
R050_C099,2024,2.5649493574615367,0,0,0,0.015217410607103852,True,True negative,0.48478258939289615
R050_C100,2024,2.079441541679836,0,0,0,0.0006039490586071061,True,True negative,0.4993960509413929
R050_C101,2024,1.0986122886681096,0,0,0,8.65629632656729e-07,True,True negative,0.49999913437036736
R050_C102,2024,0.0,0,0,0,5.64791947838045e-10,True,True negative,0.49999999943520806
R050_C103,2024,2.3978952727983707,0,0,0,0.005039993971908603,True,True negative,0.49496000602809137
R050_C104,2024,3.295836866004329,0,0,1,0.6703357251318038,False,False positive,0.17033572513180384
R050_C105,2024,2.5649493574615367,0,0,0,0.015217410607103852,True,True negative,0.48478258939289615
R050_C106,2024,2.772588722239781,0,0,0,0.058211331684448954,True,True negative,0.441788668315551
R050_C107,2024,1.791759469228055,0,0,0,8.852897499702268e-05,True,True negative,0.499911471025003
R050_C108,2024,1.3862943611198906,0,0,0,5.9083840806754096e-06,True,True negative,0.49999409161591934
R050_C109,2024,1.791759469228055,0,0,0,8.852897499702268e-05,True,True negative,0.499911471025003
R050_C110,2024,1.3862943611198906,0,0,0,5.9083840806754096e-06,True,True negative,0.49999409161591934
R050_C111,2024,0.6931471805599453,0,0,0,5.7767006900864226e-08,True,True negative,0.4999999422329931
R050_C112,2024,1.3862943611198906,0,0,0,5.9083840806754096e-06,True,True negative,0.49999409161591934
R050_C113,2024,1.0986122886681096,0,0,0,8.65629632656729e-07,True,True negative,0.49999913437036736
R050_C114,2024,2.079441541679836,0,0,0,0.0006039490586071061,True,True negative,0.4993960509413929
R050_C115,2024,2.19722457733622,0,0,0,0.0013249536430650108,True,True negative,0.498675046356935
R050_C116,2024,0.6931471805599453,0,0,0,5.7767006900864226e-08,True,True negative,0.4999999422329931
R051_C036,2024,0.6931471805599453,0,0,0,5.7767006900864226e-08,True,True negative,0.4999999422329931
R051_C037,2024,1.3862943611198906,0,0,0,5.9083840806754096e-06,True,True negative,0.49999409161591934
R051_C038,2024,0.6931471805599453,0,0,0,5.7767006900864226e-08,True,True negative,0.4999999422329931
R051_C039,2024,0.6931471805599453,0,0,0,5.7767006900864226e-08,True,True negative,0.4999999422329931
R051_C040,2024,0.0,0,0,0,5.64791947838045e-10,True,True negative,0.49999999943520806
R051_C041,2024,1.0986122886681096,0,0,0,8.65629632656729e-07,True,True negative,0.49999913437036736
R051_C044,2024,0.0,0,0,0,5.64791947838045e-10,True,True negative,0.49999999943520806
R051_C045,2024,0.6931471805599453,0,0,0,5.7767006900864226e-08,True,True negative,0.4999999422329931
R051_C046,2024,1.6094379124341005,0,0,0,2.621007218088068e-05,True,True negative,0.4999737899278191
R051_C047,2024,1.0986122886681096,0,0,0,8.65629632656729e-07,True,True negative,0.49999913437036736
R051_C048,2024,0.6931471805599453,0,0,0,5.7767006900864226e-08,True,True negative,0.4999999422329931
R051_C049,2024,0.0,0,0,0,5.64791947838045e-10,True,True negative,0.49999999943520806
R051_C050,2024,0.0,0,0,0,5.64791947838045e-10,True,True negative,0.49999999943520806
R051_C051,2024,0.0,0,0,0,5.64791947838045e-10,True,True negative,0.49999999943520806
R051_C052,2024,1.0986122886681096,0,0,0,8.65629632656729e-07,True,True negative,0.49999913437036736
R051_C053,2024,0.6931471805599453,0,0,0,5.7767006900864226e-08,True,True negative,0.4999999422329931
R051_C054,2024,0.6931471805599453,0,0,0,5.7767006900864226e-08,True,True negative,0.4999999422329931
R051_C055,2024,0.6931471805599453,0,0,0,5.7767006900864226e-08,True,True negative,0.4999999422329931
R051_C056,2024,0.0,0,0,0,5.64791947838045e-10,True,True negative,0.49999999943520806
R051_C057,2024,0.6931471805599453,0,0,0,5.7767006900864226e-08,True,True negative,0.4999999422329931
R051_C058,2024,1.0986122886681096,0,0,0,8.65629632656729e-07,True,True negative,0.49999913437036736
R051_C059,2024,1.3862943611198906,0,0,0,5.9083840806754096e-06,True,True negative,0.49999409161591934
R051_C060,2024,1.0986122886681096,0,0,0,8.65629632656729e-07,True,True negative,0.49999913437036736
R051_C061,2024,0.6931471805599453,0,0,0,5.7767006900864226e-08,True,True negative,0.4999999422329931
R051_C062,2024,1.3862943611198906,0,0,0,5.9083840806754096e-06,True,True negative,0.49999409161591934
R051_C063,2024,1.791759469228055,0,0,0,8.852897499702268e-05,True,True negative,0.499911471025003
R051_C064,2024,1.0986122886681096,0,0,0,8.65629632656729e-07,True,True negative,0.49999913437036736
R051_C065,2024,2.8903717578961645,0,0,0,0.11948288041963083,True,True negative,0.38051711958036916
R051_C066,2024,2.8903717578961645,0,0,0,0.11948288041963083,True,True negative,0.38051711958036916
R051_C067,2024,3.5263605246161616,0,1,1,0.9045442124169463,True,True positive,0.40454421241694627
R051_C068,2024,3.555348061489413,0,0,1,0.9199965296592397,False,False positive,0.4199965296592397
R051_C069,2024,1.0986122886681096,0,0,0,8.65629632656729e-07,True,True negative,0.49999913437036736
R051_C070,2024,2.302585092994046,0,0,0,0.002673672923127726,True,True negative,0.4973263270768723
R051_C071,2024,1.9459101490553128,0,0,0,0.0002477300319792436,True,True negative,0.49975226996802075
R051_C072,2024,3.332204510175204,0,0,1,0.7216193143239186,False,False positive,0.22161931432391857
R051_C073,2024,3.737669618283368,1,1,1,0.9758943929827445,True,True positive,0.4758943929827445
R051_C074,2024,1.3862943611198906,0,0,0,5.9083840806754096e-06,True,True negative,0.49999409161591934
R051_C075,2024,1.3862943611198906,0,0,0,5.9083840806754096e-06,True,True negative,0.49999409161591934
R051_C076,2024,1.791759469228055,0,0,0,8.852897499702268e-05,True,True negative,0.499911471025003
R051_C077,2024,1.3862943611198906,0,0,0,5.9083840806754096e-06,True,True negative,0.49999409161591934
R051_C078,2024,2.639057329615259,0,0,0,0.024717696654622916,True,True negative,0.4752823033453771
R051_C079,2024,2.4849066497880004,0,0,0,0.008974292080567959,True,True negative,0.49102570791943206
R051_C080,2024,2.19722457733622,0,0,0,0.0013249536430650108,True,True negative,0.498675046356935
R051_C081,2024,2.079441541679836,0,0,0,0.0006039490586071061,True,True negative,0.4993960509413929
R051_C082,2024,2.833213344056216,0,0,0,0.08479219087228605,True,True negative,0.41520780912771393
R051_C083,2024,2.3978952727983707,0,0,0,0.005039993971908603,True,True negative,0.49496000602809137
R051_C084,2024,4.143134726391533,1,1,1,0.9983543125858839,True,True positive,0.4983543125858839
R051_C085,2024,3.4339872044851463,0,0,1,0.8364500535624654,False,False positive,0.3364500535624654
R051_C086,2024,3.258096538021482,0,0,1,0.612476721689788,False,False positive,0.11247672168978795
R051_C087,2024,1.3862943611198906,0,0,0,5.9083840806754096e-06,True,True negative,0.49999409161591934
R051_C088,2024,1.3862943611198906,0,0,0,5.9083840806754096e-06,True,True negative,0.49999409161591934
R051_C089,2024,1.6094379124341005,0,0,0,2.621007218088068e-05,True,True negative,0.4999737899278191
R051_C090,2024,1.9459101490553128,0,0,0,0.0002477300319792436,True,True negative,0.49975226996802075
R051_C091,2024,2.079441541679836,0,0,0,0.0006039490586071061,True,True negative,0.4993960509413929
R051_C092,2024,2.079441541679836,0,0,0,0.0006039490586071061,True,True negative,0.4993960509413929
R051_C093,2024,2.4849066497880004,0,0,0,0.008974292080567959,True,True negative,0.49102570791943206
R051_C094,2024,2.8903717578961645,0,0,0,0.11948288041963083,True,True negative,0.38051711958036916
R051_C095,2024,1.3862943611198906,0,0,0,5.9083840806754096e-06,True,True negative,0.49999409161591934
R051_C096,2024,2.3978952727983707,0,0,0,0.005039993971908603,True,True negative,0.49496000602809137
R051_C097,2024,0.6931471805599453,0,0,0,5.7767006900864226e-08,True,True negative,0.4999999422329931
R051_C098,2024,1.6094379124341005,0,0,0,2.621007218088068e-05,True,True negative,0.4999737899278191
R051_C099,2024,1.791759469228055,0,0,0,8.852897499702268e-05,True,True negative,0.499911471025003
R051_C100,2024,2.639057329615259,0,0,0,0.024717696654622916,True,True negative,0.4752823033453771
R051_C101,2024,1.791759469228055,0,0,0,8.852897499702268e-05,True,True negative,0.499911471025003
R051_C102,2024,1.3862943611198906,0,0,0,5.9083840806754096e-06,True,True negative,0.49999409161591934
R051_C103,2024,2.19722457733622,0,0,0,0.0013249536430650108,True,True negative,0.498675046356935
R051_C104,2024,2.079441541679836,0,0,0,0.0006039490586071061,True,True negative,0.4993960509413929
R051_C105,2024,1.9459101490553128,0,0,0,0.0002477300319792436,True,True negative,0.49975226996802075
R051_C106,2024,1.6094379124341005,0,0,0,2.621007218088068e-05,True,True negative,0.4999737899278191
R051_C107,2024,0.0,0,0,0,5.64791947838045e-10,True,True negative,0.49999999943520806
R051_C108,2024,1.0986122886681096,0,0,0,8.65629632656729e-07,True,True negative,0.49999913437036736
R051_C109,2024,1.0986122886681096,0,0,0,8.65629632656729e-07,True,True negative,0.49999913437036736
R051_C110,2024,0.6931471805599453,0,0,0,5.7767006900864226e-08,True,True negative,0.4999999422329931
R051_C111,2024,0.6931471805599453,0,0,0,5.7767006900864226e-08,True,True negative,0.4999999422329931
R051_C112,2024,0.6931471805599453,0,0,0,5.7767006900864226e-08,True,True negative,0.4999999422329931
R051_C113,2024,1.3862943611198906,0,0,0,5.9083840806754096e-06,True,True negative,0.49999409161591934
R051_C114,2024,1.0986122886681096,0,0,0,8.65629632656729e-07,True,True negative,0.49999913437036736
R051_C115,2024,1.791759469228055,0,0,0,8.852897499702268e-05,True,True negative,0.499911471025003
R051_C116,2024,0.0,0,0,0,5.64791947838045e-10,True,True negative,0.49999999943520806
R052_C037,2024,0.0,0,0,0,5.64791947838045e-10,True,True negative,0.49999999943520806
R052_C038,2024,1.0986122886681096,0,0,0,8.65629632656729e-07,True,True negative,0.49999913437036736
R052_C039,2024,1.0986122886681096,0,0,0,8.65629632656729e-07,True,True negative,0.49999913437036736
R052_C040,2024,1.0986122886681096,0,0,0,8.65629632656729e-07,True,True negative,0.49999913437036736
R052_C041,2024,0.0,0,0,0,5.64791947838045e-10,True,True negative,0.49999999943520806
R052_C042,2024,0.6931471805599453,0,0,0,5.7767006900864226e-08,True,True negative,0.4999999422329931
R052_C043,2024,0.0,0,0,0,5.64791947838045e-10,True,True negative,0.49999999943520806
R052_C044,2024,0.0,0,0,0,5.64791947838045e-10,True,True negative,0.49999999943520806
R052_C045,2024,1.6094379124341005,0,0,0,2.621007218088068e-05,True,True negative,0.4999737899278191
R052_C046,2024,0.0,0,0,0,5.64791947838045e-10,True,True negative,0.49999999943520806
R052_C047,2024,0.0,0,0,0,5.64791947838045e-10,True,True negative,0.49999999943520806
R052_C048,2024,0.6931471805599453,0,0,0,5.7767006900864226e-08,True,True negative,0.4999999422329931
R052_C049,2024,1.3862943611198906,0,0,0,5.9083840806754096e-06,True,True negative,0.49999409161591934
R052_C050,2024,0.0,0,0,0,5.64791947838045e-10,True,True negative,0.49999999943520806
R052_C051,2024,0.6931471805599453,0,0,0,5.7767006900864226e-08,True,True negative,0.4999999422329931
R052_C052,2024,0.0,0,0,0,5.64791947838045e-10,True,True negative,0.49999999943520806
R052_C053,2024,0.0,0,0,0,5.64791947838045e-10,True,True negative,0.49999999943520806
R052_C054,2024,0.0,0,0,0,5.64791947838045e-10,True,True negative,0.49999999943520806
R052_C055,2024,0.0,0,0,0,5.64791947838045e-10,True,True negative,0.49999999943520806
R052_C057,2024,1.6094379124341005,0,0,0,2.621007218088068e-05,True,True negative,0.4999737899278191
R052_C058,2024,0.6931471805599453,0,0,0,5.7767006900864226e-08,True,True negative,0.4999999422329931
R052_C059,2024,0.0,0,0,0,5.64791947838045e-10,True,True negative,0.49999999943520806
R052_C060,2024,0.0,0,0,0,5.64791947838045e-10,True,True negative,0.49999999943520806
R052_C061,2024,0.6931471805599453,0,0,0,5.7767006900864226e-08,True,True negative,0.4999999422329931
R052_C062,2024,2.19722457733622,0,0,0,0.0013249536430650108,True,True negative,0.498675046356935
R052_C063,2024,3.367295829986474,0,1,1,0.7661666921380098,True,True positive,0.2661666921380098
R052_C064,2024,1.6094379124341005,0,0,0,2.621007218088068e-05,True,True negative,0.4999737899278191
R052_C065,2024,1.6094379124341005,0,0,0,2.621007218088068e-05,True,True negative,0.4999737899278191
R052_C066,2024,3.610917912644224,1,0,1,0.9455594271188087,False,False positive,0.4455594271188087
R052_C067,2024,2.4849066497880004,0,0,0,0.008974292080567959,True,True negative,0.49102570791943206
R052_C068,2024,2.19722457733622,0,0,0,0.0013249536430650108,True,True negative,0.498675046356935
R052_C069,2024,2.19722457733622,0,0,0,0.0013249536430650108,True,True negative,0.498675046356935
R052_C070,2024,2.19722457733622,0,0,0,0.0013249536430650108,True,True negative,0.498675046356935
R052_C071,2024,1.6094379124341005,0,0,0,2.621007218088068e-05,True,True negative,0.4999737899278191
R052_C072,2024,3.1354942159291497,0,0,0,0.41076471668164616,True,True negative,0.08923528331835384
R052_C073,2024,2.9444389791664403,0,0,0,0.1629605820634127,True,True negative,0.3370394179365873
R052_C074,2024,2.079441541679836,0,0,0,0.0006039490586071061,True,True negative,0.4993960509413929
R052_C075,2024,2.302585092994046,0,0,0,0.002673672923127726,True,True negative,0.4973263270768723
R052_C076,2024,3.367295829986474,0,0,1,0.7661666921380098,False,False positive,0.2661666921380098
R052_C077,2024,3.1354942159291497,0,0,0,0.41076471668164616,True,True negative,0.08923528331835384
R052_C078,2024,2.833213344056216,0,0,0,0.08479219087228605,True,True negative,0.41520780912771393
R052_C079,2024,2.19722457733622,0,0,0,0.0013249536430650108,True,True negative,0.498675046356935
R052_C080,2024,1.0986122886681096,0,0,0,8.65629632656729e-07,True,True negative,0.49999913437036736
R052_C081,2024,0.6931471805599453,0,0,0,5.7767006900864226e-08,True,True negative,0.4999999422329931
R052_C082,2024,1.791759469228055,0,0,0,8.852897499702268e-05,True,True negative,0.499911471025003
R052_C083,2024,2.772588722239781,0,0,0,0.058211331684448954,True,True negative,0.441788668315551
R052_C084,2024,2.302585092994046,0,0,0,0.002673672923127726,True,True negative,0.4973263270768723
R052_C085,2024,2.9444389791664403,0,0,0,0.1629605820634127,True,True negative,0.3370394179365873
R052_C086,2024,2.639057329615259,0,0,0,0.024717696654622916,True,True negative,0.4752823033453771
R052_C087,2024,0.6931471805599453,0,0,0,5.7767006900864226e-08,True,True negative,0.4999999422329931
R052_C088,2024,1.791759469228055,0,0,0,8.852897499702268e-05,True,True negative,0.499911471025003
R052_C089,2024,2.3978952727983707,0,0,0,0.005039993971908603,True,True negative,0.49496000602809137
R052_C090,2024,2.302585092994046,0,0,0,0.002673672923127726,True,True negative,0.4973263270768723
R052_C091,2024,3.9318256327243257,1,1,1,0.9932883069425963,True,True positive,0.4932883069425963
R052_C092,2024,2.9444389791664403,0,0,0,0.1629605820634127,True,True negative,0.3370394179365873
R052_C093,2024,3.258096538021482,0,0,1,0.612476721689788,False,False positive,0.11247672168978795
R052_C094,2024,1.791759469228055,0,0,0,8.852897499702268e-05,True,True negative,0.499911471025003
R052_C095,2024,1.3862943611198906,0,0,0,5.9083840806754096e-06,True,True negative,0.49999409161591934
R052_C096,2024,2.19722457733622,0,0,0,0.0013249536430650108,True,True negative,0.498675046356935
R052_C097,2024,2.079441541679836,0,0,0,0.0006039490586071061,True,True negative,0.4993960509413929
R052_C098,2024,2.3978952727983707,0,0,0,0.005039993971908603,True,True negative,0.49496000602809137
R052_C099,2024,2.19722457733622,0,0,0,0.0013249536430650108,True,True negative,0.498675046356935
R052_C100,2024,1.9459101490553128,0,0,0,0.0002477300319792436,True,True negative,0.49975226996802075
R052_C101,2024,3.091042453358316,0,0,0,0.3412830017619351,True,True negative,0.1587169982380649
R052_C102,2024,0.0,0,0,0,5.64791947838045e-10,True,True negative,0.49999999943520806
R052_C103,2024,1.3862943611198906,0,0,0,5.9083840806754096e-06,True,True negative,0.49999409161591934
R052_C104,2024,0.6931471805599453,0,0,0,5.7767006900864226e-08,True,True negative,0.4999999422329931
R052_C105,2024,0.6931471805599453,0,0,0,5.7767006900864226e-08,True,True negative,0.4999999422329931
R052_C106,2024,1.0986122886681096,0,0,0,8.65629632656729e-07,True,True negative,0.49999913437036736
R052_C107,2024,0.0,0,0,0,5.64791947838045e-10,True,True negative,0.49999999943520806
R052_C108,2024,0.6931471805599453,0,0,0,5.7767006900864226e-08,True,True negative,0.4999999422329931
R052_C109,2024,1.791759469228055,0,0,0,8.852897499702268e-05,True,True negative,0.499911471025003
R052_C110,2024,0.0,0,0,0,5.64791947838045e-10,True,True negative,0.49999999943520806
R052_C111,2024,0.6931471805599453,0,0,0,5.7767006900864226e-08,True,True negative,0.4999999422329931
R052_C112,2024,1.0986122886681096,0,0,0,8.65629632656729e-07,True,True negative,0.49999913437036736
R052_C113,2024,0.6931471805599453,0,0,0,5.7767006900864226e-08,True,True negative,0.4999999422329931
R052_C114,2024,1.0986122886681096,0,0,0,8.65629632656729e-07,True,True negative,0.49999913437036736
R052_C115,2024,1.6094379124341005,0,0,0,2.621007218088068e-05,True,True negative,0.4999737899278191
R052_C116,2024,1.3862943611198906,0,0,0,5.9083840806754096e-06,True,True negative,0.49999409161591934
R053_C038,2024,2.19722457733622,0,0,0,0.0013249536430650108,True,True negative,0.498675046356935
R053_C039,2024,1.3862943611198906,0,0,0,5.9083840806754096e-06,True,True negative,0.49999409161591934
R053_C040,2024,0.6931471805599453,0,0,0,5.7767006900864226e-08,True,True negative,0.4999999422329931
R053_C041,2024,0.0,0,0,0,5.64791947838045e-10,True,True negative,0.49999999943520806
R053_C043,2024,0.0,0,0,0,5.64791947838045e-10,True,True negative,0.49999999943520806
R053_C044,2024,0.0,0,0,0,5.64791947838045e-10,True,True negative,0.49999999943520806
R053_C045,2024,1.0986122886681096,0,0,0,8.65629632656729e-07,True,True negative,0.49999913437036736
R053_C046,2024,0.6931471805599453,0,0,0,5.7767006900864226e-08,True,True negative,0.4999999422329931
R053_C048,2024,0.6931471805599453,0,0,0,5.7767006900864226e-08,True,True negative,0.4999999422329931
R053_C051,2024,0.0,0,0,0,5.64791947838045e-10,True,True negative,0.49999999943520806
R053_C053,2024,0.0,0,0,0,5.64791947838045e-10,True,True negative,0.49999999943520806
R053_C054,2024,0.0,0,0,0,5.64791947838045e-10,True,True negative,0.49999999943520806
R053_C055,2024,0.0,0,0,0,5.64791947838045e-10,True,True negative,0.49999999943520806
R053_C056,2024,1.6094379124341005,0,0,0,2.621007218088068e-05,True,True negative,0.4999737899278191
R053_C057,2024,1.0986122886681096,0,0,0,8.65629632656729e-07,True,True negative,0.49999913437036736
R053_C058,2024,1.3862943611198906,0,0,0,5.9083840806754096e-06,True,True negative,0.49999409161591934
R053_C059,2024,0.0,0,0,0,5.64791947838045e-10,True,True negative,0.49999999943520806
R053_C060,2024,1.3862943611198906,0,0,0,5.9083840806754096e-06,True,True negative,0.49999409161591934
R053_C061,2024,1.0986122886681096,0,0,0,8.65629632656729e-07,True,True negative,0.49999913437036736
R053_C062,2024,2.302585092994046,0,0,0,0.002673672923127726,True,True negative,0.4973263270768723
R053_C063,2024,3.7612001156935615,1,1,1,0.9793264211280307,True,True positive,0.4793264211280307
R053_C064,2024,2.639057329615259,0,0,0,0.024717696654622916,True,True negative,0.4752823033453771
R053_C065,2024,1.9459101490553128,0,0,0,0.0002477300319792436,True,True negative,0.49975226996802075
R053_C066,2024,3.5263605246161616,0,0,1,0.9045442124169463,False,False positive,0.40454421241694627
R053_C067,2024,4.48863636973214,1,1,1,0.9998358640207722,True,True positive,0.4998358640207722
R053_C068,2024,3.951243718581428,1,1,1,0.9940995708741333,True,True positive,0.49409957087413325
R053_C069,2024,4.174387269895637,1,1,1,0.9986638207787858,True,True positive,0.4986638207787858
R053_C070,2024,3.258096538021482,0,1,1,0.612476721689788,True,True positive,0.11247672168978795
R053_C071,2024,1.9459101490553128,0,0,0,0.0002477300319792436,True,True negative,0.49975226996802075
R053_C072,2024,2.9444389791664403,0,0,0,0.1629605820634127,True,True negative,0.3370394179365873
R053_C073,2024,5.0369526024136295,1,1,1,0.9999957789401103,True,True positive,0.49999577894011027
R053_C074,2024,4.158883083359672,1,1,1,0.9985183143658733,True,True positive,0.49851831436587335
R053_C075,2024,2.772588722239781,0,0,0,0.058211331684448954,True,True negative,0.441788668315551
R053_C076,2024,2.3978952727983707,0,0,0,0.005039993971908603,True,True negative,0.49496000602809137
R053_C077,2024,4.02535169073515,1,1,1,0.9963941502682053,True,True positive,0.4963941502682053
R053_C078,2024,2.079441541679836,0,0,0,0.0006039490586071061,True,True negative,0.4993960509413929
R053_C079,2024,0.6931471805599453,0,0,0,5.7767006900864226e-08,True,True negative,0.4999999422329931
R053_C080,2024,2.3978952727983707,0,0,0,0.005039993971908603,True,True negative,0.49496000602809137
R053_C081,2024,1.3862943611198906,0,0,0,5.9083840806754096e-06,True,True negative,0.49999409161591934
R053_C082,2024,1.0986122886681096,0,0,0,8.65629632656729e-07,True,True negative,0.49999913437036736
R053_C083,2024,2.19722457733622,0,0,0,0.0013249536430650108,True,True negative,0.498675046356935
R053_C084,2024,4.356708826689592,1,1,1,0.9996040602328539,True,True positive,0.49960406023285386
R053_C085,2024,1.3862943611198906,0,0,0,5.9083840806754096e-06,True,True negative,0.49999409161591934
R053_C086,2024,1.9459101490553128,0,0,0,0.0002477300319792436,True,True negative,0.49975226996802075
R053_C087,2024,2.4849066497880004,0,0,0,0.008974292080567959,True,True negative,0.49102570791943206
R053_C088,2024,0.6931471805599453,0,0,0,5.7767006900864226e-08,True,True negative,0.4999999422329931
R053_C089,2024,0.6931471805599453,0,0,0,5.7767006900864226e-08,True,True negative,0.4999999422329931
R053_C090,2024,1.9459101490553128,0,0,0,0.0002477300319792436,True,True negative,0.49975226996802075
R053_C091,2024,1.3862943611198906,0,0,0,5.9083840806754096e-06,True,True negative,0.49999409161591934
R053_C092,2024,2.5649493574615367,0,0,0,0.015217410607103852,True,True negative,0.48478258939289615
R053_C093,2024,2.079441541679836,0,0,0,0.0006039490586071061,True,True negative,0.4993960509413929
R053_C094,2024,1.791759469228055,0,0,0,8.852897499702268e-05,True,True negative,0.499911471025003
R053_C095,2024,1.791759469228055,0,0,0,8.852897499702268e-05,True,True negative,0.499911471025003
R053_C096,2024,2.639057329615259,0,0,0,0.024717696654622916,True,True negative,0.4752823033453771
R053_C097,2024,2.639057329615259,0,0,0,0.024717696654622916,True,True negative,0.4752823033453771
R053_C098,2024,1.6094379124341005,0,0,0,2.621007218088068e-05,True,True negative,0.4999737899278191
R053_C099,2024,1.0986122886681096,0,0,0,8.65629632656729e-07,True,True negative,0.49999913437036736
R053_C100,2024,1.6094379124341005,0,0,0,2.621007218088068e-05,True,True negative,0.4999737899278191
R053_C101,2024,2.3978952727983707,0,0,0,0.005039993971908603,True,True negative,0.49496000602809137
R053_C102,2024,0.0,0,0,0,5.64791947838045e-10,True,True negative,0.49999999943520806
R053_C103,2024,1.9459101490553128,0,0,0,0.0002477300319792436,True,True negative,0.49975226996802075
R053_C104,2024,0.0,0,0,0,5.64791947838045e-10,True,True negative,0.49999999943520806
R053_C105,2024,0.6931471805599453,0,0,0,5.7767006900864226e-08,True,True negative,0.4999999422329931
R053_C106,2024,1.3862943611198906,0,0,0,5.9083840806754096e-06,True,True negative,0.49999409161591934
R053_C107,2024,1.0986122886681096,0,0,0,8.65629632656729e-07,True,True negative,0.49999913437036736
R053_C108,2024,1.3862943611198906,0,0,0,5.9083840806754096e-06,True,True negative,0.49999409161591934
R053_C109,2024,2.639057329615259,0,0,0,0.024717696654622916,True,True negative,0.4752823033453771
R053_C110,2024,1.791759469228055,0,0,0,8.852897499702268e-05,True,True negative,0.499911471025003
R053_C111,2024,0.0,0,0,0,5.64791947838045e-10,True,True negative,0.49999999943520806
R053_C112,2024,0.0,0,0,0,5.64791947838045e-10,True,True negative,0.49999999943520806
R053_C113,2024,0.0,0,0,0,5.64791947838045e-10,True,True negative,0.49999999943520806
R053_C114,2024,1.6094379124341005,0,0,0,2.621007218088068e-05,True,True negative,0.4999737899278191
R053_C115,2024,1.0986122886681096,0,0,0,8.65629632656729e-07,True,True negative,0.49999913437036736
R053_C116,2024,1.791759469228055,0,0,0,8.852897499702268e-05,True,True negative,0.499911471025003
R053_C117,2024,1.0986122886681096,0,0,0,8.65629632656729e-07,True,True negative,0.49999913437036736
R054_C038,2024,2.995732273553991,0,0,0,0.21519187873111192,True,True negative,0.2848081212688881
R054_C039,2024,2.5649493574615367,0,0,0,0.015217410607103852,True,True negative,0.48478258939289615
R054_C040,2024,1.791759469228055,0,0,0,8.852897499702268e-05,True,True negative,0.499911471025003
R054_C041,2024,1.9459101490553128,0,0,0,0.0002477300319792436,True,True negative,0.49975226996802075
R054_C042,2024,1.6094379124341005,0,0,0,2.621007218088068e-05,True,True negative,0.4999737899278191
R054_C043,2024,1.0986122886681096,0,0,0,8.65629632656729e-07,True,True negative,0.49999913437036736
R054_C044,2024,0.6931471805599453,0,0,0,5.7767006900864226e-08,True,True negative,0.4999999422329931
R054_C045,2024,1.0986122886681096,0,0,0,8.65629632656729e-07,True,True negative,0.49999913437036736
R054_C046,2024,1.6094379124341005,0,0,0,2.621007218088068e-05,True,True negative,0.4999737899278191
R054_C047,2024,0.0,0,0,0,5.64791947838045e-10,True,True negative,0.49999999943520806
R054_C048,2024,1.3862943611198906,0,0,0,5.9083840806754096e-06,True,True negative,0.49999409161591934
R054_C049,2024,1.0986122886681096,0,0,0,8.65629632656729e-07,True,True negative,0.49999913437036736
R054_C050,2024,0.6931471805599453,0,0,0,5.7767006900864226e-08,True,True negative,0.4999999422329931
R054_C053,2024,0.6931471805599453,0,0,0,5.7767006900864226e-08,True,True negative,0.4999999422329931
R054_C054,2024,0.6931471805599453,0,0,0,5.7767006900864226e-08,True,True negative,0.4999999422329931
R054_C055,2024,1.9459101490553128,0,0,0,0.0002477300319792436,True,True negative,0.49975226996802075
R054_C056,2024,0.0,0,0,0,5.64791947838045e-10,True,True negative,0.49999999943520806
R054_C057,2024,0.0,0,0,0,5.64791947838045e-10,True,True negative,0.49999999943520806
R054_C058,2024,0.6931471805599453,0,0,0,5.7767006900864226e-08,True,True negative,0.4999999422329931
R054_C059,2024,1.3862943611198906,0,0,0,5.9083840806754096e-06,True,True negative,0.49999409161591934
R054_C060,2024,0.6931471805599453,0,0,0,5.7767006900864226e-08,True,True negative,0.4999999422329931
R054_C061,2024,0.6931471805599453,0,0,0,5.7767006900864226e-08,True,True negative,0.4999999422329931
R054_C062,2024,1.0986122886681096,0,0,0,8.65629632656729e-07,True,True negative,0.49999913437036736
R054_C063,2024,1.791759469228055,0,0,0,8.852897499702268e-05,True,True negative,0.499911471025003
R054_C064,2024,2.8903717578961645,0,0,0,0.11948288041963083,True,True negative,0.38051711958036916
R054_C065,2024,4.204692619390966,1,1,1,0.9989083078834317,True,True positive,0.49890830788343166
R054_C066,2024,4.143134726391533,1,1,1,0.9983543125858839,True,True positive,0.4983543125858839
R054_C067,2024,4.890349128221754,1,1,1,0.9999887669523976,True,True positive,0.4999887669523976
R054_C068,2024,5.529429087511423,1,1,1,0.9999998424277297,True,True positive,0.49999984242772966
R054_C069,2024,5.2574953720277815,1,1,1,0.9999990318210846,True,True positive,0.4999990318210846
R054_C070,2024,3.87120101090789,1,1,1,0.9899732019420209,True,True positive,0.4899732019420209
R054_C071,2024,2.302585092994046,0,0,0,0.002673672923127726,True,True negative,0.4973263270768723
R054_C072,2024,2.9444389791664403,0,0,0,0.1629605820634127,True,True negative,0.3370394179365873
R054_C073,2024,4.709530201312334,1,1,1,0.9999624358514506,True,True positive,0.4999624358514506
R054_C074,2024,4.23410650459726,1,1,1,0.9991027805420002,True,True positive,0.4991027805420002
R054_C075,2024,2.079441541679836,0,0,0,0.0006039490586071061,True,True negative,0.4993960509413929
R054_C076,2024,0.0,0,0,0,5.64791947838045e-10,True,True negative,0.49999999943520806
R054_C077,2024,2.639057329615259,0,0,0,0.024717696654622916,True,True negative,0.4752823033453771
R054_C078,2024,1.6094379124341005,0,0,0,2.621007218088068e-05,True,True negative,0.4999737899278191
R054_C079,2024,0.6931471805599453,0,0,0,5.7767006900864226e-08,True,True negative,0.4999999422329931
R054_C080,2024,0.6931471805599453,0,0,0,5.7767006900864226e-08,True,True negative,0.4999999422329931
R054_C081,2024,0.0,0,0,0,5.64791947838045e-10,True,True negative,0.49999999943520806
R054_C082,2024,1.6094379124341005,0,0,0,2.621007218088068e-05,True,True negative,0.4999737899278191
R054_C083,2024,3.218875824868201,0,0,1,0.5488146483718718,False,False positive,0.04881464837187177
R054_C084,2024,2.995732273553991,0,0,0,0.21519187873111192,True,True negative,0.2848081212688881
R054_C085,2024,0.6931471805599453,0,0,0,5.7767006900864226e-08,True,True negative,0.4999999422329931
R054_C086,2024,1.0986122886681096,0,0,0,8.65629632656729e-07,True,True negative,0.49999913437036736
R054_C087,2024,1.3862943611198906,0,0,0,5.9083840806754096e-06,True,True negative,0.49999409161591934
R054_C088,2024,0.0,0,0,0,5.64791947838045e-10,True,True negative,0.49999999943520806
R054_C089,2024,0.6931471805599453,0,0,0,5.7767006900864226e-08,True,True negative,0.4999999422329931
R054_C090,2024,2.19722457733622,0,0,0,0.0013249536430650108,True,True negative,0.498675046356935
R054_C091,2024,1.0986122886681096,0,0,0,8.65629632656729e-07,True,True negative,0.49999913437036736
R054_C092,2024,2.5649493574615367,0,0,0,0.015217410607103852,True,True negative,0.48478258939289615
R054_C093,2024,2.3978952727983707,0,0,0,0.005039993971908603,True,True negative,0.49496000602809137
R054_C094,2024,0.6931471805599453,0,0,0,5.7767006900864226e-08,True,True negative,0.4999999422329931
R054_C095,2024,1.6094379124341005,0,0,0,2.621007218088068e-05,True,True negative,0.4999737899278191
R054_C096,2024,0.0,0,0,0,5.64791947838045e-10,True,True negative,0.49999999943520806
R054_C097,2024,3.091042453358316,0,0,0,0.3412830017619351,True,True negative,0.1587169982380649
R054_C098,2024,1.9459101490553128,0,0,0,0.0002477300319792436,True,True negative,0.49975226996802075
R054_C099,2024,0.6931471805599453,0,0,0,5.7767006900864226e-08,True,True negative,0.4999999422329931
R054_C100,2024,0.0,0,0,0,5.64791947838045e-10,True,True negative,0.49999999943520806
R054_C101,2024,1.3862943611198906,0,0,0,5.9083840806754096e-06,True,True negative,0.49999409161591934
R054_C102,2024,1.0986122886681096,0,0,0,8.65629632656729e-07,True,True negative,0.49999913437036736
R054_C103,2024,1.0986122886681096,0,0,0,8.65629632656729e-07,True,True negative,0.49999913437036736
R054_C104,2024,3.4657359027997265,0,1,1,0.8634228435842332,True,True positive,0.36342284358423316
R054_C105,2024,1.0986122886681096,0,0,0,8.65629632656729e-07,True,True negative,0.49999913437036736
R054_C106,2024,0.6931471805599453,0,0,0,5.7767006900864226e-08,True,True negative,0.4999999422329931
R054_C107,2024,1.3862943611198906,0,0,0,5.9083840806754096e-06,True,True negative,0.49999409161591934
R054_C108,2024,1.0986122886681096,0,0,0,8.65629632656729e-07,True,True negative,0.49999913437036736
R054_C109,2024,1.6094379124341005,0,0,0,2.621007218088068e-05,True,True negative,0.4999737899278191
R054_C110,2024,1.0986122886681096,0,0,0,8.65629632656729e-07,True,True negative,0.49999913437036736
R054_C111,2024,2.4849066497880004,0,0,0,0.008974292080567959,True,True negative,0.49102570791943206
R054_C112,2024,0.6931471805599453,0,0,0,5.7767006900864226e-08,True,True negative,0.4999999422329931
R054_C114,2024,0.0,0,0,0,5.64791947838045e-10,True,True negative,0.49999999943520806
R054_C115,2024,0.6931471805599453,0,0,0,5.7767006900864226e-08,True,True negative,0.4999999422329931
R054_C116,2024,1.6094379124341005,0,0,0,2.621007218088068e-05,True,True negative,0.4999737899278191
R055_C038,2024,0.0,0,0,0,5.64791947838045e-10,True,True negative,0.49999999943520806
R055_C039,2024,2.079441541679836,0,0,0,0.0006039490586071061,True,True negative,0.4993960509413929
R055_C040,2024,1.3862943611198906,0,0,0,5.9083840806754096e-06,True,True negative,0.49999409161591934
R055_C044,2024,0.6931471805599453,0,0,0,5.7767006900864226e-08,True,True negative,0.4999999422329931
R055_C045,2024,0.6931471805599453,0,0,0,5.7767006900864226e-08,True,True negative,0.4999999422329931
R055_C046,2024,1.791759469228055,0,0,0,8.852897499702268e-05,True,True negative,0.499911471025003
R055_C047,2024,1.3862943611198906,0,0,0,5.9083840806754096e-06,True,True negative,0.49999409161591934
R055_C048,2024,2.079441541679836,0,0,0,0.0006039490586071061,True,True negative,0.4993960509413929
R055_C049,2024,1.0986122886681096,0,0,0,8.65629632656729e-07,True,True negative,0.49999913437036736
R055_C050,2024,0.0,0,0,0,5.64791947838045e-10,True,True negative,0.49999999943520806
R055_C052,2024,0.0,0,0,0,5.64791947838045e-10,True,True negative,0.49999999943520806
R055_C053,2024,0.6931471805599453,0,0,0,5.7767006900864226e-08,True,True negative,0.4999999422329931
R055_C054,2024,0.6931471805599453,0,0,0,5.7767006900864226e-08,True,True negative,0.4999999422329931
R055_C055,2024,1.0986122886681096,0,0,0,8.65629632656729e-07,True,True negative,0.49999913437036736
R055_C056,2024,0.0,0,0,0,5.64791947838045e-10,True,True negative,0.49999999943520806
R055_C057,2024,0.6931471805599453,0,0,0,5.7767006900864226e-08,True,True negative,0.4999999422329931
R055_C059,2024,0.0,0,0,0,5.64791947838045e-10,True,True negative,0.49999999943520806
R055_C060,2024,1.0986122886681096,0,0,0,8.65629632656729e-07,True,True negative,0.49999913437036736
R055_C061,2024,1.791759469228055,0,0,0,8.852897499702268e-05,True,True negative,0.499911471025003
R055_C062,2024,0.0,0,0,0,5.64791947838045e-10,True,True negative,0.49999999943520806
R055_C063,2024,1.3862943611198906,0,0,0,5.9083840806754096e-06,True,True negative,0.49999409161591934
R055_C064,2024,3.8501476017100575,1,1,1,0.9884774055996822,True,True positive,0.4884774055996822
R055_C065,2024,4.867534450455582,1,1,1,0.9999869187778331,True,True positive,0.4999869187778331
R055_C066,2024,4.941642422609304,1,1,1,0.9999920242178684,True,True positive,0.49999202421786837
R055_C067,2024,5.680172609017068,1,1,1,0.9999999424034365,True,True positive,0.4999999424034365
R055_C068,2024,6.313548046277095,1,1,1,0.9999999991607056,True,True positive,0.4999999991607056
R055_C069,2024,5.493061443340548,1,1,1,0.9999997991238655,True,True positive,0.4999997991238655
R055_C070,2024,4.700480365792417,1,1,1,0.9999600963450134,True,True positive,0.49996009634501337
R055_C071,2024,1.791759469228055,0,0,0,8.852897499702268e-05,True,True negative,0.499911471025003
R055_C072,2024,2.995732273553991,0,0,0,0.21519187873111192,True,True negative,0.2848081212688881
R055_C073,2024,3.4657359027997265,0,1,1,0.8634228435842332,True,True positive,0.36342284358423316
R055_C074,2024,3.737669618283368,1,1,1,0.9758943929827445,True,True positive,0.4758943929827445
R055_C075,2024,2.19722457733622,0,0,0,0.0013249536430650108,True,True negative,0.498675046356935
R055_C076,2024,2.3978952727983707,0,0,0,0.005039993971908603,True,True negative,0.49496000602809137
R055_C077,2024,1.9459101490553128,0,0,0,0.0002477300319792436,True,True negative,0.49975226996802075
R055_C078,2024,1.791759469228055,0,0,0,8.852897499702268e-05,True,True negative,0.499911471025003
R055_C079,2024,0.0,0,0,0,5.64791947838045e-10,True,True negative,0.49999999943520806
R055_C080,2024,1.0986122886681096,0,0,0,8.65629632656729e-07,True,True negative,0.49999913437036736
R055_C081,2024,2.4849066497880004,0,0,0,0.008974292080567959,True,True negative,0.49102570791943206
R055_C082,2024,2.079441541679836,0,0,0,0.0006039490586071061,True,True negative,0.4993960509413929
R055_C083,2024,1.0986122886681096,0,0,0,8.65629632656729e-07,True,True negative,0.49999913437036736
R055_C084,2024,4.060443010546419,1,1,1,0.9971451257742328,True,True positive,0.49714512577423275
R055_C085,2024,3.044522437723423,0,0,0,0.27524593511421913,True,True negative,0.22475406488578087
R055_C086,2024,0.0,0,0,0,5.64791947838045e-10,True,True negative,0.49999999943520806
R055_C087,2024,2.079441541679836,0,0,0,0.0006039490586071061,True,True negative,0.4993960509413929
R055_C088,2024,0.6931471805599453,0,0,0,5.7767006900864226e-08,True,True negative,0.4999999422329931
R055_C089,2024,0.6931471805599453,0,0,0,5.7767006900864226e-08,True,True negative,0.4999999422329931
R055_C090,2024,1.6094379124341005,0,0,0,2.621007218088068e-05,True,True negative,0.4999737899278191
R055_C091,2024,0.6931471805599453,0,0,0,5.7767006900864226e-08,True,True negative,0.4999999422329931
R055_C092,2024,1.9459101490553128,0,0,0,0.0002477300319792436,True,True negative,0.49975226996802075
R055_C093,2024,1.3862943611198906,0,0,0,5.9083840806754096e-06,True,True negative,0.49999409161591934
R055_C094,2024,2.079441541679836,0,0,0,0.0006039490586071061,True,True negative,0.4993960509413929
R055_C095,2024,1.3862943611198906,0,0,0,5.9083840806754096e-06,True,True negative,0.49999409161591934
R055_C096,2024,0.6931471805599453,0,0,0,5.7767006900864226e-08,True,True negative,0.4999999422329931
R055_C097,2024,0.0,0,0,0,5.64791947838045e-10,True,True negative,0.49999999943520806
R055_C098,2024,1.791759469228055,0,0,0,8.852897499702268e-05,True,True negative,0.499911471025003
R055_C099,2024,0.0,0,0,0,5.64791947838045e-10,True,True negative,0.49999999943520806
R055_C101,2024,0.6931471805599453,0,0,0,5.7767006900864226e-08,True,True negative,0.4999999422329931
R055_C102,2024,2.4849066497880004,0,0,0,0.008974292080567959,True,True negative,0.49102570791943206
R055_C103,2024,0.6931471805599453,0,0,0,5.7767006900864226e-08,True,True negative,0.4999999422329931
R055_C104,2024,1.791759469228055,0,0,0,8.852897499702268e-05,True,True negative,0.499911471025003
R055_C105,2024,0.6931471805599453,0,0,0,5.7767006900864226e-08,True,True negative,0.4999999422329931
R055_C106,2024,1.3862943611198906,0,0,0,5.9083840806754096e-06,True,True negative,0.49999409161591934
R055_C107,2024,1.3862943611198906,0,0,0,5.9083840806754096e-06,True,True negative,0.49999409161591934
R055_C108,2024,1.791759469228055,0,0,0,8.852897499702268e-05,True,True negative,0.499911471025003
R055_C109,2024,1.0986122886681096,0,0,0,8.65629632656729e-07,True,True negative,0.49999913437036736
R055_C110,2024,1.3862943611198906,0,0,0,5.9083840806754096e-06,True,True negative,0.49999409161591934
R055_C111,2024,0.6931471805599453,0,0,0,5.7767006900864226e-08,True,True negative,0.4999999422329931
R055_C112,2024,1.3862943611198906,0,0,0,5.9083840806754096e-06,True,True negative,0.49999409161591934
R055_C113,2024,2.19722457733622,0,0,0,0.0013249536430650108,True,True negative,0.498675046356935
R055_C114,2024,1.3862943611198906,0,0,0,5.9083840806754096e-06,True,True negative,0.49999409161591934
R055_C115,2024,2.079441541679836,0,0,0,0.0006039490586071061,True,True negative,0.4993960509413929
R055_C116,2024,1.791759469228055,0,0,0,8.852897499702268e-05,True,True negative,0.499911471025003
R055_C117,2024,2.19722457733622,0,0,0,0.0013249536430650108,True,True negative,0.498675046356935
R056_C039,2024,0.6931471805599453,0,0,0,5.7767006900864226e-08,True,True negative,0.4999999422329931
R056_C040,2024,1.9459101490553128,0,0,0,0.0002477300319792436,True,True negative,0.49975226996802075
R056_C044,2024,1.0986122886681096,0,0,0,8.65629632656729e-07,True,True negative,0.49999913437036736
R056_C046,2024,0.0,0,0,0,5.64791947838045e-10,True,True negative,0.49999999943520806
R056_C047,2024,1.9459101490553128,0,0,0,0.0002477300319792436,True,True negative,0.49975226996802075
R056_C048,2024,1.791759469228055,0,0,0,8.852897499702268e-05,True,True negative,0.499911471025003
R056_C049,2024,2.8903717578961645,0,0,0,0.11948288041963083,True,True negative,0.38051711958036916
R056_C050,2024,0.6931471805599453,0,0,0,5.7767006900864226e-08,True,True negative,0.4999999422329931
R056_C051,2024,1.0986122886681096,0,0,0,8.65629632656729e-07,True,True negative,0.49999913437036736
R056_C052,2024,1.6094379124341005,0,0,0,2.621007218088068e-05,True,True negative,0.4999737899278191
R056_C053,2024,1.3862943611198906,0,0,0,5.9083840806754096e-06,True,True negative,0.49999409161591934
R056_C055,2024,0.0,0,0,0,5.64791947838045e-10,True,True negative,0.49999999943520806
R056_C056,2024,0.0,0,0,0,5.64791947838045e-10,True,True negative,0.49999999943520806
R056_C057,2024,0.6931471805599453,0,0,0,5.7767006900864226e-08,True,True negative,0.4999999422329931
R056_C058,2024,0.0,0,0,0,5.64791947838045e-10,True,True negative,0.49999999943520806
R056_C059,2024,1.0986122886681096,0,0,0,8.65629632656729e-07,True,True negative,0.49999913437036736
R056_C060,2024,1.0986122886681096,0,0,0,8.65629632656729e-07,True,True negative,0.49999913437036736
R056_C061,2024,2.5649493574615367,0,0,0,0.015217410607103852,True,True negative,0.48478258939289615
R056_C062,2024,1.0986122886681096,0,0,0,8.65629632656729e-07,True,True negative,0.49999913437036736
R056_C063,2024,0.6931471805599453,0,0,0,5.7767006900864226e-08,True,True negative,0.4999999422329931
R056_C064,2024,2.995732273553991,0,0,0,0.21519187873111192,True,True negative,0.2848081212688881
R056_C065,2024,4.787491742782046,1,1,1,0.9999776781890198,True,True positive,0.49997767818901984
R056_C066,2024,5.1647859739235145,1,1,1,0.9999982020912315,True,True positive,0.49999820209123147
R056_C067,2024,5.123963979403259,1,1,1,0.9999976388072812,True,True positive,0.4999976388072812
R056_C068,2024,5.375278407684165,1,1,1,0.9999995589964923,True,True positive,0.4999995589964923
R056_C069,2024,5.247024072160486,1,1,1,0.9999989617132965,True,True positive,0.4999989617132965
R056_C070,2024,3.784189633918261,1,1,1,0.9822157075581223,True,True positive,0.48221570755812226
R056_C071,2024,2.9444389791664403,0,0,0,0.1629605820634127,True,True negative,0.3370394179365873
R056_C072,2024,2.3978952727983707,0,0,0,0.005039993971908603,True,True negative,0.49496000602809137
R056_C073,2024,4.007333185232471,1,1,1,0.9959350760058738,True,True positive,0.49593507600587383
R056_C074,2024,4.406719247264253,1,1,1,0.9997164224019289,True,True positive,0.49971642240192893
R056_C075,2024,3.80666248977032,1,1,1,0.9846554694251088,True,True positive,0.48465546942510884
R056_C076,2024,2.302585092994046,0,0,0,0.002673672923127726,True,True negative,0.4973263270768723
R056_C077,2024,2.079441541679836,0,0,0,0.0006039490586071061,True,True negative,0.4993960509413929
R056_C078,2024,1.6094379124341005,0,0,0,2.621007218088068e-05,True,True negative,0.4999737899278191
R056_C079,2024,1.6094379124341005,0,0,0,2.621007218088068e-05,True,True negative,0.4999737899278191
R056_C080,2024,2.079441541679836,0,0,0,0.0006039490586071061,True,True negative,0.4993960509413929
R056_C081,2024,1.791759469228055,0,0,0,8.852897499702268e-05,True,True negative,0.499911471025003
R056_C082,2024,0.6931471805599453,0,0,0,5.7767006900864226e-08,True,True negative,0.4999999422329931
R056_C083,2024,0.6931471805599453,0,0,0,5.7767006900864226e-08,True,True negative,0.4999999422329931
R056_C084,2024,2.19722457733622,0,0,0,0.0013249536430650108,True,True negative,0.498675046356935
R056_C085,2024,1.0986122886681096,0,0,0,8.65629632656729e-07,True,True negative,0.49999913437036736
R056_C086,2024,1.6094379124341005,0,0,0,2.621007218088068e-05,True,True negative,0.4999737899278191
R056_C087,2024,1.6094379124341005,0,0,0,2.621007218088068e-05,True,True negative,0.4999737899278191
R056_C088,2024,1.6094379124341005,0,0,0,2.621007218088068e-05,True,True negative,0.4999737899278191
R056_C089,2024,2.70805020110221,0,0,0,0.038620547826229264,True,True negative,0.46137945217377074
R056_C090,2024,2.8903717578961645,0,0,0,0.11948288041963083,True,True negative,0.38051711958036916
R056_C091,2024,1.6094379124341005,0,0,0,2.621007218088068e-05,True,True negative,0.4999737899278191
R056_C092,2024,0.0,0,0,0,5.64791947838045e-10,True,True negative,0.49999999943520806
R056_C093,2024,1.0986122886681096,0,0,0,8.65629632656729e-07,True,True negative,0.49999913437036736
R056_C094,2024,0.0,0,0,0,5.64791947838045e-10,True,True negative,0.49999999943520806
R056_C095,2024,2.079441541679836,0,0,0,0.0006039490586071061,True,True negative,0.4993960509413929
R056_C096,2024,1.3862943611198906,0,0,0,5.9083840806754096e-06,True,True negative,0.49999409161591934
R056_C097,2024,0.0,0,0,0,5.64791947838045e-10,True,True negative,0.49999999943520806
R056_C098,2024,0.6931471805599453,0,0,0,5.7767006900864226e-08,True,True negative,0.4999999422329931
R056_C099,2024,1.0986122886681096,0,0,0,8.65629632656729e-07,True,True negative,0.49999913437036736
R056_C100,2024,0.6931471805599453,0,0,0,5.7767006900864226e-08,True,True negative,0.4999999422329931
R056_C101,2024,0.6931471805599453,0,0,0,5.7767006900864226e-08,True,True negative,0.4999999422329931
R056_C102,2024,1.3862943611198906,0,0,0,5.9083840806754096e-06,True,True negative,0.49999409161591934
R056_C103,2024,1.3862943611198906,0,0,0,5.9083840806754096e-06,True,True negative,0.49999409161591934
R056_C105,2024,1.0986122886681096,0,0,0,8.65629632656729e-07,True,True negative,0.49999913437036736
R056_C106,2024,1.6094379124341005,0,0,0,2.621007218088068e-05,True,True negative,0.4999737899278191
R056_C107,2024,1.3862943611198906,0,0,0,5.9083840806754096e-06,True,True negative,0.49999409161591934
R056_C108,2024,2.079441541679836,0,0,0,0.0006039490586071061,True,True negative,0.4993960509413929
R056_C109,2024,1.0986122886681096,0,0,0,8.65629632656729e-07,True,True negative,0.49999913437036736
R056_C110,2024,1.9459101490553128,0,0,0,0.0002477300319792436,True,True negative,0.49975226996802075
R056_C111,2024,0.6931471805599453,0,0,0,5.7767006900864226e-08,True,True negative,0.4999999422329931
R056_C112,2024,1.0986122886681096,0,0,0,8.65629632656729e-07,True,True negative,0.49999913437036736
R056_C113,2024,1.9459101490553128,0,0,0,0.0002477300319792436,True,True negative,0.49975226996802075
R056_C114,2024,1.9459101490553128,0,0,0,0.0002477300319792436,True,True negative,0.49975226996802075
R056_C115,2024,2.772588722239781,0,0,0,0.058211331684448954,True,True negative,0.441788668315551
R056_C116,2024,1.3862943611198906,0,0,0,5.9083840806754096e-06,True,True negative,0.49999409161591934
R056_C117,2024,4.143134726391533,1,1,1,0.9983543125858839,True,True positive,0.4983543125858839
R056_C118,2024,1.9459101490553128,0,0,0,0.0002477300319792436,True,True negative,0.49975226996802075
R057_C038,2024,0.6931471805599453,0,0,0,5.7767006900864226e-08,True,True negative,0.4999999422329931
R057_C039,2024,1.0986122886681096,0,0,0,8.65629632656729e-07,True,True negative,0.49999913437036736
R057_C040,2024,0.6931471805599453,0,0,0,5.7767006900864226e-08,True,True negative,0.4999999422329931
R057_C041,2024,0.0,0,0,0,5.64791947838045e-10,True,True negative,0.49999999943520806
R057_C042,2024,0.6931471805599453,0,0,0,5.7767006900864226e-08,True,True negative,0.4999999422329931
R057_C043,2024,0.0,0,0,0,5.64791947838045e-10,True,True negative,0.49999999943520806
R057_C044,2024,0.6931471805599453,0,0,0,5.7767006900864226e-08,True,True negative,0.4999999422329931
R057_C045,2024,0.6931471805599453,0,0,0,5.7767006900864226e-08,True,True negative,0.4999999422329931
R057_C046,2024,1.3862943611198906,0,0,0,5.9083840806754096e-06,True,True negative,0.49999409161591934
R057_C049,2024,1.0986122886681096,0,0,0,8.65629632656729e-07,True,True negative,0.49999913437036736
R057_C050,2024,2.19722457733622,0,0,0,0.0013249536430650108,True,True negative,0.498675046356935
R057_C051,2024,1.0986122886681096,0,0,0,8.65629632656729e-07,True,True negative,0.49999913437036736
R057_C052,2024,1.3862943611198906,0,0,0,5.9083840806754096e-06,True,True negative,0.49999409161591934
R057_C053,2024,0.0,0,0,0,5.64791947838045e-10,True,True negative,0.49999999943520806
R057_C054,2024,0.0,0,0,0,5.64791947838045e-10,True,True negative,0.49999999943520806
R057_C055,2024,0.0,0,0,0,5.64791947838045e-10,True,True negative,0.49999999943520806
R057_C056,2024,1.0986122886681096,0,0,0,8.65629632656729e-07,True,True negative,0.49999913437036736
R057_C058,2024,0.6931471805599453,0,0,0,5.7767006900864226e-08,True,True negative,0.4999999422329931
R057_C059,2024,1.6094379124341005,0,0,0,2.621007218088068e-05,True,True negative,0.4999737899278191
R057_C060,2024,0.0,0,0,0,5.64791947838045e-10,True,True negative,0.49999999943520806
R057_C061,2024,0.6931471805599453,0,0,0,5.7767006900864226e-08,True,True negative,0.4999999422329931
R057_C062,2024,1.3862943611198906,0,0,0,5.9083840806754096e-06,True,True negative,0.49999409161591934
R057_C063,2024,1.6094379124341005,0,0,0,2.621007218088068e-05,True,True negative,0.4999737899278191
R057_C064,2024,3.58351893845611,1,1,1,0.9353384081017577,True,True positive,0.4353384081017577
R057_C065,2024,5.488937726156687,1,1,1,0.9999997935166087,True,True positive,0.4999997935166087
R057_C066,2024,5.049856007249537,1,1,1,0.9999961273518968,True,True positive,0.4999961273518968
R057_C067,2024,4.68213122712422,1,1,1,0.9999548961056879,True,True positive,0.4999548961056879
R057_C068,2024,3.828641396489095,1,0,1,0.9867219015643443,False,False positive,0.48672190156434425
R057_C069,2024,3.9889840465642745,1,1,1,0.9954077445379951,True,True positive,0.4954077445379951
R057_C070,2024,2.079441541679836,0,0,0,0.0006039490586071061,True,True negative,0.4993960509413929
R057_C071,2024,2.772588722239781,0,0,0,0.058211331684448954,True,True negative,0.441788668315551
R057_C072,2024,2.70805020110221,0,0,0,0.038620547826229264,True,True negative,0.46137945217377074
R057_C073,2024,3.218875824868201,0,0,1,0.5488146483718718,False,False positive,0.04881464837187177
R057_C074,2024,2.302585092994046,0,0,0,0.002673672923127726,True,True negative,0.4973263270768723
R057_C075,2024,2.70805020110221,0,0,0,0.038620547826229264,True,True negative,0.46137945217377074
R057_C076,2024,2.19722457733622,0,0,0,0.0013249536430650108,True,True negative,0.498675046356935
R057_C077,2024,3.091042453358316,0,0,0,0.3412830017619351,True,True negative,0.1587169982380649
R057_C078,2024,4.02535169073515,1,1,1,0.9963941502682053,True,True positive,0.4963941502682053
R057_C079,2024,2.70805020110221,0,0,0,0.038620547826229264,True,True negative,0.46137945217377074
R057_C080,2024,1.6094379124341005,0,0,0,2.621007218088068e-05,True,True negative,0.4999737899278191
R057_C081,2024,0.0,0,0,0,5.64791947838045e-10,True,True negative,0.49999999943520806
R057_C082,2024,0.6931471805599453,0,0,0,5.7767006900864226e-08,True,True negative,0.4999999422329931
R057_C083,2024,0.6931471805599453,0,0,0,5.7767006900864226e-08,True,True negative,0.4999999422329931
R057_C084,2024,0.0,0,0,0,5.64791947838045e-10,True,True negative,0.49999999943520806
R057_C085,2024,0.0,0,0,0,5.64791947838045e-10,True,True negative,0.49999999943520806
R057_C086,2024,1.0986122886681096,0,0,0,8.65629632656729e-07,True,True negative,0.49999913437036736
R057_C087,2024,0.6931471805599453,0,0,0,5.7767006900864226e-08,True,True negative,0.4999999422329931
R057_C088,2024,2.5649493574615367,0,0,0,0.015217410607103852,True,True negative,0.48478258939289615
R057_C089,2024,2.9444389791664403,0,0,0,0.1629605820634127,True,True negative,0.3370394179365873
R057_C090,2024,4.927253685157205,1,1,1,0.99999122002441,True,True positive,0.49999122002441
R057_C091,2024,3.6635616461296463,1,0,1,0.9610645615635566,False,False positive,0.4610645615635566
R057_C092,2024,2.302585092994046,0,0,0,0.002673672923127726,True,True negative,0.4973263270768723
R057_C093,2024,0.6931471805599453,0,0,0,5.7767006900864226e-08,True,True negative,0.4999999422329931
R057_C094,2024,0.6931471805599453,0,0,0,5.7767006900864226e-08,True,True negative,0.4999999422329931
R057_C095,2024,3.1780538303479458,0,0,0,0.4808442013353714,True,True negative,0.019155798664628576
R057_C096,2024,0.0,0,0,0,5.64791947838045e-10,True,True negative,0.49999999943520806
R057_C097,2024,0.0,0,0,0,5.64791947838045e-10,True,True negative,0.49999999943520806
R057_C098,2024,0.6931471805599453,0,0,0,5.7767006900864226e-08,True,True negative,0.4999999422329931
R057_C099,2024,1.0986122886681096,0,0,0,8.65629632656729e-07,True,True negative,0.49999913437036736
R057_C100,2024,0.0,0,0,0,5.64791947838045e-10,True,True negative,0.49999999943520806
R057_C101,2024,1.3862943611198906,0,0,0,5.9083840806754096e-06,True,True negative,0.49999409161591934
R057_C102,2024,1.0986122886681096,0,0,0,8.65629632656729e-07,True,True negative,0.49999913437036736
R057_C103,2024,1.3862943611198906,0,0,0,5.9083840806754096e-06,True,True negative,0.49999409161591934
R057_C104,2024,0.0,0,0,0,5.64791947838045e-10,True,True negative,0.49999999943520806
R057_C105,2024,1.0986122886681096,0,0,0,8.65629632656729e-07,True,True negative,0.49999913437036736
R057_C106,2024,1.0986122886681096,0,0,0,8.65629632656729e-07,True,True negative,0.49999913437036736
R057_C107,2024,1.791759469228055,0,0,0,8.852897499702268e-05,True,True negative,0.499911471025003
R057_C108,2024,1.791759469228055,0,0,0,8.852897499702268e-05,True,True negative,0.499911471025003
R057_C109,2024,0.0,0,0,0,5.64791947838045e-10,True,True negative,0.49999999943520806
R057_C110,2024,1.3862943611198906,0,0,0,5.9083840806754096e-06,True,True negative,0.49999409161591934
R057_C111,2024,2.302585092994046,0,0,0,0.002673672923127726,True,True negative,0.4973263270768723
R057_C112,2024,0.0,0,0,0,5.64791947838045e-10,True,True negative,0.49999999943520806
R057_C113,2024,0.6931471805599453,0,0,0,5.7767006900864226e-08,True,True negative,0.4999999422329931
R057_C114,2024,1.9459101490553128,0,0,0,0.0002477300319792436,True,True negative,0.49975226996802075
R057_C115,2024,1.3862943611198906,0,0,0,5.9083840806754096e-06,True,True negative,0.49999409161591934
R057_C116,2024,1.3862943611198906,0,0,0,5.9083840806754096e-06,True,True negative,0.49999409161591934
R057_C117,2024,1.6094379124341005,0,0,0,2.621007218088068e-05,True,True negative,0.4999737899278191
R058_C038,2024,1.0986122886681096,0,0,0,8.65629632656729e-07,True,True negative,0.49999913437036736
R058_C039,2024,0.6931471805599453,0,0,0,5.7767006900864226e-08,True,True negative,0.4999999422329931
R058_C040,2024,0.0,0,0,0,5.64791947838045e-10,True,True negative,0.49999999943520806
R058_C041,2024,1.3862943611198906,0,0,0,5.9083840806754096e-06,True,True negative,0.49999409161591934
R058_C042,2024,0.0,0,0,0,5.64791947838045e-10,True,True negative,0.49999999943520806
R058_C043,2024,0.0,0,0,0,5.64791947838045e-10,True,True negative,0.49999999943520806
R058_C044,2024,0.0,0,0,0,5.64791947838045e-10,True,True negative,0.49999999943520806
R058_C045,2024,0.6931471805599453,0,0,0,5.7767006900864226e-08,True,True negative,0.4999999422329931
R058_C048,2024,0.0,0,0,0,5.64791947838045e-10,True,True negative,0.49999999943520806
R058_C049,2024,0.6931471805599453,0,0,0,5.7767006900864226e-08,True,True negative,0.4999999422329931
R058_C050,2024,1.3862943611198906,0,0,0,5.9083840806754096e-06,True,True negative,0.49999409161591934
R058_C051,2024,2.19722457733622,0,0,0,0.0013249536430650108,True,True negative,0.498675046356935
R058_C052,2024,0.6931471805599453,0,0,0,5.7767006900864226e-08,True,True negative,0.4999999422329931
R058_C053,2024,0.6931471805599453,0,0,0,5.7767006900864226e-08,True,True negative,0.4999999422329931
R058_C054,2024,0.6931471805599453,0,0,0,5.7767006900864226e-08,True,True negative,0.4999999422329931
R058_C056,2024,1.3862943611198906,0,0,0,5.9083840806754096e-06,True,True negative,0.49999409161591934
R058_C057,2024,0.0,0,0,0,5.64791947838045e-10,True,True negative,0.49999999943520806
R058_C058,2024,1.0986122886681096,0,0,0,8.65629632656729e-07,True,True negative,0.49999913437036736
R058_C059,2024,1.791759469228055,0,0,0,8.852897499702268e-05,True,True negative,0.499911471025003
R058_C060,2024,2.19722457733622,0,0,0,0.0013249536430650108,True,True negative,0.498675046356935
R058_C061,2024,2.4849066497880004,0,0,0,0.008974292080567959,True,True negative,0.49102570791943206
R058_C062,2024,1.0986122886681096,0,0,0,8.65629632656729e-07,True,True negative,0.49999913437036736
R058_C063,2024,1.6094379124341005,0,0,0,2.621007218088068e-05,True,True negative,0.4999737899278191
R058_C064,2024,3.4339872044851463,0,0,1,0.8364500535624654,False,False positive,0.3364500535624654
R058_C065,2024,4.553876891600541,1,1,1,0.9998938150371093,True,True positive,0.4998938150371093
R058_C066,2024,4.430816798843313,1,1,1,0.9997585545731245,True,True positive,0.49975855457312446
R058_C067,2024,4.204692619390966,1,1,1,0.9989083078834317,True,True positive,0.49890830788343166
R058_C068,2024,3.332204510175204,0,0,1,0.7216193143239186,False,False positive,0.22161931432391857
R058_C069,2024,2.079441541679836,0,0,0,0.0006039490586071061,True,True negative,0.4993960509413929
R058_C070,2024,1.9459101490553128,0,0,0,0.0002477300319792436,True,True negative,0.49975226996802075
R058_C071,2024,3.58351893845611,1,1,1,0.9353384081017577,True,True positive,0.4353384081017577
R058_C072,2024,3.1354942159291497,0,0,0,0.41076471668164616,True,True negative,0.08923528331835384
R058_C073,2024,1.3862943611198906,0,0,0,5.9083840806754096e-06,True,True negative,0.49999409161591934
R058_C074,2024,1.0986122886681096,0,0,0,8.65629632656729e-07,True,True negative,0.49999913437036736
R058_C075,2024,1.6094379124341005,0,0,0,2.621007218088068e-05,True,True negative,0.4999737899278191
R058_C076,2024,1.9459101490553128,0,0,0,0.0002477300319792436,True,True negative,0.49975226996802075
R058_C077,2024,3.58351893845611,1,0,1,0.9353384081017577,False,False positive,0.4353384081017577
R058_C078,2024,5.420534999272286,1,1,1,0.9999996739982894,True,True positive,0.4999996739982894
R058_C079,2024,4.499809670330265,1,1,1,0.9998476607722051,True,True positive,0.4998476607722051
R058_C080,2024,1.6094379124341005,0,0,0,2.621007218088068e-05,True,True negative,0.4999737899278191
R058_C081,2024,1.791759469228055,0,0,0,8.852897499702268e-05,True,True negative,0.499911471025003
R058_C082,2024,1.3862943611198906,0,0,0,5.9083840806754096e-06,True,True negative,0.49999409161591934
R058_C083,2024,1.0986122886681096,0,0,0,8.65629632656729e-07,True,True negative,0.49999913437036736
R058_C084,2024,1.0986122886681096,0,0,0,8.65629632656729e-07,True,True negative,0.49999913437036736
R058_C085,2024,1.0986122886681096,0,0,0,8.65629632656729e-07,True,True negative,0.49999913437036736
R058_C086,2024,1.0986122886681096,0,0,0,8.65629632656729e-07,True,True negative,0.49999913437036736
R058_C087,2024,2.19722457733622,0,0,0,0.0013249536430650108,True,True negative,0.498675046356935
R058_C088,2024,1.3862943611198906,0,0,0,5.9083840806754096e-06,True,True negative,0.49999409161591934
R058_C089,2024,1.3862943611198906,0,0,0,5.9083840806754096e-06,True,True negative,0.49999409161591934
R058_C090,2024,4.382026634673881,1,1,1,0.9996656152407031,True,True positive,0.4996656152407031
R058_C091,2024,3.58351893845611,1,0,1,0.9353384081017577,False,False positive,0.4353384081017577
R058_C092,2024,1.9459101490553128,0,0,0,0.0002477300319792436,True,True negative,0.49975226996802075
R058_C093,2024,2.19722457733622,0,0,0,0.0013249536430650108,True,True negative,0.498675046356935
R058_C094,2024,2.772588722239781,0,0,0,0.058211331684448954,True,True negative,0.441788668315551
R058_C095,2024,0.6931471805599453,0,0,0,5.7767006900864226e-08,True,True negative,0.4999999422329931
R058_C096,2024,0.6931471805599453,0,0,0,5.7767006900864226e-08,True,True negative,0.4999999422329931
R058_C097,2024,1.9459101490553128,0,0,0,0.0002477300319792436,True,True negative,0.49975226996802075
R058_C098,2024,1.3862943611198906,0,0,0,5.9083840806754096e-06,True,True negative,0.49999409161591934
R058_C099,2024,2.639057329615259,0,0,0,0.024717696654622916,True,True negative,0.4752823033453771
R058_C100,2024,1.6094379124341005,0,0,0,2.621007218088068e-05,True,True negative,0.4999737899278191
R058_C101,2024,0.0,0,0,0,5.64791947838045e-10,True,True negative,0.49999999943520806
R058_C102,2024,0.6931471805599453,0,0,0,5.7767006900864226e-08,True,True negative,0.4999999422329931
R058_C103,2024,0.6931471805599453,0,0,0,5.7767006900864226e-08,True,True negative,0.4999999422329931
R058_C104,2024,1.3862943611198906,0,0,0,5.9083840806754096e-06,True,True negative,0.49999409161591934
R058_C105,2024,2.3978952727983707,0,0,0,0.005039993971908603,True,True negative,0.49496000602809137
R058_C106,2024,1.3862943611198906,0,0,0,5.9083840806754096e-06,True,True negative,0.49999409161591934
R058_C107,2024,2.19722457733622,0,0,0,0.0013249536430650108,True,True negative,0.498675046356935
R058_C108,2024,2.302585092994046,0,0,0,0.002673672923127726,True,True negative,0.4973263270768723
R058_C109,2024,2.995732273553991,0,0,0,0.21519187873111192,True,True negative,0.2848081212688881
R058_C110,2024,1.6094379124341005,0,0,0,2.621007218088068e-05,True,True negative,0.4999737899278191
R058_C111,2024,2.302585092994046,0,0,0,0.002673672923127726,True,True negative,0.4973263270768723
R058_C112,2024,2.5649493574615367,0,0,0,0.015217410607103852,True,True negative,0.48478258939289615
R058_C113,2024,1.791759469228055,0,0,0,8.852897499702268e-05,True,True negative,0.499911471025003
R058_C114,2024,1.3862943611198906,0,0,0,5.9083840806754096e-06,True,True negative,0.49999409161591934
R058_C115,2024,0.6931471805599453,0,0,0,5.7767006900864226e-08,True,True negative,0.4999999422329931
R058_C116,2024,1.791759469228055,0,0,0,8.852897499702268e-05,True,True negative,0.499911471025003
R058_C117,2024,3.5263605246161616,0,1,1,0.9045442124169463,True,True positive,0.40454421241694627
R059_C038,2024,0.6931471805599453,0,0,0,5.7767006900864226e-08,True,True negative,0.4999999422329931
R059_C039,2024,0.0,0,0,0,5.64791947838045e-10,True,True negative,0.49999999943520806
R059_C041,2024,0.0,0,0,0,5.64791947838045e-10,True,True negative,0.49999999943520806
R059_C042,2024,0.6931471805599453,0,0,0,5.7767006900864226e-08,True,True negative,0.4999999422329931
R059_C043,2024,0.0,0,0,0,5.64791947838045e-10,True,True negative,0.49999999943520806
R059_C047,2024,0.0,0,0,0,5.64791947838045e-10,True,True negative,0.49999999943520806
R059_C048,2024,1.3862943611198906,0,0,0,5.9083840806754096e-06,True,True negative,0.49999409161591934
R059_C049,2024,1.3862943611198906,0,0,0,5.9083840806754096e-06,True,True negative,0.49999409161591934
R059_C050,2024,1.0986122886681096,0,0,0,8.65629632656729e-07,True,True negative,0.49999913437036736
R059_C051,2024,3.091042453358316,0,0,0,0.3412830017619351,True,True negative,0.1587169982380649
R059_C052,2024,0.0,0,0,0,5.64791947838045e-10,True,True negative,0.49999999943520806
R059_C054,2024,0.6931471805599453,0,0,0,5.7767006900864226e-08,True,True negative,0.4999999422329931
R059_C055,2024,0.6931471805599453,0,0,0,5.7767006900864226e-08,True,True negative,0.4999999422329931
R059_C056,2024,1.791759469228055,0,0,0,8.852897499702268e-05,True,True negative,0.499911471025003
R059_C057,2024,1.3862943611198906,0,0,0,5.9083840806754096e-06,True,True negative,0.49999409161591934
R059_C058,2024,1.6094379124341005,0,0,0,2.621007218088068e-05,True,True negative,0.4999737899278191
R059_C059,2024,0.6931471805599453,0,0,0,5.7767006900864226e-08,True,True negative,0.4999999422329931
R059_C060,2024,3.1354942159291497,0,0,0,0.41076471668164616,True,True negative,0.08923528331835384
R059_C061,2024,3.218875824868201,0,0,1,0.5488146483718718,False,False positive,0.04881464837187177
R059_C062,2024,2.302585092994046,0,0,0,0.002673672923127726,True,True negative,0.4973263270768723
R059_C063,2024,1.0986122886681096,0,0,0,8.65629632656729e-07,True,True negative,0.49999913437036736
R059_C064,2024,2.079441541679836,0,0,0,0.0006039490586071061,True,True negative,0.4993960509413929
R059_C065,2024,2.9444389791664403,0,0,0,0.1629605820634127,True,True negative,0.3370394179365873
R059_C066,2024,3.610917912644224,1,1,1,0.9455594271188087,True,True positive,0.4455594271188087
R059_C067,2024,3.367295829986474,0,0,1,0.7661666921380098,False,False positive,0.2661666921380098
R059_C068,2024,2.772588722239781,0,0,0,0.058211331684448954,True,True negative,0.441788668315551
R059_C069,2024,3.367295829986474,0,0,1,0.7661666921380098,False,False positive,0.2661666921380098
R059_C070,2024,1.791759469228055,0,0,0,8.852897499702268e-05,True,True negative,0.499911471025003
R059_C071,2024,1.6094379124341005,0,0,0,2.621007218088068e-05,True,True negative,0.4999737899278191
R059_C072,2024,1.0986122886681096,0,0,0,8.65629632656729e-07,True,True negative,0.49999913437036736
R059_C073,2024,1.3862943611198906,0,0,0,5.9083840806754096e-06,True,True negative,0.49999409161591934
R059_C074,2024,0.6931471805599453,0,0,0,5.7767006900864226e-08,True,True negative,0.4999999422329931
R059_C075,2024,1.791759469228055,0,0,0,8.852897499702268e-05,True,True negative,0.499911471025003
R059_C076,2024,1.0986122886681096,0,0,0,8.65629632656729e-07,True,True negative,0.49999913437036736
R059_C077,2024,2.8903717578961645,0,0,0,0.11948288041963083,True,True negative,0.38051711958036916
R059_C078,2024,4.912654885736052,1,1,1,0.999990321180924,True,True positive,0.499990321180924
R059_C079,2024,4.5217885770490405,1,1,1,0.9998684494748508,True,True positive,0.49986844947485076
R059_C080,2024,1.6094379124341005,0,0,0,2.621007218088068e-05,True,True negative,0.4999737899278191
R059_C081,2024,0.6931471805599453,0,0,0,5.7767006900864226e-08,True,True negative,0.4999999422329931
R059_C082,2024,1.0986122886681096,0,0,0,8.65629632656729e-07,True,True negative,0.49999913437036736
R059_C083,2024,1.0986122886681096,0,0,0,8.65629632656729e-07,True,True negative,0.49999913437036736
R059_C084,2024,2.079441541679836,0,0,0,0.0006039490586071061,True,True negative,0.4993960509413929
R059_C085,2024,0.6931471805599453,0,0,0,5.7767006900864226e-08,True,True negative,0.4999999422329931
R059_C086,2024,0.0,0,0,0,5.64791947838045e-10,True,True negative,0.49999999943520806
R059_C087,2024,3.295836866004329,0,0,1,0.6703357251318038,False,False positive,0.17033572513180384
R059_C088,2024,1.6094379124341005,0,0,0,2.621007218088068e-05,True,True negative,0.4999737899278191
R059_C089,2024,1.9459101490553128,0,0,0,0.0002477300319792436,True,True negative,0.49975226996802075
R059_C090,2024,2.19722457733622,0,0,0,0.0013249536430650108,True,True negative,0.498675046356935
R059_C091,2024,2.4849066497880004,0,0,0,0.008974292080567959,True,True negative,0.49102570791943206
R059_C092,2024,1.0986122886681096,0,0,0,8.65629632656729e-07,True,True negative,0.49999913437036736
R059_C093,2024,0.0,0,0,0,5.64791947838045e-10,True,True negative,0.49999999943520806
R059_C094,2024,1.6094379124341005,0,0,0,2.621007218088068e-05,True,True negative,0.4999737899278191
R059_C095,2024,2.19722457733622,0,0,0,0.0013249536430650108,True,True negative,0.498675046356935
R059_C096,2024,3.4011973816621555,0,1,1,0.8042593123851965,True,True positive,0.30425931238519655
R059_C097,2024,1.3862943611198906,0,0,0,5.9083840806754096e-06,True,True negative,0.49999409161591934
R059_C098,2024,0.0,0,0,0,5.64791947838045e-10,True,True negative,0.49999999943520806
R059_C099,2024,2.3978952727983707,0,0,0,0.005039993971908603,True,True negative,0.49496000602809137
R059_C100,2024,1.9459101490553128,0,0,0,0.0002477300319792436,True,True negative,0.49975226996802075
R059_C101,2024,1.6094379124341005,0,0,0,2.621007218088068e-05,True,True negative,0.4999737899278191
R059_C102,2024,1.0986122886681096,0,0,0,8.65629632656729e-07,True,True negative,0.49999913437036736
R059_C103,2024,2.4849066497880004,0,0,0,0.008974292080567959,True,True negative,0.49102570791943206
R059_C104,2024,1.9459101490553128,0,0,0,0.0002477300319792436,True,True negative,0.49975226996802075
R059_C105,2024,0.6931471805599453,0,0,0,5.7767006900864226e-08,True,True negative,0.4999999422329931
R059_C106,2024,1.0986122886681096,0,0,0,8.65629632656729e-07,True,True negative,0.49999913437036736
R059_C107,2024,0.0,0,0,0,5.64791947838045e-10,True,True negative,0.49999999943520806
R059_C108,2024,1.3862943611198906,0,0,0,5.9083840806754096e-06,True,True negative,0.49999409161591934
R059_C109,2024,1.9459101490553128,0,0,0,0.0002477300319792436,True,True negative,0.49975226996802075
R059_C110,2024,3.8918202981106265,1,1,1,0.9912514373761554,True,True positive,0.4912514373761554
R059_C111,2024,4.948759890378168,1,1,1,0.9999923943518442,True,True positive,0.49999239435184417
R059_C112,2024,2.9444389791664403,0,0,0,0.1629605820634127,True,True negative,0.3370394179365873
R059_C113,2024,1.791759469228055,0,0,0,8.852897499702268e-05,True,True negative,0.499911471025003
R059_C114,2024,2.19722457733622,0,0,0,0.0013249536430650108,True,True negative,0.498675046356935
R059_C115,2024,2.302585092994046,0,0,0,0.002673672923127726,True,True negative,0.4973263270768723
R059_C116,2024,1.791759469228055,0,0,0,8.852897499702268e-05,True,True negative,0.499911471025003
R059_C117,2024,4.343805421853684,1,1,1,0.9995684538136322,True,True positive,0.49956845381363224
R060_C039,2024,0.6931471805599453,0,0,0,5.7767006900864226e-08,True,True negative,0.4999999422329931
R060_C041,2024,0.6931471805599453,0,0,0,5.7767006900864226e-08,True,True negative,0.4999999422329931
R060_C044,2024,0.6931471805599453,0,0,0,5.7767006900864226e-08,True,True negative,0.4999999422329931
R060_C045,2024,0.6931471805599453,0,0,0,5.7767006900864226e-08,True,True negative,0.4999999422329931
R060_C046,2024,0.0,0,0,0,5.64791947838045e-10,True,True negative,0.49999999943520806
R060_C047,2024,0.0,0,0,0,5.64791947838045e-10,True,True negative,0.49999999943520806
R060_C049,2024,1.0986122886681096,0,0,0,8.65629632656729e-07,True,True negative,0.49999913437036736
R060_C050,2024,0.6931471805599453,0,0,0,5.7767006900864226e-08,True,True negative,0.4999999422329931
R060_C051,2024,1.0986122886681096,0,0,0,8.65629632656729e-07,True,True negative,0.49999913437036736
R060_C052,2024,0.6931471805599453,0,0,0,5.7767006900864226e-08,True,True negative,0.4999999422329931
R060_C053,2024,1.6094379124341005,0,0,0,2.621007218088068e-05,True,True negative,0.4999737899278191
R060_C054,2024,1.3862943611198906,0,0,0,5.9083840806754096e-06,True,True negative,0.49999409161591934
R060_C055,2024,1.791759469228055,0,0,0,8.852897499702268e-05,True,True negative,0.499911471025003
R060_C056,2024,3.367295829986474,0,1,1,0.7661666921380098,True,True positive,0.2661666921380098
R060_C057,2024,3.4011973816621555,0,0,1,0.8042593123851965,False,False positive,0.30425931238519655
R060_C058,2024,1.6094379124341005,0,0,0,2.621007218088068e-05,True,True negative,0.4999737899278191
R060_C059,2024,2.772588722239781,0,0,0,0.058211331684448954,True,True negative,0.441788668315551
R060_C060,2024,3.737669618283368,1,1,1,0.9758943929827445,True,True positive,0.4758943929827445
R060_C061,2024,2.639057329615259,0,0,0,0.024717696654622916,True,True negative,0.4752823033453771
R060_C062,2024,1.0986122886681096,0,0,0,8.65629632656729e-07,True,True negative,0.49999913437036736
R060_C063,2024,1.0986122886681096,0,0,0,8.65629632656729e-07,True,True negative,0.49999913437036736
R060_C064,2024,1.6094379124341005,0,0,0,2.621007218088068e-05,True,True negative,0.4999737899278191
R060_C065,2024,2.772588722239781,0,0,0,0.058211331684448954,True,True negative,0.441788668315551
R060_C066,2024,3.1354942159291497,0,1,0,0.41076471668164616,False,False negative,0.08923528331835384
R060_C067,2024,2.4849066497880004,0,0,0,0.008974292080567959,True,True negative,0.49102570791943206
R060_C068,2024,0.0,0,0,0,5.64791947838045e-10,True,True negative,0.49999999943520806
R060_C069,2024,2.4849066497880004,0,0,0,0.008974292080567959,True,True negative,0.49102570791943206
R060_C070,2024,2.4849066497880004,0,0,0,0.008974292080567959,True,True negative,0.49102570791943206
R060_C071,2024,0.0,0,0,0,5.64791947838045e-10,True,True negative,0.49999999943520806
R060_C072,2024,1.6094379124341005,0,0,0,2.621007218088068e-05,True,True negative,0.4999737899278191
R060_C073,2024,2.5649493574615367,0,0,0,0.015217410607103852,True,True negative,0.48478258939289615
R060_C074,2024,1.6094379124341005,0,0,0,2.621007218088068e-05,True,True negative,0.4999737899278191
R060_C075,2024,2.995732273553991,0,0,0,0.21519187873111192,True,True negative,0.2848081212688881
R060_C076,2024,2.5649493574615367,0,0,0,0.015217410607103852,True,True negative,0.48478258939289615
R060_C077,2024,1.791759469228055,0,0,0,8.852897499702268e-05,True,True negative,0.499911471025003
R060_C078,2024,2.302585092994046,0,0,0,0.002673672923127726,True,True negative,0.4973263270768723
R060_C079,2024,2.772588722239781,0,0,0,0.058211331684448954,True,True negative,0.441788668315551
R060_C080,2024,0.6931471805599453,0,0,0,5.7767006900864226e-08,True,True negative,0.4999999422329931
R060_C081,2024,1.0986122886681096,0,0,0,8.65629632656729e-07,True,True negative,0.49999913437036736
R060_C082,2024,0.6931471805599453,0,0,0,5.7767006900864226e-08,True,True negative,0.4999999422329931
R060_C083,2024,0.6931471805599453,0,0,0,5.7767006900864226e-08,True,True negative,0.4999999422329931
R060_C084,2024,0.6931471805599453,0,0,0,5.7767006900864226e-08,True,True negative,0.4999999422329931
R060_C085,2024,1.0986122886681096,0,0,0,8.65629632656729e-07,True,True negative,0.49999913437036736
R060_C086,2024,0.0,0,0,0,5.64791947838045e-10,True,True negative,0.49999999943520806
R060_C087,2024,1.791759469228055,0,0,0,8.852897499702268e-05,True,True negative,0.499911471025003
R060_C088,2024,0.6931471805599453,0,0,0,5.7767006900864226e-08,True,True negative,0.4999999422329931
R060_C089,2024,2.995732273553991,0,0,0,0.21519187873111192,True,True negative,0.2848081212688881
R060_C090,2024,0.6931471805599453,0,0,0,5.7767006900864226e-08,True,True negative,0.4999999422329931
R060_C091,2024,1.3862943611198906,0,0,0,5.9083840806754096e-06,True,True negative,0.49999409161591934
R060_C092,2024,2.079441541679836,0,0,0,0.0006039490586071061,True,True negative,0.4993960509413929
R060_C093,2024,1.6094379124341005,0,0,0,2.621007218088068e-05,True,True negative,0.4999737899278191
R060_C094,2024,0.6931471805599453,0,0,0,5.7767006900864226e-08,True,True negative,0.4999999422329931
R060_C095,2024,2.302585092994046,0,0,0,0.002673672923127726,True,True negative,0.4973263270768723
R060_C096,2024,3.091042453358316,0,0,0,0.3412830017619351,True,True negative,0.1587169982380649
R060_C097,2024,1.9459101490553128,0,0,0,0.0002477300319792436,True,True negative,0.49975226996802075
R060_C098,2024,1.0986122886681096,0,0,0,8.65629632656729e-07,True,True negative,0.49999913437036736
R060_C099,2024,2.19722457733622,0,0,0,0.0013249536430650108,True,True negative,0.498675046356935
R060_C100,2024,0.6931471805599453,0,0,0,5.7767006900864226e-08,True,True negative,0.4999999422329931
R060_C101,2024,1.791759469228055,0,0,0,8.852897499702268e-05,True,True negative,0.499911471025003
R060_C102,2024,0.0,0,0,0,5.64791947838045e-10,True,True negative,0.49999999943520806
R060_C103,2024,1.3862943611198906,0,0,0,5.9083840806754096e-06,True,True negative,0.49999409161591934
R060_C104,2024,1.0986122886681096,0,0,0,8.65629632656729e-07,True,True negative,0.49999913437036736
R060_C105,2024,1.791759469228055,0,0,0,8.852897499702268e-05,True,True negative,0.499911471025003
R060_C106,2024,2.639057329615259,0,0,0,0.024717696654622916,True,True negative,0.4752823033453771
R060_C107,2024,1.3862943611198906,0,0,0,5.9083840806754096e-06,True,True negative,0.49999409161591934
R060_C108,2024,2.8903717578961645,0,0,0,0.11948288041963083,True,True negative,0.38051711958036916
R060_C109,2024,1.9459101490553128,0,0,0,0.0002477300319792436,True,True negative,0.49975226996802075
R060_C110,2024,3.4011973816621555,0,0,1,0.8042593123851965,False,False positive,0.30425931238519655
R060_C111,2024,4.219507705176107,1,1,1,0.9990110183177369,True,True positive,0.49901101831773687
R060_C112,2024,3.1780538303479458,0,0,0,0.4808442013353714,True,True negative,0.019155798664628576
R060_C113,2024,2.19722457733622,0,0,0,0.0013249536430650108,True,True negative,0.498675046356935
R060_C114,2024,1.0986122886681096,0,0,0,8.65629632656729e-07,True,True negative,0.49999913437036736
R060_C115,2024,1.6094379124341005,0,0,0,2.621007218088068e-05,True,True negative,0.4999737899278191
R060_C116,2024,0.6931471805599453,0,0,0,5.7767006900864226e-08,True,True negative,0.4999999422329931
R060_C117,2024,2.302585092994046,0,0,0,0.002673672923127726,True,True negative,0.4973263270768723
R061_C039,2024,1.3862943611198906,0,0,0,5.9083840806754096e-06,True,True negative,0.49999409161591934
R061_C040,2024,0.0,0,0,0,5.64791947838045e-10,True,True negative,0.49999999943520806
R061_C041,2024,1.0986122886681096,0,0,0,8.65629632656729e-07,True,True negative,0.49999913437036736
R061_C042,2024,1.6094379124341005,0,0,0,2.621007218088068e-05,True,True negative,0.4999737899278191
R061_C043,2024,0.0,0,0,0,5.64791947838045e-10,True,True negative,0.49999999943520806
R061_C048,2024,0.0,0,0,0,5.64791947838045e-10,True,True negative,0.49999999943520806
R061_C049,2024,0.6931471805599453,0,0,0,5.7767006900864226e-08,True,True negative,0.4999999422329931
R061_C050,2024,1.0986122886681096,0,0,0,8.65629632656729e-07,True,True negative,0.49999913437036736
R061_C051,2024,1.3862943611198906,0,0,0,5.9083840806754096e-06,True,True negative,0.49999409161591934
R061_C052,2024,1.791759469228055,0,0,0,8.852897499702268e-05,True,True negative,0.499911471025003
R061_C053,2024,0.0,0,0,0,5.64791947838045e-10,True,True negative,0.49999999943520806
R061_C054,2024,0.6931471805599453,0,0,0,5.7767006900864226e-08,True,True negative,0.4999999422329931
R061_C055,2024,1.6094379124341005,0,0,0,2.621007218088068e-05,True,True negative,0.4999737899278191
R061_C056,2024,1.3862943611198906,0,0,0,5.9083840806754096e-06,True,True negative,0.49999409161591934
R061_C057,2024,2.4849066497880004,0,0,0,0.008974292080567959,True,True negative,0.49102570791943206
R061_C058,2024,1.0986122886681096,0,0,0,8.65629632656729e-07,True,True negative,0.49999913437036736
R061_C059,2024,1.0986122886681096,0,0,0,8.65629632656729e-07,True,True negative,0.49999913437036736
R061_C060,2024,1.0986122886681096,0,0,0,8.65629632656729e-07,True,True negative,0.49999913437036736
R061_C061,2024,1.791759469228055,0,0,0,8.852897499702268e-05,True,True negative,0.499911471025003
R061_C062,2024,0.6931471805599453,0,0,0,5.7767006900864226e-08,True,True negative,0.4999999422329931
R061_C063,2024,0.6931471805599453,0,0,0,5.7767006900864226e-08,True,True negative,0.4999999422329931
R061_C064,2024,0.0,0,0,0,5.64791947838045e-10,True,True negative,0.49999999943520806
R061_C065,2024,1.9459101490553128,0,0,0,0.0002477300319792436,True,True negative,0.49975226996802075
R061_C066,2024,1.6094379124341005,0,0,0,2.621007218088068e-05,True,True negative,0.4999737899278191
R061_C067,2024,2.302585092994046,0,0,0,0.002673672923127726,True,True negative,0.4973263270768723
R061_C068,2024,1.6094379124341005,0,0,0,2.621007218088068e-05,True,True negative,0.4999737899278191
R061_C069,2024,0.6931471805599453,0,0,0,5.7767006900864226e-08,True,True negative,0.4999999422329931
R061_C070,2024,1.9459101490553128,0,0,0,0.0002477300319792436,True,True negative,0.49975226996802075
R061_C071,2024,2.3978952727983707,0,0,0,0.005039993971908603,True,True negative,0.49496000602809137
R061_C072,2024,3.218875824868201,0,0,1,0.5488146483718718,False,False positive,0.04881464837187177
R061_C073,2024,3.091042453358316,0,0,0,0.3412830017619351,True,True negative,0.1587169982380649
R061_C074,2024,3.1354942159291497,0,0,0,0.41076471668164616,True,True negative,0.08923528331835384
R061_C075,2024,2.079441541679836,0,0,0,0.0006039490586071061,True,True negative,0.4993960509413929
R061_C076,2024,2.079441541679836,0,0,0,0.0006039490586071061,True,True negative,0.4993960509413929
R061_C077,2024,3.5263605246161616,0,1,1,0.9045442124169463,True,True positive,0.40454421241694627
R061_C078,2024,2.70805020110221,0,0,0,0.038620547826229264,True,True negative,0.46137945217377074
R061_C079,2024,2.3978952727983707,0,0,0,0.005039993971908603,True,True negative,0.49496000602809137
R061_C080,2024,1.791759469228055,0,0,0,8.852897499702268e-05,True,True negative,0.499911471025003
R061_C081,2024,2.3978952727983707,0,0,0,0.005039993971908603,True,True negative,0.49496000602809137
R061_C082,2024,2.19722457733622,0,0,0,0.0013249536430650108,True,True negative,0.498675046356935
R061_C083,2024,1.0986122886681096,0,0,0,8.65629632656729e-07,True,True negative,0.49999913437036736
R061_C084,2024,0.6931471805599453,0,0,0,5.7767006900864226e-08,True,True negative,0.4999999422329931
R061_C085,2024,1.6094379124341005,0,0,0,2.621007218088068e-05,True,True negative,0.4999737899278191
R061_C086,2024,0.0,0,0,0,5.64791947838045e-10,True,True negative,0.49999999943520806
R061_C087,2024,1.3862943611198906,0,0,0,5.9083840806754096e-06,True,True negative,0.49999409161591934
R061_C088,2024,2.302585092994046,0,0,0,0.002673672923127726,True,True negative,0.4973263270768723
R061_C089,2024,2.079441541679836,0,0,0,0.0006039490586071061,True,True negative,0.4993960509413929
R061_C090,2024,0.6931471805599453,0,0,0,5.7767006900864226e-08,True,True negative,0.4999999422329931
R061_C091,2024,1.3862943611198906,0,0,0,5.9083840806754096e-06,True,True negative,0.49999409161591934
R061_C092,2024,2.079441541679836,0,0,0,0.0006039490586071061,True,True negative,0.4993960509413929
R061_C093,2024,0.6931471805599453,0,0,0,5.7767006900864226e-08,True,True negative,0.4999999422329931
R061_C094,2024,0.6931471805599453,0,0,0,5.7767006900864226e-08,True,True negative,0.4999999422329931
R061_C095,2024,0.6931471805599453,0,0,0,5.7767006900864226e-08,True,True negative,0.4999999422329931
R061_C096,2024,0.6931471805599453,0,0,0,5.7767006900864226e-08,True,True negative,0.4999999422329931
R061_C097,2024,1.9459101490553128,0,0,0,0.0002477300319792436,True,True negative,0.49975226996802075
R061_C098,2024,2.302585092994046,0,0,0,0.002673672923127726,True,True negative,0.4973263270768723
R061_C099,2024,4.007333185232471,1,1,1,0.9959350760058738,True,True positive,0.49593507600587383
R061_C100,2024,2.079441541679836,0,0,0,0.0006039490586071061,True,True negative,0.4993960509413929
R061_C101,2024,1.6094379124341005,0,0,0,2.621007218088068e-05,True,True negative,0.4999737899278191
R061_C102,2024,0.0,0,0,0,5.64791947838045e-10,True,True negative,0.49999999943520806
R061_C103,2024,1.6094379124341005,0,0,0,2.621007218088068e-05,True,True negative,0.4999737899278191
R061_C104,2024,0.0,0,0,0,5.64791947838045e-10,True,True negative,0.49999999943520806
R061_C105,2024,0.0,0,0,0,5.64791947838045e-10,True,True negative,0.49999999943520806
R061_C106,2024,0.6931471805599453,0,0,0,5.7767006900864226e-08,True,True negative,0.4999999422329931
R061_C107,2024,1.791759469228055,0,0,0,8.852897499702268e-05,True,True negative,0.499911471025003
R061_C108,2024,1.3862943611198906,0,0,0,5.9083840806754096e-06,True,True negative,0.49999409161591934
R061_C109,2024,2.302585092994046,0,0,0,0.002673672923127726,True,True negative,0.4973263270768723
R061_C110,2024,1.791759469228055,0,0,0,8.852897499702268e-05,True,True negative,0.499911471025003
R061_C111,2024,1.9459101490553128,0,0,0,0.0002477300319792436,True,True negative,0.49975226996802075
R061_C112,2024,1.3862943611198906,0,0,0,5.9083840806754096e-06,True,True negative,0.49999409161591934
R061_C113,2024,1.9459101490553128,0,0,0,0.0002477300319792436,True,True negative,0.49975226996802075
R061_C114,2024,1.6094379124341005,0,0,0,2.621007218088068e-05,True,True negative,0.4999737899278191
R061_C115,2024,1.9459101490553128,0,0,0,0.0002477300319792436,True,True negative,0.49975226996802075
R061_C116,2024,2.302585092994046,0,0,0,0.002673672923127726,True,True negative,0.4973263270768723
R061_C117,2024,0.0,0,0,0,5.64791947838045e-10,True,True negative,0.49999999943520806
R062_C038,2024,0.0,0,0,0,5.64791947838045e-10,True,True negative,0.49999999943520806
R062_C041,2024,0.0,0,0,0,5.64791947838045e-10,True,True negative,0.49999999943520806
R062_C042,2024,0.6931471805599453,0,0,0,5.7767006900864226e-08,True,True negative,0.4999999422329931
R062_C043,2024,0.0,0,0,0,5.64791947838045e-10,True,True negative,0.49999999943520806
R062_C045,2024,0.0,0,0,0,5.64791947838045e-10,True,True negative,0.49999999943520806
R062_C048,2024,0.0,0,0,0,5.64791947838045e-10,True,True negative,0.49999999943520806
R062_C049,2024,1.0986122886681096,0,0,0,8.65629632656729e-07,True,True negative,0.49999913437036736
R062_C050,2024,0.6931471805599453,0,0,0,5.7767006900864226e-08,True,True negative,0.4999999422329931
R062_C051,2024,1.3862943611198906,0,0,0,5.9083840806754096e-06,True,True negative,0.49999409161591934
R062_C052,2024,2.079441541679836,0,0,0,0.0006039490586071061,True,True negative,0.4993960509413929
R062_C053,2024,1.0986122886681096,0,0,0,8.65629632656729e-07,True,True negative,0.49999913437036736
R062_C054,2024,0.6931471805599453,0,0,0,5.7767006900864226e-08,True,True negative,0.4999999422329931
R062_C055,2024,0.6931471805599453,0,0,0,5.7767006900864226e-08,True,True negative,0.4999999422329931
R062_C056,2024,1.3862943611198906,0,0,0,5.9083840806754096e-06,True,True negative,0.49999409161591934
R062_C057,2024,0.6931471805599453,0,0,0,5.7767006900864226e-08,True,True negative,0.4999999422329931
R062_C058,2024,1.6094379124341005,0,0,0,2.621007218088068e-05,True,True negative,0.4999737899278191
R062_C059,2024,0.0,0,0,0,5.64791947838045e-10,True,True negative,0.49999999943520806
R062_C060,2024,0.6931471805599453,0,0,0,5.7767006900864226e-08,True,True negative,0.4999999422329931
R062_C061,2024,1.9459101490553128,0,0,0,0.0002477300319792436,True,True negative,0.49975226996802075
R062_C062,2024,1.3862943611198906,0,0,0,5.9083840806754096e-06,True,True negative,0.49999409161591934
R062_C063,2024,1.3862943611198906,0,0,0,5.9083840806754096e-06,True,True negative,0.49999409161591934
R062_C064,2024,0.6931471805599453,0,0,0,5.7767006900864226e-08,True,True negative,0.4999999422329931
R062_C065,2024,3.1780538303479458,0,1,0,0.4808442013353714,False,False negative,0.019155798664628576
R062_C066,2024,1.0986122886681096,0,0,0,8.65629632656729e-07,True,True negative,0.49999913437036736
R062_C067,2024,1.791759469228055,0,0,0,8.852897499702268e-05,True,True negative,0.499911471025003
R062_C068,2024,0.6931471805599453,0,0,0,5.7767006900864226e-08,True,True negative,0.4999999422329931
R062_C069,2024,1.0986122886681096,0,0,0,8.65629632656729e-07,True,True negative,0.49999913437036736
R062_C070,2024,1.0986122886681096,0,0,0,8.65629632656729e-07,True,True negative,0.49999913437036736
R062_C071,2024,3.688879454113936,1,1,1,0.9669193992068,True,True positive,0.46691939920680003
R062_C072,2024,3.218875824868201,0,1,1,0.5488146483718718,True,True positive,0.04881464837187177
R062_C073,2024,2.4849066497880004,0,0,0,0.008974292080567959,True,True negative,0.49102570791943206
R062_C074,2024,1.0986122886681096,0,0,0,8.65629632656729e-07,True,True negative,0.49999913437036736
R062_C075,2024,1.3862943611198906,0,0,0,5.9083840806754096e-06,True,True negative,0.49999409161591934
R062_C076,2024,2.772588722239781,0,0,0,0.058211331684448954,True,True negative,0.441788668315551
R062_C077,2024,3.258096538021482,0,0,1,0.612476721689788,False,False positive,0.11247672168978795
R062_C078,2024,1.791759469228055,0,0,0,8.852897499702268e-05,True,True negative,0.499911471025003
R062_C079,2024,1.791759469228055,0,0,0,8.852897499702268e-05,True,True negative,0.499911471025003
R062_C080,2024,1.3862943611198906,0,0,0,5.9083840806754096e-06,True,True negative,0.49999409161591934
R062_C081,2024,1.3862943611198906,0,0,0,5.9083840806754096e-06,True,True negative,0.49999409161591934
R062_C082,2024,1.0986122886681096,0,0,0,8.65629632656729e-07,True,True negative,0.49999913437036736
R062_C083,2024,0.0,0,0,0,5.64791947838045e-10,True,True negative,0.49999999943520806
R062_C084,2024,1.0986122886681096,0,0,0,8.65629632656729e-07,True,True negative,0.49999913437036736
R062_C085,2024,2.302585092994046,0,0,0,0.002673672923127726,True,True negative,0.4973263270768723
R062_C086,2024,1.3862943611198906,0,0,0,5.9083840806754096e-06,True,True negative,0.49999409161591934
R062_C087,2024,1.3862943611198906,0,0,0,5.9083840806754096e-06,True,True negative,0.49999409161591934
R062_C088,2024,2.772588722239781,0,0,0,0.058211331684448954,True,True negative,0.441788668315551
R062_C089,2024,1.6094379124341005,0,0,0,2.621007218088068e-05,True,True negative,0.4999737899278191
R062_C090,2024,2.079441541679836,0,0,0,0.0006039490586071061,True,True negative,0.4993960509413929
R062_C091,2024,3.58351893845611,1,0,1,0.9353384081017577,False,False positive,0.4353384081017577
R062_C092,2024,3.295836866004329,0,0,1,0.6703357251318038,False,False positive,0.17033572513180384
R062_C093,2024,2.4849066497880004,0,0,0,0.008974292080567959,True,True negative,0.49102570791943206
R062_C094,2024,2.4849066497880004,0,0,0,0.008974292080567959,True,True negative,0.49102570791943206
R062_C095,2024,2.70805020110221,0,0,0,0.038620547826229264,True,True negative,0.46137945217377074
R062_C096,2024,2.19722457733622,0,0,0,0.0013249536430650108,True,True negative,0.498675046356935
R062_C097,2024,0.0,0,0,0,5.64791947838045e-10,True,True negative,0.49999999943520806
R062_C098,2024,1.0986122886681096,0,0,0,8.65629632656729e-07,True,True negative,0.49999913437036736
R062_C099,2024,3.295836866004329,0,1,1,0.6703357251318038,True,True positive,0.17033572513180384
R062_C100,2024,2.9444389791664403,0,0,0,0.1629605820634127,True,True negative,0.3370394179365873
R062_C101,2024,0.6931471805599453,0,0,0,5.7767006900864226e-08,True,True negative,0.4999999422329931
R062_C102,2024,0.6931471805599453,0,0,0,5.7767006900864226e-08,True,True negative,0.4999999422329931
R062_C103,2024,0.0,0,0,0,5.64791947838045e-10,True,True negative,0.49999999943520806
R062_C104,2024,1.0986122886681096,0,0,0,8.65629632656729e-07,True,True negative,0.49999913437036736
R062_C105,2024,1.3862943611198906,0,0,0,5.9083840806754096e-06,True,True negative,0.49999409161591934
R062_C106,2024,1.6094379124341005,0,0,0,2.621007218088068e-05,True,True negative,0.4999737899278191
R062_C107,2024,0.0,0,0,0,5.64791947838045e-10,True,True negative,0.49999999943520806
R062_C108,2024,1.0986122886681096,0,0,0,8.65629632656729e-07,True,True negative,0.49999913437036736
R062_C109,2024,1.0986122886681096,0,0,0,8.65629632656729e-07,True,True negative,0.49999913437036736
R062_C110,2024,1.3862943611198906,0,0,0,5.9083840806754096e-06,True,True negative,0.49999409161591934
R062_C111,2024,1.3862943611198906,0,0,0,5.9083840806754096e-06,True,True negative,0.49999409161591934
R062_C112,2024,1.3862943611198906,0,0,0,5.9083840806754096e-06,True,True negative,0.49999409161591934
R062_C113,2024,1.9459101490553128,0,0,0,0.0002477300319792436,True,True negative,0.49975226996802075
R062_C114,2024,1.0986122886681096,0,0,0,8.65629632656729e-07,True,True negative,0.49999913437036736
R062_C115,2024,1.0986122886681096,0,0,0,8.65629632656729e-07,True,True negative,0.49999913437036736
R062_C116,2024,0.0,0,0,0,5.64791947838045e-10,True,True negative,0.49999999943520806
R063_C030,2024,0.0,0,0,0,5.64791947838045e-10,True,True negative,0.49999999943520806
R063_C033,2024,1.0986122886681096,0,0,0,8.65629632656729e-07,True,True negative,0.49999913437036736
R063_C038,2024,0.6931471805599453,0,0,0,5.7767006900864226e-08,True,True negative,0.4999999422329931
R063_C041,2024,0.0,0,0,0,5.64791947838045e-10,True,True negative,0.49999999943520806
R063_C043,2024,0.0,0,0,0,5.64791947838045e-10,True,True negative,0.49999999943520806
R063_C044,2024,0.6931471805599453,0,0,0,5.7767006900864226e-08,True,True negative,0.4999999422329931
R063_C045,2024,0.0,0,0,0,5.64791947838045e-10,True,True negative,0.49999999943520806
R063_C046,2024,0.6931471805599453,0,0,0,5.7767006900864226e-08,True,True negative,0.4999999422329931
R063_C047,2024,0.6931471805599453,0,0,0,5.7767006900864226e-08,True,True negative,0.4999999422329931
R063_C048,2024,0.6931471805599453,0,0,0,5.7767006900864226e-08,True,True negative,0.4999999422329931
R063_C049,2024,0.6931471805599453,0,0,0,5.7767006900864226e-08,True,True negative,0.4999999422329931
R063_C050,2024,0.0,0,0,0,5.64791947838045e-10,True,True negative,0.49999999943520806
R063_C051,2024,0.6931471805599453,0,0,0,5.7767006900864226e-08,True,True negative,0.4999999422329931
R063_C052,2024,2.19722457733622,0,0,0,0.0013249536430650108,True,True negative,0.498675046356935
R063_C053,2024,2.302585092994046,0,0,0,0.002673672923127726,True,True negative,0.4973263270768723
R063_C054,2024,0.6931471805599453,0,0,0,5.7767006900864226e-08,True,True negative,0.4999999422329931
R063_C055,2024,0.6931471805599453,0,0,0,5.7767006900864226e-08,True,True negative,0.4999999422329931
R063_C056,2024,0.6931471805599453,0,0,0,5.7767006900864226e-08,True,True negative,0.4999999422329931
R063_C057,2024,2.19722457733622,0,0,0,0.0013249536430650108,True,True negative,0.498675046356935
R063_C058,2024,0.6931471805599453,0,0,0,5.7767006900864226e-08,True,True negative,0.4999999422329931
R063_C059,2024,1.0986122886681096,0,0,0,8.65629632656729e-07,True,True negative,0.49999913437036736
R063_C060,2024,2.19722457733622,0,0,0,0.0013249536430650108,True,True negative,0.498675046356935
R063_C061,2024,0.6931471805599453,0,0,0,5.7767006900864226e-08,True,True negative,0.4999999422329931
R063_C062,2024,0.6931471805599453,0,0,0,5.7767006900864226e-08,True,True negative,0.4999999422329931
R063_C063,2024,1.791759469228055,0,0,0,8.852897499702268e-05,True,True negative,0.499911471025003
R063_C064,2024,2.19722457733622,0,0,0,0.0013249536430650108,True,True negative,0.498675046356935
R063_C065,2024,2.3978952727983707,0,0,0,0.005039993971908603,True,True negative,0.49496000602809137
R063_C066,2024,1.6094379124341005,0,0,0,2.621007218088068e-05,True,True negative,0.4999737899278191
R063_C067,2024,0.6931471805599453,0,0,0,5.7767006900864226e-08,True,True negative,0.4999999422329931
R063_C068,2024,1.0986122886681096,0,0,0,8.65629632656729e-07,True,True negative,0.49999913437036736
R063_C069,2024,0.0,0,0,0,5.64791947838045e-10,True,True negative,0.49999999943520806
R063_C070,2024,1.3862943611198906,0,0,0,5.9083840806754096e-06,True,True negative,0.49999409161591934
R063_C071,2024,1.791759469228055,0,0,0,8.852897499702268e-05,True,True negative,0.499911471025003
R063_C072,2024,2.8903717578961645,0,0,0,0.11948288041963083,True,True negative,0.38051711958036916
R063_C073,2024,2.3978952727983707,0,0,0,0.005039993971908603,True,True negative,0.49496000602809137
R063_C074,2024,2.9444389791664403,0,0,0,0.1629605820634127,True,True negative,0.3370394179365873
R063_C075,2024,1.9459101490553128,0,0,0,0.0002477300319792436,True,True negative,0.49975226996802075
R063_C076,2024,2.772588722239781,0,0,0,0.058211331684448954,True,True negative,0.441788668315551
R063_C077,2024,1.9459101490553128,0,0,0,0.0002477300319792436,True,True negative,0.49975226996802075
R063_C078,2024,2.19722457733622,0,0,0,0.0013249536430650108,True,True negative,0.498675046356935
R063_C079,2024,1.0986122886681096,0,0,0,8.65629632656729e-07,True,True negative,0.49999913437036736
R063_C080,2024,1.6094379124341005,0,0,0,2.621007218088068e-05,True,True negative,0.4999737899278191
R063_C081,2024,1.0986122886681096,0,0,0,8.65629632656729e-07,True,True negative,0.49999913437036736
R063_C082,2024,0.6931471805599453,0,0,0,5.7767006900864226e-08,True,True negative,0.4999999422329931
R063_C083,2024,1.3862943611198906,0,0,0,5.9083840806754096e-06,True,True negative,0.49999409161591934
R063_C084,2024,0.0,0,0,0,5.64791947838045e-10,True,True negative,0.49999999943520806
R063_C085,2024,2.639057329615259,0,0,0,0.024717696654622916,True,True negative,0.4752823033453771
R063_C086,2024,0.6931471805599453,0,0,0,5.7767006900864226e-08,True,True negative,0.4999999422329931
R063_C088,2024,1.3862943611198906,0,0,0,5.9083840806754096e-06,True,True negative,0.49999409161591934
R063_C089,2024,1.9459101490553128,0,0,0,0.0002477300319792436,True,True negative,0.49975226996802075
R063_C090,2024,1.0986122886681096,0,0,0,8.65629632656729e-07,True,True negative,0.49999913437036736
R063_C091,2024,2.4849066497880004,0,0,0,0.008974292080567959,True,True negative,0.49102570791943206
R063_C092,2024,2.19722457733622,0,0,0,0.0013249536430650108,True,True negative,0.498675046356935
R063_C093,2024,1.6094379124341005,0,0,0,2.621007218088068e-05,True,True negative,0.4999737899278191
R063_C094,2024,2.833213344056216,0,0,0,0.08479219087228605,True,True negative,0.41520780912771393
R063_C095,2024,0.6931471805599453,0,0,0,5.7767006900864226e-08,True,True negative,0.4999999422329931
R063_C096,2024,0.6931471805599453,0,0,0,5.7767006900864226e-08,True,True negative,0.4999999422329931
R063_C099,2024,0.0,0,0,0,5.64791947838045e-10,True,True negative,0.49999999943520806
R063_C100,2024,0.6931471805599453,0,0,0,5.7767006900864226e-08,True,True negative,0.4999999422329931
R063_C101,2024,0.6931471805599453,0,0,0,5.7767006900864226e-08,True,True negative,0.4999999422329931
R063_C102,2024,1.6094379124341005,0,0,0,2.621007218088068e-05,True,True negative,0.4999737899278191
R063_C103,2024,1.0986122886681096,0,0,0,8.65629632656729e-07,True,True negative,0.49999913437036736
R063_C104,2024,1.791759469228055,0,0,0,8.852897499702268e-05,True,True negative,0.499911471025003
R063_C105,2024,2.3978952727983707,0,0,0,0.005039993971908603,True,True negative,0.49496000602809137
R063_C106,2024,1.6094379124341005,0,0,0,2.621007218088068e-05,True,True negative,0.4999737899278191
R063_C107,2024,1.791759469228055,0,0,0,8.852897499702268e-05,True,True negative,0.499911471025003
R063_C108,2024,0.0,0,0,0,5.64791947838045e-10,True,True negative,0.49999999943520806
R063_C109,2024,0.6931471805599453,0,0,0,5.7767006900864226e-08,True,True negative,0.4999999422329931
R063_C110,2024,1.791759469228055,0,0,0,8.852897499702268e-05,True,True negative,0.499911471025003
R063_C111,2024,1.6094379124341005,0,0,0,2.621007218088068e-05,True,True negative,0.4999737899278191
R063_C112,2024,2.079441541679836,0,0,0,0.0006039490586071061,True,True negative,0.4993960509413929
R063_C113,2024,1.6094379124341005,0,0,0,2.621007218088068e-05,True,True negative,0.4999737899278191
R063_C114,2024,1.9459101490553128,0,0,0,0.0002477300319792436,True,True negative,0.49975226996802075
R063_C115,2024,1.0986122886681096,0,0,0,8.65629632656729e-07,True,True negative,0.49999913437036736
R064_C031,2024,0.0,0,0,0,5.64791947838045e-10,True,True negative,0.49999999943520806
R064_C032,2024,1.0986122886681096,0,0,0,8.65629632656729e-07,True,True negative,0.49999913437036736
R064_C033,2024,0.6931471805599453,0,0,0,5.7767006900864226e-08,True,True negative,0.4999999422329931
R064_C034,2024,1.0986122886681096,0,0,0,8.65629632656729e-07,True,True negative,0.49999913437036736
R064_C038,2024,0.0,0,0,0,5.64791947838045e-10,True,True negative,0.49999999943520806
R064_C039,2024,0.6931471805599453,0,0,0,5.7767006900864226e-08,True,True negative,0.4999999422329931
R064_C041,2024,0.6931471805599453,0,0,0,5.7767006900864226e-08,True,True negative,0.4999999422329931
R064_C044,2024,0.6931471805599453,0,0,0,5.7767006900864226e-08,True,True negative,0.4999999422329931
R064_C045,2024,0.0,0,0,0,5.64791947838045e-10,True,True negative,0.49999999943520806
R064_C046,2024,0.0,0,0,0,5.64791947838045e-10,True,True negative,0.49999999943520806
R064_C047,2024,0.6931471805599453,0,0,0,5.7767006900864226e-08,True,True negative,0.4999999422329931
R064_C050,2024,0.6931471805599453,0,0,0,5.7767006900864226e-08,True,True negative,0.4999999422329931
R064_C051,2024,0.0,0,0,0,5.64791947838045e-10,True,True negative,0.49999999943520806
R064_C052,2024,1.6094379124341005,0,0,0,2.621007218088068e-05,True,True negative,0.4999737899278191
R064_C053,2024,1.9459101490553128,0,0,0,0.0002477300319792436,True,True negative,0.49975226996802075
R064_C054,2024,1.0986122886681096,0,0,0,8.65629632656729e-07,True,True negative,0.49999913437036736
R064_C055,2024,1.0986122886681096,0,0,0,8.65629632656729e-07,True,True negative,0.49999913437036736
R064_C056,2024,0.6931471805599453,0,0,0,5.7767006900864226e-08,True,True negative,0.4999999422329931
R064_C057,2024,0.0,0,0,0,5.64791947838045e-10,True,True negative,0.49999999943520806
R064_C058,2024,1.791759469228055,0,0,0,8.852897499702268e-05,True,True negative,0.499911471025003
R064_C059,2024,1.791759469228055,0,0,0,8.852897499702268e-05,True,True negative,0.499911471025003
R064_C060,2024,1.9459101490553128,0,0,0,0.0002477300319792436,True,True negative,0.49975226996802075
R064_C061,2024,0.6931471805599453,0,0,0,5.7767006900864226e-08,True,True negative,0.4999999422329931
R064_C062,2024,0.6931471805599453,0,0,0,5.7767006900864226e-08,True,True negative,0.4999999422329931
R064_C063,2024,0.0,0,0,0,5.64791947838045e-10,True,True negative,0.49999999943520806
R064_C064,2024,1.9459101490553128,0,0,0,0.0002477300319792436,True,True negative,0.49975226996802075
R064_C065,2024,2.302585092994046,0,0,0,0.002673672923127726,True,True negative,0.4973263270768723
R064_C066,2024,0.0,0,0,0,5.64791947838045e-10,True,True negative,0.49999999943520806
R064_C067,2024,0.6931471805599453,0,0,0,5.7767006900864226e-08,True,True negative,0.4999999422329931
R064_C068,2024,1.791759469228055,0,0,0,8.852897499702268e-05,True,True negative,0.499911471025003
R064_C069,2024,0.0,0,0,0,5.64791947838045e-10,True,True negative,0.49999999943520806
R064_C070,2024,2.4849066497880004,0,0,0,0.008974292080567959,True,True negative,0.49102570791943206
R064_C071,2024,2.639057329615259,0,0,0,0.024717696654622916,True,True negative,0.4752823033453771
R064_C072,2024,2.639057329615259,0,0,0,0.024717696654622916,True,True negative,0.4752823033453771
R064_C073,2024,4.68213122712422,1,1,1,0.9999548961056879,True,True positive,0.4999548961056879
R064_C074,2024,4.795790545596741,1,1,1,0.9999788812875678,True,True positive,0.49997888128756784
R064_C075,2024,3.044522437723423,0,0,0,0.27524593511421913,True,True negative,0.22475406488578087
R064_C076,2024,4.04305126783455,1,1,1,0.9967947494132563,True,True positive,0.4967947494132563
R064_C077,2024,2.70805020110221,0,0,0,0.038620547826229264,True,True negative,0.46137945217377074
R064_C078,2024,3.555348061489413,0,0,1,0.9199965296592397,False,False positive,0.4199965296592397
R064_C079,2024,2.19722457733622,0,0,0,0.0013249536430650108,True,True negative,0.498675046356935
R064_C080,2024,1.6094379124341005,0,0,0,2.621007218088068e-05,True,True negative,0.4999737899278191
R064_C081,2024,1.3862943611198906,0,0,0,5.9083840806754096e-06,True,True negative,0.49999409161591934
R064_C082,2024,0.6931471805599453,0,0,0,5.7767006900864226e-08,True,True negative,0.4999999422329931
R064_C083,2024,1.791759469228055,0,0,0,8.852897499702268e-05,True,True negative,0.499911471025003
R064_C084,2024,2.3978952727983707,0,0,0,0.005039993971908603,True,True negative,0.49496000602809137
R064_C085,2024,3.218875824868201,0,0,1,0.5488146483718718,False,False positive,0.04881464837187177
R064_C086,2024,0.6931471805599453,0,0,0,5.7767006900864226e-08,True,True negative,0.4999999422329931
R064_C087,2024,0.0,0,0,0,5.64791947838045e-10,True,True negative,0.49999999943520806
R064_C088,2024,0.6931471805599453,0,0,0,5.7767006900864226e-08,True,True negative,0.4999999422329931
R064_C089,2024,1.6094379124341005,0,0,0,2.621007218088068e-05,True,True negative,0.4999737899278191
R064_C091,2024,1.3862943611198906,0,0,0,5.9083840806754096e-06,True,True negative,0.49999409161591934
R064_C092,2024,2.8903717578961645,0,0,0,0.11948288041963083,True,True negative,0.38051711958036916
R064_C093,2024,1.9459101490553128,0,0,0,0.0002477300319792436,True,True negative,0.49975226996802075
R064_C094,2024,0.0,0,0,0,5.64791947838045e-10,True,True negative,0.49999999943520806
R064_C100,2024,1.3862943611198906,0,0,0,5.9083840806754096e-06,True,True negative,0.49999409161591934
R064_C101,2024,0.0,0,0,0,5.64791947838045e-10,True,True negative,0.49999999943520806
R064_C102,2024,0.0,0,0,0,5.64791947838045e-10,True,True negative,0.49999999943520806
R064_C103,2024,0.0,0,0,0,5.64791947838045e-10,True,True negative,0.49999999943520806
R064_C104,2024,1.3862943611198906,0,0,0,5.9083840806754096e-06,True,True negative,0.49999409161591934
R064_C105,2024,2.079441541679836,0,0,0,0.0006039490586071061,True,True negative,0.4993960509413929
R064_C106,2024,0.6931471805599453,0,0,0,5.7767006900864226e-08,True,True negative,0.4999999422329931
R064_C107,2024,0.6931471805599453,0,0,0,5.7767006900864226e-08,True,True negative,0.4999999422329931
R064_C108,2024,1.3862943611198906,0,0,0,5.9083840806754096e-06,True,True negative,0.49999409161591934
R064_C109,2024,1.3862943611198906,0,0,0,5.9083840806754096e-06,True,True negative,0.49999409161591934
R064_C110,2024,0.0,0,0,0,5.64791947838045e-10,True,True negative,0.49999999943520806
R064_C111,2024,1.0986122886681096,0,0,0,8.65629632656729e-07,True,True negative,0.49999913437036736
R064_C112,2024,2.3978952727983707,0,0,0,0.005039993971908603,True,True negative,0.49496000602809137
R064_C113,2024,1.3862943611198906,0,0,0,5.9083840806754096e-06,True,True negative,0.49999409161591934
R064_C114,2024,1.3862943611198906,0,0,0,5.9083840806754096e-06,True,True negative,0.49999409161591934
R065_C031,2024,0.6931471805599453,0,0,0,5.7767006900864226e-08,True,True negative,0.4999999422329931
R065_C032,2024,1.0986122886681096,0,0,0,8.65629632656729e-07,True,True negative,0.49999913437036736
R065_C033,2024,0.0,0,0,0,5.64791947838045e-10,True,True negative,0.49999999943520806
R065_C034,2024,1.0986122886681096,0,0,0,8.65629632656729e-07,True,True negative,0.49999913437036736
R065_C035,2024,1.0986122886681096,0,0,0,8.65629632656729e-07,True,True negative,0.49999913437036736
R065_C036,2024,1.3862943611198906,0,0,0,5.9083840806754096e-06,True,True negative,0.49999409161591934
R065_C037,2024,0.6931471805599453,0,0,0,5.7767006900864226e-08,True,True negative,0.4999999422329931
R065_C038,2024,2.079441541679836,0,0,0,0.0006039490586071061,True,True negative,0.4993960509413929
R065_C039,2024,0.0,0,0,0,5.64791947838045e-10,True,True negative,0.49999999943520806
R065_C040,2024,0.6931471805599453,0,0,0,5.7767006900864226e-08,True,True negative,0.4999999422329931
R065_C041,2024,0.0,0,0,0,5.64791947838045e-10,True,True negative,0.49999999943520806
R065_C042,2024,1.0986122886681096,0,0,0,8.65629632656729e-07,True,True negative,0.49999913437036736
R065_C043,2024,0.0,0,0,0,5.64791947838045e-10,True,True negative,0.49999999943520806
R065_C045,2024,1.9459101490553128,0,0,0,0.0002477300319792436,True,True negative,0.49975226996802075
R065_C046,2024,0.0,0,0,0,5.64791947838045e-10,True,True negative,0.49999999943520806
R065_C047,2024,0.0,0,0,0,5.64791947838045e-10,True,True negative,0.49999999943520806
R065_C050,2024,0.6931471805599453,0,0,0,5.7767006900864226e-08,True,True negative,0.4999999422329931
R065_C051,2024,0.6931471805599453,0,0,0,5.7767006900864226e-08,True,True negative,0.4999999422329931
R065_C052,2024,2.302585092994046,0,0,0,0.002673672923127726,True,True negative,0.4973263270768723
R065_C053,2024,1.6094379124341005,0,0,0,2.621007218088068e-05,True,True negative,0.4999737899278191
R065_C054,2024,0.6931471805599453,0,0,0,5.7767006900864226e-08,True,True negative,0.4999999422329931
R065_C055,2024,1.0986122886681096,0,0,0,8.65629632656729e-07,True,True negative,0.49999913437036736
R065_C056,2024,0.0,0,0,0,5.64791947838045e-10,True,True negative,0.49999999943520806
R065_C057,2024,1.0986122886681096,0,0,0,8.65629632656729e-07,True,True negative,0.49999913437036736
R065_C058,2024,1.6094379124341005,0,0,0,2.621007218088068e-05,True,True negative,0.4999737899278191
R065_C060,2024,1.0986122886681096,0,0,0,8.65629632656729e-07,True,True negative,0.49999913437036736
R065_C061,2024,1.0986122886681096,0,0,0,8.65629632656729e-07,True,True negative,0.49999913437036736
R065_C062,2024,0.6931471805599453,0,0,0,5.7767006900864226e-08,True,True negative,0.4999999422329931
R065_C063,2024,1.3862943611198906,0,0,0,5.9083840806754096e-06,True,True negative,0.49999409161591934
R065_C064,2024,1.6094379124341005,0,0,0,2.621007218088068e-05,True,True negative,0.4999737899278191
R065_C065,2024,1.6094379124341005,0,0,0,2.621007218088068e-05,True,True negative,0.4999737899278191
R065_C066,2024,1.3862943611198906,0,0,0,5.9083840806754096e-06,True,True negative,0.49999409161591934
R065_C067,2024,1.0986122886681096,0,0,0,8.65629632656729e-07,True,True negative,0.49999913437036736
R065_C068,2024,1.9459101490553128,0,0,0,0.0002477300319792436,True,True negative,0.49975226996802075
R065_C069,2024,0.0,0,0,0,5.64791947838045e-10,True,True negative,0.49999999943520806
R065_C070,2024,1.3862943611198906,0,0,0,5.9083840806754096e-06,True,True negative,0.49999409161591934
R065_C071,2024,1.3862943611198906,0,0,0,5.9083840806754096e-06,True,True negative,0.49999409161591934
R065_C072,2024,0.6931471805599453,0,0,0,5.7767006900864226e-08,True,True negative,0.4999999422329931
R065_C073,2024,4.691347882229144,1,1,1,0.9999575877443809,True,True positive,0.4999575877443809
R065_C074,2024,5.19295685089021,1,1,1,0.9999985103443996,True,True positive,0.49999851034439957
R065_C075,2024,2.70805020110221,0,0,0,0.038620547826229264,True,True negative,0.46137945217377074
R065_C076,2024,3.912023005428146,1,1,1,0.9923468837478088,True,True positive,0.4923468837478088
R065_C077,2024,4.584967478670572,1,1,1,0.9999137172443744,True,True positive,0.4999137172443744
R065_C078,2024,5.159055299214529,1,1,1,0.9999981319701853,True,True positive,0.4999981319701853
R065_C079,2024,2.8903717578961645,0,0,0,0.11948288041963083,True,True negative,0.38051711958036916
R065_C080,2024,3.1354942159291497,0,0,0,0.41076471668164616,True,True negative,0.08923528331835384
R065_C081,2024,2.4849066497880004,0,0,0,0.008974292080567959,True,True negative,0.49102570791943206
R065_C082,2024,1.9459101490553128,0,0,0,0.0002477300319792436,True,True negative,0.49975226996802075
R065_C083,2024,1.0986122886681096,0,0,0,8.65629632656729e-07,True,True negative,0.49999913437036736
R065_C084,2024,3.367295829986474,0,0,1,0.7661666921380098,False,False positive,0.2661666921380098
R065_C085,2024,4.0943445622221,1,1,1,0.9977220714665015,True,True positive,0.4977220714665015
R065_C086,2024,1.6094379124341005,0,0,0,2.621007218088068e-05,True,True negative,0.4999737899278191
R065_C087,2024,0.0,0,0,0,5.64791947838045e-10,True,True negative,0.49999999943520806
R065_C088,2024,2.19722457733622,0,0,0,0.0013249536430650108,True,True negative,0.498675046356935
R065_C089,2024,2.079441541679836,0,0,0,0.0006039490586071061,True,True negative,0.4993960509413929
R065_C090,2024,0.0,0,0,0,5.64791947838045e-10,True,True negative,0.49999999943520806
R065_C091,2024,2.302585092994046,0,0,0,0.002673672923127726,True,True negative,0.4973263270768723
R065_C092,2024,2.079441541679836,0,0,0,0.0006039490586071061,True,True negative,0.4993960509413929
R065_C093,2024,2.5649493574615367,0,0,0,0.015217410607103852,True,True negative,0.48478258939289615
R065_C100,2024,2.3978952727983707,0,0,0,0.005039993971908603,True,True negative,0.49496000602809137
R065_C101,2024,0.6931471805599453,0,0,0,5.7767006900864226e-08,True,True negative,0.4999999422329931
R065_C102,2024,1.791759469228055,0,0,0,8.852897499702268e-05,True,True negative,0.499911471025003
R065_C103,2024,0.0,0,0,0,5.64791947838045e-10,True,True negative,0.49999999943520806
R065_C104,2024,0.6931471805599453,0,0,0,5.7767006900864226e-08,True,True negative,0.4999999422329931
R065_C105,2024,1.0986122886681096,0,0,0,8.65629632656729e-07,True,True negative,0.49999913437036736
R065_C106,2024,0.6931471805599453,0,0,0,5.7767006900864226e-08,True,True negative,0.4999999422329931
R065_C107,2024,1.3862943611198906,0,0,0,5.9083840806754096e-06,True,True negative,0.49999409161591934
R065_C108,2024,2.4849066497880004,0,0,0,0.008974292080567959,True,True negative,0.49102570791943206
R065_C109,2024,1.0986122886681096,0,0,0,8.65629632656729e-07,True,True negative,0.49999913437036736
R065_C110,2024,0.0,0,0,0,5.64791947838045e-10,True,True negative,0.49999999943520806
R065_C111,2024,1.791759469228055,0,0,0,8.852897499702268e-05,True,True negative,0.499911471025003
R065_C112,2024,1.6094379124341005,0,0,0,2.621007218088068e-05,True,True negative,0.4999737899278191
R065_C113,2024,0.6931471805599453,0,0,0,5.7767006900864226e-08,True,True negative,0.4999999422329931
R066_C033,2024,1.0986122886681096,0,0,0,8.65629632656729e-07,True,True negative,0.49999913437036736
R066_C034,2024,0.0,0,0,0,5.64791947838045e-10,True,True negative,0.49999999943520806
R066_C035,2024,0.0,0,0,0,5.64791947838045e-10,True,True negative,0.49999999943520806
R066_C036,2024,0.0,0,0,0,5.64791947838045e-10,True,True negative,0.49999999943520806
R066_C037,2024,0.0,0,0,0,5.64791947838045e-10,True,True negative,0.49999999943520806
R066_C038,2024,0.6931471805599453,0,0,0,5.7767006900864226e-08,True,True negative,0.4999999422329931
R066_C039,2024,1.3862943611198906,0,0,0,5.9083840806754096e-06,True,True negative,0.49999409161591934
R066_C040,2024,1.3862943611198906,0,0,0,5.9083840806754096e-06,True,True negative,0.49999409161591934
R066_C041,2024,0.6931471805599453,0,0,0,5.7767006900864226e-08,True,True negative,0.4999999422329931
R066_C043,2024,0.0,0,0,0,5.64791947838045e-10,True,True negative,0.49999999943520806
R066_C044,2024,0.6931471805599453,0,0,0,5.7767006900864226e-08,True,True negative,0.4999999422329931
R066_C045,2024,0.6931471805599453,0,0,0,5.7767006900864226e-08,True,True negative,0.4999999422329931
R066_C046,2024,0.0,0,0,0,5.64791947838045e-10,True,True negative,0.49999999943520806
R066_C047,2024,1.791759469228055,0,0,0,8.852897499702268e-05,True,True negative,0.499911471025003
R066_C048,2024,1.3862943611198906,0,0,0,5.9083840806754096e-06,True,True negative,0.49999409161591934
R066_C049,2024,1.0986122886681096,0,0,0,8.65629632656729e-07,True,True negative,0.49999913437036736
R066_C050,2024,1.6094379124341005,0,0,0,2.621007218088068e-05,True,True negative,0.4999737899278191
R066_C051,2024,2.5649493574615367,0,0,0,0.015217410607103852,True,True negative,0.48478258939289615
R066_C052,2024,2.19722457733622,0,0,0,0.0013249536430650108,True,True negative,0.498675046356935
R066_C053,2024,1.3862943611198906,0,0,0,5.9083840806754096e-06,True,True negative,0.49999409161591934
R066_C054,2024,1.791759469228055,0,0,0,8.852897499702268e-05,True,True negative,0.499911471025003
R066_C055,2024,1.0986122886681096,0,0,0,8.65629632656729e-07,True,True negative,0.49999913437036736
R066_C056,2024,1.0986122886681096,0,0,0,8.65629632656729e-07,True,True negative,0.49999913437036736
R066_C057,2024,2.19722457733622,0,0,0,0.0013249536430650108,True,True negative,0.498675046356935
R066_C058,2024,1.0986122886681096,0,0,0,8.65629632656729e-07,True,True negative,0.49999913437036736
R066_C059,2024,1.6094379124341005,0,0,0,2.621007218088068e-05,True,True negative,0.4999737899278191
R066_C060,2024,1.0986122886681096,0,0,0,8.65629632656729e-07,True,True negative,0.49999913437036736
R066_C061,2024,0.0,0,0,0,5.64791947838045e-10,True,True negative,0.49999999943520806
R066_C062,2024,1.3862943611198906,0,0,0,5.9083840806754096e-06,True,True negative,0.49999409161591934
R066_C063,2024,1.9459101490553128,0,0,0,0.0002477300319792436,True,True negative,0.49975226996802075
R066_C064,2024,3.784189633918261,1,1,1,0.9822157075581223,True,True positive,0.48221570755812226
R066_C065,2024,3.688879454113936,1,1,1,0.9669193992068,True,True positive,0.46691939920680003
R066_C066,2024,2.302585092994046,0,0,0,0.002673672923127726,True,True negative,0.4973263270768723
R066_C067,2024,2.302585092994046,0,0,0,0.002673672923127726,True,True negative,0.4973263270768723
R066_C068,2024,1.0986122886681096,0,0,0,8.65629632656729e-07,True,True negative,0.49999913437036736
R066_C069,2024,1.0986122886681096,0,0,0,8.65629632656729e-07,True,True negative,0.49999913437036736
R066_C070,2024,1.0986122886681096,0,0,0,8.65629632656729e-07,True,True negative,0.49999913437036736
R066_C071,2024,1.3862943611198906,0,0,0,5.9083840806754096e-06,True,True negative,0.49999409161591934
R066_C072,2024,1.3862943611198906,0,0,0,5.9083840806754096e-06,True,True negative,0.49999409161591934
R066_C073,2024,2.19722457733622,0,0,0,0.0013249536430650108,True,True negative,0.498675046356935
R066_C074,2024,3.044522437723423,0,0,0,0.27524593511421913,True,True negative,0.22475406488578087
R066_C075,2024,2.3978952727983707,0,0,0,0.005039993971908603,True,True negative,0.49496000602809137
R066_C076,2024,4.04305126783455,1,1,1,0.9967947494132563,True,True positive,0.4967947494132563
R066_C077,2024,5.159055299214529,1,1,1,0.9999981319701853,True,True positive,0.4999981319701853
R066_C078,2024,5.886104031450156,1,1,1,0.9999999854355155,True,True positive,0.4999999854355155
R066_C079,2024,3.713572066704308,1,1,1,0.9718054089565341,True,True positive,0.4718054089565341
R066_C080,2024,2.4849066497880004,0,0,0,0.008974292080567959,True,True negative,0.49102570791943206
R066_C081,2024,1.3862943611198906,0,0,0,5.9083840806754096e-06,True,True negative,0.49999409161591934
R066_C082,2024,0.6931471805599453,0,0,0,5.7767006900864226e-08,True,True negative,0.4999999422329931
R066_C083,2024,1.3862943611198906,0,0,0,5.9083840806754096e-06,True,True negative,0.49999409161591934
R066_C084,2024,2.19722457733622,0,0,0,0.0013249536430650108,True,True negative,0.498675046356935
R066_C085,2024,1.6094379124341005,0,0,0,2.621007218088068e-05,True,True negative,0.4999737899278191
R066_C086,2024,1.6094379124341005,0,0,0,2.621007218088068e-05,True,True negative,0.4999737899278191
R066_C087,2024,1.3862943611198906,0,0,0,5.9083840806754096e-06,True,True negative,0.49999409161591934
R066_C088,2024,1.9459101490553128,0,0,0,0.0002477300319792436,True,True negative,0.49975226996802075
R066_C089,2024,1.791759469228055,0,0,0,8.852897499702268e-05,True,True negative,0.499911471025003
R066_C090,2024,2.079441541679836,0,0,0,0.0006039490586071061,True,True negative,0.4993960509413929
R066_C091,2024,2.5649493574615367,0,0,0,0.015217410607103852,True,True negative,0.48478258939289615
R066_C092,2024,2.772588722239781,0,0,0,0.058211331684448954,True,True negative,0.441788668315551
R066_C093,2024,4.787491742782046,1,1,1,0.9999776781890198,True,True positive,0.49997767818901984
R066_C094,2024,1.791759469228055,0,0,0,8.852897499702268e-05,True,True negative,0.499911471025003
R066_C100,2024,1.6094379124341005,0,0,0,2.621007218088068e-05,True,True negative,0.4999737899278191
R066_C101,2024,0.0,0,0,0,5.64791947838045e-10,True,True negative,0.49999999943520806
R066_C102,2024,1.0986122886681096,0,0,0,8.65629632656729e-07,True,True negative,0.49999913437036736
R066_C103,2024,1.0986122886681096,0,0,0,8.65629632656729e-07,True,True negative,0.49999913437036736
R066_C104,2024,0.6931471805599453,0,0,0,5.7767006900864226e-08,True,True negative,0.4999999422329931
R066_C105,2024,2.4849066497880004,0,0,0,0.008974292080567959,True,True negative,0.49102570791943206
R066_C106,2024,0.0,0,0,0,5.64791947838045e-10,True,True negative,0.49999999943520806
R066_C107,2024,0.0,0,0,0,5.64791947838045e-10,True,True negative,0.49999999943520806
R066_C108,2024,0.6931471805599453,0,0,0,5.7767006900864226e-08,True,True negative,0.4999999422329931
R066_C109,2024,1.0986122886681096,0,0,0,8.65629632656729e-07,True,True negative,0.49999913437036736
R066_C110,2024,2.70805020110221,0,0,0,0.038620547826229264,True,True negative,0.46137945217377074
R066_C111,2024,2.70805020110221,0,0,0,0.038620547826229264,True,True negative,0.46137945217377074
R066_C112,2024,0.0,0,0,0,5.64791947838045e-10,True,True negative,0.49999999943520806
R067_C034,2024,0.0,0,0,0,5.64791947838045e-10,True,True negative,0.49999999943520806
R067_C035,2024,0.6931471805599453,0,0,0,5.7767006900864226e-08,True,True negative,0.4999999422329931
R067_C036,2024,1.6094379124341005,0,0,0,2.621007218088068e-05,True,True negative,0.4999737899278191
R067_C038,2024,0.6931471805599453,0,0,0,5.7767006900864226e-08,True,True negative,0.4999999422329931
R067_C040,2024,0.0,0,0,0,5.64791947838045e-10,True,True negative,0.49999999943520806
R067_C041,2024,0.0,0,0,0,5.64791947838045e-10,True,True negative,0.49999999943520806
R067_C043,2024,0.0,0,0,0,5.64791947838045e-10,True,True negative,0.49999999943520806
R067_C045,2024,0.0,0,0,0,5.64791947838045e-10,True,True negative,0.49999999943520806
R067_C046,2024,1.0986122886681096,0,0,0,8.65629632656729e-07,True,True negative,0.49999913437036736
R067_C047,2024,0.0,0,0,0,5.64791947838045e-10,True,True negative,0.49999999943520806
R067_C048,2024,0.6931471805599453,0,0,0,5.7767006900864226e-08,True,True negative,0.4999999422329931
R067_C049,2024,0.0,0,0,0,5.64791947838045e-10,True,True negative,0.49999999943520806
R067_C050,2024,1.9459101490553128,0,0,0,0.0002477300319792436,True,True negative,0.49975226996802075
R067_C051,2024,0.0,0,0,0,5.64791947838045e-10,True,True negative,0.49999999943520806
R067_C052,2024,1.791759469228055,0,0,0,8.852897499702268e-05,True,True negative,0.499911471025003
R067_C053,2024,2.8903717578961645,0,0,0,0.11948288041963083,True,True negative,0.38051711958036916
R067_C054,2024,2.079441541679836,0,0,0,0.0006039490586071061,True,True negative,0.4993960509413929
R067_C055,2024,0.6931471805599453,0,0,0,5.7767006900864226e-08,True,True negative,0.4999999422329931
R067_C056,2024,1.0986122886681096,0,0,0,8.65629632656729e-07,True,True negative,0.49999913437036736
R067_C057,2024,0.6931471805599453,0,0,0,5.7767006900864226e-08,True,True negative,0.4999999422329931
R067_C058,2024,0.6931471805599453,0,0,0,5.7767006900864226e-08,True,True negative,0.4999999422329931
R067_C059,2024,0.6931471805599453,0,0,0,5.7767006900864226e-08,True,True negative,0.4999999422329931
R067_C060,2024,1.791759469228055,0,0,0,8.852897499702268e-05,True,True negative,0.499911471025003
R067_C061,2024,0.6931471805599453,0,0,0,5.7767006900864226e-08,True,True negative,0.4999999422329931
R067_C062,2024,1.6094379124341005,0,0,0,2.621007218088068e-05,True,True negative,0.4999737899278191
R067_C063,2024,3.367295829986474,0,0,1,0.7661666921380098,False,False positive,0.2661666921380098
R067_C064,2024,4.382026634673881,1,1,1,0.9996656152407031,True,True positive,0.4996656152407031
R067_C065,2024,2.833213344056216,0,1,0,0.08479219087228605,False,False negative,0.41520780912771393
R067_C066,2024,1.791759469228055,0,0,0,8.852897499702268e-05,True,True negative,0.499911471025003
R067_C067,2024,0.0,0,0,0,5.64791947838045e-10,True,True negative,0.49999999943520806
R067_C068,2024,0.0,0,0,0,5.64791947838045e-10,True,True negative,0.49999999943520806
R067_C069,2024,1.0986122886681096,0,0,0,8.65629632656729e-07,True,True negative,0.49999913437036736
R067_C070,2024,3.044522437723423,0,0,0,0.27524593511421913,True,True negative,0.22475406488578087
R067_C071,2024,1.0986122886681096,0,0,0,8.65629632656729e-07,True,True negative,0.49999913437036736
R067_C072,2024,1.6094379124341005,0,0,0,2.621007218088068e-05,True,True negative,0.4999737899278191
R067_C073,2024,2.4849066497880004,0,0,0,0.008974292080567959,True,True negative,0.49102570791943206
R067_C074,2024,2.772588722239781,0,0,0,0.058211331684448954,True,True negative,0.441788668315551
R067_C075,2024,3.4011973816621555,0,0,1,0.8042593123851965,False,False positive,0.30425931238519655
R067_C076,2024,3.295836866004329,0,0,1,0.6703357251318038,False,False positive,0.17033572513180384
R067_C077,2024,4.330733340286331,1,1,1,0.9995291171185748,True,True positive,0.49952911711857484
R067_C078,2024,3.6635616461296463,1,1,1,0.9610645615635566,True,True positive,0.4610645615635566
R067_C079,2024,2.079441541679836,0,0,0,0.0006039490586071061,True,True negative,0.4993960509413929
R067_C080,2024,1.3862943611198906,0,0,0,5.9083840806754096e-06,True,True negative,0.49999409161591934
R067_C081,2024,0.6931471805599453,0,0,0,5.7767006900864226e-08,True,True negative,0.4999999422329931
R067_C082,2024,1.0986122886681096,0,0,0,8.65629632656729e-07,True,True negative,0.49999913437036736
R067_C083,2024,2.302585092994046,0,0,0,0.002673672923127726,True,True negative,0.4973263270768723
R067_C084,2024,0.0,0,0,0,5.64791947838045e-10,True,True negative,0.49999999943520806
R067_C085,2024,1.0986122886681096,0,0,0,8.65629632656729e-07,True,True negative,0.49999913437036736
R067_C086,2024,1.791759469228055,0,0,0,8.852897499702268e-05,True,True negative,0.499911471025003
R067_C087,2024,1.3862943611198906,0,0,0,5.9083840806754096e-06,True,True negative,0.49999409161591934
R067_C088,2024,3.6375861597263857,1,1,1,0.9540303661236091,True,True positive,0.45403036612360914
R067_C089,2024,1.0986122886681096,0,0,0,8.65629632656729e-07,True,True negative,0.49999913437036736
R067_C090,2024,1.0986122886681096,0,0,0,8.65629632656729e-07,True,True negative,0.49999913437036736
R067_C092,2024,1.3862943611198906,0,0,0,5.9083840806754096e-06,True,True negative,0.49999409161591934
R067_C093,2024,2.639057329615259,0,0,0,0.024717696654622916,True,True negative,0.4752823033453771
R067_C094,2024,1.791759469228055,0,0,0,8.852897499702268e-05,True,True negative,0.499911471025003
R067_C095,2024,1.3862943611198906,0,0,0,5.9083840806754096e-06,True,True negative,0.49999409161591934
R068_C035,2024,0.6931471805599453,0,0,0,5.7767006900864226e-08,True,True negative,0.4999999422329931
R068_C036,2024,1.3862943611198906,0,0,0,5.9083840806754096e-06,True,True negative,0.49999409161591934
R068_C037,2024,0.6931471805599453,0,0,0,5.7767006900864226e-08,True,True negative,0.4999999422329931
R068_C038,2024,1.0986122886681096,0,0,0,8.65629632656729e-07,True,True negative,0.49999913437036736
R068_C040,2024,0.6931471805599453,0,0,0,5.7767006900864226e-08,True,True negative,0.4999999422329931
R068_C041,2024,0.6931471805599453,0,0,0,5.7767006900864226e-08,True,True negative,0.4999999422329931
R068_C042,2024,0.0,0,0,0,5.64791947838045e-10,True,True negative,0.49999999943520806
R068_C043,2024,0.0,0,0,0,5.64791947838045e-10,True,True negative,0.49999999943520806
R068_C044,2024,1.0986122886681096,0,0,0,8.65629632656729e-07,True,True negative,0.49999913437036736
R068_C045,2024,0.0,0,0,0,5.64791947838045e-10,True,True negative,0.49999999943520806
R068_C046,2024,0.0,0,0,0,5.64791947838045e-10,True,True negative,0.49999999943520806
R068_C047,2024,0.0,0,0,0,5.64791947838045e-10,True,True negative,0.49999999943520806
R068_C048,2024,0.0,0,0,0,5.64791947838045e-10,True,True negative,0.49999999943520806
R068_C049,2024,0.6931471805599453,0,0,0,5.7767006900864226e-08,True,True negative,0.4999999422329931
R068_C050,2024,0.0,0,0,0,5.64791947838045e-10,True,True negative,0.49999999943520806
R068_C051,2024,1.791759469228055,0,0,0,8.852897499702268e-05,True,True negative,0.499911471025003
R068_C052,2024,2.3978952727983707,0,0,0,0.005039993971908603,True,True negative,0.49496000602809137
R068_C053,2024,3.784189633918261,1,0,1,0.9822157075581223,False,False positive,0.48221570755812226
R068_C054,2024,1.791759469228055,0,0,0,8.852897499702268e-05,True,True negative,0.499911471025003
R068_C055,2024,2.19722457733622,0,0,0,0.0013249536430650108,True,True negative,0.498675046356935
R068_C056,2024,2.079441541679836,0,0,0,0.0006039490586071061,True,True negative,0.4993960509413929
R068_C057,2024,0.6931471805599453,0,0,0,5.7767006900864226e-08,True,True negative,0.4999999422329931
R068_C058,2024,1.0986122886681096,0,0,0,8.65629632656729e-07,True,True negative,0.49999913437036736
R068_C059,2024,2.079441541679836,0,0,0,0.0006039490586071061,True,True negative,0.4993960509413929
R068_C060,2024,3.8918202981106265,1,1,1,0.9912514373761554,True,True positive,0.4912514373761554
R068_C061,2024,3.4011973816621555,0,0,1,0.8042593123851965,False,False positive,0.30425931238519655
R068_C062,2024,2.70805020110221,0,0,0,0.038620547826229264,True,True negative,0.46137945217377074
R068_C063,2024,2.70805020110221,0,0,0,0.038620547826229264,True,True negative,0.46137945217377074
R068_C064,2024,3.4339872044851463,0,1,1,0.8364500535624654,True,True positive,0.3364500535624654
R068_C065,2024,2.19722457733622,0,0,0,0.0013249536430650108,True,True negative,0.498675046356935
R068_C066,2024,1.791759469228055,0,0,0,8.852897499702268e-05,True,True negative,0.499911471025003
R068_C067,2024,0.0,0,0,0,5.64791947838045e-10,True,True negative,0.49999999943520806
R068_C068,2024,1.0986122886681096,0,0,0,8.65629632656729e-07,True,True negative,0.49999913437036736
R068_C069,2024,0.6931471805599453,0,0,0,5.7767006900864226e-08,True,True negative,0.4999999422329931
R068_C070,2024,1.791759469228055,0,0,0,8.852897499702268e-05,True,True negative,0.499911471025003
R068_C071,2024,0.0,0,0,0,5.64791947838045e-10,True,True negative,0.49999999943520806
R068_C072,2024,2.19722457733622,0,0,0,0.0013249536430650108,True,True negative,0.498675046356935
R068_C073,2024,1.791759469228055,0,0,0,8.852897499702268e-05,True,True negative,0.499911471025003
R068_C074,2024,3.258096538021482,0,0,1,0.612476721689788,False,False positive,0.11247672168978795
R068_C075,2024,3.610917912644224,1,1,1,0.9455594271188087,True,True positive,0.4455594271188087
R068_C076,2024,3.4657359027997265,0,0,1,0.8634228435842332,False,False positive,0.36342284358423316
R068_C077,2024,2.833213344056216,0,0,0,0.08479219087228605,True,True negative,0.41520780912771393
R068_C078,2024,2.3978952727983707,0,0,0,0.005039993971908603,True,True negative,0.49496000602809137
R068_C079,2024,2.3978952727983707,0,0,0,0.005039993971908603,True,True negative,0.49496000602809137
R068_C080,2024,1.791759469228055,0,0,0,8.852897499702268e-05,True,True negative,0.499911471025003
R068_C081,2024,2.302585092994046,0,0,0,0.002673672923127726,True,True negative,0.4973263270768723
R068_C082,2024,3.58351893845611,1,0,1,0.9353384081017577,False,False positive,0.4353384081017577
R068_C083,2024,4.04305126783455,1,1,1,0.9967947494132563,True,True positive,0.4967947494132563
R068_C084,2024,0.6931471805599453,0,0,0,5.7767006900864226e-08,True,True negative,0.4999999422329931
R068_C085,2024,1.6094379124341005,0,0,0,2.621007218088068e-05,True,True negative,0.4999737899278191
R068_C086,2024,1.6094379124341005,0,0,0,2.621007218088068e-05,True,True negative,0.4999737899278191
R068_C087,2024,2.079441541679836,0,0,0,0.0006039490586071061,True,True negative,0.4993960509413929
R068_C088,2024,1.791759469228055,0,0,0,8.852897499702268e-05,True,True negative,0.499911471025003
R068_C089,2024,2.079441541679836,0,0,0,0.0006039490586071061,True,True negative,0.4993960509413929
R068_C090,2024,1.6094379124341005,0,0,0,2.621007218088068e-05,True,True negative,0.4999737899278191
R068_C091,2024,0.6931471805599453,0,0,0,5.7767006900864226e-08,True,True negative,0.4999999422329931
R068_C092,2024,1.6094379124341005,0,0,0,2.621007218088068e-05,True,True negative,0.4999737899278191
R068_C093,2024,0.6931471805599453,0,0,0,5.7767006900864226e-08,True,True negative,0.4999999422329931
R068_C094,2024,1.3862943611198906,0,0,0,5.9083840806754096e-06,True,True negative,0.49999409161591934
R068_C095,2024,1.791759469228055,0,0,0,8.852897499702268e-05,True,True negative,0.499911471025003
R068_C096,2024,1.3862943611198906,0,0,0,5.9083840806754096e-06,True,True negative,0.49999409161591934
R069_C035,2024,0.0,0,0,0,5.64791947838045e-10,True,True negative,0.49999999943520806
R069_C036,2024,1.3862943611198906,0,0,0,5.9083840806754096e-06,True,True negative,0.49999409161591934
R069_C037,2024,0.6931471805599453,0,0,0,5.7767006900864226e-08,True,True negative,0.4999999422329931
R069_C038,2024,0.6931471805599453,0,0,0,5.7767006900864226e-08,True,True negative,0.4999999422329931
R069_C039,2024,0.6931471805599453,0,0,0,5.7767006900864226e-08,True,True negative,0.4999999422329931
R069_C040,2024,1.0986122886681096,0,0,0,8.65629632656729e-07,True,True negative,0.49999913437036736
R069_C041,2024,1.0986122886681096,0,0,0,8.65629632656729e-07,True,True negative,0.49999913437036736
R069_C042,2024,0.6931471805599453,0,0,0,5.7767006900864226e-08,True,True negative,0.4999999422329931
R069_C043,2024,1.3862943611198906,0,0,0,5.9083840806754096e-06,True,True negative,0.49999409161591934
R069_C046,2024,0.0,0,0,0,5.64791947838045e-10,True,True negative,0.49999999943520806
R069_C048,2024,0.0,0,0,0,5.64791947838045e-10,True,True negative,0.49999999943520806
R069_C049,2024,2.079441541679836,0,0,0,0.0006039490586071061,True,True negative,0.4993960509413929
R069_C050,2024,0.6931471805599453,0,0,0,5.7767006900864226e-08,True,True negative,0.4999999422329931
R069_C051,2024,1.0986122886681096,0,0,0,8.65629632656729e-07,True,True negative,0.49999913437036736
R069_C052,2024,1.791759469228055,0,0,0,8.852897499702268e-05,True,True negative,0.499911471025003
R069_C053,2024,2.3978952727983707,0,0,0,0.005039993971908603,True,True negative,0.49496000602809137
R069_C054,2024,1.6094379124341005,0,0,0,2.621007218088068e-05,True,True negative,0.4999737899278191
R069_C055,2024,0.6931471805599453,0,0,0,5.7767006900864226e-08,True,True negative,0.4999999422329931
R069_C056,2024,1.791759469228055,0,0,0,8.852897499702268e-05,True,True negative,0.499911471025003
R069_C057,2024,0.0,0,0,0,5.64791947838045e-10,True,True negative,0.49999999943520806
R069_C058,2024,1.3862943611198906,0,0,0,5.9083840806754096e-06,True,True negative,0.49999409161591934
R069_C059,2024,0.6931471805599453,0,0,0,5.7767006900864226e-08,True,True negative,0.4999999422329931
R069_C060,2024,3.332204510175204,0,1,1,0.7216193143239186,True,True positive,0.22161931432391857
R069_C061,2024,3.87120101090789,1,1,1,0.9899732019420209,True,True positive,0.4899732019420209
R069_C062,2024,2.70805020110221,0,0,0,0.038620547826229264,True,True negative,0.46137945217377074
R069_C063,2024,1.9459101490553128,0,0,0,0.0002477300319792436,True,True negative,0.49975226996802075
R069_C064,2024,2.772588722239781,0,0,0,0.058211331684448954,True,True negative,0.441788668315551
R069_C065,2024,0.6931471805599453,0,0,0,5.7767006900864226e-08,True,True negative,0.4999999422329931
R069_C066,2024,2.639057329615259,0,0,0,0.024717696654622916,True,True negative,0.4752823033453771
R069_C067,2024,1.791759469228055,0,0,0,8.852897499702268e-05,True,True negative,0.499911471025003
R069_C068,2024,0.6931471805599453,0,0,0,5.7767006900864226e-08,True,True negative,0.4999999422329931
R069_C069,2024,1.3862943611198906,0,0,0,5.9083840806754096e-06,True,True negative,0.49999409161591934
R069_C070,2024,1.791759469228055,0,0,0,8.852897499702268e-05,True,True negative,0.499911471025003
R069_C071,2024,1.3862943611198906,0,0,0,5.9083840806754096e-06,True,True negative,0.49999409161591934
R069_C072,2024,2.9444389791664403,0,0,0,0.1629605820634127,True,True negative,0.3370394179365873
R069_C073,2024,2.079441541679836,0,0,0,0.0006039490586071061,True,True negative,0.4993960509413929
R069_C074,2024,2.302585092994046,0,0,0,0.002673672923127726,True,True negative,0.4973263270768723
R069_C075,2024,3.367295829986474,0,0,1,0.7661666921380098,False,False positive,0.2661666921380098
R069_C076,2024,4.262679877041316,1,1,1,0.9992584893215176,True,True positive,0.4992584893215176
R069_C077,2024,4.23410650459726,1,1,1,0.9991027805420002,True,True positive,0.4991027805420002
R069_C078,2024,3.5263605246161616,0,0,1,0.9045442124169463,False,False positive,0.40454421241694627
R069_C079,2024,2.19722457733622,0,0,0,0.0013249536430650108,True,True negative,0.498675046356935
R069_C080,2024,2.5649493574615367,0,0,0,0.015217410607103852,True,True negative,0.48478258939289615
R069_C081,2024,1.0986122886681096,0,0,0,8.65629632656729e-07,True,True negative,0.49999913437036736
R069_C082,2024,2.079441541679836,0,0,0,0.0006039490586071061,True,True negative,0.4993960509413929
R069_C083,2024,3.258096538021482,0,0,1,0.612476721689788,False,False positive,0.11247672168978795
R069_C084,2024,1.0986122886681096,0,0,0,8.65629632656729e-07,True,True negative,0.49999913437036736
R069_C085,2024,1.3862943611198906,0,0,0,5.9083840806754096e-06,True,True negative,0.49999409161591934
R069_C086,2024,1.0986122886681096,0,0,0,8.65629632656729e-07,True,True negative,0.49999913437036736
R069_C087,2024,2.19722457733622,0,0,0,0.0013249536430650108,True,True negative,0.498675046356935
R069_C088,2024,2.079441541679836,0,0,0,0.0006039490586071061,True,True negative,0.4993960509413929
R069_C089,2024,1.6094379124341005,0,0,0,2.621007218088068e-05,True,True negative,0.4999737899278191
R069_C090,2024,1.6094379124341005,0,0,0,2.621007218088068e-05,True,True negative,0.4999737899278191
R069_C091,2024,2.302585092994046,0,0,0,0.002673672923127726,True,True negative,0.4973263270768723
R069_C092,2024,0.6931471805599453,0,0,0,5.7767006900864226e-08,True,True negative,0.4999999422329931
R069_C093,2024,1.3862943611198906,0,0,0,5.9083840806754096e-06,True,True negative,0.49999409161591934
R069_C094,2024,0.6931471805599453,0,0,0,5.7767006900864226e-08,True,True negative,0.4999999422329931
R069_C095,2024,1.0986122886681096,0,0,0,8.65629632656729e-07,True,True negative,0.49999913437036736
R069_C096,2024,1.6094379124341005,0,0,0,2.621007218088068e-05,True,True negative,0.4999737899278191
R069_C097,2024,1.0986122886681096,0,0,0,8.65629632656729e-07,True,True negative,0.49999913437036736
R069_C098,2024,0.0,0,0,0,5.64791947838045e-10,True,True negative,0.49999999943520806
R070_C036,2024,2.19722457733622,0,0,0,0.0013249536430650108,True,True negative,0.498675046356935
R070_C037,2024,1.6094379124341005,0,0,0,2.621007218088068e-05,True,True negative,0.4999737899278191
R070_C038,2024,1.0986122886681096,0,0,0,8.65629632656729e-07,True,True negative,0.49999913437036736
R070_C039,2024,0.0,0,0,0,5.64791947838045e-10,True,True negative,0.49999999943520806
R070_C042,2024,1.3862943611198906,0,0,0,5.9083840806754096e-06,True,True negative,0.49999409161591934
R070_C043,2024,1.3862943611198906,0,0,0,5.9083840806754096e-06,True,True negative,0.49999409161591934
R070_C046,2024,0.6931471805599453,0,0,0,5.7767006900864226e-08,True,True negative,0.4999999422329931
R070_C047,2024,0.6931471805599453,0,0,0,5.7767006900864226e-08,True,True negative,0.4999999422329931
R070_C048,2024,1.0986122886681096,0,0,0,8.65629632656729e-07,True,True negative,0.49999913437036736
R070_C049,2024,0.6931471805599453,0,0,0,5.7767006900864226e-08,True,True negative,0.4999999422329931
R070_C050,2024,0.0,0,0,0,5.64791947838045e-10,True,True negative,0.49999999943520806
R070_C051,2024,2.5649493574615367,0,0,0,0.015217410607103852,True,True negative,0.48478258939289615
R070_C052,2024,2.9444389791664403,0,0,0,0.1629605820634127,True,True negative,0.3370394179365873
R070_C053,2024,3.091042453358316,0,0,0,0.3412830017619351,True,True negative,0.1587169982380649
R070_C054,2024,3.295836866004329,0,0,1,0.6703357251318038,False,False positive,0.17033572513180384
R070_C055,2024,2.079441541679836,0,0,0,0.0006039490586071061,True,True negative,0.4993960509413929
R070_C056,2024,1.6094379124341005,0,0,0,2.621007218088068e-05,True,True negative,0.4999737899278191
R070_C057,2024,1.3862943611198906,0,0,0,5.9083840806754096e-06,True,True negative,0.49999409161591934
R070_C058,2024,1.0986122886681096,0,0,0,8.65629632656729e-07,True,True negative,0.49999913437036736
R070_C059,2024,1.791759469228055,0,0,0,8.852897499702268e-05,True,True negative,0.499911471025003
R070_C060,2024,1.0986122886681096,0,0,0,8.65629632656729e-07,True,True negative,0.49999913437036736
R070_C061,2024,2.70805020110221,0,0,0,0.038620547826229264,True,True negative,0.46137945217377074
R070_C062,2024,3.332204510175204,0,0,1,0.7216193143239186,False,False positive,0.22161931432391857
R070_C063,2024,2.70805020110221,0,0,0,0.038620547826229264,True,True negative,0.46137945217377074
R070_C064,2024,2.833213344056216,0,0,0,0.08479219087228605,True,True negative,0.41520780912771393
R070_C065,2024,1.6094379124341005,0,0,0,2.621007218088068e-05,True,True negative,0.4999737899278191
R070_C066,2024,0.6931471805599453,0,0,0,5.7767006900864226e-08,True,True negative,0.4999999422329931
R070_C067,2024,0.6931471805599453,0,0,0,5.7767006900864226e-08,True,True negative,0.4999999422329931
R070_C068,2024,0.0,0,0,0,5.64791947838045e-10,True,True negative,0.49999999943520806
R070_C069,2024,0.6931471805599453,0,0,0,5.7767006900864226e-08,True,True negative,0.4999999422329931
R070_C070,2024,0.0,0,0,0,5.64791947838045e-10,True,True negative,0.49999999943520806
R070_C071,2024,1.3862943611198906,0,0,0,5.9083840806754096e-06,True,True negative,0.49999409161591934
R070_C072,2024,3.218875824868201,0,0,1,0.5488146483718718,False,False positive,0.04881464837187177
R070_C073,2024,2.302585092994046,0,0,0,0.002673672923127726,True,True negative,0.4973263270768723
R070_C074,2024,2.639057329615259,0,0,0,0.024717696654622916,True,True negative,0.4752823033453771
R070_C075,2024,2.8903717578961645,0,0,0,0.11948288041963083,True,True negative,0.38051711958036916
R070_C076,2024,2.995732273553991,0,0,0,0.21519187873111192,True,True negative,0.2848081212688881
R070_C077,2024,4.605170185988092,1,1,1,0.9999246035912273,True,True positive,0.49992460359122726
R070_C078,2024,3.713572066704308,1,1,1,0.9718054089565341,True,True positive,0.4718054089565341
R070_C079,2024,2.19722457733622,0,0,0,0.0013249536430650108,True,True negative,0.498675046356935
R070_C080,2024,1.6094379124341005,0,0,0,2.621007218088068e-05,True,True negative,0.4999737899278191
R070_C081,2024,0.6931471805599453,0,0,0,5.7767006900864226e-08,True,True negative,0.4999999422329931
R070_C082,2024,1.9459101490553128,0,0,0,0.0002477300319792436,True,True negative,0.49975226996802075
R070_C083,2024,1.3862943611198906,0,0,0,5.9083840806754096e-06,True,True negative,0.49999409161591934
R070_C084,2024,1.791759469228055,0,0,0,8.852897499702268e-05,True,True negative,0.499911471025003
R070_C085,2024,1.9459101490553128,0,0,0,0.0002477300319792436,True,True negative,0.49975226996802075
R070_C086,2024,2.302585092994046,0,0,0,0.002673672923127726,True,True negative,0.4973263270768723
R070_C087,2024,2.639057329615259,0,0,0,0.024717696654622916,True,True negative,0.4752823033453771
R070_C088,2024,2.302585092994046,0,0,0,0.002673672923127726,True,True negative,0.4973263270768723
R070_C089,2024,0.0,0,0,0,5.64791947838045e-10,True,True negative,0.49999999943520806
R070_C090,2024,1.9459101490553128,0,0,0,0.0002477300319792436,True,True negative,0.49975226996802075
R070_C091,2024,1.6094379124341005,0,0,0,2.621007218088068e-05,True,True negative,0.4999737899278191
R070_C092,2024,1.791759469228055,0,0,0,8.852897499702268e-05,True,True negative,0.499911471025003
R070_C093,2024,1.6094379124341005,0,0,0,2.621007218088068e-05,True,True negative,0.4999737899278191
R070_C094,2024,0.0,0,0,0,5.64791947838045e-10,True,True negative,0.49999999943520806
R070_C095,2024,0.6931471805599453,0,0,0,5.7767006900864226e-08,True,True negative,0.4999999422329931
R070_C096,2024,1.0986122886681096,0,0,0,8.65629632656729e-07,True,True negative,0.49999913437036736
R070_C097,2024,2.772588722239781,0,0,0,0.058211331684448954,True,True negative,0.441788668315551
R070_C098,2024,3.737669618283368,1,1,1,0.9758943929827445,True,True positive,0.4758943929827445
R071_C034,2024,0.6931471805599453,0,0,0,5.7767006900864226e-08,True,True negative,0.4999999422329931
R071_C035,2024,0.6931471805599453,0,0,0,5.7767006900864226e-08,True,True negative,0.4999999422329931
R071_C036,2024,0.0,0,0,0,5.64791947838045e-10,True,True negative,0.49999999943520806
R071_C037,2024,1.9459101490553128,0,0,0,0.0002477300319792436,True,True negative,0.49975226996802075
R071_C038,2024,1.6094379124341005,0,0,0,2.621007218088068e-05,True,True negative,0.4999737899278191
R071_C039,2024,1.791759469228055,0,0,0,8.852897499702268e-05,True,True negative,0.499911471025003
R071_C042,2024,0.6931471805599453,0,0,0,5.7767006900864226e-08,True,True negative,0.4999999422329931
R071_C044,2024,0.0,0,0,0,5.64791947838045e-10,True,True negative,0.49999999943520806
R071_C045,2024,0.6931471805599453,0,0,0,5.7767006900864226e-08,True,True negative,0.4999999422329931
R071_C046,2024,0.0,0,0,0,5.64791947838045e-10,True,True negative,0.49999999943520806
R071_C047,2024,1.3862943611198906,0,0,0,5.9083840806754096e-06,True,True negative,0.49999409161591934
R071_C048,2024,2.19722457733622,0,0,0,0.0013249536430650108,True,True negative,0.498675046356935
R071_C049,2024,0.0,0,0,0,5.64791947838045e-10,True,True negative,0.49999999943520806
R071_C050,2024,0.6931471805599453,0,0,0,5.7767006900864226e-08,True,True negative,0.4999999422329931
R071_C051,2024,2.19722457733622,0,0,0,0.0013249536430650108,True,True negative,0.498675046356935
R071_C052,2024,3.1354942159291497,0,0,0,0.41076471668164616,True,True negative,0.08923528331835384
R071_C053,2024,3.1354942159291497,0,0,0,0.41076471668164616,True,True negative,0.08923528331835384
R071_C054,2024,3.4339872044851463,0,0,1,0.8364500535624654,False,False positive,0.3364500535624654
R071_C055,2024,4.477336814478207,1,1,1,0.9998230048170129,True,True positive,0.4998230048170129
R071_C056,2024,1.791759469228055,0,0,0,8.852897499702268e-05,True,True negative,0.499911471025003
R071_C057,2024,2.4849066497880004,0,0,0,0.008974292080567959,True,True negative,0.49102570791943206
R071_C058,2024,2.3978952727983707,0,0,0,0.005039993971908603,True,True negative,0.49496000602809137
R071_C059,2024,3.044522437723423,0,0,0,0.27524593511421913,True,True negative,0.22475406488578087
R071_C060,2024,3.555348061489413,0,0,1,0.9199965296592397,False,False positive,0.4199965296592397
R071_C061,2024,2.9444389791664403,0,0,0,0.1629605820634127,True,True negative,0.3370394179365873
R071_C062,2024,1.791759469228055,0,0,0,8.852897499702268e-05,True,True negative,0.499911471025003
R071_C063,2024,2.079441541679836,0,0,0,0.0006039490586071061,True,True negative,0.4993960509413929
R071_C064,2024,2.19722457733622,0,0,0,0.0013249536430650108,True,True negative,0.498675046356935
R071_C065,2024,1.3862943611198906,0,0,0,5.9083840806754096e-06,True,True negative,0.49999409161591934
R071_C066,2024,0.6931471805599453,0,0,0,5.7767006900864226e-08,True,True negative,0.4999999422329931
R071_C067,2024,0.0,0,0,0,5.64791947838045e-10,True,True negative,0.49999999943520806
R071_C068,2024,1.0986122886681096,0,0,0,8.65629632656729e-07,True,True negative,0.49999913437036736
R071_C069,2024,2.19722457733622,0,0,0,0.0013249536430650108,True,True negative,0.498675046356935
R071_C070,2024,1.0986122886681096,0,0,0,8.65629632656729e-07,True,True negative,0.49999913437036736
R071_C071,2024,2.3978952727983707,0,0,0,0.005039993971908603,True,True negative,0.49496000602809137
R071_C072,2024,1.791759469228055,0,0,0,8.852897499702268e-05,True,True negative,0.499911471025003
R071_C073,2024,2.70805020110221,0,0,0,0.038620547826229264,True,True negative,0.46137945217377074
R071_C074,2024,3.218875824868201,0,1,1,0.5488146483718718,True,True positive,0.04881464837187177
R071_C075,2024,2.833213344056216,0,0,0,0.08479219087228605,True,True negative,0.41520780912771393
R071_C076,2024,3.1780538303479458,0,0,0,0.4808442013353714,True,True negative,0.019155798664628576
R071_C077,2024,2.772588722239781,0,0,0,0.058211331684448954,True,True negative,0.441788668315551
R071_C078,2024,3.1354942159291497,0,0,0,0.41076471668164616,True,True negative,0.08923528331835384
R071_C079,2024,2.302585092994046,0,0,0,0.002673672923127726,True,True negative,0.4973263270768723
R071_C080,2024,2.833213344056216,0,0,0,0.08479219087228605,True,True negative,0.41520780912771393
R071_C081,2024,0.6931471805599453,0,0,0,5.7767006900864226e-08,True,True negative,0.4999999422329931
R071_C082,2024,1.6094379124341005,0,0,0,2.621007218088068e-05,True,True negative,0.4999737899278191
R071_C083,2024,0.6931471805599453,0,0,0,5.7767006900864226e-08,True,True negative,0.4999999422329931
R071_C084,2024,0.0,0,0,0,5.64791947838045e-10,True,True negative,0.49999999943520806
R071_C085,2024,3.87120101090789,1,1,1,0.9899732019420209,True,True positive,0.4899732019420209
R071_C086,2024,4.127134385045092,1,1,1,0.9981691193857279,True,True positive,0.49816911938572794
R071_C087,2024,2.302585092994046,0,0,0,0.002673672923127726,True,True negative,0.4973263270768723
R071_C088,2024,1.0986122886681096,0,0,0,8.65629632656729e-07,True,True negative,0.49999913437036736
R071_C089,2024,1.9459101490553128,0,0,0,0.0002477300319792436,True,True negative,0.49975226996802075
R071_C090,2024,0.6931471805599453,0,0,0,5.7767006900864226e-08,True,True negative,0.4999999422329931
R071_C091,2024,1.0986122886681096,0,0,0,8.65629632656729e-07,True,True negative,0.49999913437036736
R071_C092,2024,2.4849066497880004,0,0,0,0.008974292080567959,True,True negative,0.49102570791943206
R071_C093,2024,1.9459101490553128,0,0,0,0.0002477300319792436,True,True negative,0.49975226996802075
R071_C094,2024,1.0986122886681096,0,0,0,8.65629632656729e-07,True,True negative,0.49999913437036736
R071_C095,2024,2.772588722239781,0,0,0,0.058211331684448954,True,True negative,0.441788668315551
R071_C096,2024,1.9459101490553128,0,0,0,0.0002477300319792436,True,True negative,0.49975226996802075
R071_C097,2024,2.302585092994046,0,0,0,0.002673672923127726,True,True negative,0.4973263270768723
R071_C098,2024,2.8903717578961645,0,0,0,0.11948288041963083,True,True negative,0.38051711958036916
R072_C033,2024,1.0986122886681096,0,0,0,8.65629632656729e-07,True,True negative,0.49999913437036736
R072_C034,2024,0.0,0,0,0,5.64791947838045e-10,True,True negative,0.49999999943520806
R072_C035,2024,0.6931471805599453,0,0,0,5.7767006900864226e-08,True,True negative,0.4999999422329931
R072_C036,2024,1.0986122886681096,0,0,0,8.65629632656729e-07,True,True negative,0.49999913437036736
R072_C037,2024,2.19722457733622,0,0,0,0.0013249536430650108,True,True negative,0.498675046356935
R072_C038,2024,2.995732273553991,0,0,0,0.21519187873111192,True,True negative,0.2848081212688881
R072_C039,2024,0.6931471805599453,0,0,0,5.7767006900864226e-08,True,True negative,0.4999999422329931
R072_C040,2024,0.0,0,0,0,5.64791947838045e-10,True,True negative,0.49999999943520806
R072_C042,2024,0.6931471805599453,0,0,0,5.7767006900864226e-08,True,True negative,0.4999999422329931
R072_C043,2024,0.6931471805599453,0,0,0,5.7767006900864226e-08,True,True negative,0.4999999422329931
R072_C044,2024,0.0,0,0,0,5.64791947838045e-10,True,True negative,0.49999999943520806
R072_C045,2024,0.6931471805599453,0,0,0,5.7767006900864226e-08,True,True negative,0.4999999422329931
R072_C046,2024,0.6931471805599453,0,0,0,5.7767006900864226e-08,True,True negative,0.4999999422329931
R072_C047,2024,2.19722457733622,0,0,0,0.0013249536430650108,True,True negative,0.498675046356935
R072_C048,2024,1.0986122886681096,0,0,0,8.65629632656729e-07,True,True negative,0.49999913437036736
R072_C049,2024,1.3862943611198906,0,0,0,5.9083840806754096e-06,True,True negative,0.49999409161591934
R072_C050,2024,1.791759469228055,0,0,0,8.852897499702268e-05,True,True negative,0.499911471025003
R072_C051,2024,3.218875824868201,0,0,1,0.5488146483718718,False,False positive,0.04881464837187177
R072_C052,2024,2.079441541679836,0,0,0,0.0006039490586071061,True,True negative,0.4993960509413929
R072_C053,2024,1.9459101490553128,0,0,0,0.0002477300319792436,True,True negative,0.49975226996802075
R072_C054,2024,2.9444389791664403,0,0,0,0.1629605820634127,True,True negative,0.3370394179365873
R072_C055,2024,2.8903717578961645,0,0,0,0.11948288041963083,True,True negative,0.38051711958036916
R072_C056,2024,1.791759469228055,0,0,0,8.852897499702268e-05,True,True negative,0.499911471025003
R072_C057,2024,1.6094379124341005,0,0,0,2.621007218088068e-05,True,True negative,0.4999737899278191
R072_C058,2024,2.079441541679836,0,0,0,0.0006039490586071061,True,True negative,0.4993960509413929
R072_C059,2024,2.8903717578961645,0,0,0,0.11948288041963083,True,True negative,0.38051711958036916
R072_C060,2024,3.49650756146648,0,0,1,0.8858928614393123,False,False positive,0.38589286143931234
R072_C061,2024,1.0986122886681096,0,0,0,8.65629632656729e-07,True,True negative,0.49999913437036736
R072_C062,2024,1.6094379124341005,0,0,0,2.621007218088068e-05,True,True negative,0.4999737899278191
R072_C063,2024,1.6094379124341005,0,0,0,2.621007218088068e-05,True,True negative,0.4999737899278191
R072_C064,2024,1.9459101490553128,0,0,0,0.0002477300319792436,True,True negative,0.49975226996802075
R072_C065,2024,3.6375861597263857,1,1,1,0.9540303661236091,True,True positive,0.45403036612360914
R072_C066,2024,1.3862943611198906,0,0,0,5.9083840806754096e-06,True,True negative,0.49999409161591934
R072_C067,2024,1.3862943611198906,0,0,0,5.9083840806754096e-06,True,True negative,0.49999409161591934
R072_C068,2024,3.044522437723423,0,0,0,0.27524593511421913,True,True negative,0.22475406488578087
R072_C069,2024,1.0986122886681096,0,0,0,8.65629632656729e-07,True,True negative,0.49999913437036736
R072_C070,2024,1.3862943611198906,0,0,0,5.9083840806754096e-06,True,True negative,0.49999409161591934
R072_C071,2024,2.4849066497880004,0,0,0,0.008974292080567959,True,True negative,0.49102570791943206
R072_C072,2024,2.302585092994046,0,0,0,0.002673672923127726,True,True negative,0.4973263270768723
R072_C073,2024,2.302585092994046,0,0,0,0.002673672923127726,True,True negative,0.4973263270768723
R072_C074,2024,4.653960350157523,1,1,1,0.9999455632864424,True,True positive,0.49994556328644235
R072_C075,2024,3.784189633918261,1,1,1,0.9822157075581223,True,True positive,0.48221570755812226
R072_C076,2024,3.044522437723423,0,0,0,0.27524593511421913,True,True negative,0.22475406488578087
R072_C077,2024,2.302585092994046,0,0,0,0.002673672923127726,True,True negative,0.4973263270768723
R072_C078,2024,1.791759469228055,0,0,0,8.852897499702268e-05,True,True negative,0.499911471025003
R072_C079,2024,1.6094379124341005,0,0,0,2.621007218088068e-05,True,True negative,0.4999737899278191
R072_C080,2024,0.0,0,0,0,5.64791947838045e-10,True,True negative,0.49999999943520806
R072_C081,2024,2.9444389791664403,0,0,0,0.1629605820634127,True,True negative,0.3370394179365873
R072_C082,2024,0.0,0,0,0,5.64791947838045e-10,True,True negative,0.49999999943520806
R072_C083,2024,1.0986122886681096,0,0,0,8.65629632656729e-07,True,True negative,0.49999913437036736
R072_C084,2024,2.19722457733622,0,0,0,0.0013249536430650108,True,True negative,0.498675046356935
R072_C085,2024,2.995732273553991,0,0,0,0.21519187873111192,True,True negative,0.2848081212688881
R072_C086,2024,4.795790545596741,1,1,1,0.9999788812875678,True,True positive,0.49997888128756784
R072_C087,2024,2.833213344056216,0,0,0,0.08479219087228605,True,True negative,0.41520780912771393
R072_C088,2024,0.0,0,0,0,5.64791947838045e-10,True,True negative,0.49999999943520806
R072_C089,2024,0.6931471805599453,0,0,0,5.7767006900864226e-08,True,True negative,0.4999999422329931
R072_C090,2024,0.6931471805599453,0,0,0,5.7767006900864226e-08,True,True negative,0.4999999422329931
R072_C091,2024,1.9459101490553128,0,0,0,0.0002477300319792436,True,True negative,0.49975226996802075
R072_C092,2024,1.0986122886681096,0,0,0,8.65629632656729e-07,True,True negative,0.49999913437036736
R072_C093,2024,0.6931471805599453,0,0,0,5.7767006900864226e-08,True,True negative,0.4999999422329931
R072_C094,2024,0.0,0,0,0,5.64791947838045e-10,True,True negative,0.49999999943520806
R072_C095,2024,1.3862943611198906,0,0,0,5.9083840806754096e-06,True,True negative,0.49999409161591934
R072_C096,2024,0.6931471805599453,0,0,0,5.7767006900864226e-08,True,True negative,0.4999999422329931
R072_C097,2024,2.079441541679836,0,0,0,0.0006039490586071061,True,True negative,0.4993960509413929
R072_C098,2024,1.791759469228055,0,0,0,8.852897499702268e-05,True,True negative,0.499911471025003
R073_C031,2024,0.0,0,0,0,5.64791947838045e-10,True,True negative,0.49999999943520806
R073_C032,2024,1.0986122886681096,0,0,0,8.65629632656729e-07,True,True negative,0.49999913437036736
R073_C033,2024,1.0986122886681096,0,0,0,8.65629632656729e-07,True,True negative,0.49999913437036736
R073_C034,2024,0.6931471805599453,0,0,0,5.7767006900864226e-08,True,True negative,0.4999999422329931
R073_C035,2024,1.3862943611198906,0,0,0,5.9083840806754096e-06,True,True negative,0.49999409161591934
R073_C036,2024,1.6094379124341005,0,0,0,2.621007218088068e-05,True,True negative,0.4999737899278191
R073_C037,2024,1.3862943611198906,0,0,0,5.9083840806754096e-06,True,True negative,0.49999409161591934
R073_C038,2024,0.0,0,0,0,5.64791947838045e-10,True,True negative,0.49999999943520806
R073_C039,2024,1.0986122886681096,0,0,0,8.65629632656729e-07,True,True negative,0.49999913437036736
R073_C040,2024,1.3862943611198906,0,0,0,5.9083840806754096e-06,True,True negative,0.49999409161591934
R073_C041,2024,1.791759469228055,0,0,0,8.852897499702268e-05,True,True negative,0.499911471025003
R073_C042,2024,2.3978952727983707,0,0,0,0.005039993971908603,True,True negative,0.49496000602809137
R073_C043,2024,2.8903717578961645,0,0,0,0.11948288041963083,True,True negative,0.38051711958036916
R073_C044,2024,2.19722457733622,0,0,0,0.0013249536430650108,True,True negative,0.498675046356935
R073_C045,2024,2.4849066497880004,0,0,0,0.008974292080567959,True,True negative,0.49102570791943206
R073_C046,2024,2.5649493574615367,0,0,0,0.015217410607103852,True,True negative,0.48478258939289615
R073_C047,2024,2.302585092994046,0,0,0,0.002673672923127726,True,True negative,0.4973263270768723
R073_C048,2024,1.6094379124341005,0,0,0,2.621007218088068e-05,True,True negative,0.4999737899278191
R073_C049,2024,1.3862943611198906,0,0,0,5.9083840806754096e-06,True,True negative,0.49999409161591934
R073_C050,2024,2.639057329615259,0,0,0,0.024717696654622916,True,True negative,0.4752823033453771
R073_C051,2024,1.791759469228055,0,0,0,8.852897499702268e-05,True,True negative,0.499911471025003
R073_C052,2024,2.5649493574615367,0,0,0,0.015217410607103852,True,True negative,0.48478258939289615
R073_C053,2024,2.8903717578961645,0,0,0,0.11948288041963083,True,True negative,0.38051711958036916
R073_C054,2024,3.970291913552122,1,1,1,0.9948005288631603,True,True positive,0.4948005288631603
R073_C055,2024,2.833213344056216,0,0,0,0.08479219087228605,True,True negative,0.41520780912771393
R073_C056,2024,1.9459101490553128,0,0,0,0.0002477300319792436,True,True negative,0.49975226996802075
R073_C057,2024,3.610917912644224,1,0,1,0.9455594271188087,False,False positive,0.4455594271188087
R073_C058,2024,1.6094379124341005,0,0,0,2.621007218088068e-05,True,True negative,0.4999737899278191
R073_C059,2024,2.4849066497880004,0,0,0,0.008974292080567959,True,True negative,0.49102570791943206
R073_C060,2024,1.791759469228055,0,0,0,8.852897499702268e-05,True,True negative,0.499911471025003
R073_C061,2024,3.218875824868201,0,0,1,0.5488146483718718,False,False positive,0.04881464837187177
R073_C062,2024,2.772588722239781,0,0,0,0.058211331684448954,True,True negative,0.441788668315551
R073_C063,2024,2.995732273553991,0,0,0,0.21519187873111192,True,True negative,0.2848081212688881
R073_C064,2024,1.791759469228055,0,0,0,8.852897499702268e-05,True,True negative,0.499911471025003
R073_C065,2024,2.772588722239781,0,0,0,0.058211331684448954,True,True negative,0.441788668315551
R073_C066,2024,1.6094379124341005,0,0,0,2.621007218088068e-05,True,True negative,0.4999737899278191
R073_C067,2024,1.0986122886681096,0,0,0,8.65629632656729e-07,True,True negative,0.49999913437036736
R073_C068,2024,1.6094379124341005,0,0,0,2.621007218088068e-05,True,True negative,0.4999737899278191
R073_C069,2024,1.791759469228055,0,0,0,8.852897499702268e-05,True,True negative,0.499911471025003
R073_C070,2024,1.9459101490553128,0,0,0,0.0002477300319792436,True,True negative,0.49975226996802075
R073_C071,2024,1.791759469228055,0,0,0,8.852897499702268e-05,True,True negative,0.499911471025003
R073_C072,2024,2.079441541679836,0,0,0,0.0006039490586071061,True,True negative,0.4993960509413929
R073_C073,2024,2.833213344056216,0,0,0,0.08479219087228605,True,True negative,0.41520780912771393
R073_C074,2024,2.5649493574615367,0,0,0,0.015217410607103852,True,True negative,0.48478258939289615
R073_C075,2024,2.833213344056216,0,0,0,0.08479219087228605,True,True negative,0.41520780912771393
R073_C076,2024,3.4339872044851463,0,0,1,0.8364500535624654,False,False positive,0.3364500535624654
R073_C077,2024,2.772588722239781,0,0,0,0.058211331684448954,True,True negative,0.441788668315551
R073_C078,2024,3.713572066704308,1,1,1,0.9718054089565341,True,True positive,0.4718054089565341
R073_C079,2024,1.6094379124341005,0,0,0,2.621007218088068e-05,True,True negative,0.4999737899278191
R073_C080,2024,2.772588722239781,0,0,0,0.058211331684448954,True,True negative,0.441788668315551
R073_C081,2024,1.0986122886681096,0,0,0,8.65629632656729e-07,True,True negative,0.49999913437036736
R073_C082,2024,1.791759469228055,0,0,0,8.852897499702268e-05,True,True negative,0.499911471025003
R073_C083,2024,0.0,0,0,0,5.64791947838045e-10,True,True negative,0.49999999943520806
R073_C084,2024,2.302585092994046,0,0,0,0.002673672923127726,True,True negative,0.4973263270768723
R073_C085,2024,0.6931471805599453,0,0,0,5.7767006900864226e-08,True,True negative,0.4999999422329931
R073_C086,2024,2.302585092994046,0,0,0,0.002673672923127726,True,True negative,0.4973263270768723
R073_C087,2024,2.3978952727983707,0,0,0,0.005039993971908603,True,True negative,0.49496000602809137
R073_C088,2024,1.3862943611198906,0,0,0,5.9083840806754096e-06,True,True negative,0.49999409161591934
R073_C089,2024,1.9459101490553128,0,0,0,0.0002477300319792436,True,True negative,0.49975226996802075
R073_C090,2024,1.6094379124341005,0,0,0,2.621007218088068e-05,True,True negative,0.4999737899278191
R073_C091,2024,0.6931471805599453,0,0,0,5.7767006900864226e-08,True,True negative,0.4999999422329931
R073_C092,2024,0.6931471805599453,0,0,0,5.7767006900864226e-08,True,True negative,0.4999999422329931
R073_C093,2024,0.6931471805599453,0,0,0,5.7767006900864226e-08,True,True negative,0.4999999422329931
R073_C094,2024,1.9459101490553128,0,0,0,0.0002477300319792436,True,True negative,0.49975226996802075
R073_C095,2024,0.6931471805599453,0,0,0,5.7767006900864226e-08,True,True negative,0.4999999422329931
R073_C096,2024,2.4849066497880004,0,0,0,0.008974292080567959,True,True negative,0.49102570791943206
R073_C097,2024,1.6094379124341005,0,0,0,2.621007218088068e-05,True,True negative,0.4999737899278191
R074_C031,2024,1.9459101490553128,0,0,0,0.0002477300319792436,True,True negative,0.49975226996802075
R074_C032,2024,0.0,0,0,0,5.64791947838045e-10,True,True negative,0.49999999943520806
R074_C033,2024,0.0,0,0,0,5.64791947838045e-10,True,True negative,0.49999999943520806
R074_C034,2024,0.0,0,0,0,5.64791947838045e-10,True,True negative,0.49999999943520806
R074_C035,2024,1.0986122886681096,0,0,0,8.65629632656729e-07,True,True negative,0.49999913437036736
R074_C036,2024,0.0,0,0,0,5.64791947838045e-10,True,True negative,0.49999999943520806
R074_C037,2024,0.0,0,0,0,5.64791947838045e-10,True,True negative,0.49999999943520806
R074_C039,2024,0.0,0,0,0,5.64791947838045e-10,True,True negative,0.49999999943520806
R074_C042,2024,2.772588722239781,0,0,0,0.058211331684448954,True,True negative,0.441788668315551
R074_C043,2024,1.9459101490553128,0,0,0,0.0002477300319792436,True,True negative,0.49975226996802075
R074_C046,2024,1.791759469228055,0,0,0,8.852897499702268e-05,True,True negative,0.499911471025003
R074_C047,2024,3.80666248977032,1,0,1,0.9846554694251088,False,False positive,0.48465546942510884
R074_C048,2024,2.9444389791664403,0,0,0,0.1629605820634127,True,True negative,0.3370394179365873
R074_C049,2024,0.6931471805599453,0,0,0,5.7767006900864226e-08,True,True negative,0.4999999422329931
R074_C050,2024,0.0,0,0,0,5.64791947838045e-10,True,True negative,0.49999999943520806
R074_C051,2024,0.6931471805599453,0,0,0,5.7767006900864226e-08,True,True negative,0.4999999422329931
R074_C052,2024,2.9444389791664403,0,0,0,0.1629605820634127,True,True negative,0.3370394179365873
R074_C053,2024,3.58351893845611,1,1,1,0.9353384081017577,True,True positive,0.4353384081017577
R074_C054,2024,2.70805020110221,0,0,0,0.038620547826229264,True,True negative,0.46137945217377074
R074_C055,2024,3.87120101090789,1,0,1,0.9899732019420209,False,False positive,0.4899732019420209
R074_C056,2024,2.302585092994046,0,0,0,0.002673672923127726,True,True negative,0.4973263270768723
R074_C057,2024,4.04305126783455,1,1,1,0.9967947494132563,True,True positive,0.4967947494132563
R074_C058,2024,3.4657359027997265,0,0,1,0.8634228435842332,False,False positive,0.36342284358423316
R074_C059,2024,2.995732273553991,0,0,0,0.21519187873111192,True,True negative,0.2848081212688881
R074_C060,2024,2.302585092994046,0,0,0,0.002673672923127726,True,True negative,0.4973263270768723
R074_C061,2024,2.079441541679836,0,0,0,0.0006039490586071061,True,True negative,0.4993960509413929
R074_C062,2024,2.302585092994046,0,0,0,0.002673672923127726,True,True negative,0.4973263270768723
R074_C063,2024,3.737669618283368,1,0,1,0.9758943929827445,False,False positive,0.4758943929827445
R074_C064,2024,3.49650756146648,0,0,1,0.8858928614393123,False,False positive,0.38589286143931234
R074_C065,2024,2.5649493574615367,0,0,0,0.015217410607103852,True,True negative,0.48478258939289615
R074_C066,2024,2.4849066497880004,0,0,0,0.008974292080567959,True,True negative,0.49102570791943206
R074_C067,2024,2.772588722239781,0,0,0,0.058211331684448954,True,True negative,0.441788668315551
R074_C068,2024,2.079441541679836,0,0,0,0.0006039490586071061,True,True negative,0.4993960509413929
R074_C069,2024,0.6931471805599453,0,0,0,5.7767006900864226e-08,True,True negative,0.4999999422329931
R074_C070,2024,1.791759469228055,0,0,0,8.852897499702268e-05,True,True negative,0.499911471025003
R074_C071,2024,1.6094379124341005,0,0,0,2.621007218088068e-05,True,True negative,0.4999737899278191
R074_C072,2024,2.639057329615259,0,0,0,0.024717696654622916,True,True negative,0.4752823033453771
R074_C073,2024,3.951243718581428,1,1,1,0.9940995708741333,True,True positive,0.49409957087413325
R074_C074,2024,4.110873864173311,1,1,1,0.9979595944507355,True,True positive,0.49795959445073545
R074_C075,2024,3.6375861597263857,1,1,1,0.9540303661236091,True,True positive,0.45403036612360914
R074_C076,2024,3.091042453358316,0,0,0,0.3412830017619351,True,True negative,0.1587169982380649
R074_C077,2024,2.19722457733622,0,0,0,0.0013249536430650108,True,True negative,0.498675046356935
R074_C078,2024,3.258096538021482,0,0,1,0.612476721689788,False,False positive,0.11247672168978795
R074_C079,2024,2.19722457733622,0,0,0,0.0013249536430650108,True,True negative,0.498675046356935
R074_C080,2024,2.639057329615259,0,0,0,0.024717696654622916,True,True negative,0.4752823033453771
R074_C081,2024,2.833213344056216,0,0,0,0.08479219087228605,True,True negative,0.41520780912771393
R074_C082,2024,1.0986122886681096,0,0,0,8.65629632656729e-07,True,True negative,0.49999913437036736
R074_C083,2024,1.791759469228055,0,0,0,8.852897499702268e-05,True,True negative,0.499911471025003
R074_C084,2024,1.3862943611198906,0,0,0,5.9083840806754096e-06,True,True negative,0.49999409161591934
R074_C085,2024,0.6931471805599453,0,0,0,5.7767006900864226e-08,True,True negative,0.4999999422329931
R074_C086,2024,1.6094379124341005,0,0,0,2.621007218088068e-05,True,True negative,0.4999737899278191
R074_C087,2024,1.791759469228055,0,0,0,8.852897499702268e-05,True,True negative,0.499911471025003
R074_C088,2024,1.0986122886681096,0,0,0,8.65629632656729e-07,True,True negative,0.49999913437036736
R074_C089,2024,1.6094379124341005,0,0,0,2.621007218088068e-05,True,True negative,0.4999737899278191
R074_C090,2024,1.791759469228055,0,0,0,8.852897499702268e-05,True,True negative,0.499911471025003
R074_C091,2024,1.3862943611198906,0,0,0,5.9083840806754096e-06,True,True negative,0.49999409161591934
R074_C092,2024,1.6094379124341005,0,0,0,2.621007218088068e-05,True,True negative,0.4999737899278191
R074_C093,2024,1.0986122886681096,0,0,0,8.65629632656729e-07,True,True negative,0.49999913437036736
R074_C094,2024,1.3862943611198906,0,0,0,5.9083840806754096e-06,True,True negative,0.49999409161591934
R074_C095,2024,1.3862943611198906,0,0,0,5.9083840806754096e-06,True,True negative,0.49999409161591934
R074_C096,2024,1.9459101490553128,0,0,0,0.0002477300319792436,True,True negative,0.49975226996802075
R074_C097,2024,2.19722457733622,0,0,0,0.0013249536430650108,True,True negative,0.498675046356935
R075_C033,2024,0.6931471805599453,0,0,0,5.7767006900864226e-08,True,True negative,0.4999999422329931
R075_C035,2024,1.3862943611198906,0,0,0,5.9083840806754096e-06,True,True negative,0.49999409161591934
R075_C036,2024,0.6931471805599453,0,0,0,5.7767006900864226e-08,True,True negative,0.4999999422329931
R075_C051,2024,3.218875824868201,0,0,1,0.5488146483718718,False,False positive,0.04881464837187177
R075_C052,2024,4.276666119016055,1,1,1,0.9993245506522902,True,True positive,0.4993245506522902
R075_C053,2024,5.017279836814924,1,1,1,0.9999951864802625,True,True positive,0.49999518648026253
R075_C054,2024,5.3981627015177525,1,1,1,0.9999996214801207,True,True positive,0.49999962148012067
R075_C055,2024,4.624972813284271,1,1,1,0.999933940287494,True,True positive,0.49993394028749405
R075_C056,2024,3.49650756146648,0,1,1,0.8858928614393123,True,True positive,0.38589286143931234
R075_C057,2024,3.9318256327243257,1,1,1,0.9932883069425963,True,True positive,0.4932883069425963
R075_C058,2024,3.367295829986474,0,0,1,0.7661666921380098,False,False positive,0.2661666921380098
R075_C059,2024,4.736198448394496,1,1,1,0.9999685622686127,True,True positive,0.49996856226861275
R075_C060,2024,3.295836866004329,0,0,1,0.6703357251318038,False,False positive,0.17033572513180384
R075_C061,2024,2.19722457733622,0,0,0,0.0013249536430650108,True,True negative,0.498675046356935
R075_C062,2024,3.58351893845611,1,1,1,0.9353384081017577,True,True positive,0.4353384081017577
R075_C063,2024,4.174387269895637,1,1,1,0.9986638207787858,True,True positive,0.4986638207787858
R075_C064,2024,4.02535169073515,1,1,1,0.9963941502682053,True,True positive,0.4963941502682053
R075_C065,2024,3.555348061489413,0,1,1,0.9199965296592397,True,True positive,0.4199965296592397
R075_C066,2024,2.4849066497880004,0,0,0,0.008974292080567959,True,True negative,0.49102570791943206
R075_C067,2024,2.302585092994046,0,0,0,0.002673672923127726,True,True negative,0.4973263270768723
R075_C068,2024,0.0,0,0,0,5.64791947838045e-10,True,True negative,0.49999999943520806
R075_C069,2024,1.3862943611198906,0,0,0,5.9083840806754096e-06,True,True negative,0.49999409161591934
R075_C070,2024,1.0986122886681096,0,0,0,8.65629632656729e-07,True,True negative,0.49999913437036736
R075_C071,2024,2.3978952727983707,0,0,0,0.005039993971908603,True,True negative,0.49496000602809137
R075_C072,2024,2.8903717578961645,0,0,0,0.11948288041963083,True,True negative,0.38051711958036916
R075_C073,2024,5.198497031265826,1,1,1,0.9999985644376652,True,True positive,0.4999985644376652
R075_C074,2024,5.37989735354046,1,1,1,0.9999995723885341,True,True positive,0.4999995723885341
R075_C075,2024,3.713572066704308,1,1,1,0.9718054089565341,True,True positive,0.4718054089565341
R075_C076,2024,3.8501476017100575,1,1,1,0.9884774055996822,True,True positive,0.4884774055996822
R075_C077,2024,2.772588722239781,0,0,0,0.058211331684448954,True,True negative,0.441788668315551
R075_C078,2024,2.639057329615259,0,0,0,0.024717696654622916,True,True negative,0.4752823033453771
R075_C079,2024,2.19722457733622,0,0,0,0.0013249536430650108,True,True negative,0.498675046356935
R075_C080,2024,1.9459101490553128,0,0,0,0.0002477300319792436,True,True negative,0.49975226996802075
R075_C081,2024,0.6931471805599453,0,0,0,5.7767006900864226e-08,True,True negative,0.4999999422329931
R075_C082,2024,1.6094379124341005,0,0,0,2.621007218088068e-05,True,True negative,0.4999737899278191
R075_C083,2024,2.70805020110221,0,0,0,0.038620547826229264,True,True negative,0.46137945217377074
R075_C084,2024,1.3862943611198906,0,0,0,5.9083840806754096e-06,True,True negative,0.49999409161591934
R075_C085,2024,0.6931471805599453,0,0,0,5.7767006900864226e-08,True,True negative,0.4999999422329931
R075_C086,2024,1.0986122886681096,0,0,0,8.65629632656729e-07,True,True negative,0.49999913437036736
R075_C087,2024,0.6931471805599453,0,0,0,5.7767006900864226e-08,True,True negative,0.4999999422329931
R075_C088,2024,2.302585092994046,0,0,0,0.002673672923127726,True,True negative,0.4973263270768723
R075_C089,2024,1.3862943611198906,0,0,0,5.9083840806754096e-06,True,True negative,0.49999409161591934
R075_C090,2024,2.079441541679836,0,0,0,0.0006039490586071061,True,True negative,0.4993960509413929
R075_C091,2024,2.302585092994046,0,0,0,0.002673672923127726,True,True negative,0.4973263270768723
R075_C092,2024,1.9459101490553128,0,0,0,0.0002477300319792436,True,True negative,0.49975226996802075
R075_C093,2024,3.295836866004329,0,0,1,0.6703357251318038,False,False positive,0.17033572513180384
R075_C094,2024,1.0986122886681096,0,0,0,8.65629632656729e-07,True,True negative,0.49999913437036736
R075_C095,2024,1.0986122886681096,0,0,0,8.65629632656729e-07,True,True negative,0.49999913437036736
R075_C096,2024,1.3862943611198906,0,0,0,5.9083840806754096e-06,True,True negative,0.49999409161591934
R075_C097,2024,1.0986122886681096,0,0,0,8.65629632656729e-07,True,True negative,0.49999913437036736
R076_C033,2024,0.0,0,0,0,5.64791947838045e-10,True,True negative,0.49999999943520806
R076_C034,2024,1.791759469228055,0,0,0,8.852897499702268e-05,True,True negative,0.499911471025003
R076_C035,2024,0.6931471805599453,0,0,0,5.7767006900864226e-08,True,True negative,0.4999999422329931
R076_C036,2024,0.0,0,0,0,5.64791947838045e-10,True,True negative,0.49999999943520806
R076_C051,2024,0.6931471805599453,0,0,0,5.7767006900864226e-08,True,True negative,0.4999999422329931
R076_C052,2024,3.7612001156935615,1,1,1,0.9793264211280307,True,True positive,0.4793264211280307
R076_C053,2024,5.075173815233827,1,1,1,0.9999967296148213,True,True positive,0.49999672961482133
R076_C054,2024,5.877735781779639,1,1,1,0.9999999845986427,True,True positive,0.4999999845986427
R076_C055,2024,4.691347882229144,1,1,1,0.9999575877443809,True,True positive,0.4999575877443809
R076_C056,2024,4.174387269895637,1,1,1,0.9986638207787858,True,True positive,0.4986638207787858
R076_C057,2024,3.87120101090789,1,1,1,0.9899732019420209,True,True positive,0.4899732019420209
R076_C058,2024,3.218875824868201,0,0,1,0.5488146483718718,False,False positive,0.04881464837187177
R076_C059,2024,4.204692619390966,1,1,1,0.9989083078834317,True,True positive,0.49890830788343166
R076_C060,2024,3.49650756146648,0,0,1,0.8858928614393123,False,False positive,0.38589286143931234
R076_C061,2024,3.091042453358316,0,0,0,0.3412830017619351,True,True negative,0.1587169982380649
R076_C062,2024,3.8918202981106265,1,1,1,0.9912514373761554,True,True positive,0.4912514373761554
R076_C063,2024,4.304065093204169,1,1,1,0.999437402158506,True,True positive,0.49943740215850596
R076_C064,2024,4.663439094112067,1,1,1,0.9999489013322322,True,True positive,0.49994890133223224
R076_C065,2024,3.912023005428146,1,1,1,0.9923468837478088,True,True positive,0.4923468837478088
R076_C066,2024,2.4849066497880004,0,0,0,0.008974292080567959,True,True negative,0.49102570791943206
R076_C067,2024,2.9444389791664403,0,0,0,0.1629605820634127,True,True negative,0.3370394179365873
R076_C068,2024,2.302585092994046,0,0,0,0.002673672923127726,True,True negative,0.4973263270768723
R076_C069,2024,1.0986122886681096,0,0,0,8.65629632656729e-07,True,True negative,0.49999913437036736
R076_C071,2024,0.6931471805599453,0,0,0,5.7767006900864226e-08,True,True negative,0.4999999422329931
R076_C072,2024,1.791759469228055,0,0,0,8.852897499702268e-05,True,True negative,0.499911471025003
R076_C073,2024,4.143134726391533,1,1,1,0.9983543125858839,True,True positive,0.4983543125858839
R076_C074,2024,4.941642422609304,1,1,1,0.9999920242178684,True,True positive,0.49999202421786837
R076_C075,2024,4.941642422609304,1,1,1,0.9999920242178684,True,True positive,0.49999202421786837
R076_C076,2024,4.007333185232471,1,1,1,0.9959350760058738,True,True positive,0.49593507600587383
R076_C077,2024,2.9444389791664403,0,0,0,0.1629605820634127,True,True negative,0.3370394179365873
R076_C078,2024,2.079441541679836,0,0,0,0.0006039490586071061,True,True negative,0.4993960509413929
R076_C079,2024,2.833213344056216,0,0,0,0.08479219087228605,True,True negative,0.41520780912771393
R076_C080,2024,2.4849066497880004,0,0,0,0.008974292080567959,True,True negative,0.49102570791943206
R076_C081,2024,1.6094379124341005,0,0,0,2.621007218088068e-05,True,True negative,0.4999737899278191
R076_C082,2024,1.6094379124341005,0,0,0,2.621007218088068e-05,True,True negative,0.4999737899278191
R076_C083,2024,3.044522437723423,0,0,0,0.27524593511421913,True,True negative,0.22475406488578087
R076_C084,2024,0.6931471805599453,0,0,0,5.7767006900864226e-08,True,True negative,0.4999999422329931
R076_C085,2024,1.0986122886681096,0,0,0,8.65629632656729e-07,True,True negative,0.49999913437036736
R076_C086,2024,1.3862943611198906,0,0,0,5.9083840806754096e-06,True,True negative,0.49999409161591934
R076_C087,2024,1.3862943611198906,0,0,0,5.9083840806754096e-06,True,True negative,0.49999409161591934
R076_C088,2024,1.9459101490553128,0,0,0,0.0002477300319792436,True,True negative,0.49975226996802075
R076_C089,2024,0.0,0,0,0,5.64791947838045e-10,True,True negative,0.49999999943520806
R076_C090,2024,1.6094379124341005,0,0,0,2.621007218088068e-05,True,True negative,0.4999737899278191
R076_C091,2024,0.0,0,0,0,5.64791947838045e-10,True,True negative,0.49999999943520806
R076_C092,2024,0.0,0,0,0,5.64791947838045e-10,True,True negative,0.49999999943520806
R076_C093,2024,2.079441541679836,0,0,0,0.0006039490586071061,True,True negative,0.4993960509413929
R076_C094,2024,1.0986122886681096,0,0,0,8.65629632656729e-07,True,True negative,0.49999913437036736
R076_C095,2024,0.0,0,0,0,5.64791947838045e-10,True,True negative,0.49999999943520806
R076_C096,2024,0.6931471805599453,0,0,0,5.7767006900864226e-08,True,True negative,0.4999999422329931
R077_C053,2024,4.477336814478207,1,1,1,0.9998230048170129,True,True positive,0.4998230048170129
R077_C054,2024,4.852030263919617,1,1,1,0.999985492173934,True,True positive,0.49998549217393395
R077_C055,2024,3.951243718581428,1,1,1,0.9940995708741333,True,True positive,0.49409957087413325
R077_C056,2024,2.995732273553991,0,0,0,0.21519187873111192,True,True negative,0.2848081212688881
R077_C057,2024,4.276666119016055,1,1,1,0.9993245506522902,True,True positive,0.4993245506522902
R077_C058,2024,4.04305126783455,1,1,1,0.9967947494132563,True,True positive,0.4967947494132563
R077_C059,2024,3.332204510175204,0,1,1,0.7216193143239186,True,True positive,0.22161931432391857
R077_C060,2024,3.218875824868201,0,0,1,0.5488146483718718,False,False positive,0.04881464837187177
R077_C061,2024,2.4849066497880004,0,0,0,0.008974292080567959,True,True negative,0.49102570791943206
R077_C062,2024,4.564348191467836,1,1,1,0.9999009842158614,True,True positive,0.4999009842158614
R077_C063,2024,5.631211781821365,1,1,1,0.9999999201344903,True,True positive,0.49999992013449035
R077_C064,2024,5.099866427824199,1,1,1,0.9999972266639656,True,True positive,0.4999972266639656
R077_C065,2024,4.653960350157523,1,1,1,0.9999455632864424,True,True positive,0.49994556328644235
R077_C066,2024,3.7612001156935615,1,1,1,0.9793264211280307,True,True positive,0.4793264211280307
R077_C067,2024,2.639057329615259,0,0,0,0.024717696654622916,True,True negative,0.4752823033453771
R077_C068,2024,1.9459101490553128,0,0,0,0.0002477300319792436,True,True negative,0.49975226996802075
R077_C069,2024,0.6931471805599453,0,0,0,5.7767006900864226e-08,True,True negative,0.4999999422329931
R077_C071,2024,0.0,0,0,0,5.64791947838045e-10,True,True negative,0.49999999943520806
R077_C072,2024,2.5649493574615367,0,0,0,0.015217410607103852,True,True negative,0.48478258939289615
R077_C073,2024,3.555348061489413,0,0,1,0.9199965296592397,False,False positive,0.4199965296592397
R077_C074,2024,3.49650756146648,0,1,1,0.8858928614393123,True,True positive,0.38589286143931234
R077_C075,2024,3.87120101090789,1,1,1,0.9899732019420209,True,True positive,0.4899732019420209
R077_C076,2024,3.58351893845611,1,0,1,0.9353384081017577,False,False positive,0.4353384081017577
R077_C077,2024,3.258096538021482,0,0,1,0.612476721689788,False,False positive,0.11247672168978795
R077_C078,2024,3.218875824868201,0,0,1,0.5488146483718718,False,False positive,0.04881464837187177
R077_C079,2024,3.295836866004329,0,0,1,0.6703357251318038,False,False positive,0.17033572513180384
R077_C080,2024,1.6094379124341005,0,0,0,2.621007218088068e-05,True,True negative,0.4999737899278191
R077_C081,2024,1.6094379124341005,0,0,0,2.621007218088068e-05,True,True negative,0.4999737899278191
R077_C082,2024,1.9459101490553128,0,0,0,0.0002477300319792436,True,True negative,0.49975226996802075
R077_C083,2024,0.6931471805599453,0,0,0,5.7767006900864226e-08,True,True negative,0.4999999422329931
R077_C084,2024,1.0986122886681096,0,0,0,8.65629632656729e-07,True,True negative,0.49999913437036736
R077_C085,2024,1.6094379124341005,0,0,0,2.621007218088068e-05,True,True negative,0.4999737899278191
R077_C086,2024,1.3862943611198906,0,0,0,5.9083840806754096e-06,True,True negative,0.49999409161591934
R077_C087,2024,0.0,0,0,0,5.64791947838045e-10,True,True negative,0.49999999943520806
R077_C088,2024,1.6094379124341005,0,0,0,2.621007218088068e-05,True,True negative,0.4999737899278191
R077_C089,2024,0.0,0,0,0,5.64791947838045e-10,True,True negative,0.49999999943520806
R077_C090,2024,0.6931471805599453,0,0,0,5.7767006900864226e-08,True,True negative,0.4999999422329931
R077_C091,2024,1.0986122886681096,0,0,0,8.65629632656729e-07,True,True negative,0.49999913437036736
R077_C092,2024,1.9459101490553128,0,0,0,0.0002477300319792436,True,True negative,0.49975226996802075
R077_C093,2024,1.6094379124341005,0,0,0,2.621007218088068e-05,True,True negative,0.4999737899278191
R077_C094,2024,2.079441541679836,0,0,0,0.0006039490586071061,True,True negative,0.4993960509413929
R077_C095,2024,0.6931471805599453,0,0,0,5.7767006900864226e-08,True,True negative,0.4999999422329931
R078_C052,2024,0.6931471805599453,0,0,0,5.7767006900864226e-08,True,True negative,0.4999999422329931
R078_C053,2024,3.091042453358316,0,0,0,0.3412830017619351,True,True negative,0.1587169982380649
R078_C054,2024,3.80666248977032,1,1,1,0.9846554694251088,True,True positive,0.48465546942510884
R078_C055,2024,2.833213344056216,0,0,0,0.08479219087228605,True,True negative,0.41520780912771393
R078_C056,2024,2.302585092994046,0,0,0,0.002673672923127726,True,True negative,0.4973263270768723
R078_C057,2024,2.70805020110221,0,0,0,0.038620547826229264,True,True negative,0.46137945217377074
R078_C058,2024,3.295836866004329,0,1,1,0.6703357251318038,True,True positive,0.17033572513180384
R078_C059,2024,3.58351893845611,1,1,1,0.9353384081017577,True,True positive,0.4353384081017577
R078_C060,2024,3.6635616461296463,1,1,1,0.9610645615635566,True,True positive,0.4610645615635566
R078_C061,2024,3.6635616461296463,1,1,1,0.9610645615635566,True,True positive,0.4610645615635566
R078_C062,2024,4.262679877041316,1,1,1,0.9992584893215176,True,True positive,0.4992584893215176
R078_C063,2024,4.477336814478207,1,1,1,0.9998230048170129,True,True positive,0.4998230048170129
R078_C064,2024,4.584967478670572,1,1,1,0.9999137172443744,True,True positive,0.4999137172443744
R078_C065,2024,4.48863636973214,1,1,1,0.9998358640207722,True,True positive,0.4998358640207722
R078_C066,2024,2.8903717578961645,0,0,0,0.11948288041963083,True,True negative,0.38051711958036916
R078_C067,2024,0.6931471805599453,0,0,0,5.7767006900864226e-08,True,True negative,0.4999999422329931
R078_C068,2024,0.0,0,0,0,5.64791947838045e-10,True,True negative,0.49999999943520806
R078_C069,2024,0.6931471805599453,0,0,0,5.7767006900864226e-08,True,True negative,0.4999999422329931
R078_C070,2024,2.079441541679836,0,0,0,0.0006039490586071061,True,True negative,0.4993960509413929
R078_C071,2024,2.5649493574615367,0,0,0,0.015217410607103852,True,True negative,0.48478258939289615
R078_C072,2024,2.079441541679836,0,0,0,0.0006039490586071061,True,True negative,0.4993960509413929
R078_C073,2024,2.5649493574615367,0,0,0,0.015217410607103852,True,True negative,0.48478258939289615
R078_C074,2024,3.970291913552122,1,1,1,0.9948005288631603,True,True positive,0.4948005288631603
R078_C075,2024,3.737669618283368,1,1,1,0.9758943929827445,True,True positive,0.4758943929827445
R078_C076,2024,3.688879454113936,1,1,1,0.9669193992068,True,True positive,0.46691939920680003
R078_C077,2024,2.833213344056216,0,0,0,0.08479219087228605,True,True negative,0.41520780912771393
R078_C078,2024,5.068904202220232,1,1,1,0.9999965898169698,True,True positive,0.4999965898169698
R078_C079,2024,3.6635616461296463,1,0,1,0.9610645615635566,False,False positive,0.4610645615635566
R078_C080,2024,1.6094379124341005,0,0,0,2.621007218088068e-05,True,True negative,0.4999737899278191
R078_C081,2024,0.6931471805599453,0,0,0,5.7767006900864226e-08,True,True negative,0.4999999422329931
R078_C082,2024,1.0986122886681096,0,0,0,8.65629632656729e-07,True,True negative,0.49999913437036736
R078_C083,2024,1.3862943611198906,0,0,0,5.9083840806754096e-06,True,True negative,0.49999409161591934
R078_C084,2024,1.9459101490553128,0,0,0,0.0002477300319792436,True,True negative,0.49975226996802075
R078_C085,2024,1.6094379124341005,0,0,0,2.621007218088068e-05,True,True negative,0.4999737899278191
R078_C086,2024,1.0986122886681096,0,0,0,8.65629632656729e-07,True,True negative,0.49999913437036736
R078_C087,2024,0.6931471805599453,0,0,0,5.7767006900864226e-08,True,True negative,0.4999999422329931
R078_C088,2024,0.6931471805599453,0,0,0,5.7767006900864226e-08,True,True negative,0.4999999422329931
R078_C089,2024,2.70805020110221,0,0,0,0.038620547826229264,True,True negative,0.46137945217377074
R078_C090,2024,0.6931471805599453,0,0,0,5.7767006900864226e-08,True,True negative,0.4999999422329931
R078_C091,2024,1.0986122886681096,0,0,0,8.65629632656729e-07,True,True negative,0.49999913437036736
R078_C092,2024,2.833213344056216,0,0,0,0.08479219087228605,True,True negative,0.41520780912771393
R078_C093,2024,1.791759469228055,0,0,0,8.852897499702268e-05,True,True negative,0.499911471025003
R078_C094,2024,0.6931471805599453,0,0,0,5.7767006900864226e-08,True,True negative,0.4999999422329931
R079_C052,2024,2.3978952727983707,0,0,0,0.005039993971908603,True,True negative,0.49496000602809137
R079_C053,2024,2.19722457733622,0,0,0,0.0013249536430650108,True,True negative,0.498675046356935
R079_C054,2024,2.079441541679836,0,0,0,0.0006039490586071061,True,True negative,0.4993960509413929
R079_C055,2024,3.6635616461296463,1,0,1,0.9610645615635566,False,False positive,0.4610645615635566
R079_C056,2024,3.4011973816621555,0,1,1,0.8042593123851965,True,True positive,0.30425931238519655
R079_C057,2024,2.70805020110221,0,0,0,0.038620547826229264,True,True negative,0.46137945217377074
R079_C058,2024,3.912023005428146,1,1,1,0.9923468837478088,True,True positive,0.4923468837478088
R079_C059,2024,2.70805020110221,0,0,0,0.038620547826229264,True,True negative,0.46137945217377074
R079_C060,2024,4.007333185232471,1,1,1,0.9959350760058738,True,True positive,0.49593507600587383
R079_C061,2024,4.8283137373023015,1,1,1,0.999983003178658,True,True positive,0.49998300317865796
R079_C062,2024,3.828641396489095,1,1,1,0.9867219015643443,True,True positive,0.48672190156434425
R079_C063,2024,3.828641396489095,1,1,1,0.9867219015643443,True,True positive,0.48672190156434425
R079_C064,2024,3.713572066704308,1,1,1,0.9718054089565341,True,True positive,0.4718054089565341
R079_C065,2024,4.442651256490317,1,1,1,0.9997768932293789,True,True positive,0.4997768932293789
R079_C066,2024,2.4849066497880004,0,0,0,0.008974292080567959,True,True negative,0.49102570791943206
R079_C067,2024,0.6931471805599453,0,0,0,5.7767006900864226e-08,True,True negative,0.4999999422329931
R079_C068,2024,1.0986122886681096,0,0,0,8.65629632656729e-07,True,True negative,0.49999913437036736
R079_C069,2024,2.8903717578961645,0,0,0,0.11948288041963083,True,True negative,0.38051711958036916
R079_C070,2024,3.044522437723423,0,0,0,0.27524593511421913,True,True negative,0.22475406488578087
R079_C071,2024,1.791759469228055,0,0,0,8.852897499702268e-05,True,True negative,0.499911471025003
R079_C072,2024,2.079441541679836,0,0,0,0.0006039490586071061,True,True negative,0.4993960509413929
R079_C073,2024,4.248495242049359,1,1,1,0.9991848941688489,True,True positive,0.4991848941688489
R079_C074,2024,4.276666119016055,1,1,1,0.9993245506522902,True,True positive,0.4993245506522902
R079_C075,2024,2.9444389791664403,0,0,0,0.1629605820634127,True,True negative,0.3370394179365873
R079_C076,2024,2.70805020110221,0,0,0,0.038620547826229264,True,True negative,0.46137945217377074
R079_C077,2024,3.49650756146648,0,1,1,0.8858928614393123,True,True positive,0.38589286143931234
R079_C078,2024,3.332204510175204,0,0,1,0.7216193143239186,False,False positive,0.22161931432391857
R079_C079,2024,3.828641396489095,1,1,1,0.9867219015643443,True,True positive,0.48672190156434425
R079_C080,2024,2.639057329615259,0,0,0,0.024717696654622916,True,True negative,0.4752823033453771
R079_C081,2024,1.6094379124341005,0,0,0,2.621007218088068e-05,True,True negative,0.4999737899278191
R079_C082,2024,2.19722457733622,0,0,0,0.0013249536430650108,True,True negative,0.498675046356935
R079_C083,2024,2.3978952727983707,0,0,0,0.005039993971908603,True,True negative,0.49496000602809137
R079_C084,2024,4.07753744390572,1,1,1,0.997452259779216,True,True positive,0.49745225977921603
R079_C085,2024,3.610917912644224,1,0,1,0.9455594271188087,False,False positive,0.4455594271188087
R079_C086,2024,3.044522437723423,0,0,0,0.27524593511421913,True,True negative,0.22475406488578087
R079_C087,2024,2.19722457733622,0,0,0,0.0013249536430650108,True,True negative,0.498675046356935
R079_C088,2024,1.6094379124341005,0,0,0,2.621007218088068e-05,True,True negative,0.4999737899278191
R079_C089,2024,1.0986122886681096,0,0,0,8.65629632656729e-07,True,True negative,0.49999913437036736
R079_C090,2024,1.0986122886681096,0,0,0,8.65629632656729e-07,True,True negative,0.49999913437036736
R079_C091,2024,3.49650756146648,0,0,1,0.8858928614393123,False,False positive,0.38589286143931234
R079_C092,2024,5.236441962829949,1,1,1,0.999998885704811,True,True positive,0.499998885704811
R079_C093,2024,3.688879454113936,1,1,1,0.9669193992068,True,True positive,0.46691939920680003
R080_C052,2024,0.0,0,0,0,5.64791947838045e-10,True,True negative,0.49999999943520806
R080_C053,2024,2.9444389791664403,0,0,0,0.1629605820634127,True,True negative,0.3370394179365873
R080_C054,2024,2.19722457733622,0,0,0,0.0013249536430650108,True,True negative,0.498675046356935
R080_C055,2024,2.8903717578961645,0,0,0,0.11948288041963083,True,True negative,0.38051711958036916
R080_C056,2024,2.302585092994046,0,0,0,0.002673672923127726,True,True negative,0.4973263270768723
R080_C057,2024,2.4849066497880004,0,0,0,0.008974292080567959,True,True negative,0.49102570791943206
R080_C058,2024,2.772588722239781,0,0,0,0.058211331684448954,True,True negative,0.441788668315551
R080_C059,2024,3.49650756146648,0,1,1,0.8858928614393123,True,True positive,0.38589286143931234
R080_C060,2024,2.19722457733622,0,0,0,0.0013249536430650108,True,True negative,0.498675046356935
R080_C061,2024,3.9889840465642745,1,1,1,0.9954077445379951,True,True positive,0.4954077445379951
R080_C062,2024,3.091042453358316,0,0,0,0.3412830017619351,True,True negative,0.1587169982380649
R080_C063,2024,3.8918202981106265,1,1,1,0.9912514373761554,True,True positive,0.4912514373761554
R080_C064,2024,4.127134385045092,1,1,1,0.9981691193857279,True,True positive,0.49816911938572794
R080_C065,2024,3.951243718581428,1,1,1,0.9940995708741333,True,True positive,0.49409957087413325
R080_C066,2024,2.772588722239781,0,0,0,0.058211331684448954,True,True negative,0.441788668315551
R080_C067,2024,0.6931471805599453,0,0,0,5.7767006900864226e-08,True,True negative,0.4999999422329931
R080_C068,2024,2.4849066497880004,0,0,0,0.008974292080567959,True,True negative,0.49102570791943206
R080_C069,2024,3.713572066704308,1,0,1,0.9718054089565341,False,False positive,0.4718054089565341
R080_C070,2024,2.8903717578961645,0,0,0,0.11948288041963083,True,True negative,0.38051711958036916
R080_C071,2024,2.8903717578961645,0,0,0,0.11948288041963083,True,True negative,0.38051711958036916
R080_C072,2024,2.5649493574615367,0,0,0,0.015217410607103852,True,True negative,0.48478258939289615
R080_C073,2024,2.833213344056216,0,0,0,0.08479219087228605,True,True negative,0.41520780912771393
R080_C074,2024,3.610917912644224,1,1,1,0.9455594271188087,True,True positive,0.4455594271188087
R080_C075,2024,3.49650756146648,0,0,1,0.8858928614393123,False,False positive,0.38589286143931234
R080_C076,2024,3.367295829986474,0,0,1,0.7661666921380098,False,False positive,0.2661666921380098
R080_C077,2024,3.1354942159291497,0,0,0,0.41076471668164616,True,True negative,0.08923528331835384
R080_C078,2024,2.995732273553991,0,0,0,0.21519187873111192,True,True negative,0.2848081212688881
R080_C079,2024,2.19722457733622,0,0,0,0.0013249536430650108,True,True negative,0.498675046356935
R080_C080,2024,3.49650756146648,0,0,1,0.8858928614393123,False,False positive,0.38589286143931234
R080_C081,2024,0.6931471805599453,0,0,0,5.7767006900864226e-08,True,True negative,0.4999999422329931
R080_C082,2024,1.3862943611198906,0,0,0,5.9083840806754096e-06,True,True negative,0.49999409161591934
R080_C083,2024,1.6094379124341005,0,0,0,2.621007218088068e-05,True,True negative,0.4999737899278191
R080_C084,2024,4.574710978503383,1,1,1,0.9999076024962958,True,True positive,0.49990760249629584
R080_C085,2024,2.639057329615259,0,0,0,0.024717696654622916,True,True negative,0.4752823033453771
R080_C086,2024,1.0986122886681096,0,0,0,8.65629632656729e-07,True,True negative,0.49999913437036736
R080_C087,2024,2.4849066497880004,0,0,0,0.008974292080567959,True,True negative,0.49102570791943206
R080_C088,2024,2.70805020110221,0,0,0,0.038620547826229264,True,True negative,0.46137945217377074
R080_C089,2024,2.19722457733622,0,0,0,0.0013249536430650108,True,True negative,0.498675046356935
R080_C090,2024,2.5649493574615367,0,0,0,0.015217410607103852,True,True negative,0.48478258939289615
R080_C091,2024,2.5649493574615367,0,0,0,0.015217410607103852,True,True negative,0.48478258939289615
R080_C092,2024,3.5263605246161616,0,0,1,0.9045442124169463,False,False positive,0.40454421241694627
R081_C053,2024,4.276666119016055,1,1,1,0.9993245506522902,True,True positive,0.4993245506522902
R081_C054,2024,3.4339872044851463,0,1,1,0.8364500535624654,True,True positive,0.3364500535624654
R081_C055,2024,2.302585092994046,0,0,0,0.002673672923127726,True,True negative,0.4973263270768723
R081_C056,2024,1.9459101490553128,0,0,0,0.0002477300319792436,True,True negative,0.49975226996802075
R081_C057,2024,2.639057329615259,0,0,0,0.024717696654622916,True,True negative,0.4752823033453771
R081_C058,2024,4.143134726391533,1,1,1,0.9983543125858839,True,True positive,0.4983543125858839
R081_C059,2024,1.9459101490553128,0,0,0,0.0002477300319792436,True,True negative,0.49975226996802075
R081_C060,2024,2.3978952727983707,0,0,0,0.005039993971908603,True,True negative,0.49496000602809137
R081_C061,2024,2.302585092994046,0,0,0,0.002673672923127726,True,True negative,0.4973263270768723
R081_C062,2024,2.639057329615259,0,0,0,0.024717696654622916,True,True negative,0.4752823033453771
R081_C063,2024,1.6094379124341005,0,0,0,2.621007218088068e-05,True,True negative,0.4999737899278191
R081_C064,2024,1.791759469228055,0,0,0,8.852897499702268e-05,True,True negative,0.499911471025003
R081_C065,2024,2.3978952727983707,0,0,0,0.005039993971908603,True,True negative,0.49496000602809137
R081_C066,2024,0.0,0,0,0,5.64791947838045e-10,True,True negative,0.49999999943520806
R081_C067,2024,3.332204510175204,0,0,1,0.7216193143239186,False,False positive,0.22161931432391857
R081_C068,2024,3.295836866004329,0,0,1,0.6703357251318038,False,False positive,0.17033572513180384
R081_C069,2024,5.093750200806762,1,1,1,0.9999971110731657,True,True positive,0.4999971110731657
R081_C070,2024,4.060443010546419,1,1,1,0.9971451257742328,True,True positive,0.49714512577423275
R081_C071,2024,3.367295829986474,0,0,1,0.7661666921380098,False,False positive,0.2661666921380098
R081_C072,2024,3.737669618283368,1,0,1,0.9758943929827445,False,False positive,0.4758943929827445
R081_C073,2024,4.3694478524670215,1,1,1,0.9996363311244991,True,True positive,0.4996363311244991
R081_C074,2024,3.1780538303479458,0,0,0,0.4808442013353714,True,True negative,0.019155798664628576
R081_C075,2024,3.044522437723423,0,0,0,0.27524593511421913,True,True negative,0.22475406488578087
R081_C076,2024,2.3978952727983707,0,0,0,0.005039993971908603,True,True negative,0.49496000602809137
R081_C077,2024,1.3862943611198906,0,0,0,5.9083840806754096e-06,True,True negative,0.49999409161591934
R081_C078,2024,1.3862943611198906,0,0,0,5.9083840806754096e-06,True,True negative,0.49999409161591934
R081_C079,2024,0.0,0,0,0,5.64791947838045e-10,True,True negative,0.49999999943520806
R081_C080,2024,2.3978952727983707,0,0,0,0.005039993971908603,True,True negative,0.49496000602809137
R081_C082,2024,0.6931471805599453,0,0,0,5.7767006900864226e-08,True,True negative,0.4999999422329931
R081_C083,2024,1.3862943611198906,0,0,0,5.9083840806754096e-06,True,True negative,0.49999409161591934
R081_C084,2024,0.0,0,0,0,5.64791947838045e-10,True,True negative,0.49999999943520806
R081_C085,2024,1.6094379124341005,0,0,0,2.621007218088068e-05,True,True negative,0.4999737899278191
R081_C086,2024,0.6931471805599453,0,0,0,5.7767006900864226e-08,True,True negative,0.4999999422329931
R081_C087,2024,1.9459101490553128,0,0,0,0.0002477300319792436,True,True negative,0.49975226996802075
R081_C088,2024,1.3862943611198906,0,0,0,5.9083840806754096e-06,True,True negative,0.49999409161591934
R081_C089,2024,1.0986122886681096,0,0,0,8.65629632656729e-07,True,True negative,0.49999913437036736
R081_C090,2024,2.3978952727983707,0,0,0,0.005039993971908603,True,True negative,0.49496000602809137
R081_C091,2024,0.0,0,0,0,5.64791947838045e-10,True,True negative,0.49999999943520806
R081_C092,2024,0.0,0,0,0,5.64791947838045e-10,True,True negative,0.49999999943520806
R081_C094,2024,0.0,0,0,0,5.64791947838045e-10,True,True negative,0.49999999943520806
R081_C095,2024,0.0,0,0,0,5.64791947838045e-10,True,True negative,0.49999999943520806
R082_C054,2024,1.791759469228055,0,0,0,8.852897499702268e-05,True,True negative,0.499911471025003
R082_C055,2024,2.079441541679836,0,0,0,0.0006039490586071061,True,True negative,0.4993960509413929
R082_C056,2024,2.833213344056216,0,0,0,0.08479219087228605,True,True negative,0.41520780912771393
R082_C057,2024,3.951243718581428,1,1,1,0.9940995708741333,True,True positive,0.49409957087413325
R082_C058,2024,4.110873864173311,1,1,1,0.9979595944507355,True,True positive,0.49795959445073545
R082_C059,2024,2.833213344056216,0,0,0,0.08479219087228605,True,True negative,0.41520780912771393
R082_C060,2024,3.713572066704308,1,1,1,0.9718054089565341,True,True positive,0.4718054089565341
R082_C061,2024,3.044522437723423,0,0,0,0.27524593511421913,True,True negative,0.22475406488578087
R082_C062,2024,3.49650756146648,0,1,1,0.8858928614393123,True,True positive,0.38589286143931234
R082_C063,2024,3.49650756146648,0,1,1,0.8858928614393123,True,True positive,0.38589286143931234
R082_C064,2024,2.5649493574615367,0,0,0,0.015217410607103852,True,True negative,0.48478258939289615
R082_C065,2024,2.302585092994046,0,0,0,0.002673672923127726,True,True negative,0.4973263270768723
R082_C066,2024,1.0986122886681096,0,0,0,8.65629632656729e-07,True,True negative,0.49999913437036736
R082_C067,2024,1.791759469228055,0,0,0,8.852897499702268e-05,True,True negative,0.499911471025003
R082_C068,2024,4.204692619390966,1,1,1,0.9989083078834317,True,True positive,0.49890830788343166
R082_C069,2024,4.248495242049359,1,1,1,0.9991848941688489,True,True positive,0.4991848941688489
R082_C070,2024,4.158883083359672,1,1,1,0.9985183143658733,True,True positive,0.49851831436587335
R082_C071,2024,5.081404364984463,1,1,1,0.9999968628637248,True,True positive,0.4999968628637248
R082_C072,2024,4.330733340286331,1,1,1,0.9995291171185748,True,True positive,0.49952911711857484
R082_C073,2024,4.867534450455582,1,1,1,0.9999869187778331,True,True positive,0.4999869187778331
R082_C074,2024,3.7612001156935615,1,1,1,0.9793264211280307,True,True positive,0.4793264211280307
R082_C075,2024,4.0943445622221,1,1,1,0.9977220714665015,True,True positive,0.4977220714665015
R082_C076,2024,4.3694478524670215,1,1,1,0.9996363311244991,True,True positive,0.4996363311244991
R082_C077,2024,2.079441541679836,0,0,0,0.0006039490586071061,True,True negative,0.4993960509413929
R082_C078,2024,2.079441541679836,0,0,0,0.0006039490586071061,True,True negative,0.4993960509413929
R082_C079,2024,2.302585092994046,0,0,0,0.002673672923127726,True,True negative,0.4973263270768723
R082_C080,2024,2.3978952727983707,0,0,0,0.005039993971908603,True,True negative,0.49496000602809137
R082_C081,2024,3.295836866004329,0,0,1,0.6703357251318038,False,False positive,0.17033572513180384
R082_C082,2024,0.6931471805599453,0,0,0,5.7767006900864226e-08,True,True negative,0.4999999422329931
R082_C083,2024,0.0,0,0,0,5.64791947838045e-10,True,True negative,0.49999999943520806
R082_C084,2024,0.0,0,0,0,5.64791947838045e-10,True,True negative,0.49999999943520806
R082_C085,2024,1.3862943611198906,0,0,0,5.9083840806754096e-06,True,True negative,0.49999409161591934
R082_C086,2024,1.0986122886681096,0,0,0,8.65629632656729e-07,True,True negative,0.49999913437036736
R082_C087,2024,2.639057329615259,0,0,0,0.024717696654622916,True,True negative,0.4752823033453771
R082_C088,2024,2.079441541679836,0,0,0,0.0006039490586071061,True,True negative,0.4993960509413929
R082_C089,2024,0.0,0,0,0,5.64791947838045e-10,True,True negative,0.49999999943520806
R082_C092,2024,0.0,0,0,0,5.64791947838045e-10,True,True negative,0.49999999943520806
R082_C093,2024,1.0986122886681096,0,0,0,8.65629632656729e-07,True,True negative,0.49999913437036736
R082_C094,2024,1.0986122886681096,0,0,0,8.65629632656729e-07,True,True negative,0.49999913437036736
R083_C053,2024,3.5263605246161616,0,0,1,0.9045442124169463,False,False positive,0.40454421241694627
R083_C054,2024,3.295836866004329,0,0,1,0.6703357251318038,False,False positive,0.17033572513180384
R083_C055,2024,2.4849066497880004,0,0,0,0.008974292080567959,True,True negative,0.49102570791943206
R083_C056,2024,2.5649493574615367,0,0,0,0.015217410607103852,True,True negative,0.48478258939289615
R083_C057,2024,4.844187086458591,1,1,1,0.9999847122553324,True,True positive,0.49998471225533236
R083_C058,2024,4.07753744390572,1,1,1,0.997452259779216,True,True positive,0.49745225977921603
R083_C059,2024,2.302585092994046,0,0,0,0.002673672923127726,True,True negative,0.4973263270768723
R083_C060,2024,5.176149732573829,1,1,1,0.9999983334501586,True,True positive,0.49999833345015865
R083_C061,2024,4.442651256490317,1,1,1,0.9997768932293789,True,True positive,0.4997768932293789
R083_C062,2024,4.23410650459726,1,1,1,0.9991027805420002,True,True positive,0.4991027805420002
R083_C063,2024,2.079441541679836,0,0,0,0.0006039490586071061,True,True negative,0.4993960509413929
R083_C064,2024,2.079441541679836,0,0,0,0.0006039490586071061,True,True negative,0.4993960509413929
R083_C065,2024,1.3862943611198906,0,0,0,5.9083840806754096e-06,True,True negative,0.49999409161591934
R083_C066,2024,2.3978952727983707,0,0,0,0.005039993971908603,True,True negative,0.49496000602809137
R083_C067,2024,2.302585092994046,0,0,0,0.002673672923127726,True,True negative,0.4973263270768723
R083_C068,2024,4.634728988229636,1,1,1,0.9999381057503464,True,True positive,0.49993810575034636
R083_C069,2024,3.8501476017100575,1,1,1,0.9884774055996822,True,True positive,0.4884774055996822
R083_C070,2024,4.454347296253507,1,1,1,0.9997936487171964,True,True positive,0.49979364871719645
R083_C071,2024,4.304065093204169,1,1,1,0.999437402158506,True,True positive,0.49943740215850596
R083_C072,2024,4.61512051684126,1,1,1,0.9999294492523191,True,True positive,0.4999294492523191
R083_C073,2024,4.343805421853684,1,1,1,0.9995684538136322,True,True positive,0.49956845381363224
R083_C074,2024,3.258096538021482,0,0,1,0.612476721689788,False,False positive,0.11247672168978795
R083_C075,2024,3.555348061489413,0,0,1,0.9199965296592397,False,False positive,0.4199965296592397
R083_C076,2024,2.8903717578961645,0,0,0,0.11948288041963083,True,True negative,0.38051711958036916
R083_C077,2024,1.9459101490553128,0,0,0,0.0002477300319792436,True,True negative,0.49975226996802075
R083_C078,2024,0.6931471805599453,0,0,0,5.7767006900864226e-08,True,True negative,0.4999999422329931
R083_C079,2024,1.6094379124341005,0,0,0,2.621007218088068e-05,True,True negative,0.4999737899278191
R083_C080,2024,1.0986122886681096,0,0,0,8.65629632656729e-07,True,True negative,0.49999913437036736
R083_C081,2024,2.639057329615259,0,0,0,0.024717696654622916,True,True negative,0.4752823033453771
R083_C082,2024,2.4849066497880004,0,0,0,0.008974292080567959,True,True negative,0.49102570791943206
R083_C083,2024,1.9459101490553128,0,0,0,0.0002477300319792436,True,True negative,0.49975226996802075
R083_C084,2024,0.0,0,0,0,5.64791947838045e-10,True,True negative,0.49999999943520806
R083_C085,2024,1.3862943611198906,0,0,0,5.9083840806754096e-06,True,True negative,0.49999409161591934
R083_C086,2024,2.4849066497880004,0,0,0,0.008974292080567959,True,True negative,0.49102570791943206
R083_C087,2024,4.382026634673881,1,1,1,0.9996656152407031,True,True positive,0.4996656152407031
R083_C088,2024,5.43372200355424,1,1,1,0.9999997014727641,True,True positive,0.49999970147276407
R083_C089,2024,4.248495242049359,1,1,1,0.9991848941688489,True,True positive,0.4991848941688489
R083_C090,2024,2.4849066497880004,0,0,0,0.008974292080567959,True,True negative,0.49102570791943206
R083_C091,2024,2.302585092994046,0,0,0,0.002673672923127726,True,True negative,0.4973263270768723
R083_C092,2024,1.0986122886681096,0,0,0,8.65629632656729e-07,True,True negative,0.49999913437036736
R083_C093,2024,2.3978952727983707,0,0,0,0.005039993971908603,True,True negative,0.49496000602809137
R083_C094,2024,0.0,0,0,0,5.64791947838045e-10,True,True negative,0.49999999943520806
R084_C053,2024,4.8283137373023015,1,1,1,0.999983003178658,True,True positive,0.49998300317865796
R084_C054,2024,2.995732273553991,0,0,0,0.21519187873111192,True,True negative,0.2848081212688881
R084_C055,2024,3.6375861597263857,1,0,1,0.9540303661236091,False,False positive,0.45403036612360914
R084_C056,2024,3.091042453358316,0,0,0,0.3412830017619351,True,True negative,0.1587169982380649
R084_C057,2024,5.043425116919247,1,1,1,0.9999959574590139,True,True positive,0.49999595745901393
R084_C058,2024,4.454347296253507,1,1,1,0.9997936487171964,True,True positive,0.49979364871719645
R084_C059,2024,2.19722457733622,0,0,0,0.0013249536430650108,True,True negative,0.498675046356935
R084_C060,2024,3.218875824868201,0,0,1,0.5488146483718718,False,False positive,0.04881464837187177
R084_C061,2024,3.737669618283368,1,1,1,0.9758943929827445,True,True positive,0.4758943929827445
R084_C062,2024,3.737669618283368,1,1,1,0.9758943929827445,True,True positive,0.4758943929827445
R084_C063,2024,4.634728988229636,1,1,1,0.9999381057503464,True,True positive,0.49993810575034636
R084_C064,2024,3.091042453358316,0,0,0,0.3412830017619351,True,True negative,0.1587169982380649
R084_C065,2024,1.0986122886681096,0,0,0,8.65629632656729e-07,True,True negative,0.49999913437036736
R084_C067,2024,0.6931471805599453,0,0,0,5.7767006900864226e-08,True,True negative,0.4999999422329931
R084_C068,2024,2.833213344056216,0,0,0,0.08479219087228605,True,True negative,0.41520780912771393
R084_C069,2024,5.288267030694535,1,1,1,0.9999992116251171,True,True positive,0.49999921162511707
R084_C070,2024,5.934894195619588,1,1,1,0.9999999894845647,True,True positive,0.4999999894845647
R084_C071,2024,4.07753744390572,1,1,1,0.997452259779216,True,True positive,0.49745225977921603
R084_C072,2024,5.5053315359323625,1,1,1,0.9999998149236106,True,True positive,0.49999981492361056
R084_C073,2024,5.556828061699537,1,1,1,0.9999998687691211,True,True positive,0.49999986876912106
R084_C074,2024,3.610917912644224,1,1,1,0.9455594271188087,True,True positive,0.4455594271188087
R084_C075,2024,3.4011973816621555,0,0,1,0.8042593123851965,False,False positive,0.30425931238519655
R084_C076,2024,2.4849066497880004,0,0,0,0.008974292080567959,True,True negative,0.49102570791943206
R084_C077,2024,1.791759469228055,0,0,0,8.852897499702268e-05,True,True negative,0.499911471025003
R084_C078,2024,2.079441541679836,0,0,0,0.0006039490586071061,True,True negative,0.4993960509413929
R084_C079,2024,3.58351893845611,1,1,1,0.9353384081017577,True,True positive,0.4353384081017577
R084_C080,2024,1.3862943611198906,0,0,0,5.9083840806754096e-06,True,True negative,0.49999409161591934
R084_C081,2024,0.0,0,0,0,5.64791947838045e-10,True,True negative,0.49999999943520806
R084_C082,2024,1.9459101490553128,0,0,0,0.0002477300319792436,True,True negative,0.49975226996802075
R084_C083,2024,1.0986122886681096,0,0,0,8.65629632656729e-07,True,True negative,0.49999913437036736
R084_C084,2024,1.791759469228055,0,0,0,8.852897499702268e-05,True,True negative,0.499911471025003
R084_C085,2024,2.4849066497880004,0,0,0,0.008974292080567959,True,True negative,0.49102570791943206
R084_C086,2024,1.0986122886681096,0,0,0,8.65629632656729e-07,True,True negative,0.49999913437036736
R084_C087,2024,3.828641396489095,1,1,1,0.9867219015643443,True,True positive,0.48672190156434425
R084_C088,2024,5.220355825078325,1,1,1,0.9999987593701802,True,True positive,0.49999875937018023
R084_C089,2024,5.236441962829949,1,1,1,0.999998885704811,True,True positive,0.499998885704811
R084_C090,2024,2.19722457733622,0,0,0,0.0013249536430650108,True,True negative,0.498675046356935
R084_C091,2024,0.6931471805599453,0,0,0,5.7767006900864226e-08,True,True negative,0.4999999422329931
R084_C092,2024,1.0986122886681096,0,0,0,8.65629632656729e-07,True,True negative,0.49999913437036736
R084_C093,2024,0.0,0,0,0,5.64791947838045e-10,True,True negative,0.49999999943520806
R085_C053,2024,5.062595033026967,1,1,1,0.9999964431040355,True,True positive,0.49999644310403546
R085_C054,2024,2.995732273553991,0,0,0,0.21519187873111192,True,True negative,0.2848081212688881
R085_C055,2024,1.6094379124341005,0,0,0,2.621007218088068e-05,True,True negative,0.4999737899278191
R085_C056,2024,1.3862943611198906,0,0,0,5.9083840806754096e-06,True,True negative,0.49999409161591934
R085_C057,2024,2.995732273553991,0,0,0,0.21519187873111192,True,True negative,0.2848081212688881
R085_C058,2024,1.791759469228055,0,0,0,8.852897499702268e-05,True,True negative,0.499911471025003
R085_C059,2024,2.5649493574615367,0,0,0,0.015217410607103852,True,True negative,0.48478258939289615
R085_C060,2024,1.6094379124341005,0,0,0,2.621007218088068e-05,True,True negative,0.4999737899278191
R085_C061,2024,2.5649493574615367,0,0,0,0.015217410607103852,True,True negative,0.48478258939289615
R085_C062,2024,2.079441541679836,0,0,0,0.0006039490586071061,True,True negative,0.4993960509413929
R085_C063,2024,3.688879454113936,1,0,1,0.9669193992068,False,False positive,0.46691939920680003
R085_C064,2024,4.276666119016055,1,1,1,0.9993245506522902,True,True positive,0.4993245506522902
R085_C065,2024,0.6931471805599453,0,0,0,5.7767006900864226e-08,True,True negative,0.4999999422329931
R085_C066,2024,0.6931471805599453,0,0,0,5.7767006900864226e-08,True,True negative,0.4999999422329931
R085_C067,2024,2.5649493574615367,0,0,0,0.015217410607103852,True,True negative,0.48478258939289615
R085_C068,2024,3.258096538021482,0,0,1,0.612476721689788,False,False positive,0.11247672168978795
R085_C069,2024,4.634728988229636,1,1,1,0.9999381057503464,True,True positive,0.49993810575034636
R085_C070,2024,4.709530201312334,1,1,1,0.9999624358514506,True,True positive,0.4999624358514506
R085_C071,2024,3.951243718581428,1,1,1,0.9940995708741333,True,True positive,0.49409957087413325
R085_C072,2024,5.170483995038151,1,1,1,0.9999982692028325,True,True positive,0.4999982692028325
R085_C073,2024,5.087596335232384,1,1,1,0.999996989908326,True,True positive,0.499996989908326
R085_C074,2024,3.6375861597263857,1,1,1,0.9540303661236091,True,True positive,0.45403036612360914
R085_C075,2024,2.079441541679836,0,0,0,0.0006039490586071061,True,True negative,0.4993960509413929
R085_C076,2024,1.791759469228055,0,0,0,8.852897499702268e-05,True,True negative,0.499911471025003
R085_C077,2024,0.0,0,0,0,5.64791947838045e-10,True,True negative,0.49999999943520806
R085_C078,2024,2.19722457733622,0,0,0,0.0013249536430650108,True,True negative,0.498675046356935
R085_C079,2024,1.3862943611198906,0,0,0,5.9083840806754096e-06,True,True negative,0.49999409161591934
R085_C080,2024,1.0986122886681096,0,0,0,8.65629632656729e-07,True,True negative,0.49999913437036736
R085_C081,2024,1.3862943611198906,0,0,0,5.9083840806754096e-06,True,True negative,0.49999409161591934
R085_C082,2024,1.0986122886681096,0,0,0,8.65629632656729e-07,True,True negative,0.49999913437036736
R085_C083,2024,1.9459101490553128,0,0,0,0.0002477300319792436,True,True negative,0.49975226996802075
R085_C084,2024,1.0986122886681096,0,0,0,8.65629632656729e-07,True,True negative,0.49999913437036736
R085_C085,2024,0.0,0,0,0,5.64791947838045e-10,True,True negative,0.49999999943520806
R085_C086,2024,2.079441541679836,0,0,0,0.0006039490586071061,True,True negative,0.4993960509413929
R085_C087,2024,3.4657359027997265,0,0,1,0.8634228435842332,False,False positive,0.36342284358423316
R085_C088,2024,2.8903717578961645,0,0,0,0.11948288041963083,True,True negative,0.38051711958036916
R085_C089,2024,2.079441541679836,0,0,0,0.0006039490586071061,True,True negative,0.4993960509413929
R085_C090,2024,1.3862943611198906,0,0,0,5.9083840806754096e-06,True,True negative,0.49999409161591934
R085_C091,2024,0.6931471805599453,0,0,0,5.7767006900864226e-08,True,True negative,0.4999999422329931
R085_C092,2024,1.0986122886681096,0,0,0,8.65629632656729e-07,True,True negative,0.49999913437036736
R086_C053,2024,4.343805421853684,1,1,1,0.9995684538136322,True,True positive,0.49956845381363224
R086_C054,2024,2.639057329615259,0,0,0,0.024717696654622916,True,True negative,0.4752823033453771
R086_C055,2024,1.791759469228055,0,0,0,8.852897499702268e-05,True,True negative,0.499911471025003
R086_C056,2024,2.5649493574615367,0,0,0,0.015217410607103852,True,True negative,0.48478258939289615
R086_C057,2024,1.9459101490553128,0,0,0,0.0002477300319792436,True,True negative,0.49975226996802075
R086_C058,2024,0.0,0,0,0,5.64791947838045e-10,True,True negative,0.49999999943520806
R086_C059,2024,1.0986122886681096,0,0,0,8.65629632656729e-07,True,True negative,0.49999913437036736
R086_C060,2024,1.0986122886681096,0,0,0,8.65629632656729e-07,True,True negative,0.49999913437036736
R086_C061,2024,2.9444389791664403,0,0,0,0.1629605820634127,True,True negative,0.3370394179365873
R086_C062,2024,1.3862943611198906,0,0,0,5.9083840806754096e-06,True,True negative,0.49999409161591934
R086_C063,2024,1.3862943611198906,0,0,0,5.9083840806754096e-06,True,True negative,0.49999409161591934
R086_C064,2024,3.332204510175204,0,0,1,0.7216193143239186,False,False positive,0.22161931432391857
R086_C065,2024,1.3862943611198906,0,0,0,5.9083840806754096e-06,True,True negative,0.49999409161591934
R086_C066,2024,1.9459101490553128,0,0,0,0.0002477300319792436,True,True negative,0.49975226996802075
R086_C067,2024,3.1354942159291497,0,0,0,0.41076471668164616,True,True negative,0.08923528331835384
R086_C068,2024,4.330733340286331,1,1,1,0.9995291171185748,True,True positive,0.49952911711857484
R086_C069,2024,2.5649493574615367,0,0,0,0.015217410607103852,True,True negative,0.48478258939289615
R086_C070,2024,3.4657359027997265,0,0,1,0.8634228435842332,False,False positive,0.36342284358423316
R086_C071,2024,3.9318256327243257,1,1,1,0.9932883069425963,True,True positive,0.4932883069425963
R086_C072,2024,2.833213344056216,0,0,0,0.08479219087228605,True,True negative,0.41520780912771393
R086_C073,2024,2.302585092994046,0,0,0,0.002673672923127726,True,True negative,0.4973263270768723
R086_C074,2024,2.079441541679836,0,0,0,0.0006039490586071061,True,True negative,0.4993960509413929
R086_C075,2024,2.70805020110221,0,0,0,0.038620547826229264,True,True negative,0.46137945217377074
R086_C076,2024,2.5649493574615367,0,0,0,0.015217410607103852,True,True negative,0.48478258939289615
R086_C077,2024,1.6094379124341005,0,0,0,2.621007218088068e-05,True,True negative,0.4999737899278191
R086_C078,2024,1.3862943611198906,0,0,0,5.9083840806754096e-06,True,True negative,0.49999409161591934
R086_C079,2024,1.3862943611198906,0,0,0,5.9083840806754096e-06,True,True negative,0.49999409161591934
R086_C080,2024,1.3862943611198906,0,0,0,5.9083840806754096e-06,True,True negative,0.49999409161591934
R086_C081,2024,0.6931471805599453,0,0,0,5.7767006900864226e-08,True,True negative,0.4999999422329931
R086_C082,2024,0.0,0,0,0,5.64791947838045e-10,True,True negative,0.49999999943520806
R086_C083,2024,1.0986122886681096,0,0,0,8.65629632656729e-07,True,True negative,0.49999913437036736
R086_C084,2024,2.5649493574615367,0,0,0,0.015217410607103852,True,True negative,0.48478258939289615
R086_C085,2024,0.0,0,0,0,5.64791947838045e-10,True,True negative,0.49999999943520806
R086_C086,2024,1.3862943611198906,0,0,0,5.9083840806754096e-06,True,True negative,0.49999409161591934
R086_C087,2024,2.639057329615259,0,0,0,0.024717696654622916,True,True negative,0.4752823033453771
R086_C088,2024,1.6094379124341005,0,0,0,2.621007218088068e-05,True,True negative,0.4999737899278191
R086_C089,2024,1.6094379124341005,0,0,0,2.621007218088068e-05,True,True negative,0.4999737899278191
R086_C090,2024,1.0986122886681096,0,0,0,8.65629632656729e-07,True,True negative,0.49999913437036736
R086_C091,2024,1.0986122886681096,0,0,0,8.65629632656729e-07,True,True negative,0.49999913437036736
R087_C053,2024,3.784189633918261,1,0,1,0.9822157075581223,False,False positive,0.48221570755812226
R087_C054,2024,2.302585092994046,0,0,0,0.002673672923127726,True,True negative,0.4973263270768723
R087_C055,2024,1.791759469228055,0,0,0,8.852897499702268e-05,True,True negative,0.499911471025003
R087_C056,2024,2.8903717578961645,0,0,0,0.11948288041963083,True,True negative,0.38051711958036916
R087_C057,2024,1.6094379124341005,0,0,0,2.621007218088068e-05,True,True negative,0.4999737899278191
R087_C058,2024,0.0,0,0,0,5.64791947838045e-10,True,True negative,0.49999999943520806
R087_C060,2024,0.0,0,0,0,5.64791947838045e-10,True,True negative,0.49999999943520806
R087_C061,2024,0.0,0,0,0,5.64791947838045e-10,True,True negative,0.49999999943520806
R087_C062,2024,1.3862943611198906,0,0,0,5.9083840806754096e-06,True,True negative,0.49999409161591934
R087_C063,2024,1.0986122886681096,0,0,0,8.65629632656729e-07,True,True negative,0.49999913437036736
R087_C064,2024,1.791759469228055,0,0,0,8.852897499702268e-05,True,True negative,0.499911471025003
R087_C065,2024,1.6094379124341005,0,0,0,2.621007218088068e-05,True,True negative,0.4999737899278191
R087_C066,2024,2.302585092994046,0,0,0,0.002673672923127726,True,True negative,0.4973263270768723
R087_C067,2024,2.995732273553991,0,0,0,0.21519187873111192,True,True negative,0.2848081212688881
R087_C068,2024,0.6931471805599453,0,0,0,5.7767006900864226e-08,True,True negative,0.4999999422329931
R087_C069,2024,3.332204510175204,0,0,1,0.7216193143239186,False,False positive,0.22161931432391857
R087_C070,2024,2.833213344056216,0,0,0,0.08479219087228605,True,True negative,0.41520780912771393
R087_C071,2024,3.1354942159291497,0,0,0,0.41076471668164616,True,True negative,0.08923528331835384
R087_C072,2024,2.4849066497880004,0,0,0,0.008974292080567959,True,True negative,0.49102570791943206
R087_C073,2024,1.3862943611198906,0,0,0,5.9083840806754096e-06,True,True negative,0.49999409161591934
R087_C074,2024,0.6931471805599453,0,0,0,5.7767006900864226e-08,True,True negative,0.4999999422329931
R087_C075,2024,2.4849066497880004,0,0,0,0.008974292080567959,True,True negative,0.49102570791943206
R087_C076,2024,0.6931471805599453,0,0,0,5.7767006900864226e-08,True,True negative,0.4999999422329931
R087_C077,2024,1.3862943611198906,0,0,0,5.9083840806754096e-06,True,True negative,0.49999409161591934
R087_C078,2024,3.044522437723423,0,0,0,0.27524593511421913,True,True negative,0.22475406488578087
R087_C079,2024,2.4849066497880004,0,0,0,0.008974292080567959,True,True negative,0.49102570791943206
R087_C080,2024,1.6094379124341005,0,0,0,2.621007218088068e-05,True,True negative,0.4999737899278191
R087_C081,2024,1.0986122886681096,0,0,0,8.65629632656729e-07,True,True negative,0.49999913437036736
R087_C082,2024,2.302585092994046,0,0,0,0.002673672923127726,True,True negative,0.4973263270768723
R087_C083,2024,2.70805020110221,0,0,0,0.038620547826229264,True,True negative,0.46137945217377074
R087_C084,2024,0.0,0,0,0,5.64791947838045e-10,True,True negative,0.49999999943520806
R087_C085,2024,0.6931471805599453,0,0,0,5.7767006900864226e-08,True,True negative,0.4999999422329931
R087_C086,2024,1.0986122886681096,0,0,0,8.65629632656729e-07,True,True negative,0.49999913437036736
R087_C087,2024,0.6931471805599453,0,0,0,5.7767006900864226e-08,True,True negative,0.4999999422329931
R087_C088,2024,0.0,0,0,0,5.64791947838045e-10,True,True negative,0.49999999943520806
R087_C089,2024,1.9459101490553128,0,0,0,0.0002477300319792436,True,True negative,0.49975226996802075
R087_C090,2024,1.791759469228055,0,0,0,8.852897499702268e-05,True,True negative,0.499911471025003
R087_C091,2024,1.791759469228055,0,0,0,8.852897499702268e-05,True,True negative,0.499911471025003
R088_C055,2024,1.3862943611198906,0,0,0,5.9083840806754096e-06,True,True negative,0.49999409161591934
R088_C056,2024,2.833213344056216,0,0,0,0.08479219087228605,True,True negative,0.41520780912771393
R088_C057,2024,2.19722457733622,0,0,0,0.0013249536430650108,True,True negative,0.498675046356935
R088_C058,2024,0.6931471805599453,0,0,0,5.7767006900864226e-08,True,True negative,0.4999999422329931
R088_C059,2024,0.6931471805599453,0,0,0,5.7767006900864226e-08,True,True negative,0.4999999422329931
R088_C060,2024,0.6931471805599453,0,0,0,5.7767006900864226e-08,True,True negative,0.4999999422329931
R088_C061,2024,0.6931471805599453,0,0,0,5.7767006900864226e-08,True,True negative,0.4999999422329931
R088_C062,2024,0.6931471805599453,0,0,0,5.7767006900864226e-08,True,True negative,0.4999999422329931
R088_C063,2024,0.6931471805599453,0,0,0,5.7767006900864226e-08,True,True negative,0.4999999422329931
R088_C064,2024,1.3862943611198906,0,0,0,5.9083840806754096e-06,True,True negative,0.49999409161591934
R088_C065,2024,1.791759469228055,0,0,0,8.852897499702268e-05,True,True negative,0.499911471025003
R088_C066,2024,3.58351893845611,1,0,1,0.9353384081017577,False,False positive,0.4353384081017577
R088_C067,2024,1.9459101490553128,0,0,0,0.0002477300319792436,True,True negative,0.49975226996802075
R088_C068,2024,1.791759469228055,0,0,0,8.852897499702268e-05,True,True negative,0.499911471025003
R088_C069,2024,0.0,0,0,0,5.64791947838045e-10,True,True negative,0.49999999943520806
R088_C070,2024,1.6094379124341005,0,0,0,2.621007218088068e-05,True,True negative,0.4999737899278191
R088_C071,2024,0.0,0,0,0,5.64791947838045e-10,True,True negative,0.49999999943520806
R088_C072,2024,2.5649493574615367,0,0,0,0.015217410607103852,True,True negative,0.48478258939289615
R088_C073,2024,3.1780538303479458,0,0,0,0.4808442013353714,True,True negative,0.019155798664628576
R088_C074,2024,1.791759469228055,0,0,0,8.852897499702268e-05,True,True negative,0.499911471025003
R088_C075,2024,1.0986122886681096,0,0,0,8.65629632656729e-07,True,True negative,0.49999913437036736
R088_C076,2024,1.791759469228055,0,0,0,8.852897499702268e-05,True,True negative,0.499911471025003
R088_C077,2024,1.791759469228055,0,0,0,8.852897499702268e-05,True,True negative,0.499911471025003
R088_C078,2024,4.584967478670572,1,1,1,0.9999137172443744,True,True positive,0.4999137172443744
R088_C079,2024,4.8283137373023015,1,1,1,0.999983003178658,True,True positive,0.49998300317865796
R088_C080,2024,2.5649493574615367,0,0,0,0.015217410607103852,True,True negative,0.48478258939289615
R088_C081,2024,1.9459101490553128,0,0,0,0.0002477300319792436,True,True negative,0.49975226996802075
R088_C082,2024,0.0,0,0,0,5.64791947838045e-10,True,True negative,0.49999999943520806
R088_C083,2024,0.6931471805599453,0,0,0,5.7767006900864226e-08,True,True negative,0.4999999422329931
R088_C084,2024,1.0986122886681096,0,0,0,8.65629632656729e-07,True,True negative,0.49999913437036736
R088_C085,2024,0.6931471805599453,0,0,0,5.7767006900864226e-08,True,True negative,0.4999999422329931
R088_C086,2024,1.3862943611198906,0,0,0,5.9083840806754096e-06,True,True negative,0.49999409161591934
R088_C087,2024,1.3862943611198906,0,0,0,5.9083840806754096e-06,True,True negative,0.49999409161591934
R088_C088,2024,0.6931471805599453,0,0,0,5.7767006900864226e-08,True,True negative,0.4999999422329931
R088_C089,2024,1.6094379124341005,0,0,0,2.621007218088068e-05,True,True negative,0.4999737899278191
R088_C090,2024,1.6094379124341005,0,0,0,2.621007218088068e-05,True,True negative,0.4999737899278191
R089_C055,2024,0.0,0,0,0,5.64791947838045e-10,True,True negative,0.49999999943520806
R089_C056,2024,3.044522437723423,0,0,0,0.27524593511421913,True,True negative,0.22475406488578087
R089_C057,2024,1.3862943611198906,0,0,0,5.9083840806754096e-06,True,True negative,0.49999409161591934
R089_C058,2024,0.0,0,0,0,5.64791947838045e-10,True,True negative,0.49999999943520806
R089_C061,2024,0.6931471805599453,0,0,0,5.7767006900864226e-08,True,True negative,0.4999999422329931
R089_C062,2024,0.0,0,0,0,5.64791947838045e-10,True,True negative,0.49999999943520806
R089_C063,2024,1.6094379124341005,0,0,0,2.621007218088068e-05,True,True negative,0.4999737899278191
R089_C064,2024,1.3862943611198906,0,0,0,5.9083840806754096e-06,True,True negative,0.49999409161591934
R089_C065,2024,0.6931471805599453,0,0,0,5.7767006900864226e-08,True,True negative,0.4999999422329931
R089_C066,2024,0.6931471805599453,0,0,0,5.7767006900864226e-08,True,True negative,0.4999999422329931
R089_C067,2024,0.6931471805599453,0,0,0,5.7767006900864226e-08,True,True negative,0.4999999422329931
R089_C068,2024,0.6931471805599453,0,0,0,5.7767006900864226e-08,True,True negative,0.4999999422329931
R089_C069,2024,1.3862943611198906,0,0,0,5.9083840806754096e-06,True,True negative,0.49999409161591934
R089_C070,2024,1.3862943611198906,0,0,0,5.9083840806754096e-06,True,True negative,0.49999409161591934
R089_C071,2024,2.19722457733622,0,0,0,0.0013249536430650108,True,True negative,0.498675046356935
R089_C072,2024,3.332204510175204,0,0,1,0.7216193143239186,False,False positive,0.22161931432391857
R089_C073,2024,3.7612001156935615,1,1,1,0.9793264211280307,True,True positive,0.4793264211280307
R089_C074,2024,2.5649493574615367,0,0,0,0.015217410607103852,True,True negative,0.48478258939289615
R089_C075,2024,2.4849066497880004,0,0,0,0.008974292080567959,True,True negative,0.49102570791943206
R089_C076,2024,1.3862943611198906,0,0,0,5.9083840806754096e-06,True,True negative,0.49999409161591934
R089_C077,2024,1.0986122886681096,0,0,0,8.65629632656729e-07,True,True negative,0.49999913437036736
R089_C078,2024,2.639057329615259,0,0,0,0.024717696654622916,True,True negative,0.4752823033453771
R089_C079,2024,3.091042453358316,0,0,0,0.3412830017619351,True,True negative,0.1587169982380649
R089_C080,2024,1.6094379124341005,0,0,0,2.621007218088068e-05,True,True negative,0.4999737899278191
R089_C081,2024,2.19722457733622,0,0,0,0.0013249536430650108,True,True negative,0.498675046356935
R089_C082,2024,0.0,0,0,0,5.64791947838045e-10,True,True negative,0.49999999943520806
R089_C083,2024,1.791759469228055,0,0,0,8.852897499702268e-05,True,True negative,0.499911471025003
R089_C084,2024,1.0986122886681096,0,0,0,8.65629632656729e-07,True,True negative,0.49999913437036736
R089_C085,2024,0.6931471805599453,0,0,0,5.7767006900864226e-08,True,True negative,0.4999999422329931
R089_C086,2024,1.791759469228055,0,0,0,8.852897499702268e-05,True,True negative,0.499911471025003
R089_C087,2024,2.639057329615259,0,0,0,0.024717696654622916,True,True negative,0.4752823033453771
R089_C088,2024,1.6094379124341005,0,0,0,2.621007218088068e-05,True,True negative,0.4999737899278191
R089_C089,2024,0.6931471805599453,0,0,0,5.7767006900864226e-08,True,True negative,0.4999999422329931
R089_C090,2024,1.0986122886681096,0,0,0,8.65629632656729e-07,True,True negative,0.49999913437036736
R090_C055,2024,4.0943445622221,1,1,1,0.9977220714665015,True,True positive,0.4977220714665015
R090_C056,2024,4.465908118654584,1,1,1,0.9998089737546981,True,True positive,0.4998089737546981
R090_C057,2024,2.3978952727983707,0,0,0,0.005039993971908603,True,True negative,0.49496000602809137
R090_C058,2024,0.0,0,0,0,5.64791947838045e-10,True,True negative,0.49999999943520806
R090_C060,2024,0.0,0,0,0,5.64791947838045e-10,True,True negative,0.49999999943520806
R090_C062,2024,0.6931471805599453,0,0,0,5.7767006900864226e-08,True,True negative,0.4999999422329931
R090_C063,2024,1.9459101490553128,0,0,0,0.0002477300319792436,True,True negative,0.49975226996802075
R090_C064,2024,0.6931471805599453,0,0,0,5.7767006900864226e-08,True,True negative,0.4999999422329931
R090_C066,2024,1.791759469228055,0,0,0,8.852897499702268e-05,True,True negative,0.499911471025003
R090_C067,2024,0.6931471805599453,0,0,0,5.7767006900864226e-08,True,True negative,0.4999999422329931
R090_C068,2024,0.6931471805599453,0,0,0,5.7767006900864226e-08,True,True negative,0.4999999422329931
R090_C069,2024,0.6931471805599453,0,0,0,5.7767006900864226e-08,True,True negative,0.4999999422329931
R090_C070,2024,0.6931471805599453,0,0,0,5.7767006900864226e-08,True,True negative,0.4999999422329931
R090_C071,2024,1.3862943611198906,0,0,0,5.9083840806754096e-06,True,True negative,0.49999409161591934
R090_C072,2024,2.079441541679836,0,0,0,0.0006039490586071061,True,True negative,0.4993960509413929
R090_C073,2024,1.6094379124341005,0,0,0,2.621007218088068e-05,True,True negative,0.4999737899278191
R090_C074,2024,1.791759469228055,0,0,0,8.852897499702268e-05,True,True negative,0.499911471025003
R090_C075,2024,1.0986122886681096,0,0,0,8.65629632656729e-07,True,True negative,0.49999913437036736
R090_C076,2024,1.0986122886681096,0,0,0,8.65629632656729e-07,True,True negative,0.49999913437036736
R090_C077,2024,1.791759469228055,0,0,0,8.852897499702268e-05,True,True negative,0.499911471025003
R090_C078,2024,1.3862943611198906,0,0,0,5.9083840806754096e-06,True,True negative,0.49999409161591934
R090_C079,2024,1.0986122886681096,0,0,0,8.65629632656729e-07,True,True negative,0.49999913437036736
R090_C080,2024,1.9459101490553128,0,0,0,0.0002477300319792436,True,True negative,0.49975226996802075
R090_C081,2024,1.0986122886681096,0,0,0,8.65629632656729e-07,True,True negative,0.49999913437036736
R090_C082,2024,1.0986122886681096,0,0,0,8.65629632656729e-07,True,True negative,0.49999913437036736
R090_C083,2024,0.6931471805599453,0,0,0,5.7767006900864226e-08,True,True negative,0.4999999422329931
R090_C084,2024,0.0,0,0,0,5.64791947838045e-10,True,True negative,0.49999999943520806
R090_C085,2024,1.3862943611198906,0,0,0,5.9083840806754096e-06,True,True negative,0.49999409161591934
R090_C086,2024,0.0,0,0,0,5.64791947838045e-10,True,True negative,0.49999999943520806
R090_C087,2024,0.6931471805599453,0,0,0,5.7767006900864226e-08,True,True negative,0.4999999422329931
R090_C088,2024,1.0986122886681096,0,0,0,8.65629632656729e-07,True,True negative,0.49999913437036736
R090_C089,2024,0.0,0,0,0,5.64791947838045e-10,True,True negative,0.49999999943520806
R090_C090,2024,1.3862943611198906,0,0,0,5.9083840806754096e-06,True,True negative,0.49999409161591934
R091_C050,2024,3.4657359027997265,0,0,1,0.8634228435842332,False,False positive,0.36342284358423316
R091_C051,2024,3.4011973816621555,0,0,1,0.8042593123851965,False,False positive,0.30425931238519655
R091_C052,2024,0.0,0,0,0,5.64791947838045e-10,True,True negative,0.49999999943520806
R091_C055,2024,0.6931471805599453,0,0,0,5.7767006900864226e-08,True,True negative,0.4999999422329931
R091_C056,2024,2.5649493574615367,0,0,0,0.015217410607103852,True,True negative,0.48478258939289615
R091_C057,2024,2.19722457733622,0,0,0,0.0013249536430650108,True,True negative,0.498675046356935
R091_C058,2024,1.0986122886681096,0,0,0,8.65629632656729e-07,True,True negative,0.49999913437036736
R091_C059,2024,0.6931471805599453,0,0,0,5.7767006900864226e-08,True,True negative,0.4999999422329931
R091_C060,2024,1.0986122886681096,0,0,0,8.65629632656729e-07,True,True negative,0.49999913437036736
R091_C061,2024,1.6094379124341005,0,0,0,2.621007218088068e-05,True,True negative,0.4999737899278191
R091_C062,2024,1.3862943611198906,0,0,0,5.9083840806754096e-06,True,True negative,0.49999409161591934
R091_C063,2024,1.0986122886681096,0,0,0,8.65629632656729e-07,True,True negative,0.49999913437036736
R091_C066,2024,0.0,0,0,0,5.64791947838045e-10,True,True negative,0.49999999943520806
R091_C069,2024,1.0986122886681096,0,0,0,8.65629632656729e-07,True,True negative,0.49999913437036736
R091_C070,2024,1.3862943611198906,0,0,0,5.9083840806754096e-06,True,True negative,0.49999409161591934
R091_C071,2024,1.791759469228055,0,0,0,8.852897499702268e-05,True,True negative,0.499911471025003
R091_C072,2024,0.0,0,0,0,5.64791947838045e-10,True,True negative,0.49999999943520806
R091_C073,2024,2.079441541679836,0,0,0,0.0006039490586071061,True,True negative,0.4993960509413929
R091_C074,2024,2.772588722239781,0,0,0,0.058211331684448954,True,True negative,0.441788668315551
R091_C075,2024,0.6931471805599453,0,0,0,5.7767006900864226e-08,True,True negative,0.4999999422329931
R091_C076,2024,1.0986122886681096,0,0,0,8.65629632656729e-07,True,True negative,0.49999913437036736
R091_C077,2024,2.19722457733622,0,0,0,0.0013249536430650108,True,True negative,0.498675046356935
R091_C078,2024,1.6094379124341005,0,0,0,2.621007218088068e-05,True,True negative,0.4999737899278191
R091_C079,2024,1.0986122886681096,0,0,0,8.65629632656729e-07,True,True negative,0.49999913437036736
R091_C080,2024,1.3862943611198906,0,0,0,5.9083840806754096e-06,True,True negative,0.49999409161591934
R091_C081,2024,1.6094379124341005,0,0,0,2.621007218088068e-05,True,True negative,0.4999737899278191
R091_C082,2024,1.0986122886681096,0,0,0,8.65629632656729e-07,True,True negative,0.49999913437036736
R091_C083,2024,0.0,0,0,0,5.64791947838045e-10,True,True negative,0.49999999943520806
R091_C084,2024,1.3862943611198906,0,0,0,5.9083840806754096e-06,True,True negative,0.49999409161591934
R091_C085,2024,0.0,0,0,0,5.64791947838045e-10,True,True negative,0.49999999943520806
R091_C086,2024,1.0986122886681096,0,0,0,8.65629632656729e-07,True,True negative,0.49999913437036736
R091_C087,2024,1.9459101490553128,0,0,0,0.0002477300319792436,True,True negative,0.49975226996802075
R091_C088,2024,1.9459101490553128,0,0,0,0.0002477300319792436,True,True negative,0.49975226996802075
R091_C089,2024,1.9459101490553128,0,0,0,0.0002477300319792436,True,True negative,0.49975226996802075
R091_C090,2024,3.87120101090789,1,1,1,0.9899732019420209,True,True positive,0.4899732019420209
R091_C091,2024,0.0,0,0,0,5.64791947838045e-10,True,True negative,0.49999999943520806
R092_C050,2024,2.302585092994046,0,0,0,0.002673672923127726,True,True negative,0.4973263270768723
R092_C051,2024,3.1354942159291497,0,0,0,0.41076471668164616,True,True negative,0.08923528331835384
R092_C052,2024,2.079441541679836,0,0,0,0.0006039490586071061,True,True negative,0.4993960509413929
R092_C053,2024,0.0,0,0,0,5.64791947838045e-10,True,True negative,0.49999999943520806
R092_C056,2024,1.9459101490553128,0,0,0,0.0002477300319792436,True,True negative,0.49975226996802075
R092_C057,2024,2.3978952727983707,0,0,0,0.005039993971908603,True,True negative,0.49496000602809137
R092_C058,2024,0.6931471805599453,0,0,0,5.7767006900864226e-08,True,True negative,0.4999999422329931
R092_C059,2024,0.0,0,0,0,5.64791947838045e-10,True,True negative,0.49999999943520806
R092_C060,2024,1.791759469228055,0,0,0,8.852897499702268e-05,True,True negative,0.499911471025003
R092_C061,2024,1.6094379124341005,0,0,0,2.621007218088068e-05,True,True negative,0.4999737899278191
R092_C062,2024,0.6931471805599453,0,0,0,5.7767006900864226e-08,True,True negative,0.4999999422329931
R092_C063,2024,0.0,0,0,0,5.64791947838045e-10,True,True negative,0.49999999943520806
R092_C065,2024,0.0,0,0,0,5.64791947838045e-10,True,True negative,0.49999999943520806
R092_C066,2024,0.0,0,0,0,5.64791947838045e-10,True,True negative,0.49999999943520806
R092_C068,2024,0.0,0,0,0,5.64791947838045e-10,True,True negative,0.49999999943520806
R092_C069,2024,0.0,0,0,0,5.64791947838045e-10,True,True negative,0.49999999943520806
R092_C071,2024,0.6931471805599453,0,0,0,5.7767006900864226e-08,True,True negative,0.4999999422329931
R092_C072,2024,1.3862943611198906,0,0,0,5.9083840806754096e-06,True,True negative,0.49999409161591934
R092_C073,2024,2.995732273553991,0,0,0,0.21519187873111192,True,True negative,0.2848081212688881
R092_C074,2024,1.9459101490553128,0,0,0,0.0002477300319792436,True,True negative,0.49975226996802075
R092_C075,2024,0.0,0,0,0,5.64791947838045e-10,True,True negative,0.49999999943520806
R092_C076,2024,1.0986122886681096,0,0,0,8.65629632656729e-07,True,True negative,0.49999913437036736
R092_C077,2024,1.6094379124341005,0,0,0,2.621007218088068e-05,True,True negative,0.4999737899278191
R092_C078,2024,0.0,0,0,0,5.64791947838045e-10,True,True negative,0.49999999943520806
R092_C079,2024,1.3862943611198906,0,0,0,5.9083840806754096e-06,True,True negative,0.49999409161591934
R092_C080,2024,1.791759469228055,0,0,0,8.852897499702268e-05,True,True negative,0.499911471025003
R092_C081,2024,0.6931471805599453,0,0,0,5.7767006900864226e-08,True,True negative,0.4999999422329931
R092_C082,2024,2.833213344056216,0,0,0,0.08479219087228605,True,True negative,0.41520780912771393
R092_C083,2024,2.079441541679836,0,0,0,0.0006039490586071061,True,True negative,0.4993960509413929
R092_C084,2024,1.3862943611198906,0,0,0,5.9083840806754096e-06,True,True negative,0.49999409161591934
R092_C085,2024,0.6931471805599453,0,0,0,5.7767006900864226e-08,True,True negative,0.4999999422329931
R092_C086,2024,1.0986122886681096,0,0,0,8.65629632656729e-07,True,True negative,0.49999913437036736
R092_C087,2024,0.6931471805599453,0,0,0,5.7767006900864226e-08,True,True negative,0.4999999422329931
R092_C088,2024,1.3862943611198906,0,0,0,5.9083840806754096e-06,True,True negative,0.49999409161591934
R092_C089,2024,1.3862943611198906,0,0,0,5.9083840806754096e-06,True,True negative,0.49999409161591934
R092_C090,2024,1.3862943611198906,0,0,0,5.9083840806754096e-06,True,True negative,0.49999409161591934
R092_C091,2024,1.0986122886681096,0,0,0,8.65629632656729e-07,True,True negative,0.49999913437036736
R092_C092,2024,0.0,0,0,0,5.64791947838045e-10,True,True negative,0.49999999943520806
R093_C050,2024,1.3862943611198906,0,0,0,5.9083840806754096e-06,True,True negative,0.49999409161591934
R093_C051,2024,0.6931471805599453,0,0,0,5.7767006900864226e-08,True,True negative,0.4999999422329931
R093_C052,2024,3.295836866004329,0,0,1,0.6703357251318038,False,False positive,0.17033572513180384
R093_C053,2024,1.3862943611198906,0,0,0,5.9083840806754096e-06,True,True negative,0.49999409161591934
R093_C054,2024,1.9459101490553128,0,0,0,0.0002477300319792436,True,True negative,0.49975226996802075
R093_C055,2024,1.791759469228055,0,0,0,8.852897499702268e-05,True,True negative,0.499911471025003
R093_C056,2024,1.3862943611198906,0,0,0,5.9083840806754096e-06,True,True negative,0.49999409161591934
R093_C057,2024,1.791759469228055,0,0,0,8.852897499702268e-05,True,True negative,0.499911471025003
R093_C058,2024,1.0986122886681096,0,0,0,8.65629632656729e-07,True,True negative,0.49999913437036736
R093_C059,2024,1.3862943611198906,0,0,0,5.9083840806754096e-06,True,True negative,0.49999409161591934
R093_C060,2024,0.0,0,0,0,5.64791947838045e-10,True,True negative,0.49999999943520806
R093_C061,2024,0.6931471805599453,0,0,0,5.7767006900864226e-08,True,True negative,0.4999999422329931
R093_C062,2024,1.3862943611198906,0,0,0,5.9083840806754096e-06,True,True negative,0.49999409161591934
R093_C065,2024,1.0986122886681096,0,0,0,8.65629632656729e-07,True,True negative,0.49999913437036736
R093_C070,2024,0.6931471805599453,0,0,0,5.7767006900864226e-08,True,True negative,0.4999999422329931
R093_C071,2024,1.0986122886681096,0,0,0,8.65629632656729e-07,True,True negative,0.49999913437036736
R093_C072,2024,1.3862943611198906,0,0,0,5.9083840806754096e-06,True,True negative,0.49999409161591934
R093_C073,2024,1.0986122886681096,0,0,0,8.65629632656729e-07,True,True negative,0.49999913437036736
R093_C074,2024,1.6094379124341005,0,0,0,2.621007218088068e-05,True,True negative,0.4999737899278191
R093_C075,2024,1.9459101490553128,0,0,0,0.0002477300319792436,True,True negative,0.49975226996802075
R093_C076,2024,1.0986122886681096,0,0,0,8.65629632656729e-07,True,True negative,0.49999913437036736
R093_C077,2024,1.0986122886681096,0,0,0,8.65629632656729e-07,True,True negative,0.49999913437036736
R093_C078,2024,0.6931471805599453,0,0,0,5.7767006900864226e-08,True,True negative,0.4999999422329931
R093_C079,2024,0.6931471805599453,0,0,0,5.7767006900864226e-08,True,True negative,0.4999999422329931
R093_C080,2024,1.0986122886681096,0,0,0,8.65629632656729e-07,True,True negative,0.49999913437036736
R093_C081,2024,0.0,0,0,0,5.64791947838045e-10,True,True negative,0.49999999943520806
R093_C083,2024,0.0,0,0,0,5.64791947838045e-10,True,True negative,0.49999999943520806
R093_C084,2024,0.6931471805599453,0,0,0,5.7767006900864226e-08,True,True negative,0.4999999422329931
R093_C085,2024,0.0,0,0,0,5.64791947838045e-10,True,True negative,0.49999999943520806
R093_C086,2024,0.6931471805599453,0,0,0,5.7767006900864226e-08,True,True negative,0.4999999422329931
R093_C087,2024,1.791759469228055,0,0,0,8.852897499702268e-05,True,True negative,0.499911471025003
R093_C088,2024,2.079441541679836,0,0,0,0.0006039490586071061,True,True negative,0.4993960509413929
R093_C089,2024,2.079441541679836,0,0,0,0.0006039490586071061,True,True negative,0.4993960509413929
R094_C049,2024,0.0,0,0,0,5.64791947838045e-10,True,True negative,0.49999999943520806
R094_C050,2024,1.0986122886681096,0,0,0,8.65629632656729e-07,True,True negative,0.49999913437036736
R094_C051,2024,0.6931471805599453,0,0,0,5.7767006900864226e-08,True,True negative,0.4999999422329931
R094_C052,2024,0.6931471805599453,0,0,0,5.7767006900864226e-08,True,True negative,0.4999999422329931
R094_C053,2024,2.079441541679836,0,0,0,0.0006039490586071061,True,True negative,0.4993960509413929
R094_C054,2024,1.6094379124341005,0,0,0,2.621007218088068e-05,True,True negative,0.4999737899278191
R094_C055,2024,1.6094379124341005,0,0,0,2.621007218088068e-05,True,True negative,0.4999737899278191
R094_C056,2024,1.6094379124341005,0,0,0,2.621007218088068e-05,True,True negative,0.4999737899278191
R094_C057,2024,2.5649493574615367,0,0,0,0.015217410607103852,True,True negative,0.48478258939289615
R094_C058,2024,1.3862943611198906,0,0,0,5.9083840806754096e-06,True,True negative,0.49999409161591934
R094_C059,2024,0.0,0,0,0,5.64791947838045e-10,True,True negative,0.49999999943520806
R094_C061,2024,0.6931471805599453,0,0,0,5.7767006900864226e-08,True,True negative,0.4999999422329931
R094_C062,2024,0.6931471805599453,0,0,0,5.7767006900864226e-08,True,True negative,0.4999999422329931
R094_C063,2024,0.0,0,0,0,5.64791947838045e-10,True,True negative,0.49999999943520806
R094_C064,2024,0.6931471805599453,0,0,0,5.7767006900864226e-08,True,True negative,0.4999999422329931
R094_C066,2024,0.0,0,0,0,5.64791947838045e-10,True,True negative,0.49999999943520806
R094_C068,2024,0.0,0,0,0,5.64791947838045e-10,True,True negative,0.49999999943520806
R094_C071,2024,0.6931471805599453,0,0,0,5.7767006900864226e-08,True,True negative,0.4999999422329931
R094_C072,2024,1.0986122886681096,0,0,0,8.65629632656729e-07,True,True negative,0.49999913437036736
R094_C073,2024,1.0986122886681096,0,0,0,8.65629632656729e-07,True,True negative,0.49999913437036736
R094_C074,2024,1.0986122886681096,0,0,0,8.65629632656729e-07,True,True negative,0.49999913437036736
R094_C075,2024,3.218875824868201,0,0,1,0.5488146483718718,False,False positive,0.04881464837187177
R094_C076,2024,1.0986122886681096,0,0,0,8.65629632656729e-07,True,True negative,0.49999913437036736
R094_C077,2024,1.791759469228055,0,0,0,8.852897499702268e-05,True,True negative,0.499911471025003
R094_C078,2024,0.6931471805599453,0,0,0,5.7767006900864226e-08,True,True negative,0.4999999422329931
R094_C079,2024,1.0986122886681096,0,0,0,8.65629632656729e-07,True,True negative,0.49999913437036736
R094_C080,2024,0.6931471805599453,0,0,0,5.7767006900864226e-08,True,True negative,0.4999999422329931
R094_C082,2024,2.19722457733622,0,0,0,0.0013249536430650108,True,True negative,0.498675046356935
R094_C083,2024,1.791759469228055,0,0,0,8.852897499702268e-05,True,True negative,0.499911471025003
R094_C084,2024,0.6931471805599453,0,0,0,5.7767006900864226e-08,True,True negative,0.4999999422329931
R094_C085,2024,1.791759469228055,0,0,0,8.852897499702268e-05,True,True negative,0.499911471025003
R094_C086,2024,0.0,0,0,0,5.64791947838045e-10,True,True negative,0.49999999943520806
R094_C087,2024,2.9444389791664403,0,0,0,0.1629605820634127,True,True negative,0.3370394179365873
R094_C088,2024,1.9459101490553128,0,0,0,0.0002477300319792436,True,True negative,0.49975226996802075
R094_C089,2024,1.9459101490553128,0,0,0,0.0002477300319792436,True,True negative,0.49975226996802075
R095_C049,2024,0.6931471805599453,0,0,0,5.7767006900864226e-08,True,True negative,0.4999999422329931
R095_C050,2024,0.6931471805599453,0,0,0,5.7767006900864226e-08,True,True negative,0.4999999422329931
R095_C051,2024,0.6931471805599453,0,0,0,5.7767006900864226e-08,True,True negative,0.4999999422329931
R095_C052,2024,0.6931471805599453,0,0,0,5.7767006900864226e-08,True,True negative,0.4999999422329931
R095_C053,2024,0.0,0,0,0,5.64791947838045e-10,True,True negative,0.49999999943520806
R095_C054,2024,2.302585092994046,0,0,0,0.002673672923127726,True,True negative,0.4973263270768723
R095_C055,2024,0.0,0,0,0,5.64791947838045e-10,True,True negative,0.49999999943520806
R095_C056,2024,1.9459101490553128,0,0,0,0.0002477300319792436,True,True negative,0.49975226996802075
R095_C057,2024,2.302585092994046,0,0,0,0.002673672923127726,True,True negative,0.4973263270768723
R095_C058,2024,1.6094379124341005,0,0,0,2.621007218088068e-05,True,True negative,0.4999737899278191
R095_C059,2024,0.6931471805599453,0,0,0,5.7767006900864226e-08,True,True negative,0.4999999422329931
R095_C060,2024,0.0,0,0,0,5.64791947838045e-10,True,True negative,0.49999999943520806
R095_C061,2024,1.0986122886681096,0,0,0,8.65629632656729e-07,True,True negative,0.49999913437036736
R095_C062,2024,0.0,0,0,0,5.64791947838045e-10,True,True negative,0.49999999943520806
R095_C063,2024,1.0986122886681096,0,0,0,8.65629632656729e-07,True,True negative,0.49999913437036736
R095_C064,2024,0.6931471805599453,0,0,0,5.7767006900864226e-08,True,True negative,0.4999999422329931
R095_C065,2024,0.0,0,0,0,5.64791947838045e-10,True,True negative,0.49999999943520806
R095_C066,2024,0.0,0,0,0,5.64791947838045e-10,True,True negative,0.49999999943520806
R095_C067,2024,1.3862943611198906,0,0,0,5.9083840806754096e-06,True,True negative,0.49999409161591934
R095_C068,2024,1.3862943611198906,0,0,0,5.9083840806754096e-06,True,True negative,0.49999409161591934
R095_C069,2024,1.3862943611198906,0,0,0,5.9083840806754096e-06,True,True negative,0.49999409161591934
R095_C070,2024,0.6931471805599453,0,0,0,5.7767006900864226e-08,True,True negative,0.4999999422329931
R095_C071,2024,1.0986122886681096,0,0,0,8.65629632656729e-07,True,True negative,0.49999913437036736
R095_C072,2024,1.791759469228055,0,0,0,8.852897499702268e-05,True,True negative,0.499911471025003
R095_C073,2024,0.0,0,0,0,5.64791947838045e-10,True,True negative,0.49999999943520806
R095_C074,2024,1.0986122886681096,0,0,0,8.65629632656729e-07,True,True negative,0.49999913437036736
R095_C075,2024,1.0986122886681096,0,0,0,8.65629632656729e-07,True,True negative,0.49999913437036736
R095_C076,2024,0.0,0,0,0,5.64791947838045e-10,True,True negative,0.49999999943520806
R095_C077,2024,0.6931471805599453,0,0,0,5.7767006900864226e-08,True,True negative,0.4999999422329931
R095_C078,2024,0.6931471805599453,0,0,0,5.7767006900864226e-08,True,True negative,0.4999999422329931
R095_C079,2024,0.6931471805599453,0,0,0,5.7767006900864226e-08,True,True negative,0.4999999422329931
R095_C080,2024,1.3862943611198906,0,0,0,5.9083840806754096e-06,True,True negative,0.49999409161591934
R095_C081,2024,1.3862943611198906,0,0,0,5.9083840806754096e-06,True,True negative,0.49999409161591934
R095_C082,2024,1.0986122886681096,0,0,0,8.65629632656729e-07,True,True negative,0.49999913437036736
R095_C083,2024,0.6931471805599453,0,0,0,5.7767006900864226e-08,True,True negative,0.4999999422329931
R095_C084,2024,0.6931471805599453,0,0,0,5.7767006900864226e-08,True,True negative,0.4999999422329931
R095_C086,2024,1.3862943611198906,0,0,0,5.9083840806754096e-06,True,True negative,0.49999409161591934
R095_C087,2024,4.356708826689592,1,1,1,0.9996040602328539,True,True positive,0.49960406023285386
R095_C088,2024,1.3862943611198906,0,0,0,5.9083840806754096e-06,True,True negative,0.49999409161591934
R096_C049,2024,0.0,0,0,0,5.64791947838045e-10,True,True negative,0.49999999943520806
R096_C050,2024,0.0,0,0,0,5.64791947838045e-10,True,True negative,0.49999999943520806
R096_C051,2024,1.0986122886681096,0,0,0,8.65629632656729e-07,True,True negative,0.49999913437036736
R096_C052,2024,0.6931471805599453,0,0,0,5.7767006900864226e-08,True,True negative,0.4999999422329931
R096_C053,2024,0.6931471805599453,0,0,0,5.7767006900864226e-08,True,True negative,0.4999999422329931
R096_C054,2024,1.3862943611198906,0,0,0,5.9083840806754096e-06,True,True negative,0.49999409161591934
R096_C055,2024,1.6094379124341005,0,0,0,2.621007218088068e-05,True,True negative,0.4999737899278191
R096_C056,2024,1.3862943611198906,0,0,0,5.9083840806754096e-06,True,True negative,0.49999409161591934
R096_C057,2024,2.8903717578961645,0,0,0,0.11948288041963083,True,True negative,0.38051711958036916
R096_C058,2024,1.3862943611198906,0,0,0,5.9083840806754096e-06,True,True negative,0.49999409161591934
R096_C059,2024,0.6931471805599453,0,0,0,5.7767006900864226e-08,True,True negative,0.4999999422329931
R096_C060,2024,1.0986122886681096,0,0,0,8.65629632656729e-07,True,True negative,0.49999913437036736
R096_C061,2024,0.0,0,0,0,5.64791947838045e-10,True,True negative,0.49999999943520806
R096_C062,2024,0.0,0,0,0,5.64791947838045e-10,True,True negative,0.49999999943520806
R096_C063,2024,1.0986122886681096,0,0,0,8.65629632656729e-07,True,True negative,0.49999913437036736
R096_C064,2024,0.0,0,0,0,5.64791947838045e-10,True,True negative,0.49999999943520806
R096_C065,2024,0.6931471805599453,0,0,0,5.7767006900864226e-08,True,True negative,0.4999999422329931
R096_C066,2024,0.0,0,0,0,5.64791947838045e-10,True,True negative,0.49999999943520806
R096_C067,2024,1.0986122886681096,0,0,0,8.65629632656729e-07,True,True negative,0.49999913437036736
R096_C068,2024,0.6931471805599453,0,0,0,5.7767006900864226e-08,True,True negative,0.4999999422329931
R096_C069,2024,0.6931471805599453,0,0,0,5.7767006900864226e-08,True,True negative,0.4999999422329931
R096_C070,2024,0.0,0,0,0,5.64791947838045e-10,True,True negative,0.49999999943520806
R096_C071,2024,0.0,0,0,0,5.64791947838045e-10,True,True negative,0.49999999943520806
R096_C072,2024,2.079441541679836,0,0,0,0.0006039490586071061,True,True negative,0.4993960509413929
R096_C073,2024,1.6094379124341005,0,0,0,2.621007218088068e-05,True,True negative,0.4999737899278191
R096_C074,2024,2.995732273553991,0,0,0,0.21519187873111192,True,True negative,0.2848081212688881
R096_C075,2024,1.3862943611198906,0,0,0,5.9083840806754096e-06,True,True negative,0.49999409161591934
R096_C076,2024,0.0,0,0,0,5.64791947838045e-10,True,True negative,0.49999999943520806
R096_C078,2024,0.0,0,0,0,5.64791947838045e-10,True,True negative,0.49999999943520806
R096_C079,2024,0.0,0,0,0,5.64791947838045e-10,True,True negative,0.49999999943520806
R096_C080,2024,0.6931471805599453,0,0,0,5.7767006900864226e-08,True,True negative,0.4999999422329931
R096_C081,2024,1.6094379124341005,0,0,0,2.621007218088068e-05,True,True negative,0.4999737899278191
R096_C082,2024,0.6931471805599453,0,0,0,5.7767006900864226e-08,True,True negative,0.4999999422329931
R096_C083,2024,0.0,0,0,0,5.64791947838045e-10,True,True negative,0.49999999943520806
R096_C084,2024,1.0986122886681096,0,0,0,8.65629632656729e-07,True,True negative,0.49999913437036736
R096_C085,2024,0.0,0,0,0,5.64791947838045e-10,True,True negative,0.49999999943520806
R096_C086,2024,1.0986122886681096,0,0,0,8.65629632656729e-07,True,True negative,0.49999913437036736
R096_C087,2024,1.9459101490553128,0,0,0,0.0002477300319792436,True,True negative,0.49975226996802075
R097_C048,2024,0.0,0,0,0,5.64791947838045e-10,True,True negative,0.49999999943520806
R097_C049,2024,0.6931471805599453,0,0,0,5.7767006900864226e-08,True,True negative,0.4999999422329931
R097_C050,2024,0.0,0,0,0,5.64791947838045e-10,True,True negative,0.49999999943520806
R097_C051,2024,0.6931471805599453,0,0,0,5.7767006900864226e-08,True,True negative,0.4999999422329931
R097_C052,2024,1.0986122886681096,0,0,0,8.65629632656729e-07,True,True negative,0.49999913437036736
R097_C053,2024,1.0986122886681096,0,0,0,8.65629632656729e-07,True,True negative,0.49999913437036736
R097_C054,2024,0.0,0,0,0,5.64791947838045e-10,True,True negative,0.49999999943520806
R097_C055,2024,2.833213344056216,0,0,0,0.08479219087228605,True,True negative,0.41520780912771393
R097_C056,2024,2.19722457733622,0,0,0,0.0013249536430650108,True,True negative,0.498675046356935
R097_C057,2024,1.3862943611198906,0,0,0,5.9083840806754096e-06,True,True negative,0.49999409161591934
R097_C058,2024,1.0986122886681096,0,0,0,8.65629632656729e-07,True,True negative,0.49999913437036736
R097_C059,2024,1.0986122886681096,0,0,0,8.65629632656729e-07,True,True negative,0.49999913437036736
R097_C060,2024,0.6931471805599453,0,0,0,5.7767006900864226e-08,True,True negative,0.4999999422329931
R097_C061,2024,0.6931471805599453,0,0,0,5.7767006900864226e-08,True,True negative,0.4999999422329931
R097_C062,2024,0.0,0,0,0,5.64791947838045e-10,True,True negative,0.49999999943520806
R097_C064,2024,0.6931471805599453,0,0,0,5.7767006900864226e-08,True,True negative,0.4999999422329931
R097_C065,2024,0.0,0,0,0,5.64791947838045e-10,True,True negative,0.49999999943520806
R097_C066,2024,0.0,0,0,0,5.64791947838045e-10,True,True negative,0.49999999943520806
R097_C067,2024,0.6931471805599453,0,0,0,5.7767006900864226e-08,True,True negative,0.4999999422329931
R097_C068,2024,0.0,0,0,0,5.64791947838045e-10,True,True negative,0.49999999943520806
R097_C069,2024,0.6931471805599453,0,0,0,5.7767006900864226e-08,True,True negative,0.4999999422329931
R097_C070,2024,2.4849066497880004,0,0,0,0.008974292080567959,True,True negative,0.49102570791943206
R097_C071,2024,2.19722457733622,0,0,0,0.0013249536430650108,True,True negative,0.498675046356935
R097_C072,2024,0.6931471805599453,0,0,0,5.7767006900864226e-08,True,True negative,0.4999999422329931
R097_C073,2024,0.6931471805599453,0,0,0,5.7767006900864226e-08,True,True negative,0.4999999422329931
R097_C074,2024,1.3862943611198906,0,0,0,5.9083840806754096e-06,True,True negative,0.49999409161591934
R097_C075,2024,1.791759469228055,0,0,0,8.852897499702268e-05,True,True negative,0.499911471025003
R097_C076,2024,1.0986122886681096,0,0,0,8.65629632656729e-07,True,True negative,0.49999913437036736
R097_C078,2024,0.6931471805599453,0,0,0,5.7767006900864226e-08,True,True negative,0.4999999422329931
R097_C079,2024,0.0,0,0,0,5.64791947838045e-10,True,True negative,0.49999999943520806
R097_C080,2024,0.6931471805599453,0,0,0,5.7767006900864226e-08,True,True negative,0.4999999422329931
R097_C081,2024,0.6931471805599453,0,0,0,5.7767006900864226e-08,True,True negative,0.4999999422329931
R097_C082,2024,0.6931471805599453,0,0,0,5.7767006900864226e-08,True,True negative,0.4999999422329931
R097_C083,2024,0.6931471805599453,0,0,0,5.7767006900864226e-08,True,True negative,0.4999999422329931
R097_C084,2024,0.6931471805599453,0,0,0,5.7767006900864226e-08,True,True negative,0.4999999422329931
R097_C086,2024,1.0986122886681096,0,0,0,8.65629632656729e-07,True,True negative,0.49999913437036736
R097_C087,2024,0.0,0,0,0,5.64791947838045e-10,True,True negative,0.49999999943520806
R098_C047,2024,0.0,0,0,0,5.64791947838045e-10,True,True negative,0.49999999943520806
R098_C048,2024,2.079441541679836,0,0,0,0.0006039490586071061,True,True negative,0.4993960509413929
R098_C049,2024,1.0986122886681096,0,0,0,8.65629632656729e-07,True,True negative,0.49999913437036736
R098_C051,2024,0.6931471805599453,0,0,0,5.7767006900864226e-08,True,True negative,0.4999999422329931
R098_C053,2024,1.0986122886681096,0,0,0,8.65629632656729e-07,True,True negative,0.49999913437036736
R098_C054,2024,2.4849066497880004,0,0,0,0.008974292080567959,True,True negative,0.49102570791943206
R098_C055,2024,1.3862943611198906,0,0,0,5.9083840806754096e-06,True,True negative,0.49999409161591934
R098_C059,2024,1.6094379124341005,0,0,0,2.621007218088068e-05,True,True negative,0.4999737899278191
R098_C061,2024,0.0,0,0,0,5.64791947838045e-10,True,True negative,0.49999999943520806
R098_C062,2024,0.0,0,0,0,5.64791947838045e-10,True,True negative,0.49999999943520806
R098_C063,2024,0.0,0,0,0,5.64791947838045e-10,True,True negative,0.49999999943520806
R098_C064,2024,0.0,0,0,0,5.64791947838045e-10,True,True negative,0.49999999943520806
R098_C067,2024,0.0,0,0,0,5.64791947838045e-10,True,True negative,0.49999999943520806
R098_C069,2024,1.3862943611198906,0,0,0,5.9083840806754096e-06,True,True negative,0.49999409161591934
R098_C070,2024,1.791759469228055,0,0,0,8.852897499702268e-05,True,True negative,0.499911471025003
R098_C071,2024,0.6931471805599453,0,0,0,5.7767006900864226e-08,True,True negative,0.4999999422329931
R098_C072,2024,1.3862943611198906,0,0,0,5.9083840806754096e-06,True,True negative,0.49999409161591934
R098_C074,2024,0.0,0,0,0,5.64791947838045e-10,True,True negative,0.49999999943520806
R098_C075,2024,0.6931471805599453,0,0,0,5.7767006900864226e-08,True,True negative,0.4999999422329931
R098_C076,2024,1.6094379124341005,0,0,0,2.621007218088068e-05,True,True negative,0.4999737899278191
R098_C077,2024,0.0,0,0,0,5.64791947838045e-10,True,True negative,0.49999999943520806
R098_C078,2024,0.6931471805599453,0,0,0,5.7767006900864226e-08,True,True negative,0.4999999422329931
R098_C080,2024,0.6931471805599453,0,0,0,5.7767006900864226e-08,True,True negative,0.4999999422329931
R098_C081,2024,0.6931471805599453,0,0,0,5.7767006900864226e-08,True,True negative,0.4999999422329931
R098_C084,2024,1.3862943611198906,0,0,0,5.9083840806754096e-06,True,True negative,0.49999409161591934
R098_C085,2024,1.791759469228055,0,0,0,8.852897499702268e-05,True,True negative,0.499911471025003
R098_C086,2024,0.0,0,0,0,5.64791947838045e-10,True,True negative,0.49999999943520806
R099_C046,2024,1.0986122886681096,0,0,0,8.65629632656729e-07,True,True negative,0.49999913437036736
R099_C047,2024,1.6094379124341005,0,0,0,2.621007218088068e-05,True,True negative,0.4999737899278191
R099_C050,2024,0.0,0,0,0,5.64791947838045e-10,True,True negative,0.49999999943520806
R099_C053,2024,0.6931471805599453,0,0,0,5.7767006900864226e-08,True,True negative,0.4999999422329931
R099_C054,2024,0.0,0,0,0,5.64791947838045e-10,True,True negative,0.49999999943520806
R099_C055,2024,1.0986122886681096,0,0,0,8.65629632656729e-07,True,True negative,0.49999913437036736
R099_C057,2024,0.0,0,0,0,5.64791947838045e-10,True,True negative,0.49999999943520806
R099_C058,2024,0.6931471805599453,0,0,0,5.7767006900864226e-08,True,True negative,0.4999999422329931
R099_C059,2024,0.6931471805599453,0,0,0,5.7767006900864226e-08,True,True negative,0.4999999422329931
R099_C060,2024,0.0,0,0,0,5.64791947838045e-10,True,True negative,0.49999999943520806
R099_C062,2024,1.9459101490553128,0,0,0,0.0002477300319792436,True,True negative,0.49975226996802075
R099_C069,2024,0.6931471805599453,0,0,0,5.7767006900864226e-08,True,True negative,0.4999999422329931
R099_C070,2024,1.3862943611198906,0,0,0,5.9083840806754096e-06,True,True negative,0.49999409161591934
R099_C071,2024,2.079441541679836,0,0,0,0.0006039490586071061,True,True negative,0.4993960509413929
R099_C072,2024,1.0986122886681096,0,0,0,8.65629632656729e-07,True,True negative,0.49999913437036736
R099_C073,2024,0.6931471805599453,0,0,0,5.7767006900864226e-08,True,True negative,0.4999999422329931
R099_C074,2024,1.0986122886681096,0,0,0,8.65629632656729e-07,True,True negative,0.49999913437036736
R099_C075,2024,1.791759469228055,0,0,0,8.852897499702268e-05,True,True negative,0.499911471025003
R099_C076,2024,0.6931471805599453,0,0,0,5.7767006900864226e-08,True,True negative,0.4999999422329931
R099_C077,2024,1.6094379124341005,0,0,0,2.621007218088068e-05,True,True negative,0.4999737899278191
R099_C078,2024,0.0,0,0,0,5.64791947838045e-10,True,True negative,0.49999999943520806
R099_C080,2024,1.0986122886681096,0,0,0,8.65629632656729e-07,True,True negative,0.49999913437036736
R099_C081,2024,0.6931471805599453,0,0,0,5.7767006900864226e-08,True,True negative,0.4999999422329931
R099_C082,2024,1.3862943611198906,0,0,0,5.9083840806754096e-06,True,True negative,0.49999409161591934
R099_C083,2024,0.6931471805599453,0,0,0,5.7767006900864226e-08,True,True negative,0.4999999422329931
R099_C084,2024,1.791759469228055,0,0,0,8.852897499702268e-05,True,True negative,0.499911471025003
R099_C085,2024,2.079441541679836,0,0,0,0.0006039490586071061,True,True negative,0.4993960509413929
R099_C086,2024,0.0,0,0,0,5.64791947838045e-10,True,True negative,0.49999999943520806
R100_C046,2024,1.9459101490553128,0,0,0,0.0002477300319792436,True,True negative,0.49975226996802075
R100_C047,2024,2.3978952727983707,0,0,0,0.005039993971908603,True,True negative,0.49496000602809137
R100_C048,2024,0.0,0,0,0,5.64791947838045e-10,True,True negative,0.49999999943520806
R100_C051,2024,0.0,0,0,0,5.64791947838045e-10,True,True negative,0.49999999943520806
R100_C052,2024,0.6931471805599453,0,0,0,5.7767006900864226e-08,True,True negative,0.4999999422329931
R100_C053,2024,1.3862943611198906,0,0,0,5.9083840806754096e-06,True,True negative,0.49999409161591934
R100_C055,2024,0.6931471805599453,0,0,0,5.7767006900864226e-08,True,True negative,0.4999999422329931
R100_C056,2024,0.0,0,0,0,5.64791947838045e-10,True,True negative,0.49999999943520806
R100_C058,2024,1.9459101490553128,0,0,0,0.0002477300319792436,True,True negative,0.49975226996802075
R100_C059,2024,0.0,0,0,0,5.64791947838045e-10,True,True negative,0.49999999943520806
R100_C060,2024,0.0,0,0,0,5.64791947838045e-10,True,True negative,0.49999999943520806
R100_C061,2024,0.0,0,0,0,5.64791947838045e-10,True,True negative,0.49999999943520806
R100_C062,2024,1.3862943611198906,0,0,0,5.9083840806754096e-06,True,True negative,0.49999409161591934
R100_C063,2024,0.0,0,0,0,5.64791947838045e-10,True,True negative,0.49999999943520806
R100_C064,2024,0.6931471805599453,0,0,0,5.7767006900864226e-08,True,True negative,0.4999999422329931
R100_C065,2024,0.0,0,0,0,5.64791947838045e-10,True,True negative,0.49999999943520806
R100_C066,2024,0.0,0,0,0,5.64791947838045e-10,True,True negative,0.49999999943520806
R100_C067,2024,1.0986122886681096,0,0,0,8.65629632656729e-07,True,True negative,0.49999913437036736
R100_C068,2024,0.6931471805599453,0,0,0,5.7767006900864226e-08,True,True negative,0.4999999422329931
R100_C069,2024,0.6931471805599453,0,0,0,5.7767006900864226e-08,True,True negative,0.4999999422329931
R100_C070,2024,0.0,0,0,0,5.64791947838045e-10,True,True negative,0.49999999943520806
R100_C071,2024,1.3862943611198906,0,0,0,5.9083840806754096e-06,True,True negative,0.49999409161591934
R100_C072,2024,3.5263605246161616,0,1,1,0.9045442124169463,True,True positive,0.40454421241694627
R100_C073,2024,2.639057329615259,0,0,0,0.024717696654622916,True,True negative,0.4752823033453771
R100_C074,2024,1.0986122886681096,0,0,0,8.65629632656729e-07,True,True negative,0.49999913437036736
R100_C075,2024,2.8903717578961645,0,0,0,0.11948288041963083,True,True negative,0.38051711958036916
R100_C076,2024,2.3978952727983707,0,0,0,0.005039993971908603,True,True negative,0.49496000602809137
R100_C077,2024,2.639057329615259,0,0,0,0.024717696654622916,True,True negative,0.4752823033453771
R100_C078,2024,1.9459101490553128,0,0,0,0.0002477300319792436,True,True negative,0.49975226996802075
R100_C079,2024,0.0,0,0,0,5.64791947838045e-10,True,True negative,0.49999999943520806
R100_C080,2024,1.0986122886681096,0,0,0,8.65629632656729e-07,True,True negative,0.49999913437036736
R100_C081,2024,1.791759469228055,0,0,0,8.852897499702268e-05,True,True negative,0.499911471025003
R100_C082,2024,1.9459101490553128,0,0,0,0.0002477300319792436,True,True negative,0.49975226996802075
R100_C083,2024,1.0986122886681096,0,0,0,8.65629632656729e-07,True,True negative,0.49999913437036736
R100_C084,2024,2.302585092994046,0,0,0,0.002673672923127726,True,True negative,0.4973263270768723
R100_C085,2024,1.3862943611198906,0,0,0,5.9083840806754096e-06,True,True negative,0.49999409161591934
R101_C046,2024,3.6635616461296463,1,1,1,0.9610645615635566,True,True positive,0.4610645615635566
R101_C047,2024,2.4849066497880004,0,0,0,0.008974292080567959,True,True negative,0.49102570791943206
R101_C048,2024,1.3862943611198906,0,0,0,5.9083840806754096e-06,True,True negative,0.49999409161591934
R101_C049,2024,0.0,0,0,0,5.64791947838045e-10,True,True negative,0.49999999943520806
R101_C052,2024,0.0,0,0,0,5.64791947838045e-10,True,True negative,0.49999999943520806
R101_C053,2024,1.0986122886681096,0,0,0,8.65629632656729e-07,True,True negative,0.49999913437036736
R101_C054,2024,0.6931471805599453,0,0,0,5.7767006900864226e-08,True,True negative,0.4999999422329931
R101_C056,2024,0.0,0,0,0,5.64791947838045e-10,True,True negative,0.49999999943520806
R101_C057,2024,0.0,0,0,0,5.64791947838045e-10,True,True negative,0.49999999943520806
R101_C058,2024,1.0986122886681096,0,0,0,8.65629632656729e-07,True,True negative,0.49999913437036736
R101_C059,2024,0.6931471805599453,0,0,0,5.7767006900864226e-08,True,True negative,0.4999999422329931
R101_C060,2024,0.6931471805599453,0,0,0,5.7767006900864226e-08,True,True negative,0.4999999422329931
R101_C061,2024,1.0986122886681096,0,0,0,8.65629632656729e-07,True,True negative,0.49999913437036736
R101_C062,2024,2.079441541679836,0,0,0,0.0006039490586071061,True,True negative,0.4993960509413929
R101_C067,2024,1.0986122886681096,0,0,0,8.65629632656729e-07,True,True negative,0.49999913437036736
R101_C068,2024,1.3862943611198906,0,0,0,5.9083840806754096e-06,True,True negative,0.49999409161591934
R101_C069,2024,1.0986122886681096,0,0,0,8.65629632656729e-07,True,True negative,0.49999913437036736
R101_C070,2024,1.0986122886681096,0,0,0,8.65629632656729e-07,True,True negative,0.49999913437036736
R101_C071,2024,1.3862943611198906,0,0,0,5.9083840806754096e-06,True,True negative,0.49999409161591934
R101_C072,2024,3.6375861597263857,1,0,1,0.9540303661236091,False,False positive,0.45403036612360914
R101_C073,2024,2.302585092994046,0,0,0,0.002673672923127726,True,True negative,0.4973263270768723
R101_C074,2024,1.0986122886681096,0,0,0,8.65629632656729e-07,True,True negative,0.49999913437036736
R101_C075,2024,4.174387269895637,1,1,1,0.9986638207787858,True,True positive,0.4986638207787858
R101_C076,2024,4.653960350157523,1,1,1,0.9999455632864424,True,True positive,0.49994556328644235
R101_C077,2024,4.248495242049359,1,1,1,0.9991848941688489,True,True positive,0.4991848941688489
R101_C078,2024,3.258096538021482,0,0,1,0.612476721689788,False,False positive,0.11247672168978795
R101_C079,2024,2.70805020110221,0,0,0,0.038620547826229264,True,True negative,0.46137945217377074
R101_C080,2024,1.3862943611198906,0,0,0,5.9083840806754096e-06,True,True negative,0.49999409161591934
R101_C081,2024,1.0986122886681096,0,0,0,8.65629632656729e-07,True,True negative,0.49999913437036736
R101_C082,2024,2.079441541679836,0,0,0,0.0006039490586071061,True,True negative,0.4993960509413929
R102_C046,2024,1.6094379124341005,0,0,0,2.621007218088068e-05,True,True negative,0.4999737899278191
R102_C047,2024,1.791759469228055,0,0,0,8.852897499702268e-05,True,True negative,0.499911471025003
R102_C048,2024,0.0,0,0,0,5.64791947838045e-10,True,True negative,0.49999999943520806
R102_C049,2024,0.0,0,0,0,5.64791947838045e-10,True,True negative,0.49999999943520806
R102_C050,2024,0.0,0,0,0,5.64791947838045e-10,True,True negative,0.49999999943520806
R102_C051,2024,1.0986122886681096,0,0,0,8.65629632656729e-07,True,True negative,0.49999913437036736
R102_C052,2024,2.302585092994046,0,0,0,0.002673672923127726,True,True negative,0.4973263270768723
R102_C053,2024,0.0,0,0,0,5.64791947838045e-10,True,True negative,0.49999999943520806
R102_C054,2024,0.6931471805599453,0,0,0,5.7767006900864226e-08,True,True negative,0.4999999422329931
R102_C055,2024,0.6931471805599453,0,0,0,5.7767006900864226e-08,True,True negative,0.4999999422329931
R102_C056,2024,1.0986122886681096,0,0,0,8.65629632656729e-07,True,True negative,0.49999913437036736
R102_C057,2024,1.3862943611198906,0,0,0,5.9083840806754096e-06,True,True negative,0.49999409161591934
R102_C058,2024,0.0,0,0,0,5.64791947838045e-10,True,True negative,0.49999999943520806
R102_C059,2024,0.6931471805599453,0,0,0,5.7767006900864226e-08,True,True negative,0.4999999422329931
R102_C060,2024,2.19722457733622,0,0,0,0.0013249536430650108,True,True negative,0.498675046356935
R102_C061,2024,0.6931471805599453,0,0,0,5.7767006900864226e-08,True,True negative,0.4999999422329931
R102_C063,2024,0.0,0,0,0,5.64791947838045e-10,True,True negative,0.49999999943520806
R102_C065,2024,0.6931471805599453,0,0,0,5.7767006900864226e-08,True,True negative,0.4999999422329931
R102_C066,2024,0.6931471805599453,0,0,0,5.7767006900864226e-08,True,True negative,0.4999999422329931
R102_C067,2024,0.6931471805599453,0,0,0,5.7767006900864226e-08,True,True negative,0.4999999422329931
R102_C068,2024,1.0986122886681096,0,0,0,8.65629632656729e-07,True,True negative,0.49999913437036736
R102_C069,2024,1.3862943611198906,0,0,0,5.9083840806754096e-06,True,True negative,0.49999409161591934
R102_C070,2024,1.3862943611198906,0,0,0,5.9083840806754096e-06,True,True negative,0.49999409161591934
R102_C071,2024,1.6094379124341005,0,0,0,2.621007218088068e-05,True,True negative,0.4999737899278191
R102_C072,2024,2.3978952727983707,0,0,0,0.005039993971908603,True,True negative,0.49496000602809137
R102_C073,2024,0.6931471805599453,0,0,0,5.7767006900864226e-08,True,True negative,0.4999999422329931
R102_C074,2024,1.791759469228055,0,0,0,8.852897499702268e-05,True,True negative,0.499911471025003
R102_C075,2024,3.713572066704308,1,0,1,0.9718054089565341,False,False positive,0.4718054089565341
R102_C076,2024,4.174387269895637,1,1,1,0.9986638207787858,True,True positive,0.4986638207787858
R102_C077,2024,2.9444389791664403,0,0,0,0.1629605820634127,True,True negative,0.3370394179365873
R102_C078,2024,3.1354942159291497,0,0,0,0.41076471668164616,True,True negative,0.08923528331835384
R102_C079,2024,2.8903717578961645,0,0,0,0.11948288041963083,True,True negative,0.38051711958036916
R102_C080,2024,0.0,0,0,0,5.64791947838045e-10,True,True negative,0.49999999943520806
R103_C046,2024,2.70805020110221,0,0,0,0.038620547826229264,True,True negative,0.46137945217377074
R103_C047,2024,2.772588722239781,0,0,0,0.058211331684448954,True,True negative,0.441788668315551
R103_C048,2024,1.0986122886681096,0,0,0,8.65629632656729e-07,True,True negative,0.49999913437036736
R103_C049,2024,1.3862943611198906,0,0,0,5.9083840806754096e-06,True,True negative,0.49999409161591934
R103_C050,2024,0.0,0,0,0,5.64791947838045e-10,True,True negative,0.49999999943520806
R103_C051,2024,0.6931471805599453,0,0,0,5.7767006900864226e-08,True,True negative,0.4999999422329931
R103_C052,2024,0.6931471805599453,0,0,0,5.7767006900864226e-08,True,True negative,0.4999999422329931
R103_C053,2024,1.0986122886681096,0,0,0,8.65629632656729e-07,True,True negative,0.49999913437036736
R103_C054,2024,1.0986122886681096,0,0,0,8.65629632656729e-07,True,True negative,0.49999913437036736
R103_C055,2024,1.0986122886681096,0,0,0,8.65629632656729e-07,True,True negative,0.49999913437036736
R103_C056,2024,1.6094379124341005,0,0,0,2.621007218088068e-05,True,True negative,0.4999737899278191
R103_C057,2024,3.044522437723423,0,0,0,0.27524593511421913,True,True negative,0.22475406488578087
R103_C058,2024,0.6931471805599453,0,0,0,5.7767006900864226e-08,True,True negative,0.4999999422329931
R103_C059,2024,1.0986122886681096,0,0,0,8.65629632656729e-07,True,True negative,0.49999913437036736
R103_C060,2024,0.6931471805599453,0,0,0,5.7767006900864226e-08,True,True negative,0.4999999422329931
R103_C064,2024,0.0,0,0,0,5.64791947838045e-10,True,True negative,0.49999999943520806
R103_C065,2024,0.6931471805599453,0,0,0,5.7767006900864226e-08,True,True negative,0.4999999422329931
R103_C066,2024,0.0,0,0,0,5.64791947838045e-10,True,True negative,0.49999999943520806
R103_C068,2024,0.0,0,0,0,5.64791947838045e-10,True,True negative,0.49999999943520806
R103_C069,2024,0.0,0,0,0,5.64791947838045e-10,True,True negative,0.49999999943520806
R103_C070,2024,2.3978952727983707,0,0,0,0.005039993971908603,True,True negative,0.49496000602809137
R103_C071,2024,3.610917912644224,1,0,1,0.9455594271188087,False,False positive,0.4455594271188087
R103_C072,2024,2.8903717578961645,0,0,0,0.11948288041963083,True,True negative,0.38051711958036916
R103_C073,2024,1.791759469228055,0,0,0,8.852897499702268e-05,True,True negative,0.499911471025003
R103_C074,2024,2.19722457733622,0,0,0,0.0013249536430650108,True,True negative,0.498675046356935
R103_C075,2024,2.5649493574615367,0,0,0,0.015217410607103852,True,True negative,0.48478258939289615
R103_C076,2024,2.8903717578961645,0,0,0,0.11948288041963083,True,True negative,0.38051711958036916
R103_C077,2024,2.302585092994046,0,0,0,0.002673672923127726,True,True negative,0.4973263270768723
R103_C078,2024,1.3862943611198906,0,0,0,5.9083840806754096e-06,True,True negative,0.49999409161591934
R103_C079,2024,1.791759469228055,0,0,0,8.852897499702268e-05,True,True negative,0.499911471025003
R104_C046,2024,0.6931471805599453,0,0,0,5.7767006900864226e-08,True,True negative,0.4999999422329931
R104_C047,2024,1.791759469228055,0,0,0,8.852897499702268e-05,True,True negative,0.499911471025003
R104_C048,2024,2.079441541679836,0,0,0,0.0006039490586071061,True,True negative,0.4993960509413929
R104_C049,2024,1.9459101490553128,0,0,0,0.0002477300319792436,True,True negative,0.49975226996802075
R104_C050,2024,1.0986122886681096,0,0,0,8.65629632656729e-07,True,True negative,0.49999913437036736
R104_C051,2024,1.6094379124341005,0,0,0,2.621007218088068e-05,True,True negative,0.4999737899278191
R104_C054,2024,0.0,0,0,0,5.64791947838045e-10,True,True negative,0.49999999943520806
R104_C055,2024,0.0,0,0,0,5.64791947838045e-10,True,True negative,0.49999999943520806
R104_C056,2024,0.6931471805599453,0,0,0,5.7767006900864226e-08,True,True negative,0.4999999422329931
R104_C057,2024,2.079441541679836,0,0,0,0.0006039490586071061,True,True negative,0.4993960509413929
R104_C058,2024,1.3862943611198906,0,0,0,5.9083840806754096e-06,True,True negative,0.49999409161591934
R104_C059,2024,0.6931471805599453,0,0,0,5.7767006900864226e-08,True,True negative,0.4999999422329931
R104_C063,2024,0.0,0,0,0,5.64791947838045e-10,True,True negative,0.49999999943520806
R104_C064,2024,0.6931471805599453,0,0,0,5.7767006900864226e-08,True,True negative,0.4999999422329931
R104_C066,2024,0.0,0,0,0,5.64791947838045e-10,True,True negative,0.49999999943520806
R104_C067,2024,0.0,0,0,0,5.64791947838045e-10,True,True negative,0.49999999943520806
R104_C068,2024,0.0,0,0,0,5.64791947838045e-10,True,True negative,0.49999999943520806
R104_C069,2024,1.0986122886681096,0,0,0,8.65629632656729e-07,True,True negative,0.49999913437036736
R104_C070,2024,1.9459101490553128,0,0,0,0.0002477300319792436,True,True negative,0.49975226996802075
R104_C071,2024,2.19722457733622,0,0,0,0.0013249536430650108,True,True negative,0.498675046356935
R104_C072,2024,3.1354942159291497,0,0,0,0.41076471668164616,True,True negative,0.08923528331835384
R104_C073,2024,1.791759469228055,0,0,0,8.852897499702268e-05,True,True negative,0.499911471025003
R104_C074,2024,1.791759469228055,0,0,0,8.852897499702268e-05,True,True negative,0.499911471025003
R104_C075,2024,1.0986122886681096,0,0,0,8.65629632656729e-07,True,True negative,0.49999913437036736
R104_C076,2024,3.091042453358316,0,0,0,0.3412830017619351,True,True negative,0.1587169982380649
R104_C077,2024,3.58351893845611,1,0,1,0.9353384081017577,False,False positive,0.4353384081017577
R105_C029,2024,0.0,0,0,0,5.64791947838045e-10,True,True negative,0.49999999943520806
R105_C035,2024,0.0,0,0,0,5.64791947838045e-10,True,True negative,0.49999999943520806
R105_C036,2024,1.0986122886681096,0,0,0,8.65629632656729e-07,True,True negative,0.49999913437036736
R105_C047,2024,2.4849066497880004,0,0,0,0.008974292080567959,True,True negative,0.49102570791943206
R105_C048,2024,0.6931471805599453,0,0,0,5.7767006900864226e-08,True,True negative,0.4999999422329931
R105_C049,2024,0.6931471805599453,0,0,0,5.7767006900864226e-08,True,True negative,0.4999999422329931
R105_C050,2024,0.6931471805599453,0,0,0,5.7767006900864226e-08,True,True negative,0.4999999422329931
R105_C051,2024,0.0,0,0,0,5.64791947838045e-10,True,True negative,0.49999999943520806
R105_C052,2024,0.0,0,0,0,5.64791947838045e-10,True,True negative,0.49999999943520806
R105_C053,2024,0.6931471805599453,0,0,0,5.7767006900864226e-08,True,True negative,0.4999999422329931
R105_C054,2024,0.6931471805599453,0,0,0,5.7767006900864226e-08,True,True negative,0.4999999422329931
R105_C055,2024,0.6931471805599453,0,0,0,5.7767006900864226e-08,True,True negative,0.4999999422329931
R105_C056,2024,1.6094379124341005,0,0,0,2.621007218088068e-05,True,True negative,0.4999737899278191
R105_C057,2024,0.6931471805599453,0,0,0,5.7767006900864226e-08,True,True negative,0.4999999422329931
R105_C058,2024,0.0,0,0,0,5.64791947838045e-10,True,True negative,0.49999999943520806
R105_C059,2024,0.0,0,0,0,5.64791947838045e-10,True,True negative,0.49999999943520806
R105_C062,2024,0.0,0,0,0,5.64791947838045e-10,True,True negative,0.49999999943520806
R105_C063,2024,0.0,0,0,0,5.64791947838045e-10,True,True negative,0.49999999943520806
R105_C064,2024,0.6931471805599453,0,0,0,5.7767006900864226e-08,True,True negative,0.4999999422329931
R105_C065,2024,0.0,0,0,0,5.64791947838045e-10,True,True negative,0.49999999943520806
R105_C066,2024,0.0,0,0,0,5.64791947838045e-10,True,True negative,0.49999999943520806
R105_C067,2024,1.6094379124341005,0,0,0,2.621007218088068e-05,True,True negative,0.4999737899278191
R105_C068,2024,1.791759469228055,0,0,0,8.852897499702268e-05,True,True negative,0.499911471025003
R105_C069,2024,1.0986122886681096,0,0,0,8.65629632656729e-07,True,True negative,0.49999913437036736
R105_C070,2024,0.6931471805599453,0,0,0,5.7767006900864226e-08,True,True negative,0.4999999422329931
R105_C071,2024,1.791759469228055,0,0,0,8.852897499702268e-05,True,True negative,0.499911471025003
R105_C072,2024,1.791759469228055,0,0,0,8.852897499702268e-05,True,True negative,0.499911471025003
R105_C073,2024,2.70805020110221,0,0,0,0.038620547826229264,True,True negative,0.46137945217377074
R105_C074,2024,2.079441541679836,0,0,0,0.0006039490586071061,True,True negative,0.4993960509413929
R105_C075,2024,2.3978952727983707,0,0,0,0.005039993971908603,True,True negative,0.49496000602809137
R105_C076,2024,2.3978952727983707,0,0,0,0.005039993971908603,True,True negative,0.49496000602809137
R105_C077,2024,0.0,0,0,0,5.64791947838045e-10,True,True negative,0.49999999943520806
R106_C029,2024,1.0986122886681096,0,0,0,8.65629632656729e-07,True,True negative,0.49999913437036736
R106_C033,2024,0.0,0,0,0,5.64791947838045e-10,True,True negative,0.49999999943520806
R106_C034,2024,0.0,0,0,0,5.64791947838045e-10,True,True negative,0.49999999943520806
R106_C035,2024,0.0,0,0,0,5.64791947838045e-10,True,True negative,0.49999999943520806
R106_C036,2024,0.0,0,0,0,5.64791947838045e-10,True,True negative,0.49999999943520806
R106_C048,2024,0.6931471805599453,0,0,0,5.7767006900864226e-08,True,True negative,0.4999999422329931
R106_C049,2024,1.6094379124341005,0,0,0,2.621007218088068e-05,True,True negative,0.4999737899278191
R106_C050,2024,1.0986122886681096,0,0,0,8.65629632656729e-07,True,True negative,0.49999913437036736
R106_C051,2024,1.3862943611198906,0,0,0,5.9083840806754096e-06,True,True negative,0.49999409161591934
R106_C052,2024,0.6931471805599453,0,0,0,5.7767006900864226e-08,True,True negative,0.4999999422329931
R106_C053,2024,0.0,0,0,0,5.64791947838045e-10,True,True negative,0.49999999943520806
R106_C054,2024,0.0,0,0,0,5.64791947838045e-10,True,True negative,0.49999999943520806
R106_C055,2024,1.3862943611198906,0,0,0,5.9083840806754096e-06,True,True negative,0.49999409161591934
R106_C056,2024,1.3862943611198906,0,0,0,5.9083840806754096e-06,True,True negative,0.49999409161591934
R106_C057,2024,0.0,0,0,0,5.64791947838045e-10,True,True negative,0.49999999943520806
R106_C059,2024,1.0986122886681096,0,0,0,8.65629632656729e-07,True,True negative,0.49999913437036736
R106_C060,2024,0.0,0,0,0,5.64791947838045e-10,True,True negative,0.49999999943520806
R106_C061,2024,1.3862943611198906,0,0,0,5.9083840806754096e-06,True,True negative,0.49999409161591934
R106_C062,2024,0.0,0,0,0,5.64791947838045e-10,True,True negative,0.49999999943520806
R106_C063,2024,0.0,0,0,0,5.64791947838045e-10,True,True negative,0.49999999943520806
R106_C064,2024,0.0,0,0,0,5.64791947838045e-10,True,True negative,0.49999999943520806
R106_C066,2024,0.0,0,0,0,5.64791947838045e-10,True,True negative,0.49999999943520806
R106_C067,2024,1.0986122886681096,0,0,0,8.65629632656729e-07,True,True negative,0.49999913437036736
R106_C068,2024,0.0,0,0,0,5.64791947838045e-10,True,True negative,0.49999999943520806
R106_C069,2024,0.0,0,0,0,5.64791947838045e-10,True,True negative,0.49999999943520806
R106_C070,2024,1.3862943611198906,0,0,0,5.9083840806754096e-06,True,True negative,0.49999409161591934
R106_C071,2024,2.19722457733622,0,0,0,0.0013249536430650108,True,True negative,0.498675046356935
R106_C072,2024,3.828641396489095,1,1,1,0.9867219015643443,True,True positive,0.48672190156434425
R106_C073,2024,2.70805020110221,0,0,0,0.038620547826229264,True,True negative,0.46137945217377074
R106_C074,2024,1.6094379124341005,0,0,0,2.621007218088068e-05,True,True negative,0.4999737899278191
R106_C075,2024,3.1780538303479458,0,0,0,0.4808442013353714,True,True negative,0.019155798664628576
R106_C076,2024,1.0986122886681096,0,0,0,8.65629632656729e-07,True,True negative,0.49999913437036736
R107_C029,2024,0.6931471805599453,0,0,0,5.7767006900864226e-08,True,True negative,0.4999999422329931
R107_C033,2024,1.0986122886681096,0,0,0,8.65629632656729e-07,True,True negative,0.49999913437036736
R107_C034,2024,0.0,0,0,0,5.64791947838045e-10,True,True negative,0.49999999943520806
R107_C035,2024,0.6931471805599453,0,0,0,5.7767006900864226e-08,True,True negative,0.4999999422329931
R107_C036,2024,1.0986122886681096,0,0,0,8.65629632656729e-07,True,True negative,0.49999913437036736
R107_C040,2024,0.0,0,0,0,5.64791947838045e-10,True,True negative,0.49999999943520806
R107_C041,2024,0.0,0,0,0,5.64791947838045e-10,True,True negative,0.49999999943520806
R107_C042,2024,0.6931471805599453,0,0,0,5.7767006900864226e-08,True,True negative,0.4999999422329931
R107_C048,2024,0.6931471805599453,0,0,0,5.7767006900864226e-08,True,True negative,0.4999999422329931
R107_C049,2024,0.0,0,0,0,5.64791947838045e-10,True,True negative,0.49999999943520806
R107_C050,2024,0.6931471805599453,0,0,0,5.7767006900864226e-08,True,True negative,0.4999999422329931
R107_C051,2024,0.6931471805599453,0,0,0,5.7767006900864226e-08,True,True negative,0.4999999422329931
R107_C052,2024,2.19722457733622,0,0,0,0.0013249536430650108,True,True negative,0.498675046356935
R107_C053,2024,1.9459101490553128,0,0,0,0.0002477300319792436,True,True negative,0.49975226996802075
R107_C054,2024,1.6094379124341005,0,0,0,2.621007218088068e-05,True,True negative,0.4999737899278191
R107_C055,2024,1.6094379124341005,0,0,0,2.621007218088068e-05,True,True negative,0.4999737899278191
R107_C056,2024,0.0,0,0,0,5.64791947838045e-10,True,True negative,0.49999999943520806
R107_C058,2024,0.0,0,0,0,5.64791947838045e-10,True,True negative,0.49999999943520806
R107_C061,2024,1.3862943611198906,0,0,0,5.9083840806754096e-06,True,True negative,0.49999409161591934
R107_C066,2024,0.0,0,0,0,5.64791947838045e-10,True,True negative,0.49999999943520806
R107_C067,2024,0.0,0,0,0,5.64791947838045e-10,True,True negative,0.49999999943520806
R107_C068,2024,0.0,0,0,0,5.64791947838045e-10,True,True negative,0.49999999943520806
R107_C069,2024,1.3862943611198906,0,0,0,5.9083840806754096e-06,True,True negative,0.49999409161591934
R107_C070,2024,1.791759469228055,0,0,0,8.852897499702268e-05,True,True negative,0.499911471025003
R107_C071,2024,2.302585092994046,0,0,0,0.002673672923127726,True,True negative,0.4973263270768723
R107_C072,2024,2.302585092994046,0,0,0,0.002673672923127726,True,True negative,0.4973263270768723
R107_C073,2024,3.1780538303479458,0,0,0,0.4808442013353714,True,True negative,0.019155798664628576
R107_C074,2024,2.70805020110221,0,0,0,0.038620547826229264,True,True negative,0.46137945217377074
R107_C075,2024,2.772588722239781,0,0,0,0.058211331684448954,True,True negative,0.441788668315551
R108_C027,2024,0.0,0,0,0,5.64791947838045e-10,True,True negative,0.49999999943520806
R108_C028,2024,0.0,0,0,0,5.64791947838045e-10,True,True negative,0.49999999943520806
R108_C031,2024,0.6931471805599453,0,0,0,5.7767006900864226e-08,True,True negative,0.4999999422329931
R108_C032,2024,0.6931471805599453,0,0,0,5.7767006900864226e-08,True,True negative,0.4999999422329931
R108_C034,2024,0.0,0,0,0,5.64791947838045e-10,True,True negative,0.49999999943520806
R108_C035,2024,0.6931471805599453,0,0,0,5.7767006900864226e-08,True,True negative,0.4999999422329931
R108_C036,2024,0.0,0,0,0,5.64791947838045e-10,True,True negative,0.49999999943520806
R108_C037,2024,0.0,0,0,0,5.64791947838045e-10,True,True negative,0.49999999943520806
R108_C038,2024,0.0,0,0,0,5.64791947838045e-10,True,True negative,0.49999999943520806
R108_C039,2024,0.6931471805599453,0,0,0,5.7767006900864226e-08,True,True negative,0.4999999422329931
R108_C040,2024,1.0986122886681096,0,0,0,8.65629632656729e-07,True,True negative,0.49999913437036736
R108_C046,2024,0.0,0,0,0,5.64791947838045e-10,True,True negative,0.49999999943520806
R108_C048,2024,0.0,0,0,0,5.64791947838045e-10,True,True negative,0.49999999943520806
R108_C049,2024,1.3862943611198906,0,0,0,5.9083840806754096e-06,True,True negative,0.49999409161591934
R108_C050,2024,0.6931471805599453,0,0,0,5.7767006900864226e-08,True,True negative,0.4999999422329931
R108_C051,2024,0.0,0,0,0,5.64791947838045e-10,True,True negative,0.49999999943520806
R108_C052,2024,0.0,0,0,0,5.64791947838045e-10,True,True negative,0.49999999943520806
R108_C053,2024,1.6094379124341005,0,0,0,2.621007218088068e-05,True,True negative,0.4999737899278191
R108_C054,2024,2.639057329615259,0,0,0,0.024717696654622916,True,True negative,0.4752823033453771
R108_C055,2024,3.4657359027997265,0,1,1,0.8634228435842332,True,True positive,0.36342284358423316
R108_C056,2024,0.0,0,0,0,5.64791947838045e-10,True,True negative,0.49999999943520806
R108_C057,2024,0.6931471805599453,0,0,0,5.7767006900864226e-08,True,True negative,0.4999999422329931
R108_C060,2024,0.0,0,0,0,5.64791947838045e-10,True,True negative,0.49999999943520806
R108_C061,2024,0.0,0,0,0,5.64791947838045e-10,True,True negative,0.49999999943520806
R108_C062,2024,0.0,0,0,0,5.64791947838045e-10,True,True negative,0.49999999943520806
R108_C063,2024,0.0,0,0,0,5.64791947838045e-10,True,True negative,0.49999999943520806
R108_C066,2024,0.0,0,0,0,5.64791947838045e-10,True,True negative,0.49999999943520806
R108_C067,2024,1.6094379124341005,0,0,0,2.621007218088068e-05,True,True negative,0.4999737899278191
R108_C068,2024,1.6094379124341005,0,0,0,2.621007218088068e-05,True,True negative,0.4999737899278191
R108_C069,2024,3.044522437723423,0,0,0,0.27524593511421913,True,True negative,0.22475406488578087
R108_C070,2024,3.258096538021482,0,0,1,0.612476721689788,False,False positive,0.11247672168978795
R108_C071,2024,2.4849066497880004,0,0,0,0.008974292080567959,True,True negative,0.49102570791943206
R108_C072,2024,3.737669618283368,1,0,1,0.9758943929827445,False,False positive,0.4758943929827445
R108_C073,2024,3.5263605246161616,0,0,1,0.9045442124169463,False,False positive,0.40454421241694627
R108_C074,2024,3.87120101090789,1,1,1,0.9899732019420209,True,True positive,0.4899732019420209
R108_C075,2024,2.70805020110221,0,0,0,0.038620547826229264,True,True negative,0.46137945217377074
R109_C028,2024,0.6931471805599453,0,0,0,5.7767006900864226e-08,True,True negative,0.4999999422329931
R109_C029,2024,0.0,0,0,0,5.64791947838045e-10,True,True negative,0.49999999943520806
R109_C030,2024,0.0,0,0,0,5.64791947838045e-10,True,True negative,0.49999999943520806
R109_C031,2024,1.0986122886681096,0,0,0,8.65629632656729e-07,True,True negative,0.49999913437036736
R109_C032,2024,0.6931471805599453,0,0,0,5.7767006900864226e-08,True,True negative,0.4999999422329931
R109_C035,2024,0.6931471805599453,0,0,0,5.7767006900864226e-08,True,True negative,0.4999999422329931
R109_C036,2024,0.6931471805599453,0,0,0,5.7767006900864226e-08,True,True negative,0.4999999422329931
R109_C038,2024,0.0,0,0,0,5.64791947838045e-10,True,True negative,0.49999999943520806
R109_C039,2024,0.0,0,0,0,5.64791947838045e-10,True,True negative,0.49999999943520806
R109_C040,2024,0.6931471805599453,0,0,0,5.7767006900864226e-08,True,True negative,0.4999999422329931
R109_C041,2024,0.6931471805599453,0,0,0,5.7767006900864226e-08,True,True negative,0.4999999422329931
R109_C043,2024,0.6931471805599453,0,0,0,5.7767006900864226e-08,True,True negative,0.4999999422329931
R109_C044,2024,0.0,0,0,0,5.64791947838045e-10,True,True negative,0.49999999943520806
R109_C045,2024,0.6931471805599453,0,0,0,5.7767006900864226e-08,True,True negative,0.4999999422329931
R109_C046,2024,0.0,0,0,0,5.64791947838045e-10,True,True negative,0.49999999943520806
R109_C051,2024,0.0,0,0,0,5.64791947838045e-10,True,True negative,0.49999999943520806
R109_C052,2024,0.0,0,0,0,5.64791947838045e-10,True,True negative,0.49999999943520806
R109_C053,2024,0.6931471805599453,0,0,0,5.7767006900864226e-08,True,True negative,0.4999999422329931
R109_C054,2024,3.970291913552122,1,1,1,0.9948005288631603,True,True positive,0.4948005288631603
R109_C055,2024,3.912023005428146,1,1,1,0.9923468837478088,True,True positive,0.4923468837478088
R109_C056,2024,2.19722457733622,0,0,0,0.0013249536430650108,True,True negative,0.498675046356935
R109_C057,2024,1.791759469228055,0,0,0,8.852897499702268e-05,True,True negative,0.499911471025003
R109_C058,2024,0.0,0,0,0,5.64791947838045e-10,True,True negative,0.49999999943520806
R109_C060,2024,0.0,0,0,0,5.64791947838045e-10,True,True negative,0.49999999943520806
R109_C062,2024,0.0,0,0,0,5.64791947838045e-10,True,True negative,0.49999999943520806
R109_C063,2024,0.0,0,0,0,5.64791947838045e-10,True,True negative,0.49999999943520806
R109_C065,2024,0.6931471805599453,0,0,0,5.7767006900864226e-08,True,True negative,0.4999999422329931
R109_C066,2024,0.0,0,0,0,5.64791947838045e-10,True,True negative,0.49999999943520806
R109_C067,2024,0.6931471805599453,0,0,0,5.7767006900864226e-08,True,True negative,0.4999999422329931
R109_C068,2024,0.6931471805599453,0,0,0,5.7767006900864226e-08,True,True negative,0.4999999422329931
R109_C069,2024,0.6931471805599453,0,0,0,5.7767006900864226e-08,True,True negative,0.4999999422329931
R109_C070,2024,1.6094379124341005,0,0,0,2.621007218088068e-05,True,True negative,0.4999737899278191
R109_C071,2024,2.9444389791664403,0,0,0,0.1629605820634127,True,True negative,0.3370394179365873
R109_C072,2024,4.204692619390966,1,1,1,0.9989083078834317,True,True positive,0.49890830788343166
R109_C073,2024,3.8918202981106265,1,1,1,0.9912514373761554,True,True positive,0.4912514373761554
R109_C074,2024,4.8283137373023015,1,1,1,0.999983003178658,True,True positive,0.49998300317865796
R109_C075,2024,3.044522437723423,0,0,0,0.27524593511421913,True,True negative,0.22475406488578087
R110_C027,2024,0.0,0,0,0,5.64791947838045e-10,True,True negative,0.49999999943520806
R110_C028,2024,2.302585092994046,0,0,0,0.002673672923127726,True,True negative,0.4973263270768723
R110_C029,2024,0.0,0,0,0,5.64791947838045e-10,True,True negative,0.49999999943520806
R110_C030,2024,0.0,0,0,0,5.64791947838045e-10,True,True negative,0.49999999943520806
R110_C032,2024,0.6931471805599453,0,0,0,5.7767006900864226e-08,True,True negative,0.4999999422329931
R110_C033,2024,1.3862943611198906,0,0,0,5.9083840806754096e-06,True,True negative,0.49999409161591934
R110_C034,2024,1.3862943611198906,0,0,0,5.9083840806754096e-06,True,True negative,0.49999409161591934
R110_C035,2024,0.0,0,0,0,5.64791947838045e-10,True,True negative,0.49999999943520806
R110_C036,2024,0.6931471805599453,0,0,0,5.7767006900864226e-08,True,True negative,0.4999999422329931
R110_C041,2024,0.0,0,0,0,5.64791947838045e-10,True,True negative,0.49999999943520806
R110_C042,2024,1.3862943611198906,0,0,0,5.9083840806754096e-06,True,True negative,0.49999409161591934
R110_C043,2024,1.3862943611198906,0,0,0,5.9083840806754096e-06,True,True negative,0.49999409161591934
R110_C044,2024,0.0,0,0,0,5.64791947838045e-10,True,True negative,0.49999999943520806
R110_C046,2024,0.0,0,0,0,5.64791947838045e-10,True,True negative,0.49999999943520806
R110_C051,2024,0.0,0,0,0,5.64791947838045e-10,True,True negative,0.49999999943520806
R110_C054,2024,2.3978952727983707,0,0,0,0.005039993971908603,True,True negative,0.49496000602809137
R110_C055,2024,0.0,0,0,0,5.64791947838045e-10,True,True negative,0.49999999943520806
R110_C056,2024,0.0,0,0,0,5.64791947838045e-10,True,True negative,0.49999999943520806
R110_C057,2024,1.6094379124341005,0,0,0,2.621007218088068e-05,True,True negative,0.4999737899278191
R110_C058,2024,1.3862943611198906,0,0,0,5.9083840806754096e-06,True,True negative,0.49999409161591934
R110_C059,2024,0.6931471805599453,0,0,0,5.7767006900864226e-08,True,True negative,0.4999999422329931
R110_C060,2024,0.0,0,0,0,5.64791947838045e-10,True,True negative,0.49999999943520806
R110_C061,2024,1.0986122886681096,0,0,0,8.65629632656729e-07,True,True negative,0.49999913437036736
R110_C062,2024,0.0,0,0,0,5.64791947838045e-10,True,True negative,0.49999999943520806
R110_C063,2024,1.3862943611198906,0,0,0,5.9083840806754096e-06,True,True negative,0.49999409161591934
R110_C064,2024,0.0,0,0,0,5.64791947838045e-10,True,True negative,0.49999999943520806
R110_C065,2024,2.70805020110221,0,0,0,0.038620547826229264,True,True negative,0.46137945217377074
R110_C066,2024,1.3862943611198906,0,0,0,5.9083840806754096e-06,True,True negative,0.49999409161591934
R110_C067,2024,1.6094379124341005,0,0,0,2.621007218088068e-05,True,True negative,0.4999737899278191
R110_C068,2024,1.6094379124341005,0,0,0,2.621007218088068e-05,True,True negative,0.4999737899278191
R110_C069,2024,2.772588722239781,0,0,0,0.058211331684448954,True,True negative,0.441788668315551
R110_C070,2024,3.737669618283368,1,1,1,0.9758943929827445,True,True positive,0.4758943929827445
R110_C071,2024,5.214935757608986,1,1,1,0.9999987136540942,True,True positive,0.4999987136540942
R110_C072,2024,5.159055299214529,1,1,1,0.9999981319701853,True,True positive,0.4999981319701853
R110_C073,2024,3.87120101090789,1,1,1,0.9899732019420209,True,True positive,0.4899732019420209
R110_C074,2024,3.610917912644224,1,1,1,0.9455594271188087,True,True positive,0.4455594271188087
R110_C075,2024,2.19722457733622,0,0,0,0.0013249536430650108,True,True negative,0.498675046356935
R111_C028,2024,0.0,0,0,0,5.64791947838045e-10,True,True negative,0.49999999943520806
R111_C034,2024,0.6931471805599453,0,0,0,5.7767006900864226e-08,True,True negative,0.4999999422329931
R111_C035,2024,1.6094379124341005,0,0,0,2.621007218088068e-05,True,True negative,0.4999737899278191
R111_C036,2024,0.0,0,0,0,5.64791947838045e-10,True,True negative,0.49999999943520806
R111_C041,2024,0.0,0,0,0,5.64791947838045e-10,True,True negative,0.49999999943520806
R111_C042,2024,1.0986122886681096,0,0,0,8.65629632656729e-07,True,True negative,0.49999913437036736
R111_C043,2024,0.6931471805599453,0,0,0,5.7767006900864226e-08,True,True negative,0.4999999422329931
R111_C044,2024,1.3862943611198906,0,0,0,5.9083840806754096e-06,True,True negative,0.49999409161591934
R111_C046,2024,1.0986122886681096,0,0,0,8.65629632656729e-07,True,True negative,0.49999913437036736
R111_C047,2024,0.0,0,0,0,5.64791947838045e-10,True,True negative,0.49999999943520806
R111_C048,2024,0.0,0,0,0,5.64791947838045e-10,True,True negative,0.49999999943520806
R111_C049,2024,1.0986122886681096,0,0,0,8.65629632656729e-07,True,True negative,0.49999913437036736
R111_C050,2024,1.791759469228055,0,0,0,8.852897499702268e-05,True,True negative,0.499911471025003
R111_C051,2024,1.6094379124341005,0,0,0,2.621007218088068e-05,True,True negative,0.4999737899278191
R111_C052,2024,1.0986122886681096,0,0,0,8.65629632656729e-07,True,True negative,0.49999913437036736
R111_C053,2024,2.079441541679836,0,0,0,0.0006039490586071061,True,True negative,0.4993960509413929
R111_C054,2024,1.3862943611198906,0,0,0,5.9083840806754096e-06,True,True negative,0.49999409161591934
R111_C055,2024,1.9459101490553128,0,0,0,0.0002477300319792436,True,True negative,0.49975226996802075
R111_C058,2024,0.0,0,0,0,5.64791947838045e-10,True,True negative,0.49999999943520806
R111_C059,2024,0.0,0,0,0,5.64791947838045e-10,True,True negative,0.49999999943520806
R111_C060,2024,1.0986122886681096,0,0,0,8.65629632656729e-07,True,True negative,0.49999913437036736
R111_C061,2024,0.0,0,0,0,5.64791947838045e-10,True,True negative,0.49999999943520806
R111_C062,2024,0.0,0,0,0,5.64791947838045e-10,True,True negative,0.49999999943520806
R111_C063,2024,0.0,0,0,0,5.64791947838045e-10,True,True negative,0.49999999943520806
R111_C064,2024,1.9459101490553128,0,0,0,0.0002477300319792436,True,True negative,0.49975226996802075
R111_C065,2024,1.3862943611198906,0,0,0,5.9083840806754096e-06,True,True negative,0.49999409161591934
R111_C066,2024,1.791759469228055,0,0,0,8.852897499702268e-05,True,True negative,0.499911471025003
R111_C067,2024,1.3862943611198906,0,0,0,5.9083840806754096e-06,True,True negative,0.49999409161591934
R111_C068,2024,1.3862943611198906,0,0,0,5.9083840806754096e-06,True,True negative,0.49999409161591934
R111_C069,2024,1.6094379124341005,0,0,0,2.621007218088068e-05,True,True negative,0.4999737899278191
R111_C070,2024,3.49650756146648,0,1,1,0.8858928614393123,True,True positive,0.38589286143931234
R111_C071,2024,4.897839799950911,1,1,1,0.9999893149018907,True,True positive,0.4999893149018907
R111_C072,2024,4.795790545596741,1,1,1,0.9999788812875678,True,True positive,0.49997888128756784
R111_C073,2024,4.465908118654584,1,1,1,0.9998089737546981,True,True positive,0.4998089737546981
R111_C074,2024,4.248495242049359,1,1,1,0.9991848941688489,True,True positive,0.4991848941688489
R112_C028,2024,0.0,0,0,0,5.64791947838045e-10,True,True negative,0.49999999943520806
R112_C036,2024,0.0,0,0,0,5.64791947838045e-10,True,True negative,0.49999999943520806
R112_C037,2024,0.0,0,0,0,5.64791947838045e-10,True,True negative,0.49999999943520806
R112_C040,2024,0.0,0,0,0,5.64791947838045e-10,True,True negative,0.49999999943520806
R112_C042,2024,0.6931471805599453,0,0,0,5.7767006900864226e-08,True,True negative,0.4999999422329931
R112_C043,2024,0.0,0,0,0,5.64791947838045e-10,True,True negative,0.49999999943520806
R112_C044,2024,0.6931471805599453,0,0,0,5.7767006900864226e-08,True,True negative,0.4999999422329931
R112_C045,2024,0.0,0,0,0,5.64791947838045e-10,True,True negative,0.49999999943520806
R112_C046,2024,0.0,0,0,0,5.64791947838045e-10,True,True negative,0.49999999943520806
R112_C047,2024,0.0,0,0,0,5.64791947838045e-10,True,True negative,0.49999999943520806
R112_C048,2024,1.791759469228055,0,0,0,8.852897499702268e-05,True,True negative,0.499911471025003
R112_C049,2024,1.0986122886681096,0,0,0,8.65629632656729e-07,True,True negative,0.49999913437036736
R112_C050,2024,0.6931471805599453,0,0,0,5.7767006900864226e-08,True,True negative,0.4999999422329931
R112_C051,2024,0.6931471805599453,0,0,0,5.7767006900864226e-08,True,True negative,0.4999999422329931
R112_C052,2024,0.6931471805599453,0,0,0,5.7767006900864226e-08,True,True negative,0.4999999422329931
R112_C053,2024,0.0,0,0,0,5.64791947838045e-10,True,True negative,0.49999999943520806
R112_C054,2024,1.0986122886681096,0,0,0,8.65629632656729e-07,True,True negative,0.49999913437036736
R112_C055,2024,0.0,0,0,0,5.64791947838045e-10,True,True negative,0.49999999943520806
R112_C063,2024,0.0,0,0,0,5.64791947838045e-10,True,True negative,0.49999999943520806
R112_C064,2024,1.0986122886681096,0,0,0,8.65629632656729e-07,True,True negative,0.49999913437036736
R112_C065,2024,0.0,0,0,0,5.64791947838045e-10,True,True negative,0.49999999943520806
R112_C066,2024,1.0986122886681096,0,0,0,8.65629632656729e-07,True,True negative,0.49999913437036736
R112_C067,2024,0.0,0,0,0,5.64791947838045e-10,True,True negative,0.49999999943520806
R112_C068,2024,0.0,0,0,0,5.64791947838045e-10,True,True negative,0.49999999943520806
R112_C069,2024,0.6931471805599453,0,0,0,5.7767006900864226e-08,True,True negative,0.4999999422329931
R112_C070,2024,2.079441541679836,0,0,0,0.0006039490586071061,True,True negative,0.4993960509413929
R112_C071,2024,3.4339872044851463,0,0,1,0.8364500535624654,False,False positive,0.3364500535624654
R112_C072,2024,4.127134385045092,1,1,1,0.9981691193857279,True,True positive,0.49816911938572794
R112_C073,2024,3.555348061489413,0,0,1,0.9199965296592397,False,False positive,0.4199965296592397
R112_C074,2024,2.9444389791664403,0,0,0,0.1629605820634127,True,True negative,0.3370394179365873
R113_C028,2024,0.6931471805599453,0,0,0,5.7767006900864226e-08,True,True negative,0.4999999422329931
R113_C031,2024,0.0,0,0,0,5.64791947838045e-10,True,True negative,0.49999999943520806
R113_C033,2024,0.0,0,0,0,5.64791947838045e-10,True,True negative,0.49999999943520806
R113_C034,2024,0.0,0,0,0,5.64791947838045e-10,True,True negative,0.49999999943520806
R113_C038,2024,0.0,0,0,0,5.64791947838045e-10,True,True negative,0.49999999943520806
R113_C040,2024,0.0,0,0,0,5.64791947838045e-10,True,True negative,0.49999999943520806
R113_C041,2024,0.0,0,0,0,5.64791947838045e-10,True,True negative,0.49999999943520806
R113_C044,2024,0.6931471805599453,0,0,0,5.7767006900864226e-08,True,True negative,0.4999999422329931
R113_C045,2024,1.9459101490553128,0,0,0,0.0002477300319792436,True,True negative,0.49975226996802075
R113_C046,2024,3.4011973816621555,0,0,1,0.8042593123851965,False,False positive,0.30425931238519655
R113_C047,2024,1.9459101490553128,0,0,0,0.0002477300319792436,True,True negative,0.49975226996802075
R113_C048,2024,0.0,0,0,0,5.64791947838045e-10,True,True negative,0.49999999943520806
R113_C049,2024,0.0,0,0,0,5.64791947838045e-10,True,True negative,0.49999999943520806
R113_C050,2024,1.3862943611198906,0,0,0,5.9083840806754096e-06,True,True negative,0.49999409161591934
R113_C051,2024,0.0,0,0,0,5.64791947838045e-10,True,True negative,0.49999999943520806
R113_C052,2024,0.0,0,0,0,5.64791947838045e-10,True,True negative,0.49999999943520806
R113_C054,2024,0.0,0,0,0,5.64791947838045e-10,True,True negative,0.49999999943520806
R113_C055,2024,0.0,0,0,0,5.64791947838045e-10,True,True negative,0.49999999943520806
R113_C056,2024,0.0,0,0,0,5.64791947838045e-10,True,True negative,0.49999999943520806
R113_C057,2024,0.0,0,0,0,5.64791947838045e-10,True,True negative,0.49999999943520806
R113_C063,2024,0.0,0,0,0,5.64791947838045e-10,True,True negative,0.49999999943520806
R113_C064,2024,0.6931471805599453,0,0,0,5.7767006900864226e-08,True,True negative,0.4999999422329931
R113_C065,2024,1.0986122886681096,0,0,0,8.65629632656729e-07,True,True negative,0.49999913437036736
R113_C066,2024,0.6931471805599453,0,0,0,5.7767006900864226e-08,True,True negative,0.4999999422329931
R113_C067,2024,0.0,0,0,0,5.64791947838045e-10,True,True negative,0.49999999943520806
R113_C068,2024,1.0986122886681096,0,0,0,8.65629632656729e-07,True,True negative,0.49999913437036736
R113_C069,2024,1.3862943611198906,0,0,0,5.9083840806754096e-06,True,True negative,0.49999409161591934
R113_C070,2024,1.0986122886681096,0,0,0,8.65629632656729e-07,True,True negative,0.49999913437036736
R113_C071,2024,2.772588722239781,0,0,0,0.058211331684448954,True,True negative,0.441788668315551
R113_C072,2024,3.4657359027997265,0,0,1,0.8634228435842332,False,False positive,0.36342284358423316
R113_C073,2024,2.70805020110221,0,0,0,0.038620547826229264,True,True negative,0.46137945217377074
R113_C074,2024,0.6931471805599453,0,0,0,5.7767006900864226e-08,True,True negative,0.4999999422329931
R114_C028,2024,0.0,0,0,0,5.64791947838045e-10,True,True negative,0.49999999943520806
R114_C029,2024,0.0,0,0,0,5.64791947838045e-10,True,True negative,0.49999999943520806
R114_C031,2024,0.6931471805599453,0,0,0,5.7767006900864226e-08,True,True negative,0.4999999422329931
R114_C032,2024,0.0,0,0,0,5.64791947838045e-10,True,True negative,0.49999999943520806
R114_C039,2024,0.0,0,0,0,5.64791947838045e-10,True,True negative,0.49999999943520806
R114_C040,2024,0.0,0,0,0,5.64791947838045e-10,True,True negative,0.49999999943520806
R114_C043,2024,0.6931471805599453,0,0,0,5.7767006900864226e-08,True,True negative,0.4999999422329931
R114_C044,2024,0.6931471805599453,0,0,0,5.7767006900864226e-08,True,True negative,0.4999999422329931
R114_C045,2024,1.9459101490553128,0,0,0,0.0002477300319792436,True,True negative,0.49975226996802075
R114_C046,2024,1.0986122886681096,0,0,0,8.65629632656729e-07,True,True negative,0.49999913437036736
R114_C047,2024,0.0,0,0,0,5.64791947838045e-10,True,True negative,0.49999999943520806
R114_C048,2024,0.6931471805599453,0,0,0,5.7767006900864226e-08,True,True negative,0.4999999422329931
R114_C049,2024,1.3862943611198906,0,0,0,5.9083840806754096e-06,True,True negative,0.49999409161591934
R114_C050,2024,0.6931471805599453,0,0,0,5.7767006900864226e-08,True,True negative,0.4999999422329931
R114_C051,2024,0.6931471805599453,0,0,0,5.7767006900864226e-08,True,True negative,0.4999999422329931
R114_C052,2024,0.0,0,0,0,5.64791947838045e-10,True,True negative,0.49999999943520806
R114_C054,2024,0.6931471805599453,0,0,0,5.7767006900864226e-08,True,True negative,0.4999999422329931
R114_C056,2024,0.0,0,0,0,5.64791947838045e-10,True,True negative,0.49999999943520806
R114_C063,2024,1.0986122886681096,0,0,0,8.65629632656729e-07,True,True negative,0.49999913437036736
R114_C064,2024,0.0,0,0,0,5.64791947838045e-10,True,True negative,0.49999999943520806
R114_C065,2024,0.6931471805599453,0,0,0,5.7767006900864226e-08,True,True negative,0.4999999422329931
R114_C066,2024,0.0,0,0,0,5.64791947838045e-10,True,True negative,0.49999999943520806
R114_C067,2024,0.0,0,0,0,5.64791947838045e-10,True,True negative,0.49999999943520806
R114_C068,2024,0.0,0,0,0,5.64791947838045e-10,True,True negative,0.49999999943520806
R114_C069,2024,0.0,0,0,0,5.64791947838045e-10,True,True negative,0.49999999943520806
R114_C070,2024,1.6094379124341005,0,0,0,2.621007218088068e-05,True,True negative,0.4999737899278191
R114_C071,2024,2.5649493574615367,0,0,0,0.015217410607103852,True,True negative,0.48478258939289615
R114_C072,2024,3.58351893845611,1,0,1,0.9353384081017577,False,False positive,0.4353384081017577
R114_C073,2024,3.367295829986474,0,0,1,0.7661666921380098,False,False positive,0.2661666921380098
R115_C028,2024,0.0,0,0,0,5.64791947838045e-10,True,True negative,0.49999999943520806
R115_C029,2024,0.6931471805599453,0,0,0,5.7767006900864226e-08,True,True negative,0.4999999422329931
R115_C030,2024,0.6931471805599453,0,0,0,5.7767006900864226e-08,True,True negative,0.4999999422329931
R115_C031,2024,0.0,0,0,0,5.64791947838045e-10,True,True negative,0.49999999943520806
R115_C034,2024,0.0,0,0,0,5.64791947838045e-10,True,True negative,0.49999999943520806
R115_C038,2024,0.0,0,0,0,5.64791947838045e-10,True,True negative,0.49999999943520806
R115_C041,2024,0.6931471805599453,0,0,0,5.7767006900864226e-08,True,True negative,0.4999999422329931
R115_C043,2024,0.0,0,0,0,5.64791947838045e-10,True,True negative,0.49999999943520806
R115_C044,2024,0.0,0,0,0,5.64791947838045e-10,True,True negative,0.49999999943520806
R115_C045,2024,0.0,0,0,0,5.64791947838045e-10,True,True negative,0.49999999943520806
R115_C047,2024,0.6931471805599453,0,0,0,5.7767006900864226e-08,True,True negative,0.4999999422329931
R115_C049,2024,1.791759469228055,0,0,0,8.852897499702268e-05,True,True negative,0.499911471025003
R115_C050,2024,0.0,0,0,0,5.64791947838045e-10,True,True negative,0.49999999943520806
R115_C051,2024,0.0,0,0,0,5.64791947838045e-10,True,True negative,0.49999999943520806
R115_C053,2024,0.0,0,0,0,5.64791947838045e-10,True,True negative,0.49999999943520806
R115_C054,2024,0.6931471805599453,0,0,0,5.7767006900864226e-08,True,True negative,0.4999999422329931
R115_C056,2024,0.0,0,0,0,5.64791947838045e-10,True,True negative,0.49999999943520806
R115_C061,2024,0.6931471805599453,0,0,0,5.7767006900864226e-08,True,True negative,0.4999999422329931
R115_C062,2024,0.6931471805599453,0,0,0,5.7767006900864226e-08,True,True negative,0.4999999422329931
R115_C063,2024,0.6931471805599453,0,0,0,5.7767006900864226e-08,True,True negative,0.4999999422329931
R115_C065,2024,0.6931471805599453,0,0,0,5.7767006900864226e-08,True,True negative,0.4999999422329931
R115_C066,2024,0.6931471805599453,0,0,0,5.7767006900864226e-08,True,True negative,0.4999999422329931
R115_C067,2024,0.6931471805599453,0,0,0,5.7767006900864226e-08,True,True negative,0.4999999422329931
R115_C068,2024,0.6931471805599453,0,0,0,5.7767006900864226e-08,True,True negative,0.4999999422329931
R115_C069,2024,0.0,0,0,0,5.64791947838045e-10,True,True negative,0.49999999943520806
R115_C070,2024,2.70805020110221,0,0,0,0.038620547826229264,True,True negative,0.46137945217377074
R115_C071,2024,2.639057329615259,0,0,0,0.024717696654622916,True,True negative,0.4752823033453771
R115_C072,2024,3.8918202981106265,1,1,1,0.9912514373761554,True,True positive,0.4912514373761554
R115_C073,2024,1.6094379124341005,0,0,0,2.621007218088068e-05,True,True negative,0.4999737899278191
R116_C029,2024,0.0,0,0,0,5.64791947838045e-10,True,True negative,0.49999999943520806
R116_C030,2024,1.0986122886681096,0,0,0,8.65629632656729e-07,True,True negative,0.49999913437036736
R116_C031,2024,0.6931471805599453,0,0,0,5.7767006900864226e-08,True,True negative,0.4999999422329931
R116_C038,2024,0.6931471805599453,0,0,0,5.7767006900864226e-08,True,True negative,0.4999999422329931
R116_C039,2024,0.0,0,0,0,5.64791947838045e-10,True,True negative,0.49999999943520806
R116_C043,2024,0.0,0,0,0,5.64791947838045e-10,True,True negative,0.49999999943520806
R116_C044,2024,0.6931471805599453,0,0,0,5.7767006900864226e-08,True,True negative,0.4999999422329931
R116_C045,2024,0.6931471805599453,0,0,0,5.7767006900864226e-08,True,True negative,0.4999999422329931
R116_C048,2024,0.0,0,0,0,5.64791947838045e-10,True,True negative,0.49999999943520806
R116_C049,2024,1.3862943611198906,0,0,0,5.9083840806754096e-06,True,True negative,0.49999409161591934
R116_C051,2024,1.0986122886681096,0,0,0,8.65629632656729e-07,True,True negative,0.49999913437036736
R116_C052,2024,0.0,0,0,0,5.64791947838045e-10,True,True negative,0.49999999943520806
R116_C053,2024,0.0,0,0,0,5.64791947838045e-10,True,True negative,0.49999999943520806
R116_C054,2024,0.0,0,0,0,5.64791947838045e-10,True,True negative,0.49999999943520806
R116_C057,2024,0.0,0,0,0,5.64791947838045e-10,True,True negative,0.49999999943520806
R116_C059,2024,0.6931471805599453,0,0,0,5.7767006900864226e-08,True,True negative,0.4999999422329931
R116_C064,2024,0.6931471805599453,0,0,0,5.7767006900864226e-08,True,True negative,0.4999999422329931
R116_C065,2024,1.0986122886681096,0,0,0,8.65629632656729e-07,True,True negative,0.49999913437036736
R116_C068,2024,0.0,0,0,0,5.64791947838045e-10,True,True negative,0.49999999943520806
R116_C069,2024,0.6931471805599453,0,0,0,5.7767006900864226e-08,True,True negative,0.4999999422329931
R116_C070,2024,0.6931471805599453,0,0,0,5.7767006900864226e-08,True,True negative,0.4999999422329931
R116_C071,2024,1.3862943611198906,0,0,0,5.9083840806754096e-06,True,True negative,0.49999409161591934
R116_C072,2024,1.6094379124341005,0,0,0,2.621007218088068e-05,True,True negative,0.4999737899278191
R116_C073,2024,0.0,0,0,0,5.64791947838045e-10,True,True negative,0.49999999943520806
R117_C030,2024,0.6931471805599453,0,0,0,5.7767006900864226e-08,True,True negative,0.4999999422329931
R117_C031,2024,0.6931471805599453,0,0,0,5.7767006900864226e-08,True,True negative,0.4999999422329931
R117_C034,2024,0.0,0,0,0,5.64791947838045e-10,True,True negative,0.49999999943520806
R117_C044,2024,0.0,0,0,0,5.64791947838045e-10,True,True negative,0.49999999943520806
R117_C048,2024,0.6931471805599453,0,0,0,5.7767006900864226e-08,True,True negative,0.4999999422329931
R117_C049,2024,1.0986122886681096,0,0,0,8.65629632656729e-07,True,True negative,0.49999913437036736
R117_C051,2024,0.0,0,0,0,5.64791947838045e-10,True,True negative,0.49999999943520806
R117_C052,2024,0.6931471805599453,0,0,0,5.7767006900864226e-08,True,True negative,0.4999999422329931
R117_C054,2024,0.0,0,0,0,5.64791947838045e-10,True,True negative,0.49999999943520806
R117_C055,2024,0.6931471805599453,0,0,0,5.7767006900864226e-08,True,True negative,0.4999999422329931
R117_C058,2024,0.0,0,0,0,5.64791947838045e-10,True,True negative,0.49999999943520806
R117_C059,2024,0.0,0,0,0,5.64791947838045e-10,True,True negative,0.49999999943520806
R117_C063,2024,0.0,0,0,0,5.64791947838045e-10,True,True negative,0.49999999943520806
R117_C064,2024,0.0,0,0,0,5.64791947838045e-10,True,True negative,0.49999999943520806
R117_C065,2024,0.0,0,0,0,5.64791947838045e-10,True,True negative,0.49999999943520806
R117_C066,2024,0.0,0,0,0,5.64791947838045e-10,True,True negative,0.49999999943520806
R117_C068,2024,0.6931471805599453,0,0,0,5.7767006900864226e-08,True,True negative,0.4999999422329931
R117_C069,2024,0.0,0,0,0,5.64791947838045e-10,True,True negative,0.49999999943520806
R117_C070,2024,1.0986122886681096,0,0,0,8.65629632656729e-07,True,True negative,0.49999913437036736
R117_C071,2024,0.0,0,0,0,5.64791947838045e-10,True,True negative,0.49999999943520806
R117_C072,2024,1.0986122886681096,0,0,0,8.65629632656729e-07,True,True negative,0.49999913437036736
R118_C030,2024,0.0,0,0,0,5.64791947838045e-10,True,True negative,0.49999999943520806
R118_C031,2024,0.6931471805599453,0,0,0,5.7767006900864226e-08,True,True negative,0.4999999422329931
R118_C036,2024,0.0,0,0,0,5.64791947838045e-10,True,True negative,0.49999999943520806
R118_C037,2024,0.0,0,0,0,5.64791947838045e-10,True,True negative,0.49999999943520806
R118_C044,2024,0.0,0,0,0,5.64791947838045e-10,True,True negative,0.49999999943520806
R118_C048,2024,1.3862943611198906,0,0,0,5.9083840806754096e-06,True,True negative,0.49999409161591934
R118_C049,2024,0.6931471805599453,0,0,0,5.7767006900864226e-08,True,True negative,0.4999999422329931
R118_C058,2024,1.0986122886681096,0,0,0,8.65629632656729e-07,True,True negative,0.49999913437036736
R118_C062,2024,0.0,0,0,0,5.64791947838045e-10,True,True negative,0.49999999943520806
R118_C066,2024,0.0,0,0,0,5.64791947838045e-10,True,True negative,0.49999999943520806
R118_C067,2024,0.0,0,0,0,5.64791947838045e-10,True,True negative,0.49999999943520806
R118_C068,2024,0.6931471805599453,0,0,0,5.7767006900864226e-08,True,True negative,0.4999999422329931
R118_C069,2024,1.0986122886681096,0,0,0,8.65629632656729e-07,True,True negative,0.49999913437036736
R118_C070,2024,1.0986122886681096,0,0,0,8.65629632656729e-07,True,True negative,0.49999913437036736
R118_C071,2024,0.0,0,0,0,5.64791947838045e-10,True,True negative,0.49999999943520806
R118_C072,2024,1.6094379124341005,0,0,0,2.621007218088068e-05,True,True negative,0.4999737899278191
R119_C031,2024,1.0986122886681096,0,0,0,8.65629632656729e-07,True,True negative,0.49999913437036736
R119_C032,2024,0.6931471805599453,0,0,0,5.7767006900864226e-08,True,True negative,0.4999999422329931
R119_C033,2024,0.6931471805599453,0,0,0,5.7767006900864226e-08,True,True negative,0.4999999422329931
R119_C034,2024,0.0,0,0,0,5.64791947838045e-10,True,True negative,0.49999999943520806
R119_C035,2024,0.6931471805599453,0,0,0,5.7767006900864226e-08,True,True negative,0.4999999422329931
R119_C036,2024,0.0,0,0,0,5.64791947838045e-10,True,True negative,0.49999999943520806
R119_C037,2024,0.6931471805599453,0,0,0,5.7767006900864226e-08,True,True negative,0.4999999422329931
R119_C042,2024,0.0,0,0,0,5.64791947838045e-10,True,True negative,0.49999999943520806
R119_C043,2024,0.6931471805599453,0,0,0,5.7767006900864226e-08,True,True negative,0.4999999422329931
R119_C044,2024,0.0,0,0,0,5.64791947838045e-10,True,True negative,0.49999999943520806
R119_C045,2024,0.0,0,0,0,5.64791947838045e-10,True,True negative,0.49999999943520806
R119_C047,2024,0.6931471805599453,0,0,0,5.7767006900864226e-08,True,True negative,0.4999999422329931
R119_C048,2024,0.6931471805599453,0,0,0,5.7767006900864226e-08,True,True negative,0.4999999422329931
R119_C049,2024,0.6931471805599453,0,0,0,5.7767006900864226e-08,True,True negative,0.4999999422329931
R119_C052,2024,0.0,0,0,0,5.64791947838045e-10,True,True negative,0.49999999943520806
R119_C054,2024,0.0,0,0,0,5.64791947838045e-10,True,True negative,0.49999999943520806
R119_C055,2024,0.0,0,0,0,5.64791947838045e-10,True,True negative,0.49999999943520806
R119_C060,2024,0.6931471805599453,0,0,0,5.7767006900864226e-08,True,True negative,0.4999999422329931
R119_C061,2024,0.0,0,0,0,5.64791947838045e-10,True,True negative,0.49999999943520806
R119_C066,2024,0.0,0,0,0,5.64791947838045e-10,True,True negative,0.49999999943520806
R119_C068,2024,1.6094379124341005,0,0,0,2.621007218088068e-05,True,True negative,0.4999737899278191
R119_C069,2024,1.0986122886681096,0,0,0,8.65629632656729e-07,True,True negative,0.49999913437036736
R119_C070,2024,1.0986122886681096,0,0,0,8.65629632656729e-07,True,True negative,0.49999913437036736
R119_C071,2024,1.0986122886681096,0,0,0,8.65629632656729e-07,True,True negative,0.49999913437036736
R120_C020,2024,0.0,0,0,0,5.64791947838045e-10,True,True negative,0.49999999943520806
R120_C032,2024,0.0,0,0,0,5.64791947838045e-10,True,True negative,0.49999999943520806
R120_C033,2024,1.0986122886681096,0,0,0,8.65629632656729e-07,True,True negative,0.49999913437036736
R120_C034,2024,0.0,0,0,0,5.64791947838045e-10,True,True negative,0.49999999943520806
R120_C035,2024,0.6931471805599453,0,0,0,5.7767006900864226e-08,True,True negative,0.4999999422329931
R120_C038,2024,0.6931471805599453,0,0,0,5.7767006900864226e-08,True,True negative,0.4999999422329931
R120_C039,2024,1.6094379124341005,0,0,0,2.621007218088068e-05,True,True negative,0.4999737899278191
R120_C041,2024,0.6931471805599453,0,0,0,5.7767006900864226e-08,True,True negative,0.4999999422329931
R120_C042,2024,0.6931471805599453,0,0,0,5.7767006900864226e-08,True,True negative,0.4999999422329931
R120_C044,2024,0.6931471805599453,0,0,0,5.7767006900864226e-08,True,True negative,0.4999999422329931
R120_C045,2024,0.0,0,0,0,5.64791947838045e-10,True,True negative,0.49999999943520806
R120_C047,2024,0.6931471805599453,0,0,0,5.7767006900864226e-08,True,True negative,0.4999999422329931
R120_C048,2024,0.0,0,0,0,5.64791947838045e-10,True,True negative,0.49999999943520806
R120_C050,2024,0.0,0,0,0,5.64791947838045e-10,True,True negative,0.49999999943520806
R120_C052,2024,0.0,0,0,0,5.64791947838045e-10,True,True negative,0.49999999943520806
R120_C056,2024,0.6931471805599453,0,0,0,5.7767006900864226e-08,True,True negative,0.4999999422329931
R120_C057,2024,0.6931471805599453,0,0,0,5.7767006900864226e-08,True,True negative,0.4999999422329931
R120_C058,2024,0.6931471805599453,0,0,0,5.7767006900864226e-08,True,True negative,0.4999999422329931
R120_C059,2024,0.6931471805599453,0,0,0,5.7767006900864226e-08,True,True negative,0.4999999422329931
R120_C060,2024,0.0,0,0,0,5.64791947838045e-10,True,True negative,0.49999999943520806
R120_C061,2024,0.0,0,0,0,5.64791947838045e-10,True,True negative,0.49999999943520806
R120_C068,2024,1.3862943611198906,0,0,0,5.9083840806754096e-06,True,True negative,0.49999409161591934
R120_C069,2024,0.6931471805599453,0,0,0,5.7767006900864226e-08,True,True negative,0.4999999422329931
R120_C070,2024,2.302585092994046,0,0,0,0.002673672923127726,True,True negative,0.4973263270768723
R120_C071,2024,1.791759469228055,0,0,0,8.852897499702268e-05,True,True negative,0.499911471025003
R121_C020,2024,0.0,0,0,0,5.64791947838045e-10,True,True negative,0.49999999943520806
R121_C032,2024,1.0986122886681096,0,0,0,8.65629632656729e-07,True,True negative,0.49999913437036736
R121_C033,2024,1.0986122886681096,0,0,0,8.65629632656729e-07,True,True negative,0.49999913437036736
R121_C034,2024,1.0986122886681096,0,0,0,8.65629632656729e-07,True,True negative,0.49999913437036736
R121_C035,2024,0.6931471805599453,0,0,0,5.7767006900864226e-08,True,True negative,0.4999999422329931
R121_C036,2024,0.0,0,0,0,5.64791947838045e-10,True,True negative,0.49999999943520806
R121_C038,2024,1.6094379124341005,0,0,0,2.621007218088068e-05,True,True negative,0.4999737899278191
R121_C039,2024,0.6931471805599453,0,0,0,5.7767006900864226e-08,True,True negative,0.4999999422329931
R121_C043,2024,0.0,0,0,0,5.64791947838045e-10,True,True negative,0.49999999943520806
R121_C044,2024,0.6931471805599453,0,0,0,5.7767006900864226e-08,True,True negative,0.4999999422329931
R121_C046,2024,1.0986122886681096,0,0,0,8.65629632656729e-07,True,True negative,0.49999913437036736
R121_C048,2024,0.0,0,0,0,5.64791947838045e-10,True,True negative,0.49999999943520806
R121_C050,2024,0.6931471805599453,0,0,0,5.7767006900864226e-08,True,True negative,0.4999999422329931
R121_C051,2024,1.0986122886681096,0,0,0,8.65629632656729e-07,True,True negative,0.49999913437036736
R121_C054,2024,0.0,0,0,0,5.64791947838045e-10,True,True negative,0.49999999943520806
R121_C057,2024,0.6931471805599453,0,0,0,5.7767006900864226e-08,True,True negative,0.4999999422329931
R121_C058,2024,1.0986122886681096,0,0,0,8.65629632656729e-07,True,True negative,0.49999913437036736
R121_C059,2024,0.6931471805599453,0,0,0,5.7767006900864226e-08,True,True negative,0.4999999422329931
R121_C060,2024,0.6931471805599453,0,0,0,5.7767006900864226e-08,True,True negative,0.4999999422329931
R121_C067,2024,0.0,0,0,0,5.64791947838045e-10,True,True negative,0.49999999943520806
R121_C068,2024,0.0,0,0,0,5.64791947838045e-10,True,True negative,0.49999999943520806
R121_C069,2024,0.0,0,0,0,5.64791947838045e-10,True,True negative,0.49999999943520806
R121_C070,2024,0.6931471805599453,0,0,0,5.7767006900864226e-08,True,True negative,0.4999999422329931
R121_C071,2024,1.0986122886681096,0,0,0,8.65629632656729e-07,True,True negative,0.49999913437036736
R121_C072,2024,0.0,0,0,0,5.64791947838045e-10,True,True negative,0.49999999943520806
R122_C020,2024,0.0,0,0,0,5.64791947838045e-10,True,True negative,0.49999999943520806
R122_C021,2024,1.3862943611198906,0,0,0,5.9083840806754096e-06,True,True negative,0.49999409161591934
R122_C022,2024,0.0,0,0,0,5.64791947838045e-10,True,True negative,0.49999999943520806
R122_C025,2024,0.0,0,0,0,5.64791947838045e-10,True,True negative,0.49999999943520806
R122_C027,2024,0.0,0,0,0,5.64791947838045e-10,True,True negative,0.49999999943520806
R122_C033,2024,2.833213344056216,0,0,0,0.08479219087228605,True,True negative,0.41520780912771393
R122_C034,2024,2.302585092994046,0,0,0,0.002673672923127726,True,True negative,0.4973263270768723
R122_C035,2024,1.0986122886681096,0,0,0,8.65629632656729e-07,True,True negative,0.49999913437036736
R122_C036,2024,0.6931471805599453,0,0,0,5.7767006900864226e-08,True,True negative,0.4999999422329931
R122_C037,2024,2.302585092994046,0,0,0,0.002673672923127726,True,True negative,0.4973263270768723
R122_C038,2024,2.079441541679836,0,0,0,0.0006039490586071061,True,True negative,0.4993960509413929
R122_C039,2024,0.6931471805599453,0,0,0,5.7767006900864226e-08,True,True negative,0.4999999422329931
R122_C043,2024,0.6931471805599453,0,0,0,5.7767006900864226e-08,True,True negative,0.4999999422329931
R122_C044,2024,0.0,0,0,0,5.64791947838045e-10,True,True negative,0.49999999943520806
R122_C045,2024,0.6931471805599453,0,0,0,5.7767006900864226e-08,True,True negative,0.4999999422329931
R122_C046,2024,0.6931471805599453,0,0,0,5.7767006900864226e-08,True,True negative,0.4999999422329931
R122_C048,2024,1.0986122886681096,0,0,0,8.65629632656729e-07,True,True negative,0.49999913437036736
R122_C051,2024,0.0,0,0,0,5.64791947838045e-10,True,True negative,0.49999999943520806
R122_C052,2024,0.0,0,0,0,5.64791947838045e-10,True,True negative,0.49999999943520806
R122_C053,2024,0.0,0,0,0,5.64791947838045e-10,True,True negative,0.49999999943520806
R122_C056,2024,0.6931471805599453,0,0,0,5.7767006900864226e-08,True,True negative,0.4999999422329931
R122_C058,2024,0.6931471805599453,0,0,0,5.7767006900864226e-08,True,True negative,0.4999999422329931
R122_C059,2024,1.0986122886681096,0,0,0,8.65629632656729e-07,True,True negative,0.49999913437036736
R122_C060,2024,1.6094379124341005,0,0,0,2.621007218088068e-05,True,True negative,0.4999737899278191
R122_C066,2024,0.0,0,0,0,5.64791947838045e-10,True,True negative,0.49999999943520806
R122_C067,2024,0.0,0,0,0,5.64791947838045e-10,True,True negative,0.49999999943520806
R122_C068,2024,0.0,0,0,0,5.64791947838045e-10,True,True negative,0.49999999943520806
R122_C070,2024,0.6931471805599453,0,0,0,5.7767006900864226e-08,True,True negative,0.4999999422329931
R122_C071,2024,0.0,0,0,0,5.64791947838045e-10,True,True negative,0.49999999943520806
R123_C020,2024,0.0,0,0,0,5.64791947838045e-10,True,True negative,0.49999999943520806
R123_C025,2024,0.0,0,0,0,5.64791947838045e-10,True,True negative,0.49999999943520806
R123_C027,2024,0.6931471805599453,0,0,0,5.7767006900864226e-08,True,True negative,0.4999999422329931
R123_C033,2024,0.0,0,0,0,5.64791947838045e-10,True,True negative,0.49999999943520806
R123_C034,2024,2.302585092994046,0,0,0,0.002673672923127726,True,True negative,0.4973263270768723
R123_C035,2024,0.6931471805599453,0,0,0,5.7767006900864226e-08,True,True negative,0.4999999422329931
R123_C036,2024,1.3862943611198906,0,0,0,5.9083840806754096e-06,True,True negative,0.49999409161591934
R123_C037,2024,1.0986122886681096,0,0,0,8.65629632656729e-07,True,True negative,0.49999913437036736
R123_C038,2024,0.0,0,0,0,5.64791947838045e-10,True,True negative,0.49999999943520806
R123_C040,2024,1.6094379124341005,0,0,0,2.621007218088068e-05,True,True negative,0.4999737899278191
R123_C041,2024,0.6931471805599453,0,0,0,5.7767006900864226e-08,True,True negative,0.4999999422329931
R123_C042,2024,0.6931471805599453,0,0,0,5.7767006900864226e-08,True,True negative,0.4999999422329931
R123_C043,2024,0.6931471805599453,0,0,0,5.7767006900864226e-08,True,True negative,0.4999999422329931
R123_C044,2024,1.3862943611198906,0,0,0,5.9083840806754096e-06,True,True negative,0.49999409161591934
R123_C045,2024,0.6931471805599453,0,0,0,5.7767006900864226e-08,True,True negative,0.4999999422329931
R123_C046,2024,0.6931471805599453,0,0,0,5.7767006900864226e-08,True,True negative,0.4999999422329931
R123_C049,2024,0.6931471805599453,0,0,0,5.7767006900864226e-08,True,True negative,0.4999999422329931
R123_C053,2024,0.0,0,0,0,5.64791947838045e-10,True,True negative,0.49999999943520806
R123_C055,2024,0.6931471805599453,0,0,0,5.7767006900864226e-08,True,True negative,0.4999999422329931
R123_C056,2024,1.791759469228055,0,0,0,8.852897499702268e-05,True,True negative,0.499911471025003
R123_C057,2024,1.0986122886681096,0,0,0,8.65629632656729e-07,True,True negative,0.49999913437036736
R123_C058,2024,0.0,0,0,0,5.64791947838045e-10,True,True negative,0.49999999943520806
R123_C059,2024,0.6931471805599453,0,0,0,5.7767006900864226e-08,True,True negative,0.4999999422329931
R123_C060,2024,0.6931471805599453,0,0,0,5.7767006900864226e-08,True,True negative,0.4999999422329931
R123_C061,2024,0.0,0,0,0,5.64791947838045e-10,True,True negative,0.49999999943520806
R123_C066,2024,1.0986122886681096,0,0,0,8.65629632656729e-07,True,True negative,0.49999913437036736
R123_C067,2024,1.0986122886681096,0,0,0,8.65629632656729e-07,True,True negative,0.49999913437036736
R123_C068,2024,0.0,0,0,0,5.64791947838045e-10,True,True negative,0.49999999943520806
R123_C069,2024,1.0986122886681096,0,0,0,8.65629632656729e-07,True,True negative,0.49999913437036736
R123_C070,2024,1.6094379124341005,0,0,0,2.621007218088068e-05,True,True negative,0.4999737899278191
R123_C071,2024,0.6931471805599453,0,0,0,5.7767006900864226e-08,True,True negative,0.4999999422329931
R124_C020,2024,0.0,0,0,0,5.64791947838045e-10,True,True negative,0.49999999943520806
R124_C027,2024,1.0986122886681096,0,0,0,8.65629632656729e-07,True,True negative,0.49999913437036736
R124_C033,2024,1.6094379124341005,0,0,0,2.621007218088068e-05,True,True negative,0.4999737899278191
R124_C034,2024,0.6931471805599453,0,0,0,5.7767006900864226e-08,True,True negative,0.4999999422329931
R124_C035,2024,1.6094379124341005,0,0,0,2.621007218088068e-05,True,True negative,0.4999737899278191
R124_C036,2024,1.3862943611198906,0,0,0,5.9083840806754096e-06,True,True negative,0.49999409161591934
R124_C037,2024,0.0,0,0,0,5.64791947838045e-10,True,True negative,0.49999999943520806
R124_C040,2024,0.6931471805599453,0,0,0,5.7767006900864226e-08,True,True negative,0.4999999422329931
R124_C043,2024,0.6931471805599453,0,0,0,5.7767006900864226e-08,True,True negative,0.4999999422329931
R124_C044,2024,1.3862943611198906,0,0,0,5.9083840806754096e-06,True,True negative,0.49999409161591934
R124_C049,2024,0.6931471805599453,0,0,0,5.7767006900864226e-08,True,True negative,0.4999999422329931
R124_C056,2024,1.3862943611198906,0,0,0,5.9083840806754096e-06,True,True negative,0.49999409161591934
R124_C057,2024,2.19722457733622,0,0,0,0.0013249536430650108,True,True negative,0.498675046356935
R124_C058,2024,0.6931471805599453,0,0,0,5.7767006900864226e-08,True,True negative,0.4999999422329931
R124_C059,2024,1.0986122886681096,0,0,0,8.65629632656729e-07,True,True negative,0.49999913437036736
R124_C060,2024,0.0,0,0,0,5.64791947838045e-10,True,True negative,0.49999999943520806
R124_C061,2024,0.6931471805599453,0,0,0,5.7767006900864226e-08,True,True negative,0.4999999422329931
R124_C062,2024,0.0,0,0,0,5.64791947838045e-10,True,True negative,0.49999999943520806
R124_C065,2024,0.6931471805599453,0,0,0,5.7767006900864226e-08,True,True negative,0.4999999422329931
R124_C068,2024,0.0,0,0,0,5.64791947838045e-10,True,True negative,0.49999999943520806
R124_C069,2024,1.3862943611198906,0,0,0,5.9083840806754096e-06,True,True negative,0.49999409161591934
R124_C070,2024,0.0,0,0,0,5.64791947838045e-10,True,True negative,0.49999999943520806
R124_C071,2024,1.3862943611198906,0,0,0,5.9083840806754096e-06,True,True negative,0.49999409161591934
R125_C020,2024,0.6931471805599453,0,0,0,5.7767006900864226e-08,True,True negative,0.4999999422329931
R125_C022,2024,0.6931471805599453,0,0,0,5.7767006900864226e-08,True,True negative,0.4999999422329931
R125_C026,2024,0.0,0,0,0,5.64791947838045e-10,True,True negative,0.49999999943520806
R125_C027,2024,0.0,0,0,0,5.64791947838045e-10,True,True negative,0.49999999943520806
R125_C033,2024,3.218875824868201,0,0,1,0.5488146483718718,False,False positive,0.04881464837187177
R125_C034,2024,1.9459101490553128,0,0,0,0.0002477300319792436,True,True negative,0.49975226996802075
R125_C035,2024,3.4657359027997265,0,0,1,0.8634228435842332,False,False positive,0.36342284358423316
R125_C036,2024,1.3862943611198906,0,0,0,5.9083840806754096e-06,True,True negative,0.49999409161591934
R125_C037,2024,0.6931471805599453,0,0,0,5.7767006900864226e-08,True,True negative,0.4999999422329931
R125_C038,2024,1.3862943611198906,0,0,0,5.9083840806754096e-06,True,True negative,0.49999409161591934
R125_C039,2024,0.6931471805599453,0,0,0,5.7767006900864226e-08,True,True negative,0.4999999422329931
R125_C040,2024,1.0986122886681096,0,0,0,8.65629632656729e-07,True,True negative,0.49999913437036736
R125_C043,2024,1.0986122886681096,0,0,0,8.65629632656729e-07,True,True negative,0.49999913437036736
R125_C044,2024,0.6931471805599453,0,0,0,5.7767006900864226e-08,True,True negative,0.4999999422329931
R125_C045,2024,0.6931471805599453,0,0,0,5.7767006900864226e-08,True,True negative,0.4999999422329931
R125_C046,2024,0.0,0,0,0,5.64791947838045e-10,True,True negative,0.49999999943520806
R125_C047,2024,1.3862943611198906,0,0,0,5.9083840806754096e-06,True,True negative,0.49999409161591934
R125_C048,2024,0.0,0,0,0,5.64791947838045e-10,True,True negative,0.49999999943520806
R125_C050,2024,0.6931471805599453,0,0,0,5.7767006900864226e-08,True,True negative,0.4999999422329931
R125_C051,2024,0.0,0,0,0,5.64791947838045e-10,True,True negative,0.49999999943520806
R125_C052,2024,0.0,0,0,0,5.64791947838045e-10,True,True negative,0.49999999943520806
R125_C053,2024,1.3862943611198906,0,0,0,5.9083840806754096e-06,True,True negative,0.49999409161591934
R125_C054,2024,0.0,0,0,0,5.64791947838045e-10,True,True negative,0.49999999943520806
R125_C055,2024,0.6931471805599453,0,0,0,5.7767006900864226e-08,True,True negative,0.4999999422329931
R125_C056,2024,1.791759469228055,0,0,0,8.852897499702268e-05,True,True negative,0.499911471025003
R125_C057,2024,0.6931471805599453,0,0,0,5.7767006900864226e-08,True,True negative,0.4999999422329931
R125_C058,2024,1.0986122886681096,0,0,0,8.65629632656729e-07,True,True negative,0.49999913437036736
R125_C059,2024,0.0,0,0,0,5.64791947838045e-10,True,True negative,0.49999999943520806
R125_C060,2024,0.6931471805599453,0,0,0,5.7767006900864226e-08,True,True negative,0.4999999422329931
R125_C061,2024,1.0986122886681096,0,0,0,8.65629632656729e-07,True,True negative,0.49999913437036736
R125_C062,2024,0.0,0,0,0,5.64791947838045e-10,True,True negative,0.49999999943520806
R125_C063,2024,0.6931471805599453,0,0,0,5.7767006900864226e-08,True,True negative,0.4999999422329931
R125_C064,2024,0.6931471805599453,0,0,0,5.7767006900864226e-08,True,True negative,0.4999999422329931
R125_C065,2024,1.3862943611198906,0,0,0,5.9083840806754096e-06,True,True negative,0.49999409161591934
R125_C067,2024,0.6931471805599453,0,0,0,5.7767006900864226e-08,True,True negative,0.4999999422329931
R125_C068,2024,0.6931471805599453,0,0,0,5.7767006900864226e-08,True,True negative,0.4999999422329931
R125_C069,2024,0.6931471805599453,0,0,0,5.7767006900864226e-08,True,True negative,0.4999999422329931
R126_C027,2024,0.6931471805599453,0,0,0,5.7767006900864226e-08,True,True negative,0.4999999422329931
R126_C031,2024,1.791759469228055,0,0,0,8.852897499702268e-05,True,True negative,0.499911471025003
R126_C032,2024,2.5649493574615367,0,0,0,0.015217410607103852,True,True negative,0.48478258939289615
R126_C033,2024,2.772588722239781,0,0,0,0.058211331684448954,True,True negative,0.441788668315551
R126_C034,2024,1.3862943611198906,0,0,0,5.9083840806754096e-06,True,True negative,0.49999409161591934
R126_C035,2024,1.0986122886681096,0,0,0,8.65629632656729e-07,True,True negative,0.49999913437036736
R126_C036,2024,0.6931471805599453,0,0,0,5.7767006900864226e-08,True,True negative,0.4999999422329931
R126_C039,2024,0.0,0,0,0,5.64791947838045e-10,True,True negative,0.49999999943520806
R126_C040,2024,1.0986122886681096,0,0,0,8.65629632656729e-07,True,True negative,0.49999913437036736
R126_C041,2024,1.3862943611198906,0,0,0,5.9083840806754096e-06,True,True negative,0.49999409161591934
R126_C042,2024,1.9459101490553128,0,0,0,0.0002477300319792436,True,True negative,0.49975226996802075
R126_C043,2024,2.079441541679836,0,0,0,0.0006039490586071061,True,True negative,0.4993960509413929
R126_C044,2024,2.4849066497880004,0,0,0,0.008974292080567959,True,True negative,0.49102570791943206
R126_C045,2024,1.0986122886681096,0,0,0,8.65629632656729e-07,True,True negative,0.49999913437036736
R126_C046,2024,0.0,0,0,0,5.64791947838045e-10,True,True negative,0.49999999943520806
R126_C047,2024,0.6931471805599453,0,0,0,5.7767006900864226e-08,True,True negative,0.4999999422329931
R126_C048,2024,0.6931471805599453,0,0,0,5.7767006900864226e-08,True,True negative,0.4999999422329931
R126_C049,2024,0.6931471805599453,0,0,0,5.7767006900864226e-08,True,True negative,0.4999999422329931
R126_C050,2024,0.0,0,0,0,5.64791947838045e-10,True,True negative,0.49999999943520806
R126_C051,2024,0.6931471805599453,0,0,0,5.7767006900864226e-08,True,True negative,0.4999999422329931
R126_C052,2024,0.6931471805599453,0,0,0,5.7767006900864226e-08,True,True negative,0.4999999422329931
R126_C056,2024,0.6931471805599453,0,0,0,5.7767006900864226e-08,True,True negative,0.4999999422329931
R126_C057,2024,0.0,0,0,0,5.64791947838045e-10,True,True negative,0.49999999943520806
R126_C058,2024,0.0,0,0,0,5.64791947838045e-10,True,True negative,0.49999999943520806
R126_C059,2024,1.6094379124341005,0,0,0,2.621007218088068e-05,True,True negative,0.4999737899278191
R126_C060,2024,0.6931471805599453,0,0,0,5.7767006900864226e-08,True,True negative,0.4999999422329931
R126_C061,2024,0.0,0,0,0,5.64791947838045e-10,True,True negative,0.49999999943520806
R126_C062,2024,0.0,0,0,0,5.64791947838045e-10,True,True negative,0.49999999943520806
R126_C063,2024,0.6931471805599453,0,0,0,5.7767006900864226e-08,True,True negative,0.4999999422329931
R126_C064,2024,0.0,0,0,0,5.64791947838045e-10,True,True negative,0.49999999943520806
R126_C065,2024,0.0,0,0,0,5.64791947838045e-10,True,True negative,0.49999999943520806
R126_C066,2024,0.0,0,0,0,5.64791947838045e-10,True,True negative,0.49999999943520806
R126_C067,2024,1.0986122886681096,0,0,0,8.65629632656729e-07,True,True negative,0.49999913437036736
R126_C068,2024,0.0,0,0,0,5.64791947838045e-10,True,True negative,0.49999999943520806
R126_C069,2024,0.0,0,0,0,5.64791947838045e-10,True,True negative,0.49999999943520806
R127_C021,2024,0.0,0,0,0,5.64791947838045e-10,True,True negative,0.49999999943520806
R127_C027,2024,0.0,0,0,0,5.64791947838045e-10,True,True negative,0.49999999943520806
R127_C030,2024,0.0,0,0,0,5.64791947838045e-10,True,True negative,0.49999999943520806
R127_C031,2024,1.3862943611198906,0,0,0,5.9083840806754096e-06,True,True negative,0.49999409161591934
R127_C032,2024,1.6094379124341005,0,0,0,2.621007218088068e-05,True,True negative,0.4999737899278191
R127_C033,2024,0.0,0,0,0,5.64791947838045e-10,True,True negative,0.49999999943520806
R127_C034,2024,1.0986122886681096,0,0,0,8.65629632656729e-07,True,True negative,0.49999913437036736
R127_C035,2024,1.0986122886681096,0,0,0,8.65629632656729e-07,True,True negative,0.49999913437036736
R127_C036,2024,2.19722457733622,0,0,0,0.0013249536430650108,True,True negative,0.498675046356935
R127_C038,2024,0.6931471805599453,0,0,0,5.7767006900864226e-08,True,True negative,0.4999999422329931
R127_C040,2024,1.0986122886681096,0,0,0,8.65629632656729e-07,True,True negative,0.49999913437036736
R127_C041,2024,1.6094379124341005,0,0,0,2.621007218088068e-05,True,True negative,0.4999737899278191
R127_C042,2024,2.3978952727983707,0,0,0,0.005039993971908603,True,True negative,0.49496000602809137
R127_C043,2024,1.0986122886681096,0,0,0,8.65629632656729e-07,True,True negative,0.49999913437036736
R127_C044,2024,0.0,0,0,0,5.64791947838045e-10,True,True negative,0.49999999943520806
R127_C045,2024,1.0986122886681096,0,0,0,8.65629632656729e-07,True,True negative,0.49999913437036736
R127_C046,2024,0.0,0,0,0,5.64791947838045e-10,True,True negative,0.49999999943520806
R127_C047,2024,0.0,0,0,0,5.64791947838045e-10,True,True negative,0.49999999943520806
R127_C048,2024,0.0,0,0,0,5.64791947838045e-10,True,True negative,0.49999999943520806
R127_C049,2024,1.0986122886681096,0,0,0,8.65629632656729e-07,True,True negative,0.49999913437036736
R127_C050,2024,0.0,0,0,0,5.64791947838045e-10,True,True negative,0.49999999943520806
R127_C051,2024,0.6931471805599453,0,0,0,5.7767006900864226e-08,True,True negative,0.4999999422329931
R127_C053,2024,0.0,0,0,0,5.64791947838045e-10,True,True negative,0.49999999943520806
R127_C055,2024,0.6931471805599453,0,0,0,5.7767006900864226e-08,True,True negative,0.4999999422329931
R127_C057,2024,0.6931471805599453,0,0,0,5.7767006900864226e-08,True,True negative,0.4999999422329931
R127_C058,2024,0.6931471805599453,0,0,0,5.7767006900864226e-08,True,True negative,0.4999999422329931
R127_C059,2024,0.0,0,0,0,5.64791947838045e-10,True,True negative,0.49999999943520806
R127_C061,2024,1.0986122886681096,0,0,0,8.65629632656729e-07,True,True negative,0.49999913437036736
R127_C062,2024,0.0,0,0,0,5.64791947838045e-10,True,True negative,0.49999999943520806
R127_C063,2024,0.0,0,0,0,5.64791947838045e-10,True,True negative,0.49999999943520806
R127_C064,2024,0.0,0,0,0,5.64791947838045e-10,True,True negative,0.49999999943520806
R127_C065,2024,0.0,0,0,0,5.64791947838045e-10,True,True negative,0.49999999943520806
R127_C066,2024,0.6931471805599453,0,0,0,5.7767006900864226e-08,True,True negative,0.4999999422329931
R127_C067,2024,0.0,0,0,0,5.64791947838045e-10,True,True negative,0.49999999943520806
R128_C013,2024,0.0,0,0,0,5.64791947838045e-10,True,True negative,0.49999999943520806
R128_C021,2024,0.0,0,0,0,5.64791947838045e-10,True,True negative,0.49999999943520806
R128_C023,2024,0.0,0,0,0,5.64791947838045e-10,True,True negative,0.49999999943520806
R128_C030,2024,0.0,0,0,0,5.64791947838045e-10,True,True negative,0.49999999943520806
R128_C031,2024,0.0,0,0,0,5.64791947838045e-10,True,True negative,0.49999999943520806
R128_C032,2024,1.0986122886681096,0,0,0,8.65629632656729e-07,True,True negative,0.49999913437036736
R128_C033,2024,1.6094379124341005,0,0,0,2.621007218088068e-05,True,True negative,0.4999737899278191
R128_C034,2024,1.6094379124341005,0,0,0,2.621007218088068e-05,True,True negative,0.4999737899278191
R128_C035,2024,1.6094379124341005,0,0,0,2.621007218088068e-05,True,True negative,0.4999737899278191
R128_C036,2024,1.0986122886681096,0,0,0,8.65629632656729e-07,True,True negative,0.49999913437036736
R128_C037,2024,2.079441541679836,0,0,0,0.0006039490586071061,True,True negative,0.4993960509413929
R128_C038,2024,1.0986122886681096,0,0,0,8.65629632656729e-07,True,True negative,0.49999913437036736
R128_C039,2024,2.995732273553991,0,0,0,0.21519187873111192,True,True negative,0.2848081212688881
R128_C040,2024,1.9459101490553128,0,0,0,0.0002477300319792436,True,True negative,0.49975226996802075
R128_C041,2024,2.079441541679836,0,0,0,0.0006039490586071061,True,True negative,0.4993960509413929
R128_C042,2024,3.091042453358316,0,0,0,0.3412830017619351,True,True negative,0.1587169982380649
R128_C043,2024,2.639057329615259,0,0,0,0.024717696654622916,True,True negative,0.4752823033453771
R128_C044,2024,0.6931471805599453,0,0,0,5.7767006900864226e-08,True,True negative,0.4999999422329931
R128_C045,2024,0.6931471805599453,0,0,0,5.7767006900864226e-08,True,True negative,0.4999999422329931
R128_C046,2024,0.0,0,0,0,5.64791947838045e-10,True,True negative,0.49999999943520806
R128_C047,2024,0.6931471805599453,0,0,0,5.7767006900864226e-08,True,True negative,0.4999999422329931
R128_C049,2024,0.0,0,0,0,5.64791947838045e-10,True,True negative,0.49999999943520806
R128_C051,2024,0.0,0,0,0,5.64791947838045e-10,True,True negative,0.49999999943520806
R128_C054,2024,0.0,0,0,0,5.64791947838045e-10,True,True negative,0.49999999943520806
R128_C055,2024,0.0,0,0,0,5.64791947838045e-10,True,True negative,0.49999999943520806
R128_C056,2024,0.0,0,0,0,5.64791947838045e-10,True,True negative,0.49999999943520806
R128_C057,2024,0.0,0,0,0,5.64791947838045e-10,True,True negative,0.49999999943520806
R128_C062,2024,1.0986122886681096,0,0,0,8.65629632656729e-07,True,True negative,0.49999913437036736
R128_C063,2024,0.0,0,0,0,5.64791947838045e-10,True,True negative,0.49999999943520806
R128_C064,2024,0.0,0,0,0,5.64791947838045e-10,True,True negative,0.49999999943520806
R128_C065,2024,0.0,0,0,0,5.64791947838045e-10,True,True negative,0.49999999943520806
R128_C066,2024,2.3978952727983707,0,0,0,0.005039993971908603,True,True negative,0.49496000602809137
R128_C067,2024,0.0,0,0,0,5.64791947838045e-10,True,True negative,0.49999999943520806
R129_C013,2024,0.6931471805599453,0,0,0,5.7767006900864226e-08,True,True negative,0.4999999422329931
R129_C028,2024,0.0,0,0,0,5.64791947838045e-10,True,True negative,0.49999999943520806
R129_C030,2024,0.0,0,0,0,5.64791947838045e-10,True,True negative,0.49999999943520806
R129_C031,2024,1.9459101490553128,0,0,0,0.0002477300319792436,True,True negative,0.49975226996802075
R129_C032,2024,0.6931471805599453,0,0,0,5.7767006900864226e-08,True,True negative,0.4999999422329931
R129_C033,2024,1.3862943611198906,0,0,0,5.9083840806754096e-06,True,True negative,0.49999409161591934
R129_C034,2024,1.3862943611198906,0,0,0,5.9083840806754096e-06,True,True negative,0.49999409161591934
R129_C035,2024,1.6094379124341005,0,0,0,2.621007218088068e-05,True,True negative,0.4999737899278191
R129_C036,2024,1.791759469228055,0,0,0,8.852897499702268e-05,True,True negative,0.499911471025003
R129_C037,2024,3.49650756146648,0,1,1,0.8858928614393123,True,True positive,0.38589286143931234
R129_C038,2024,3.4339872044851463,0,0,1,0.8364500535624654,False,False positive,0.3364500535624654
R129_C039,2024,3.218875824868201,0,0,1,0.5488146483718718,False,False positive,0.04881464837187177
R129_C040,2024,3.218875824868201,0,0,1,0.5488146483718718,False,False positive,0.04881464837187177
R129_C041,2024,3.80666248977032,1,1,1,0.9846554694251088,True,True positive,0.48465546942510884
R129_C042,2024,3.367295829986474,0,0,1,0.7661666921380098,False,False positive,0.2661666921380098
R129_C043,2024,2.5649493574615367,0,0,0,0.015217410607103852,True,True negative,0.48478258939289615
R129_C044,2024,1.6094379124341005,0,0,0,2.621007218088068e-05,True,True negative,0.4999737899278191
R129_C045,2024,0.6931471805599453,0,0,0,5.7767006900864226e-08,True,True negative,0.4999999422329931
R129_C046,2024,0.0,0,0,0,5.64791947838045e-10,True,True negative,0.49999999943520806
R129_C047,2024,0.6931471805599453,0,0,0,5.7767006900864226e-08,True,True negative,0.4999999422329931
R129_C048,2024,0.6931471805599453,0,0,0,5.7767006900864226e-08,True,True negative,0.4999999422329931
R129_C050,2024,1.0986122886681096,0,0,0,8.65629632656729e-07,True,True negative,0.49999913437036736
R129_C051,2024,1.0986122886681096,0,0,0,8.65629632656729e-07,True,True negative,0.49999913437036736
R129_C052,2024,1.0986122886681096,0,0,0,8.65629632656729e-07,True,True negative,0.49999913437036736
R129_C053,2024,0.6931471805599453,0,0,0,5.7767006900864226e-08,True,True negative,0.4999999422329931
R129_C054,2024,0.6931471805599453,0,0,0,5.7767006900864226e-08,True,True negative,0.4999999422329931
R129_C056,2024,1.3862943611198906,0,0,0,5.9083840806754096e-06,True,True negative,0.49999409161591934
R129_C060,2024,0.0,0,0,0,5.64791947838045e-10,True,True negative,0.49999999943520806
R129_C062,2024,0.6931471805599453,0,0,0,5.7767006900864226e-08,True,True negative,0.4999999422329931
R129_C063,2024,0.6931471805599453,0,0,0,5.7767006900864226e-08,True,True negative,0.4999999422329931
R129_C064,2024,0.6931471805599453,0,0,0,5.7767006900864226e-08,True,True negative,0.4999999422329931
R129_C065,2024,0.6931471805599453,0,0,0,5.7767006900864226e-08,True,True negative,0.4999999422329931
R129_C066,2024,0.6931471805599453,0,0,0,5.7767006900864226e-08,True,True negative,0.4999999422329931
R130_C012,2024,0.0,0,0,0,5.64791947838045e-10,True,True negative,0.49999999943520806
R130_C013,2024,0.6931471805599453,0,0,0,5.7767006900864226e-08,True,True negative,0.4999999422329931
R130_C023,2024,0.6931471805599453,0,0,0,5.7767006900864226e-08,True,True negative,0.4999999422329931
R130_C027,2024,0.0,0,0,0,5.64791947838045e-10,True,True negative,0.49999999943520806
R130_C028,2024,1.0986122886681096,0,0,0,8.65629632656729e-07,True,True negative,0.49999913437036736
R130_C029,2024,0.0,0,0,0,5.64791947838045e-10,True,True negative,0.49999999943520806
R130_C030,2024,0.0,0,0,0,5.64791947838045e-10,True,True negative,0.49999999943520806
R130_C031,2024,0.0,0,0,0,5.64791947838045e-10,True,True negative,0.49999999943520806
R130_C034,2024,0.0,0,0,0,5.64791947838045e-10,True,True negative,0.49999999943520806
R130_C035,2024,2.9444389791664403,0,0,0,0.1629605820634127,True,True negative,0.3370394179365873
R130_C036,2024,3.555348061489413,0,1,1,0.9199965296592397,True,True positive,0.4199965296592397
R130_C037,2024,3.9889840465642745,1,1,1,0.9954077445379951,True,True positive,0.4954077445379951
R130_C038,2024,4.634728988229636,1,1,1,0.9999381057503464,True,True positive,0.49993810575034636
R130_C039,2024,4.61512051684126,1,1,1,0.9999294492523191,True,True positive,0.4999294492523191
R130_C040,2024,3.784189633918261,1,1,1,0.9822157075581223,True,True positive,0.48221570755812226
R130_C041,2024,3.713572066704308,1,0,1,0.9718054089565341,False,False positive,0.4718054089565341
R130_C042,2024,3.091042453358316,0,0,0,0.3412830017619351,True,True negative,0.1587169982380649
R130_C043,2024,1.6094379124341005,0,0,0,2.621007218088068e-05,True,True negative,0.4999737899278191
R130_C044,2024,2.3978952727983707,0,0,0,0.005039993971908603,True,True negative,0.49496000602809137
R130_C045,2024,1.791759469228055,0,0,0,8.852897499702268e-05,True,True negative,0.499911471025003
R130_C046,2024,1.6094379124341005,0,0,0,2.621007218088068e-05,True,True negative,0.4999737899278191
R130_C047,2024,2.079441541679836,0,0,0,0.0006039490586071061,True,True negative,0.4993960509413929
R130_C048,2024,0.0,0,0,0,5.64791947838045e-10,True,True negative,0.49999999943520806
R130_C049,2024,1.0986122886681096,0,0,0,8.65629632656729e-07,True,True negative,0.49999913437036736
R130_C051,2024,2.079441541679836,0,0,0,0.0006039490586071061,True,True negative,0.4993960509413929
R130_C052,2024,1.3862943611198906,0,0,0,5.9083840806754096e-06,True,True negative,0.49999409161591934
R130_C053,2024,2.4849066497880004,0,0,0,0.008974292080567959,True,True negative,0.49102570791943206
R130_C054,2024,1.6094379124341005,0,0,0,2.621007218088068e-05,True,True negative,0.4999737899278191
R130_C055,2024,1.3862943611198906,0,0,0,5.9083840806754096e-06,True,True negative,0.49999409161591934
R130_C059,2024,0.0,0,0,0,5.64791947838045e-10,True,True negative,0.49999999943520806
R130_C062,2024,0.6931471805599453,0,0,0,5.7767006900864226e-08,True,True negative,0.4999999422329931
R130_C063,2024,0.0,0,0,0,5.64791947838045e-10,True,True negative,0.49999999943520806
R130_C064,2024,1.0986122886681096,0,0,0,8.65629632656729e-07,True,True negative,0.49999913437036736
R130_C065,2024,1.0986122886681096,0,0,0,8.65629632656729e-07,True,True negative,0.49999913437036736
R130_C066,2024,0.6931471805599453,0,0,0,5.7767006900864226e-08,True,True negative,0.4999999422329931
R131_C015,2024,0.6931471805599453,0,0,0,5.7767006900864226e-08,True,True negative,0.4999999422329931
R131_C023,2024,0.0,0,0,0,5.64791947838045e-10,True,True negative,0.49999999943520806
R131_C024,2024,1.0986122886681096,0,0,0,8.65629632656729e-07,True,True negative,0.49999913437036736
R131_C025,2024,0.0,0,0,0,5.64791947838045e-10,True,True negative,0.49999999943520806
R131_C028,2024,1.3862943611198906,0,0,0,5.9083840806754096e-06,True,True negative,0.49999409161591934
R131_C029,2024,1.0986122886681096,0,0,0,8.65629632656729e-07,True,True negative,0.49999913437036736
R131_C030,2024,1.3862943611198906,0,0,0,5.9083840806754096e-06,True,True negative,0.49999409161591934
R131_C033,2024,1.0986122886681096,0,0,0,8.65629632656729e-07,True,True negative,0.49999913437036736
R131_C034,2024,1.9459101490553128,0,0,0,0.0002477300319792436,True,True negative,0.49975226996802075
R131_C035,2024,1.6094379124341005,0,0,0,2.621007218088068e-05,True,True negative,0.4999737899278191
R131_C036,2024,2.833213344056216,0,0,0,0.08479219087228605,True,True negative,0.41520780912771393
R131_C037,2024,4.330733340286331,1,1,1,0.9995291171185748,True,True positive,0.49952911711857484
R131_C038,2024,5.093750200806762,1,1,1,0.9999971110731657,True,True positive,0.4999971110731657
R131_C039,2024,4.219507705176107,1,1,1,0.9990110183177369,True,True positive,0.49901101831773687
R131_C040,2024,3.295836866004329,0,0,1,0.6703357251318038,False,False positive,0.17033572513180384
R131_C041,2024,2.3978952727983707,0,0,0,0.005039993971908603,True,True negative,0.49496000602809137
R131_C042,2024,2.9444389791664403,0,0,0,0.1629605820634127,True,True negative,0.3370394179365873
R131_C043,2024,1.6094379124341005,0,0,0,2.621007218088068e-05,True,True negative,0.4999737899278191
R131_C044,2024,1.3862943611198906,0,0,0,5.9083840806754096e-06,True,True negative,0.49999409161591934
R131_C045,2024,2.70805020110221,0,0,0,0.038620547826229264,True,True negative,0.46137945217377074
R131_C046,2024,3.367295829986474,0,0,1,0.7661666921380098,False,False positive,0.2661666921380098
R131_C047,2024,3.1780538303479458,0,0,0,0.4808442013353714,True,True negative,0.019155798664628576
R131_C048,2024,2.8903717578961645,0,0,0,0.11948288041963083,True,True negative,0.38051711958036916
R131_C049,2024,1.9459101490553128,0,0,0,0.0002477300319792436,True,True negative,0.49975226996802075
R131_C050,2024,1.3862943611198906,0,0,0,5.9083840806754096e-06,True,True negative,0.49999409161591934
R131_C051,2024,3.1780538303479458,0,0,0,0.4808442013353714,True,True negative,0.019155798664628576
R131_C052,2024,3.49650756146648,0,0,1,0.8858928614393123,False,False positive,0.38589286143931234
R131_C053,2024,3.4657359027997265,0,0,1,0.8634228435842332,False,False positive,0.36342284358423316
R131_C054,2024,1.6094379124341005,0,0,0,2.621007218088068e-05,True,True negative,0.4999737899278191
R131_C055,2024,1.0986122886681096,0,0,0,8.65629632656729e-07,True,True negative,0.49999913437036736
R131_C056,2024,0.0,0,0,0,5.64791947838045e-10,True,True negative,0.49999999943520806
R131_C057,2024,0.0,0,0,0,5.64791947838045e-10,True,True negative,0.49999999943520806
R131_C058,2024,1.0986122886681096,0,0,0,8.65629632656729e-07,True,True negative,0.49999913437036736
R131_C062,2024,0.6931471805599453,0,0,0,5.7767006900864226e-08,True,True negative,0.4999999422329931
R131_C063,2024,0.0,0,0,0,5.64791947838045e-10,True,True negative,0.49999999943520806
R131_C065,2024,1.3862943611198906,0,0,0,5.9083840806754096e-06,True,True negative,0.49999409161591934
R132_C017,2024,0.6931471805599453,0,0,0,5.7767006900864226e-08,True,True negative,0.4999999422329931
R132_C021,2024,0.0,0,0,0,5.64791947838045e-10,True,True negative,0.49999999943520806
R132_C024,2024,0.0,0,0,0,5.64791947838045e-10,True,True negative,0.49999999943520806
R132_C030,2024,1.0986122886681096,0,0,0,8.65629632656729e-07,True,True negative,0.49999913437036736
R132_C031,2024,0.6931471805599453,0,0,0,5.7767006900864226e-08,True,True negative,0.4999999422329931
R132_C032,2024,0.0,0,0,0,5.64791947838045e-10,True,True negative,0.49999999943520806
R132_C033,2024,2.079441541679836,0,0,0,0.0006039490586071061,True,True negative,0.4993960509413929
R132_C034,2024,1.0986122886681096,0,0,0,8.65629632656729e-07,True,True negative,0.49999913437036736
R132_C035,2024,2.639057329615259,0,0,0,0.024717696654622916,True,True negative,0.4752823033453771
R132_C036,2024,2.70805020110221,0,0,0,0.038620547826229264,True,True negative,0.46137945217377074
R132_C037,2024,3.091042453358316,0,0,0,0.3412830017619351,True,True negative,0.1587169982380649
R132_C038,2024,2.5649493574615367,0,0,0,0.015217410607103852,True,True negative,0.48478258939289615
R132_C039,2024,2.079441541679836,0,0,0,0.0006039490586071061,True,True negative,0.4993960509413929
R132_C040,2024,2.079441541679836,0,0,0,0.0006039490586071061,True,True negative,0.4993960509413929
R132_C041,2024,3.044522437723423,0,0,0,0.27524593511421913,True,True negative,0.22475406488578087
R132_C042,2024,2.079441541679836,0,0,0,0.0006039490586071061,True,True negative,0.4993960509413929
R132_C043,2024,0.0,0,0,0,5.64791947838045e-10,True,True negative,0.49999999943520806
R132_C045,2024,1.6094379124341005,0,0,0,2.621007218088068e-05,True,True negative,0.4999737899278191
R132_C046,2024,1.3862943611198906,0,0,0,5.9083840806754096e-06,True,True negative,0.49999409161591934
R132_C047,2024,1.791759469228055,0,0,0,8.852897499702268e-05,True,True negative,0.499911471025003
R132_C048,2024,2.5649493574615367,0,0,0,0.015217410607103852,True,True negative,0.48478258939289615
R132_C049,2024,2.5649493574615367,0,0,0,0.015217410607103852,True,True negative,0.48478258939289615
R132_C050,2024,4.07753744390572,1,1,1,0.997452259779216,True,True positive,0.49745225977921603
R132_C051,2024,4.653960350157523,1,1,1,0.9999455632864424,True,True positive,0.49994556328644235
R132_C052,2024,4.812184355372417,1,1,1,0.9999810707122812,True,True positive,0.49998107071228115
R132_C053,2024,3.713572066704308,1,0,1,0.9718054089565341,False,False positive,0.4718054089565341
R132_C054,2024,2.9444389791664403,0,0,0,0.1629605820634127,True,True negative,0.3370394179365873
R132_C055,2024,2.302585092994046,0,0,0,0.002673672923127726,True,True negative,0.4973263270768723
R132_C056,2024,1.3862943611198906,0,0,0,5.9083840806754096e-06,True,True negative,0.49999409161591934
R132_C057,2024,2.079441541679836,0,0,0,0.0006039490586071061,True,True negative,0.4993960509413929
R132_C058,2024,0.0,0,0,0,5.64791947838045e-10,True,True negative,0.49999999943520806
R132_C061,2024,0.6931471805599453,0,0,0,5.7767006900864226e-08,True,True negative,0.4999999422329931
R132_C062,2024,0.6931471805599453,0,0,0,5.7767006900864226e-08,True,True negative,0.4999999422329931
R133_C024,2024,0.0,0,0,0,5.64791947838045e-10,True,True negative,0.49999999943520806
R133_C026,2024,0.0,0,0,0,5.64791947838045e-10,True,True negative,0.49999999943520806
R133_C027,2024,0.0,0,0,0,5.64791947838045e-10,True,True negative,0.49999999943520806
R133_C030,2024,1.0986122886681096,0,0,0,8.65629632656729e-07,True,True negative,0.49999913437036736
R133_C031,2024,1.0986122886681096,0,0,0,8.65629632656729e-07,True,True negative,0.49999913437036736
R133_C032,2024,2.772588722239781,0,0,0,0.058211331684448954,True,True negative,0.441788668315551
R133_C033,2024,1.9459101490553128,0,0,0,0.0002477300319792436,True,True negative,0.49975226996802075
R133_C034,2024,2.4849066497880004,0,0,0,0.008974292080567959,True,True negative,0.49102570791943206
R133_C035,2024,1.6094379124341005,0,0,0,2.621007218088068e-05,True,True negative,0.4999737899278191
R133_C037,2024,1.0986122886681096,0,0,0,8.65629632656729e-07,True,True negative,0.49999913437036736
R133_C038,2024,1.0986122886681096,0,0,0,8.65629632656729e-07,True,True negative,0.49999913437036736
R133_C039,2024,1.6094379124341005,0,0,0,2.621007218088068e-05,True,True negative,0.4999737899278191
R133_C040,2024,0.6931471805599453,0,0,0,5.7767006900864226e-08,True,True negative,0.4999999422329931
R133_C041,2024,2.302585092994046,0,0,0,0.002673672923127726,True,True negative,0.4973263270768723
R133_C042,2024,2.70805020110221,0,0,0,0.038620547826229264,True,True negative,0.46137945217377074
R133_C043,2024,1.3862943611198906,0,0,0,5.9083840806754096e-06,True,True negative,0.49999409161591934
R133_C044,2024,2.4849066497880004,0,0,0,0.008974292080567959,True,True negative,0.49102570791943206
R133_C045,2024,2.70805020110221,0,0,0,0.038620547826229264,True,True negative,0.46137945217377074
R133_C046,2024,2.079441541679836,0,0,0,0.0006039490586071061,True,True negative,0.4993960509413929
R133_C047,2024,1.791759469228055,0,0,0,8.852897499702268e-05,True,True negative,0.499911471025003
R133_C048,2024,1.791759469228055,0,0,0,8.852897499702268e-05,True,True negative,0.499911471025003
R133_C049,2024,2.772588722239781,0,0,0,0.058211331684448954,True,True negative,0.441788668315551
R133_C050,2024,1.0986122886681096,0,0,0,8.65629632656729e-07,True,True negative,0.49999913437036736
R133_C051,2024,3.4657359027997265,0,1,1,0.8634228435842332,True,True positive,0.36342284358423316
R133_C052,2024,3.4011973816621555,0,0,1,0.8042593123851965,False,False positive,0.30425931238519655
R133_C054,2024,0.0,0,0,0,5.64791947838045e-10,True,True negative,0.49999999943520806
R133_C055,2024,1.6094379124341005,0,0,0,2.621007218088068e-05,True,True negative,0.4999737899278191
R133_C056,2024,1.6094379124341005,0,0,0,2.621007218088068e-05,True,True negative,0.4999737899278191
R133_C057,2024,1.0986122886681096,0,0,0,8.65629632656729e-07,True,True negative,0.49999913437036736
R133_C058,2024,0.0,0,0,0,5.64791947838045e-10,True,True negative,0.49999999943520806
R133_C059,2024,1.0986122886681096,0,0,0,8.65629632656729e-07,True,True negative,0.49999913437036736
R133_C060,2024,2.3978952727983707,0,0,0,0.005039993971908603,True,True negative,0.49496000602809137
R133_C061,2024,1.0986122886681096,0,0,0,8.65629632656729e-07,True,True negative,0.49999913437036736
R134_C024,2024,0.0,0,0,0,5.64791947838045e-10,True,True negative,0.49999999943520806
R134_C026,2024,0.0,0,0,0,5.64791947838045e-10,True,True negative,0.49999999943520806
R134_C027,2024,0.0,0,0,0,5.64791947838045e-10,True,True negative,0.49999999943520806
R134_C029,2024,0.0,0,0,0,5.64791947838045e-10,True,True negative,0.49999999943520806
R134_C030,2024,1.3862943611198906,0,0,0,5.9083840806754096e-06,True,True negative,0.49999409161591934
R134_C031,2024,0.0,0,0,0,5.64791947838045e-10,True,True negative,0.49999999943520806
R134_C032,2024,1.9459101490553128,0,0,0,0.0002477300319792436,True,True negative,0.49975226996802075
R134_C033,2024,1.0986122886681096,0,0,0,8.65629632656729e-07,True,True negative,0.49999913437036736
R134_C034,2024,2.079441541679836,0,0,0,0.0006039490586071061,True,True negative,0.4993960509413929
R134_C035,2024,1.0986122886681096,0,0,0,8.65629632656729e-07,True,True negative,0.49999913437036736
R134_C037,2024,1.3862943611198906,0,0,0,5.9083840806754096e-06,True,True negative,0.49999409161591934
R134_C039,2024,0.0,0,0,0,5.64791947838045e-10,True,True negative,0.49999999943520806
R134_C041,2024,0.6931471805599453,0,0,0,5.7767006900864226e-08,True,True negative,0.4999999422329931
R134_C042,2024,0.6931471805599453,0,0,0,5.7767006900864226e-08,True,True negative,0.4999999422329931
R134_C043,2024,2.5649493574615367,0,0,0,0.015217410607103852,True,True negative,0.48478258939289615
R134_C044,2024,3.58351893845611,1,0,1,0.9353384081017577,False,False positive,0.4353384081017577
R134_C045,2024,2.9444389791664403,0,0,0,0.1629605820634127,True,True negative,0.3370394179365873
R134_C046,2024,1.3862943611198906,0,0,0,5.9083840806754096e-06,True,True negative,0.49999409161591934
R134_C047,2024,0.6931471805599453,0,0,0,5.7767006900864226e-08,True,True negative,0.4999999422329931
R134_C048,2024,1.3862943611198906,0,0,0,5.9083840806754096e-06,True,True negative,0.49999409161591934
R134_C049,2024,2.70805020110221,0,0,0,0.038620547826229264,True,True negative,0.46137945217377074
R134_C050,2024,0.6931471805599453,0,0,0,5.7767006900864226e-08,True,True negative,0.4999999422329931
R134_C056,2024,0.0,0,0,0,5.64791947838045e-10,True,True negative,0.49999999943520806
R134_C057,2024,1.0986122886681096,0,0,0,8.65629632656729e-07,True,True negative,0.49999913437036736
R134_C058,2024,0.0,0,0,0,5.64791947838045e-10,True,True negative,0.49999999943520806
R134_C059,2024,0.6931471805599453,0,0,0,5.7767006900864226e-08,True,True negative,0.4999999422329931
R135_C024,2024,0.0,0,0,0,5.64791947838045e-10,True,True negative,0.49999999943520806
R135_C025,2024,1.0986122886681096,0,0,0,8.65629632656729e-07,True,True negative,0.49999913437036736
R135_C027,2024,0.0,0,0,0,5.64791947838045e-10,True,True negative,0.49999999943520806
R135_C029,2024,0.6931471805599453,0,0,0,5.7767006900864226e-08,True,True negative,0.4999999422329931
R135_C031,2024,0.0,0,0,0,5.64791947838045e-10,True,True negative,0.49999999943520806
R135_C032,2024,1.0986122886681096,0,0,0,8.65629632656729e-07,True,True negative,0.49999913437036736
R135_C033,2024,0.0,0,0,0,5.64791947838045e-10,True,True negative,0.49999999943520806
R135_C034,2024,0.6931471805599453,0,0,0,5.7767006900864226e-08,True,True negative,0.4999999422329931
R135_C035,2024,1.3862943611198906,0,0,0,5.9083840806754096e-06,True,True negative,0.49999409161591934
R135_C036,2024,0.6931471805599453,0,0,0,5.7767006900864226e-08,True,True negative,0.4999999422329931
R135_C037,2024,1.3862943611198906,0,0,0,5.9083840806754096e-06,True,True negative,0.49999409161591934
R135_C039,2024,0.6931471805599453,0,0,0,5.7767006900864226e-08,True,True negative,0.4999999422329931
R135_C041,2024,0.0,0,0,0,5.64791947838045e-10,True,True negative,0.49999999943520806
R135_C042,2024,0.6931471805599453,0,0,0,5.7767006900864226e-08,True,True negative,0.4999999422329931
R135_C043,2024,2.3978952727983707,0,0,0,0.005039993971908603,True,True negative,0.49496000602809137
R135_C044,2024,1.6094379124341005,0,0,0,2.621007218088068e-05,True,True negative,0.4999737899278191
R135_C045,2024,1.6094379124341005,0,0,0,2.621007218088068e-05,True,True negative,0.4999737899278191
R135_C046,2024,0.6931471805599453,0,0,0,5.7767006900864226e-08,True,True negative,0.4999999422329931
R135_C047,2024,1.3862943611198906,0,0,0,5.9083840806754096e-06,True,True negative,0.49999409161591934
R135_C048,2024,1.0986122886681096,0,0,0,8.65629632656729e-07,True,True negative,0.49999913437036736
R135_C049,2024,3.332204510175204,0,0,1,0.7216193143239186,False,False positive,0.22161931432391857
R135_C050,2024,1.9459101490553128,0,0,0,0.0002477300319792436,True,True negative,0.49975226996802075
R135_C051,2024,1.9459101490553128,0,0,0,0.0002477300319792436,True,True negative,0.49975226996802075
R135_C052,2024,1.6094379124341005,0,0,0,2.621007218088068e-05,True,True negative,0.4999737899278191
R135_C057,2024,0.0,0,0,0,5.64791947838045e-10,True,True negative,0.49999999943520806
R135_C058,2024,0.0,0,0,0,5.64791947838045e-10,True,True negative,0.49999999943520806
R136_C023,2024,0.0,0,0,0,5.64791947838045e-10,True,True negative,0.49999999943520806
R136_C025,2024,0.0,0,0,0,5.64791947838045e-10,True,True negative,0.49999999943520806
R136_C026,2024,0.6931471805599453,0,0,0,5.7767006900864226e-08,True,True negative,0.4999999422329931
R136_C029,2024,0.0,0,0,0,5.64791947838045e-10,True,True negative,0.49999999943520806
R136_C030,2024,0.0,0,0,0,5.64791947838045e-10,True,True negative,0.49999999943520806
R136_C031,2024,0.6931471805599453,0,0,0,5.7767006900864226e-08,True,True negative,0.4999999422329931
R136_C032,2024,0.6931471805599453,0,0,0,5.7767006900864226e-08,True,True negative,0.4999999422329931
R136_C034,2024,1.6094379124341005,0,0,0,2.621007218088068e-05,True,True negative,0.4999737899278191
R136_C035,2024,0.0,0,0,0,5.64791947838045e-10,True,True negative,0.49999999943520806
R136_C037,2024,0.0,0,0,0,5.64791947838045e-10,True,True negative,0.49999999943520806
R136_C038,2024,0.6931471805599453,0,0,0,5.7767006900864226e-08,True,True negative,0.4999999422329931
R136_C039,2024,0.0,0,0,0,5.64791947838045e-10,True,True negative,0.49999999943520806
R136_C041,2024,0.0,0,0,0,5.64791947838045e-10,True,True negative,0.49999999943520806
R136_C042,2024,2.4849066497880004,0,0,0,0.008974292080567959,True,True negative,0.49102570791943206
R136_C043,2024,1.6094379124341005,0,0,0,2.621007218088068e-05,True,True negative,0.4999737899278191
R136_C044,2024,2.4849066497880004,0,0,0,0.008974292080567959,True,True negative,0.49102570791943206
R136_C045,2024,1.0986122886681096,0,0,0,8.65629632656729e-07,True,True negative,0.49999913437036736
R136_C046,2024,1.0986122886681096,0,0,0,8.65629632656729e-07,True,True negative,0.49999913437036736
R136_C047,2024,0.0,0,0,0,5.64791947838045e-10,True,True negative,0.49999999943520806
R136_C048,2024,1.6094379124341005,0,0,0,2.621007218088068e-05,True,True negative,0.4999737899278191
R136_C049,2024,2.4849066497880004,0,0,0,0.008974292080567959,True,True negative,0.49102570791943206
R136_C050,2024,2.3978952727983707,0,0,0,0.005039993971908603,True,True negative,0.49496000602809137
R136_C051,2024,2.079441541679836,0,0,0,0.0006039490586071061,True,True negative,0.4993960509413929
R136_C052,2024,3.367295829986474,0,1,1,0.7661666921380098,True,True positive,0.2661666921380098
R136_C053,2024,1.3862943611198906,0,0,0,5.9083840806754096e-06,True,True negative,0.49999409161591934
R137_C014,2024,0.0,0,0,0,5.64791947838045e-10,True,True negative,0.49999999943520806
R137_C023,2024,1.0986122886681096,0,0,0,8.65629632656729e-07,True,True negative,0.49999913437036736
R137_C027,2024,0.0,0,0,0,5.64791947838045e-10,True,True negative,0.49999999943520806
R137_C029,2024,0.0,0,0,0,5.64791947838045e-10,True,True negative,0.49999999943520806
R137_C033,2024,1.0986122886681096,0,0,0,8.65629632656729e-07,True,True negative,0.49999913437036736
R137_C034,2024,1.0986122886681096,0,0,0,8.65629632656729e-07,True,True negative,0.49999913437036736
R137_C037,2024,0.0,0,0,0,5.64791947838045e-10,True,True negative,0.49999999943520806
R137_C038,2024,0.0,0,0,0,5.64791947838045e-10,True,True negative,0.49999999943520806
R137_C039,2024,0.0,0,0,0,5.64791947838045e-10,True,True negative,0.49999999943520806
R137_C040,2024,0.0,0,0,0,5.64791947838045e-10,True,True negative,0.49999999943520806
R137_C041,2024,1.791759469228055,0,0,0,8.852897499702268e-05,True,True negative,0.499911471025003
R137_C042,2024,2.302585092994046,0,0,0,0.002673672923127726,True,True negative,0.4973263270768723
R137_C043,2024,1.9459101490553128,0,0,0,0.0002477300319792436,True,True negative,0.49975226996802075
R137_C044,2024,1.6094379124341005,0,0,0,2.621007218088068e-05,True,True negative,0.4999737899278191
R137_C045,2024,1.3862943611198906,0,0,0,5.9083840806754096e-06,True,True negative,0.49999409161591934
R137_C046,2024,1.0986122886681096,0,0,0,8.65629632656729e-07,True,True negative,0.49999913437036736
R137_C047,2024,1.0986122886681096,0,0,0,8.65629632656729e-07,True,True negative,0.49999913437036736
R137_C048,2024,0.0,0,0,0,5.64791947838045e-10,True,True negative,0.49999999943520806
R137_C049,2024,1.3862943611198906,0,0,0,5.9083840806754096e-06,True,True negative,0.49999409161591934
R137_C050,2024,1.791759469228055,0,0,0,8.852897499702268e-05,True,True negative,0.499911471025003
R137_C051,2024,2.079441541679836,0,0,0,0.0006039490586071061,True,True negative,0.4993960509413929
R137_C052,2024,3.091042453358316,0,0,0,0.3412830017619351,True,True negative,0.1587169982380649
R137_C053,2024,2.302585092994046,0,0,0,0.002673672923127726,True,True negative,0.4973263270768723
R137_C054,2024,2.19722457733622,0,0,0,0.0013249536430650108,True,True negative,0.498675046356935
R138_C023,2024,0.6931471805599453,0,0,0,5.7767006900864226e-08,True,True negative,0.4999999422329931
R138_C024,2024,0.6931471805599453,0,0,0,5.7767006900864226e-08,True,True negative,0.4999999422329931
R138_C027,2024,0.0,0,0,0,5.64791947838045e-10,True,True negative,0.49999999943520806
R138_C028,2024,0.6931471805599453,0,0,0,5.7767006900864226e-08,True,True negative,0.4999999422329931
R138_C029,2024,0.0,0,0,0,5.64791947838045e-10,True,True negative,0.49999999943520806
R138_C030,2024,0.0,0,0,0,5.64791947838045e-10,True,True negative,0.49999999943520806
R138_C032,2024,0.0,0,0,0,5.64791947838045e-10,True,True negative,0.49999999943520806
R138_C033,2024,1.3862943611198906,0,0,0,5.9083840806754096e-06,True,True negative,0.49999409161591934
R138_C037,2024,0.0,0,0,0,5.64791947838045e-10,True,True negative,0.49999999943520806
R138_C038,2024,0.0,0,0,0,5.64791947838045e-10,True,True negative,0.49999999943520806
R138_C039,2024,0.0,0,0,0,5.64791947838045e-10,True,True negative,0.49999999943520806
R138_C040,2024,0.6931471805599453,0,0,0,5.7767006900864226e-08,True,True negative,0.4999999422329931
R138_C041,2024,1.6094379124341005,0,0,0,2.621007218088068e-05,True,True negative,0.4999737899278191
R138_C042,2024,2.302585092994046,0,0,0,0.002673672923127726,True,True negative,0.4973263270768723
R138_C047,2024,0.0,0,0,0,5.64791947838045e-10,True,True negative,0.49999999943520806
R138_C048,2024,0.0,0,0,0,5.64791947838045e-10,True,True negative,0.49999999943520806
R138_C049,2024,1.0986122886681096,0,0,0,8.65629632656729e-07,True,True negative,0.49999913437036736
R138_C050,2024,0.0,0,0,0,5.64791947838045e-10,True,True negative,0.49999999943520806
R138_C051,2024,1.3862943611198906,0,0,0,5.9083840806754096e-06,True,True negative,0.49999409161591934
R138_C052,2024,2.772588722239781,0,0,0,0.058211331684448954,True,True negative,0.441788668315551
R138_C053,2024,1.6094379124341005,0,0,0,2.621007218088068e-05,True,True negative,0.4999737899278191
R138_C054,2024,2.079441541679836,0,0,0,0.0006039490586071061,True,True negative,0.4993960509413929
R138_C055,2024,1.791759469228055,0,0,0,8.852897499702268e-05,True,True negative,0.499911471025003
R138_C056,2024,0.6931471805599453,0,0,0,5.7767006900864226e-08,True,True negative,0.4999999422329931
R138_C057,2024,1.0986122886681096,0,0,0,8.65629632656729e-07,True,True negative,0.49999913437036736
R138_C058,2024,1.0986122886681096,0,0,0,8.65629632656729e-07,True,True negative,0.49999913437036736
R139_C023,2024,0.0,0,0,0,5.64791947838045e-10,True,True negative,0.49999999943520806
R139_C028,2024,0.0,0,0,0,5.64791947838045e-10,True,True negative,0.49999999943520806
R139_C029,2024,1.3862943611198906,0,0,0,5.9083840806754096e-06,True,True negative,0.49999409161591934
R139_C030,2024,0.0,0,0,0,5.64791947838045e-10,True,True negative,0.49999999943520806
R139_C031,2024,1.0986122886681096,0,0,0,8.65629632656729e-07,True,True negative,0.49999913437036736
R139_C033,2024,1.0986122886681096,0,0,0,8.65629632656729e-07,True,True negative,0.49999913437036736
R139_C035,2024,0.6931471805599453,0,0,0,5.7767006900864226e-08,True,True negative,0.4999999422329931
R139_C037,2024,0.0,0,0,0,5.64791947838045e-10,True,True negative,0.49999999943520806
R139_C038,2024,0.0,0,0,0,5.64791947838045e-10,True,True negative,0.49999999943520806
R139_C039,2024,0.6931471805599453,0,0,0,5.7767006900864226e-08,True,True negative,0.4999999422329931
R139_C040,2024,0.0,0,0,0,5.64791947838045e-10,True,True negative,0.49999999943520806
R139_C043,2024,0.6931471805599453,0,0,0,5.7767006900864226e-08,True,True negative,0.4999999422329931
R139_C044,2024,1.0986122886681096,0,0,0,8.65629632656729e-07,True,True negative,0.49999913437036736
R139_C045,2024,0.6931471805599453,0,0,0,5.7767006900864226e-08,True,True negative,0.4999999422329931
R139_C046,2024,0.0,0,0,0,5.64791947838045e-10,True,True negative,0.49999999943520806
R139_C049,2024,1.0986122886681096,0,0,0,8.65629632656729e-07,True,True negative,0.49999913437036736
R139_C050,2024,0.6931471805599453,0,0,0,5.7767006900864226e-08,True,True negative,0.4999999422329931
R139_C052,2024,1.9459101490553128,0,0,0,0.0002477300319792436,True,True negative,0.49975226996802075
R139_C053,2024,0.6931471805599453,0,0,0,5.7767006900864226e-08,True,True negative,0.4999999422329931
R139_C054,2024,0.6931471805599453,0,0,0,5.7767006900864226e-08,True,True negative,0.4999999422329931
R139_C055,2024,0.6931471805599453,0,0,0,5.7767006900864226e-08,True,True negative,0.4999999422329931
R139_C056,2024,0.6931471805599453,0,0,0,5.7767006900864226e-08,True,True negative,0.4999999422329931
R139_C057,2024,0.0,0,0,0,5.64791947838045e-10,True,True negative,0.49999999943520806
R139_C058,2024,0.0,0,0,0,5.64791947838045e-10,True,True negative,0.49999999943520806
R139_C059,2024,0.0,0,0,0,5.64791947838045e-10,True,True negative,0.49999999943520806
R140_C022,2024,0.6931471805599453,0,0,0,5.7767006900864226e-08,True,True negative,0.4999999422329931
R140_C023,2024,0.6931471805599453,0,0,0,5.7767006900864226e-08,True,True negative,0.4999999422329931
R140_C026,2024,0.0,0,0,0,5.64791947838045e-10,True,True negative,0.49999999943520806
R140_C028,2024,0.0,0,0,0,5.64791947838045e-10,True,True negative,0.49999999943520806
R140_C030,2024,0.6931471805599453,0,0,0,5.7767006900864226e-08,True,True negative,0.4999999422329931
R140_C033,2024,1.0986122886681096,0,0,0,8.65629632656729e-07,True,True negative,0.49999913437036736
R140_C038,2024,0.0,0,0,0,5.64791947838045e-10,True,True negative,0.49999999943520806
R140_C043,2024,0.6931471805599453,0,0,0,5.7767006900864226e-08,True,True negative,0.4999999422329931
R140_C044,2024,0.0,0,0,0,5.64791947838045e-10,True,True negative,0.49999999943520806
R140_C045,2024,1.0986122886681096,0,0,0,8.65629632656729e-07,True,True negative,0.49999913437036736
R140_C046,2024,0.6931471805599453,0,0,0,5.7767006900864226e-08,True,True negative,0.4999999422329931
R140_C047,2024,0.0,0,0,0,5.64791947838045e-10,True,True negative,0.49999999943520806
R140_C049,2024,0.0,0,0,0,5.64791947838045e-10,True,True negative,0.49999999943520806
R140_C050,2024,0.6931471805599453,0,0,0,5.7767006900864226e-08,True,True negative,0.4999999422329931
R140_C051,2024,0.0,0,0,0,5.64791947838045e-10,True,True negative,0.49999999943520806
R140_C052,2024,0.0,0,0,0,5.64791947838045e-10,True,True negative,0.49999999943520806
R140_C053,2024,1.0986122886681096,0,0,0,8.65629632656729e-07,True,True negative,0.49999913437036736
R140_C054,2024,1.3862943611198906,0,0,0,5.9083840806754096e-06,True,True negative,0.49999409161591934
R140_C055,2024,0.6931471805599453,0,0,0,5.7767006900864226e-08,True,True negative,0.4999999422329931
R140_C056,2024,0.0,0,0,0,5.64791947838045e-10,True,True negative,0.49999999943520806
R140_C057,2024,0.0,0,0,0,5.64791947838045e-10,True,True negative,0.49999999943520806
R140_C058,2024,0.6931471805599453,0,0,0,5.7767006900864226e-08,True,True negative,0.4999999422329931
R141_C022,2024,0.0,0,0,0,5.64791947838045e-10,True,True negative,0.49999999943520806
R141_C023,2024,0.0,0,0,0,5.64791947838045e-10,True,True negative,0.49999999943520806
R141_C033,2024,1.0986122886681096,0,0,0,8.65629632656729e-07,True,True negative,0.49999913437036736
R141_C038,2024,0.0,0,0,0,5.64791947838045e-10,True,True negative,0.49999999943520806
R141_C042,2024,0.0,0,0,0,5.64791947838045e-10,True,True negative,0.49999999943520806
R141_C044,2024,0.0,0,0,0,5.64791947838045e-10,True,True negative,0.49999999943520806
R141_C045,2024,0.0,0,0,0,5.64791947838045e-10,True,True negative,0.49999999943520806
R141_C046,2024,0.6931471805599453,0,0,0,5.7767006900864226e-08,True,True negative,0.4999999422329931
R141_C047,2024,0.6931471805599453,0,0,0,5.7767006900864226e-08,True,True negative,0.4999999422329931
R141_C048,2024,0.0,0,0,0,5.64791947838045e-10,True,True negative,0.49999999943520806
R141_C049,2024,0.6931471805599453,0,0,0,5.7767006900864226e-08,True,True negative,0.4999999422329931
R141_C050,2024,0.0,0,0,0,5.64791947838045e-10,True,True negative,0.49999999943520806
R141_C051,2024,1.0986122886681096,0,0,0,8.65629632656729e-07,True,True negative,0.49999913437036736
R141_C052,2024,0.6931471805599453,0,0,0,5.7767006900864226e-08,True,True negative,0.4999999422329931
R141_C053,2024,0.6931471805599453,0,0,0,5.7767006900864226e-08,True,True negative,0.4999999422329931
R141_C054,2024,0.0,0,0,0,5.64791947838045e-10,True,True negative,0.49999999943520806
R141_C055,2024,1.0986122886681096,0,0,0,8.65629632656729e-07,True,True negative,0.49999913437036736
R141_C056,2024,0.6931471805599453,0,0,0,5.7767006900864226e-08,True,True negative,0.4999999422329931
R141_C057,2024,1.791759469228055,0,0,0,8.852897499702268e-05,True,True negative,0.499911471025003
R142_C015,2024,0.0,0,0,0,5.64791947838045e-10,True,True negative,0.49999999943520806
R142_C023,2024,0.6931471805599453,0,0,0,5.7767006900864226e-08,True,True negative,0.4999999422329931
R142_C024,2024,1.6094379124341005,0,0,0,2.621007218088068e-05,True,True negative,0.4999737899278191
R142_C028,2024,0.6931471805599453,0,0,0,5.7767006900864226e-08,True,True negative,0.4999999422329931
R142_C029,2024,0.0,0,0,0,5.64791947838045e-10,True,True negative,0.49999999943520806
R142_C033,2024,0.6931471805599453,0,0,0,5.7767006900864226e-08,True,True negative,0.4999999422329931
R142_C034,2024,0.0,0,0,0,5.64791947838045e-10,True,True negative,0.49999999943520806
R142_C037,2024,0.0,0,0,0,5.64791947838045e-10,True,True negative,0.49999999943520806
R142_C038,2024,0.0,0,0,0,5.64791947838045e-10,True,True negative,0.49999999943520806
R142_C039,2024,1.3862943611198906,0,0,0,5.9083840806754096e-06,True,True negative,0.49999409161591934
R142_C041,2024,1.0986122886681096,0,0,0,8.65629632656729e-07,True,True negative,0.49999913437036736
R142_C042,2024,0.6931471805599453,0,0,0,5.7767006900864226e-08,True,True negative,0.4999999422329931
R142_C043,2024,0.0,0,0,0,5.64791947838045e-10,True,True negative,0.49999999943520806
R142_C044,2024,1.9459101490553128,0,0,0,0.0002477300319792436,True,True negative,0.49975226996802075
R142_C045,2024,1.0986122886681096,0,0,0,8.65629632656729e-07,True,True negative,0.49999913437036736
R142_C046,2024,0.6931471805599453,0,0,0,5.7767006900864226e-08,True,True negative,0.4999999422329931
R142_C047,2024,0.0,0,0,0,5.64791947838045e-10,True,True negative,0.49999999943520806
R142_C048,2024,2.3978952727983707,0,0,0,0.005039993971908603,True,True negative,0.49496000602809137
R142_C049,2024,3.044522437723423,0,0,0,0.27524593511421913,True,True negative,0.22475406488578087
R142_C050,2024,0.6931471805599453,0,0,0,5.7767006900864226e-08,True,True negative,0.4999999422329931
R142_C051,2024,1.3862943611198906,0,0,0,5.9083840806754096e-06,True,True negative,0.49999409161591934
R142_C054,2024,1.6094379124341005,0,0,0,2.621007218088068e-05,True,True negative,0.4999737899278191
R142_C055,2024,0.0,0,0,0,5.64791947838045e-10,True,True negative,0.49999999943520806
R142_C056,2024,0.6931471805599453,0,0,0,5.7767006900864226e-08,True,True negative,0.4999999422329931
R143_C024,2024,1.0986122886681096,0,0,0,8.65629632656729e-07,True,True negative,0.49999913437036736
R143_C027,2024,1.0986122886681096,0,0,0,8.65629632656729e-07,True,True negative,0.49999913437036736
R143_C028,2024,0.0,0,0,0,5.64791947838045e-10,True,True negative,0.49999999943520806
R143_C029,2024,1.3862943611198906,0,0,0,5.9083840806754096e-06,True,True negative,0.49999409161591934
R143_C030,2024,0.0,0,0,0,5.64791947838045e-10,True,True negative,0.49999999943520806
R143_C031,2024,1.0986122886681096,0,0,0,8.65629632656729e-07,True,True negative,0.49999913437036736
R143_C032,2024,0.6931471805599453,0,0,0,5.7767006900864226e-08,True,True negative,0.4999999422329931
R143_C033,2024,0.0,0,0,0,5.64791947838045e-10,True,True negative,0.49999999943520806
R143_C034,2024,0.0,0,0,0,5.64791947838045e-10,True,True negative,0.49999999943520806
R143_C035,2024,0.0,0,0,0,5.64791947838045e-10,True,True negative,0.49999999943520806
R143_C036,2024,0.6931471805599453,0,0,0,5.7767006900864226e-08,True,True negative,0.4999999422329931
R143_C038,2024,1.0986122886681096,0,0,0,8.65629632656729e-07,True,True negative,0.49999913437036736
R143_C044,2024,0.0,0,0,0,5.64791947838045e-10,True,True negative,0.49999999943520806
R143_C045,2024,1.0986122886681096,0,0,0,8.65629632656729e-07,True,True negative,0.49999913437036736
R143_C047,2024,0.0,0,0,0,5.64791947838045e-10,True,True negative,0.49999999943520806
R143_C048,2024,2.19722457733622,0,0,0,0.0013249536430650108,True,True negative,0.498675046356935
R143_C049,2024,1.0986122886681096,0,0,0,8.65629632656729e-07,True,True negative,0.49999913437036736
R143_C050,2024,0.6931471805599453,0,0,0,5.7767006900864226e-08,True,True negative,0.4999999422329931
R143_C051,2024,0.6931471805599453,0,0,0,5.7767006900864226e-08,True,True negative,0.4999999422329931
R143_C052,2024,0.0,0,0,0,5.64791947838045e-10,True,True negative,0.49999999943520806
R143_C053,2024,0.6931471805599453,0,0,0,5.7767006900864226e-08,True,True negative,0.4999999422329931
R143_C054,2024,1.6094379124341005,0,0,0,2.621007218088068e-05,True,True negative,0.4999737899278191
R143_C055,2024,2.079441541679836,0,0,0,0.0006039490586071061,True,True negative,0.4993960509413929
R143_C056,2024,0.6931471805599453,0,0,0,5.7767006900864226e-08,True,True negative,0.4999999422329931
R144_C021,2024,0.0,0,0,0,5.64791947838045e-10,True,True negative,0.49999999943520806
R144_C024,2024,1.6094379124341005,0,0,0,2.621007218088068e-05,True,True negative,0.4999737899278191
R144_C025,2024,0.6931471805599453,0,0,0,5.7767006900864226e-08,True,True negative,0.4999999422329931
R144_C026,2024,0.0,0,0,0,5.64791947838045e-10,True,True negative,0.49999999943520806
R144_C027,2024,0.6931471805599453,0,0,0,5.7767006900864226e-08,True,True negative,0.4999999422329931
R144_C032,2024,0.0,0,0,0,5.64791947838045e-10,True,True negative,0.49999999943520806
R144_C033,2024,1.3862943611198906,0,0,0,5.9083840806754096e-06,True,True negative,0.49999409161591934
R144_C037,2024,0.0,0,0,0,5.64791947838045e-10,True,True negative,0.49999999943520806
R144_C044,2024,0.0,0,0,0,5.64791947838045e-10,True,True negative,0.49999999943520806
R144_C047,2024,0.6931471805599453,0,0,0,5.7767006900864226e-08,True,True negative,0.4999999422329931
R144_C048,2024,1.3862943611198906,0,0,0,5.9083840806754096e-06,True,True negative,0.49999409161591934
R144_C049,2024,2.19722457733622,0,0,0,0.0013249536430650108,True,True negative,0.498675046356935
R144_C050,2024,0.0,0,0,0,5.64791947838045e-10,True,True negative,0.49999999943520806
R144_C053,2024,1.9459101490553128,0,0,0,0.0002477300319792436,True,True negative,0.49975226996802075
R144_C054,2024,4.127134385045092,1,1,1,0.9981691193857279,True,True positive,0.49816911938572794
R144_C055,2024,4.110873864173311,1,1,1,0.9979595944507355,True,True positive,0.49795959445073545
R144_C056,2024,2.772588722239781,0,0,0,0.058211331684448954,True,True negative,0.441788668315551
R144_C057,2024,1.0986122886681096,0,0,0,8.65629632656729e-07,True,True negative,0.49999913437036736
R144_C058,2024,0.6931471805599453,0,0,0,5.7767006900864226e-08,True,True negative,0.4999999422329931
R145_C020,2024,1.0986122886681096,0,0,0,8.65629632656729e-07,True,True negative,0.49999913437036736
R145_C025,2024,0.0,0,0,0,5.64791947838045e-10,True,True negative,0.49999999943520806
R145_C032,2024,0.0,0,0,0,5.64791947838045e-10,True,True negative,0.49999999943520806
R145_C033,2024,0.0,0,0,0,5.64791947838045e-10,True,True negative,0.49999999943520806
R145_C043,2024,0.0,0,0,0,5.64791947838045e-10,True,True negative,0.49999999943520806
R145_C045,2024,0.6931471805599453,0,0,0,5.7767006900864226e-08,True,True negative,0.4999999422329931
R145_C047,2024,0.0,0,0,0,5.64791947838045e-10,True,True negative,0.49999999943520806
R145_C048,2024,0.6931471805599453,0,0,0,5.7767006900864226e-08,True,True negative,0.4999999422329931
R145_C049,2024,0.0,0,0,0,5.64791947838045e-10,True,True negative,0.49999999943520806
R145_C050,2024,1.0986122886681096,0,0,0,8.65629632656729e-07,True,True negative,0.49999913437036736
R145_C051,2024,0.6931471805599453,0,0,0,5.7767006900864226e-08,True,True negative,0.4999999422329931
R145_C052,2024,0.6931471805599453,0,0,0,5.7767006900864226e-08,True,True negative,0.4999999422329931
R145_C053,2024,1.0986122886681096,0,0,0,8.65629632656729e-07,True,True negative,0.49999913437036736
R145_C054,2024,0.6931471805599453,0,0,0,5.7767006900864226e-08,True,True negative,0.4999999422329931
R145_C055,2024,1.0986122886681096,0,0,0,8.65629632656729e-07,True,True negative,0.49999913437036736
R145_C056,2024,1.0986122886681096,0,0,0,8.65629632656729e-07,True,True negative,0.49999913437036736
R145_C057,2024,1.791759469228055,0,0,0,8.852897499702268e-05,True,True negative,0.499911471025003
R145_C058,2024,1.0986122886681096,0,0,0,8.65629632656729e-07,True,True negative,0.49999913437036736
R145_C059,2024,0.0,0,0,0,5.64791947838045e-10,True,True negative,0.49999999943520806
R146_C006,2024,0.0,0,0,0,5.64791947838045e-10,True,True negative,0.49999999943520806
R146_C019,2024,0.0,0,0,0,5.64791947838045e-10,True,True negative,0.49999999943520806
R146_C020,2024,0.0,0,0,0,5.64791947838045e-10,True,True negative,0.49999999943520806
R146_C025,2024,0.6931471805599453,0,0,0,5.7767006900864226e-08,True,True negative,0.4999999422329931
R146_C026,2024,0.0,0,0,0,5.64791947838045e-10,True,True negative,0.49999999943520806
R146_C032,2024,0.0,0,0,0,5.64791947838045e-10,True,True negative,0.49999999943520806
R146_C033,2024,0.0,0,0,0,5.64791947838045e-10,True,True negative,0.49999999943520806
R146_C041,2024,0.6931471805599453,0,0,0,5.7767006900864226e-08,True,True negative,0.4999999422329931
R146_C045,2024,0.6931471805599453,0,0,0,5.7767006900864226e-08,True,True negative,0.4999999422329931
R146_C047,2024,1.6094379124341005,0,0,0,2.621007218088068e-05,True,True negative,0.4999737899278191
R146_C048,2024,0.0,0,0,0,5.64791947838045e-10,True,True negative,0.49999999943520806
R146_C049,2024,0.0,0,0,0,5.64791947838045e-10,True,True negative,0.49999999943520806
R146_C050,2024,0.6931471805599453,0,0,0,5.7767006900864226e-08,True,True negative,0.4999999422329931
R146_C051,2024,1.0986122886681096,0,0,0,8.65629632656729e-07,True,True negative,0.49999913437036736
R146_C052,2024,0.6931471805599453,0,0,0,5.7767006900864226e-08,True,True negative,0.4999999422329931
R146_C053,2024,0.0,0,0,0,5.64791947838045e-10,True,True negative,0.49999999943520806
R146_C054,2024,0.6931471805599453,0,0,0,5.7767006900864226e-08,True,True negative,0.4999999422329931
R146_C055,2024,0.6931471805599453,0,0,0,5.7767006900864226e-08,True,True negative,0.4999999422329931
R146_C056,2024,0.6931471805599453,0,0,0,5.7767006900864226e-08,True,True negative,0.4999999422329931
R146_C057,2024,0.6931471805599453,0,0,0,5.7767006900864226e-08,True,True negative,0.4999999422329931
R146_C058,2024,1.0986122886681096,0,0,0,8.65629632656729e-07,True,True negative,0.49999913437036736
R146_C059,2024,2.70805020110221,0,0,0,0.038620547826229264,True,True negative,0.46137945217377074
R146_C060,2024,1.0986122886681096,0,0,0,8.65629632656729e-07,True,True negative,0.49999913437036736
R147_C007,2024,0.6931471805599453,0,0,0,5.7767006900864226e-08,True,True negative,0.4999999422329931
R147_C018,2024,0.0,0,0,0,5.64791947838045e-10,True,True negative,0.49999999943520806
R147_C025,2024,0.0,0,0,0,5.64791947838045e-10,True,True negative,0.49999999943520806
R147_C026,2024,0.0,0,0,0,5.64791947838045e-10,True,True negative,0.49999999943520806
R147_C033,2024,0.0,0,0,0,5.64791947838045e-10,True,True negative,0.49999999943520806
R147_C040,2024,0.6931471805599453,0,0,0,5.7767006900864226e-08,True,True negative,0.4999999422329931
R147_C042,2024,0.0,0,0,0,5.64791947838045e-10,True,True negative,0.49999999943520806
R147_C043,2024,0.6931471805599453,0,0,0,5.7767006900864226e-08,True,True negative,0.4999999422329931
R147_C044,2024,0.0,0,0,0,5.64791947838045e-10,True,True negative,0.49999999943520806
R147_C046,2024,0.6931471805599453,0,0,0,5.7767006900864226e-08,True,True negative,0.4999999422329931
R147_C047,2024,0.0,0,0,0,5.64791947838045e-10,True,True negative,0.49999999943520806
R147_C048,2024,0.0,0,0,0,5.64791947838045e-10,True,True negative,0.49999999943520806
R147_C050,2024,1.0986122886681096,0,0,0,8.65629632656729e-07,True,True negative,0.49999913437036736
R147_C051,2024,0.6931471805599453,0,0,0,5.7767006900864226e-08,True,True negative,0.4999999422329931
R147_C052,2024,0.6931471805599453,0,0,0,5.7767006900864226e-08,True,True negative,0.4999999422329931
R147_C053,2024,1.0986122886681096,0,0,0,8.65629632656729e-07,True,True negative,0.49999913437036736
R147_C054,2024,1.0986122886681096,0,0,0,8.65629632656729e-07,True,True negative,0.49999913437036736
R147_C055,2024,0.6931471805599453,0,0,0,5.7767006900864226e-08,True,True negative,0.4999999422329931
R147_C056,2024,0.6931471805599453,0,0,0,5.7767006900864226e-08,True,True negative,0.4999999422329931
R147_C057,2024,0.6931471805599453,0,0,0,5.7767006900864226e-08,True,True negative,0.4999999422329931
R147_C058,2024,0.6931471805599453,0,0,0,5.7767006900864226e-08,True,True negative,0.4999999422329931
R147_C059,2024,1.3862943611198906,0,0,0,5.9083840806754096e-06,True,True negative,0.49999409161591934
R147_C060,2024,0.6931471805599453,0,0,0,5.7767006900864226e-08,True,True negative,0.4999999422329931
R148_C017,2024,0.6931471805599453,0,0,0,5.7767006900864226e-08,True,True negative,0.4999999422329931
R148_C022,2024,0.6931471805599453,0,0,0,5.7767006900864226e-08,True,True negative,0.4999999422329931
R148_C025,2024,0.6931471805599453,0,0,0,5.7767006900864226e-08,True,True negative,0.4999999422329931
R148_C026,2024,0.0,0,0,0,5.64791947838045e-10,True,True negative,0.49999999943520806
R148_C030,2024,0.6931471805599453,0,0,0,5.7767006900864226e-08,True,True negative,0.4999999422329931
R148_C032,2024,1.0986122886681096,0,0,0,8.65629632656729e-07,True,True negative,0.49999913437036736
R148_C033,2024,0.0,0,0,0,5.64791947838045e-10,True,True negative,0.49999999943520806
R148_C042,2024,0.0,0,0,0,5.64791947838045e-10,True,True negative,0.49999999943520806
R148_C044,2024,0.6931471805599453,0,0,0,5.7767006900864226e-08,True,True negative,0.4999999422329931
R148_C045,2024,0.6931471805599453,0,0,0,5.7767006900864226e-08,True,True negative,0.4999999422329931
R148_C046,2024,0.0,0,0,0,5.64791947838045e-10,True,True negative,0.49999999943520806
R148_C049,2024,0.0,0,0,0,5.64791947838045e-10,True,True negative,0.49999999943520806
R148_C050,2024,0.6931471805599453,0,0,0,5.7767006900864226e-08,True,True negative,0.4999999422329931
R148_C051,2024,0.0,0,0,0,5.64791947838045e-10,True,True negative,0.49999999943520806
R148_C053,2024,0.0,0,0,0,5.64791947838045e-10,True,True negative,0.49999999943520806
R148_C054,2024,0.0,0,0,0,5.64791947838045e-10,True,True negative,0.49999999943520806
R148_C055,2024,0.6931471805599453,0,0,0,5.7767006900864226e-08,True,True negative,0.4999999422329931
R148_C056,2024,2.4849066497880004,0,0,0,0.008974292080567959,True,True negative,0.49102570791943206
R148_C057,2024,1.6094379124341005,0,0,0,2.621007218088068e-05,True,True negative,0.4999737899278191
R148_C058,2024,1.0986122886681096,0,0,0,8.65629632656729e-07,True,True negative,0.49999913437036736
R148_C059,2024,0.6931471805599453,0,0,0,5.7767006900864226e-08,True,True negative,0.4999999422329931
R148_C060,2024,1.0986122886681096,0,0,0,8.65629632656729e-07,True,True negative,0.49999913437036736
R149_C011,2024,0.0,0,0,0,5.64791947838045e-10,True,True negative,0.49999999943520806
R149_C016,2024,0.0,0,0,0,5.64791947838045e-10,True,True negative,0.49999999943520806
R149_C017,2024,0.0,0,0,0,5.64791947838045e-10,True,True negative,0.49999999943520806
R149_C022,2024,0.0,0,0,0,5.64791947838045e-10,True,True negative,0.49999999943520806
R149_C026,2024,0.0,0,0,0,5.64791947838045e-10,True,True negative,0.49999999943520806
R149_C027,2024,0.0,0,0,0,5.64791947838045e-10,True,True negative,0.49999999943520806
R149_C028,2024,0.6931471805599453,0,0,0,5.7767006900864226e-08,True,True negative,0.4999999422329931
R149_C029,2024,1.791759469228055,0,0,0,8.852897499702268e-05,True,True negative,0.499911471025003
R149_C030,2024,1.6094379124341005,0,0,0,2.621007218088068e-05,True,True negative,0.4999737899278191
R149_C031,2024,0.0,0,0,0,5.64791947838045e-10,True,True negative,0.49999999943520806
R149_C040,2024,0.0,0,0,0,5.64791947838045e-10,True,True negative,0.49999999943520806
R149_C042,2024,0.0,0,0,0,5.64791947838045e-10,True,True negative,0.49999999943520806
R149_C045,2024,0.6931471805599453,0,0,0,5.7767006900864226e-08,True,True negative,0.4999999422329931
R149_C046,2024,0.0,0,0,0,5.64791947838045e-10,True,True negative,0.49999999943520806
R149_C049,2024,0.0,0,0,0,5.64791947838045e-10,True,True negative,0.49999999943520806
R149_C054,2024,1.0986122886681096,0,0,0,8.65629632656729e-07,True,True negative,0.49999913437036736
R149_C055,2024,0.6931471805599453,0,0,0,5.7767006900864226e-08,True,True negative,0.4999999422329931
R149_C056,2024,0.6931471805599453,0,0,0,5.7767006900864226e-08,True,True negative,0.4999999422329931
R149_C057,2024,1.0986122886681096,0,0,0,8.65629632656729e-07,True,True negative,0.49999913437036736
R149_C058,2024,0.0,0,0,0,5.64791947838045e-10,True,True negative,0.49999999943520806
R149_C059,2024,1.3862943611198906,0,0,0,5.9083840806754096e-06,True,True negative,0.49999409161591934
R149_C060,2024,0.6931471805599453,0,0,0,5.7767006900864226e-08,True,True negative,0.4999999422329931
R149_C061,2024,1.9459101490553128,0,0,0,0.0002477300319792436,True,True negative,0.49975226996802075
R150_C020,2024,0.0,0,0,0,5.64791947838045e-10,True,True negative,0.49999999943520806
R150_C023,2024,0.0,0,0,0,5.64791947838045e-10,True,True negative,0.49999999943520806
R150_C027,2024,0.6931471805599453,0,0,0,5.7767006900864226e-08,True,True negative,0.4999999422329931
R150_C029,2024,0.0,0,0,0,5.64791947838045e-10,True,True negative,0.49999999943520806
R150_C030,2024,1.0986122886681096,0,0,0,8.65629632656729e-07,True,True negative,0.49999913437036736
R150_C041,2024,0.6931471805599453,0,0,0,5.7767006900864226e-08,True,True negative,0.4999999422329931
R150_C044,2024,1.3862943611198906,0,0,0,5.9083840806754096e-06,True,True negative,0.49999409161591934
R150_C045,2024,0.6931471805599453,0,0,0,5.7767006900864226e-08,True,True negative,0.4999999422329931
R150_C047,2024,0.0,0,0,0,5.64791947838045e-10,True,True negative,0.49999999943520806
R150_C048,2024,0.0,0,0,0,5.64791947838045e-10,True,True negative,0.49999999943520806
R150_C049,2024,0.6931471805599453,0,0,0,5.7767006900864226e-08,True,True negative,0.4999999422329931
R150_C051,2024,0.0,0,0,0,5.64791947838045e-10,True,True negative,0.49999999943520806
R150_C056,2024,1.0986122886681096,0,0,0,8.65629632656729e-07,True,True negative,0.49999913437036736
R150_C057,2024,0.0,0,0,0,5.64791947838045e-10,True,True negative,0.49999999943520806
R150_C058,2024,1.791759469228055,0,0,0,8.852897499702268e-05,True,True negative,0.499911471025003
R150_C059,2024,1.3862943611198906,0,0,0,5.9083840806754096e-06,True,True negative,0.49999409161591934
R150_C060,2024,0.6931471805599453,0,0,0,5.7767006900864226e-08,True,True negative,0.4999999422329931
R150_C061,2024,0.0,0,0,0,5.64791947838045e-10,True,True negative,0.49999999943520806
R151_C020,2024,0.6931471805599453,0,0,0,5.7767006900864226e-08,True,True negative,0.4999999422329931
R151_C021,2024,0.0,0,0,0,5.64791947838045e-10,True,True negative,0.49999999943520806
R151_C027,2024,0.0,0,0,0,5.64791947838045e-10,True,True negative,0.49999999943520806
R151_C028,2024,0.6931471805599453,0,0,0,5.7767006900864226e-08,True,True negative,0.4999999422329931
R151_C030,2024,0.0,0,0,0,5.64791947838045e-10,True,True negative,0.49999999943520806
R151_C041,2024,0.0,0,0,0,5.64791947838045e-10,True,True negative,0.49999999943520806
R151_C042,2024,0.0,0,0,0,5.64791947838045e-10,True,True negative,0.49999999943520806
R151_C043,2024,1.6094379124341005,0,0,0,2.621007218088068e-05,True,True negative,0.4999737899278191
R151_C044,2024,0.6931471805599453,0,0,0,5.7767006900864226e-08,True,True negative,0.4999999422329931
R151_C049,2024,0.0,0,0,0,5.64791947838045e-10,True,True negative,0.49999999943520806
R151_C059,2024,1.0986122886681096,0,0,0,8.65629632656729e-07,True,True negative,0.49999913437036736
R151_C060,2024,0.6931471805599453,0,0,0,5.7767006900864226e-08,True,True negative,0.4999999422329931
R151_C061,2024,0.0,0,0,0,5.64791947838045e-10,True,True negative,0.49999999943520806
R151_C062,2024,0.0,0,0,0,5.64791947838045e-10,True,True negative,0.49999999943520806
R151_C063,2024,0.0,0,0,0,5.64791947838045e-10,True,True negative,0.49999999943520806
R152_C020,2024,0.0,0,0,0,5.64791947838045e-10,True,True negative,0.49999999943520806
R152_C028,2024,0.6931471805599453,0,0,0,5.7767006900864226e-08,True,True negative,0.4999999422329931
R152_C029,2024,0.0,0,0,0,5.64791947838045e-10,True,True negative,0.49999999943520806
R152_C039,2024,0.0,0,0,0,5.64791947838045e-10,True,True negative,0.49999999943520806
R152_C040,2024,0.0,0,0,0,5.64791947838045e-10,True,True negative,0.49999999943520806
R152_C041,2024,0.0,0,0,0,5.64791947838045e-10,True,True negative,0.49999999943520806
R152_C049,2024,0.0,0,0,0,5.64791947838045e-10,True,True negative,0.49999999943520806
R152_C059,2024,0.0,0,0,0,5.64791947838045e-10,True,True negative,0.49999999943520806
R152_C060,2024,0.0,0,0,0,5.64791947838045e-10,True,True negative,0.49999999943520806
R152_C061,2024,1.0986122886681096,0,0,0,8.65629632656729e-07,True,True negative,0.49999913437036736
R152_C063,2024,0.6931471805599453,0,0,0,5.7767006900864226e-08,True,True negative,0.4999999422329931
R153_C021,2024,0.0,0,0,0,5.64791947838045e-10,True,True negative,0.49999999943520806
R153_C025,2024,0.0,0,0,0,5.64791947838045e-10,True,True negative,0.49999999943520806
R153_C028,2024,0.6931471805599453,0,0,0,5.7767006900864226e-08,True,True negative,0.4999999422329931
R153_C029,2024,1.3862943611198906,0,0,0,5.9083840806754096e-06,True,True negative,0.49999409161591934
R153_C030,2024,0.6931471805599453,0,0,0,5.7767006900864226e-08,True,True negative,0.4999999422329931
R153_C039,2024,1.0986122886681096,0,0,0,8.65629632656729e-07,True,True negative,0.49999913437036736
R153_C057,2024,0.0,0,0,0,5.64791947838045e-10,True,True negative,0.49999999943520806
R153_C060,2024,1.0986122886681096,0,0,0,8.65629632656729e-07,True,True negative,0.49999913437036736
R153_C061,2024,0.6931471805599453,0,0,0,5.7767006900864226e-08,True,True negative,0.4999999422329931
R153_C062,2024,0.0,0,0,0,5.64791947838045e-10,True,True negative,0.49999999943520806
R153_C064,2024,0.0,0,0,0,5.64791947838045e-10,True,True negative,0.49999999943520806
R154_C019,2024,0.6931471805599453,0,0,0,5.7767006900864226e-08,True,True negative,0.4999999422329931
R154_C021,2024,0.0,0,0,0,5.64791947838045e-10,True,True negative,0.49999999943520806
R154_C022,2024,0.0,0,0,0,5.64791947838045e-10,True,True negative,0.49999999943520806
R154_C023,2024,0.0,0,0,0,5.64791947838045e-10,True,True negative,0.49999999943520806
R154_C024,2024,0.0,0,0,0,5.64791947838045e-10,True,True negative,0.49999999943520806
R154_C025,2024,0.0,0,0,0,5.64791947838045e-10,True,True negative,0.49999999943520806
R154_C029,2024,0.0,0,0,0,5.64791947838045e-10,True,True negative,0.49999999943520806
R154_C030,2024,0.0,0,0,0,5.64791947838045e-10,True,True negative,0.49999999943520806
R154_C031,2024,1.0986122886681096,0,0,0,8.65629632656729e-07,True,True negative,0.49999913437036736
R154_C032,2024,1.0986122886681096,0,0,0,8.65629632656729e-07,True,True negative,0.49999913437036736
R154_C033,2024,0.6931471805599453,0,0,0,5.7767006900864226e-08,True,True negative,0.4999999422329931
R154_C034,2024,0.6931471805599453,0,0,0,5.7767006900864226e-08,True,True negative,0.4999999422329931
R154_C035,2024,0.6931471805599453,0,0,0,5.7767006900864226e-08,True,True negative,0.4999999422329931
R154_C039,2024,0.0,0,0,0,5.64791947838045e-10,True,True negative,0.49999999943520806
R154_C049,2024,0.0,0,0,0,5.64791947838045e-10,True,True negative,0.49999999943520806
R154_C059,2024,0.6931471805599453,0,0,0,5.7767006900864226e-08,True,True negative,0.4999999422329931
R154_C062,2024,0.0,0,0,0,5.64791947838045e-10,True,True negative,0.49999999943520806
R154_C063,2024,1.0986122886681096,0,0,0,8.65629632656729e-07,True,True negative,0.49999913437036736
R154_C064,2024,0.6931471805599453,0,0,0,5.7767006900864226e-08,True,True negative,0.4999999422329931
R155_C020,2024,0.6931471805599453,0,0,0,5.7767006900864226e-08,True,True negative,0.4999999422329931
R155_C021,2024,0.6931471805599453,0,0,0,5.7767006900864226e-08,True,True negative,0.4999999422329931
R155_C030,2024,0.0,0,0,0,5.64791947838045e-10,True,True negative,0.49999999943520806
R155_C031,2024,0.6931471805599453,0,0,0,5.7767006900864226e-08,True,True negative,0.4999999422329931
R155_C037,2024,0.0,0,0,0,5.64791947838045e-10,True,True negative,0.49999999943520806
R155_C040,2024,0.0,0,0,0,5.64791947838045e-10,True,True negative,0.49999999943520806
R155_C059,2024,0.0,0,0,0,5.64791947838045e-10,True,True negative,0.49999999943520806
R155_C063,2024,0.0,0,0,0,5.64791947838045e-10,True,True negative,0.49999999943520806
R155_C064,2024,1.0986122886681096,0,0,0,8.65629632656729e-07,True,True negative,0.49999913437036736
R156_C020,2024,0.0,0,0,0,5.64791947838045e-10,True,True negative,0.49999999943520806
R156_C031,2024,1.0986122886681096,0,0,0,8.65629632656729e-07,True,True negative,0.49999913437036736
R156_C032,2024,0.6931471805599453,0,0,0,5.7767006900864226e-08,True,True negative,0.4999999422329931
R156_C038,2024,0.6931471805599453,0,0,0,5.7767006900864226e-08,True,True negative,0.4999999422329931
R156_C039,2024,0.6931471805599453,0,0,0,5.7767006900864226e-08,True,True negative,0.4999999422329931
R156_C040,2024,0.6931471805599453,0,0,0,5.7767006900864226e-08,True,True negative,0.4999999422329931
R156_C051,2024,0.0,0,0,0,5.64791947838045e-10,True,True negative,0.49999999943520806
R156_C054,2024,0.6931471805599453,0,0,0,5.7767006900864226e-08,True,True negative,0.4999999422329931
R156_C059,2024,0.0,0,0,0,5.64791947838045e-10,True,True negative,0.49999999943520806
R156_C062,2024,0.6931471805599453,0,0,0,5.7767006900864226e-08,True,True negative,0.4999999422329931
R156_C064,2024,0.6931471805599453,0,0,0,5.7767006900864226e-08,True,True negative,0.4999999422329931
R156_C065,2024,0.6931471805599453,0,0,0,5.7767006900864226e-08,True,True negative,0.4999999422329931
R157_C000,2024,0.0,0,0,0,5.64791947838045e-10,True,True negative,0.49999999943520806
R157_C020,2024,0.0,0,0,0,5.64791947838045e-10,True,True negative,0.49999999943520806
R157_C032,2024,1.0986122886681096,0,0,0,8.65629632656729e-07,True,True negative,0.49999913437036736
R157_C033,2024,0.6931471805599453,0,0,0,5.7767006900864226e-08,True,True negative,0.4999999422329931
R157_C040,2024,0.6931471805599453,0,0,0,5.7767006900864226e-08,True,True negative,0.4999999422329931
R157_C041,2024,1.3862943611198906,0,0,0,5.9083840806754096e-06,True,True negative,0.49999409161591934
R157_C052,2024,0.0,0,0,0,5.64791947838045e-10,True,True negative,0.49999999943520806
R157_C053,2024,1.0986122886681096,0,0,0,8.65629632656729e-07,True,True negative,0.49999913437036736
R157_C054,2024,0.0,0,0,0,5.64791947838045e-10,True,True negative,0.49999999943520806
R157_C055,2024,0.6931471805599453,0,0,0,5.7767006900864226e-08,True,True negative,0.4999999422329931
R157_C056,2024,0.6931471805599453,0,0,0,5.7767006900864226e-08,True,True negative,0.4999999422329931
R157_C057,2024,0.6931471805599453,0,0,0,5.7767006900864226e-08,True,True negative,0.4999999422329931
R157_C058,2024,0.6931471805599453,0,0,0,5.7767006900864226e-08,True,True negative,0.4999999422329931
R157_C059,2024,0.0,0,0,0,5.64791947838045e-10,True,True negative,0.49999999943520806
R157_C060,2024,0.6931471805599453,0,0,0,5.7767006900864226e-08,True,True negative,0.4999999422329931
R157_C061,2024,0.6931471805599453,0,0,0,5.7767006900864226e-08,True,True negative,0.4999999422329931
R157_C062,2024,0.0,0,0,0,5.64791947838045e-10,True,True negative,0.49999999943520806
R157_C063,2024,0.6931471805599453,0,0,0,5.7767006900864226e-08,True,True negative,0.4999999422329931
R157_C064,2024,1.0986122886681096,0,0,0,8.65629632656729e-07,True,True negative,0.49999913437036736
R157_C065,2024,1.3862943611198906,0,0,0,5.9083840806754096e-06,True,True negative,0.49999409161591934
R158_C000,2024,0.0,0,0,0,5.64791947838045e-10,True,True negative,0.49999999943520806
R158_C001,2024,0.6931471805599453,0,0,0,5.7767006900864226e-08,True,True negative,0.4999999422329931
R158_C030,2024,0.0,0,0,0,5.64791947838045e-10,True,True negative,0.49999999943520806
R158_C031,2024,1.0986122886681096,0,0,0,8.65629632656729e-07,True,True negative,0.49999913437036736
R158_C032,2024,0.0,0,0,0,5.64791947838045e-10,True,True negative,0.49999999943520806
R158_C033,2024,0.6931471805599453,0,0,0,5.7767006900864226e-08,True,True negative,0.4999999422329931
R158_C041,2024,0.0,0,0,0,5.64791947838045e-10,True,True negative,0.49999999943520806
R158_C042,2024,0.0,0,0,0,5.64791947838045e-10,True,True negative,0.49999999943520806
R158_C043,2024,0.0,0,0,0,5.64791947838045e-10,True,True negative,0.49999999943520806
R158_C052,2024,0.6931471805599453,0,0,0,5.7767006900864226e-08,True,True negative,0.4999999422329931
R158_C053,2024,0.0,0,0,0,5.64791947838045e-10,True,True negative,0.49999999943520806
R158_C056,2024,0.0,0,0,0,5.64791947838045e-10,True,True negative,0.49999999943520806
R158_C058,2024,0.0,0,0,0,5.64791947838045e-10,True,True negative,0.49999999943520806
R158_C059,2024,1.0986122886681096,0,0,0,8.65629632656729e-07,True,True negative,0.49999913437036736
R158_C060,2024,0.0,0,0,0,5.64791947838045e-10,True,True negative,0.49999999943520806
R158_C061,2024,0.0,0,0,0,5.64791947838045e-10,True,True negative,0.49999999943520806
R158_C062,2024,0.0,0,0,0,5.64791947838045e-10,True,True negative,0.49999999943520806
R158_C063,2024,0.0,0,0,0,5.64791947838045e-10,True,True negative,0.49999999943520806
R158_C064,2024,1.791759469228055,0,0,0,8.852897499702268e-05,True,True negative,0.499911471025003
R158_C065,2024,2.772588722239781,0,0,0,0.058211331684448954,True,True negative,0.441788668315551
R158_C066,2024,0.6931471805599453,0,0,0,5.7767006900864226e-08,True,True negative,0.4999999422329931
R159_C019,2024,0.0,0,0,0,5.64791947838045e-10,True,True negative,0.49999999943520806
R159_C030,2024,0.0,0,0,0,5.64791947838045e-10,True,True negative,0.49999999943520806
R159_C031,2024,0.0,0,0,0,5.64791947838045e-10,True,True negative,0.49999999943520806
R159_C034,2024,0.6931471805599453,0,0,0,5.7767006900864226e-08,True,True negative,0.4999999422329931
R159_C035,2024,0.6931471805599453,0,0,0,5.7767006900864226e-08,True,True negative,0.4999999422329931
R159_C043,2024,0.6931471805599453,0,0,0,5.7767006900864226e-08,True,True negative,0.4999999422329931
R159_C044,2024,0.0,0,0,0,5.64791947838045e-10,True,True negative,0.49999999943520806
R159_C052,2024,0.0,0,0,0,5.64791947838045e-10,True,True negative,0.49999999943520806
R159_C055,2024,0.0,0,0,0,5.64791947838045e-10,True,True negative,0.49999999943520806
R159_C057,2024,0.6931471805599453,0,0,0,5.7767006900864226e-08,True,True negative,0.4999999422329931
R159_C060,2024,0.0,0,0,0,5.64791947838045e-10,True,True negative,0.49999999943520806
R159_C061,2024,0.6931471805599453,0,0,0,5.7767006900864226e-08,True,True negative,0.4999999422329931
R159_C062,2024,1.0986122886681096,0,0,0,8.65629632656729e-07,True,True negative,0.49999913437036736
R159_C063,2024,1.6094379124341005,0,0,0,2.621007218088068e-05,True,True negative,0.4999737899278191
R159_C064,2024,2.4849066497880004,0,0,0,0.008974292080567959,True,True negative,0.49102570791943206
R159_C065,2024,3.9318256327243257,1,1,1,0.9932883069425963,True,True positive,0.4932883069425963
R159_C066,2024,1.6094379124341005,0,0,0,2.621007218088068e-05,True,True negative,0.4999737899278191
R160_C001,2024,0.0,0,0,0,5.64791947838045e-10,True,True negative,0.49999999943520806
R160_C020,2024,0.6931471805599453,0,0,0,5.7767006900864226e-08,True,True negative,0.4999999422329931
R160_C026,2024,0.6931471805599453,0,0,0,5.7767006900864226e-08,True,True negative,0.4999999422329931
R160_C027,2024,0.6931471805599453,0,0,0,5.7767006900864226e-08,True,True negative,0.4999999422329931
R160_C028,2024,0.6931471805599453,0,0,0,5.7767006900864226e-08,True,True negative,0.4999999422329931
R160_C030,2024,0.0,0,0,0,5.64791947838045e-10,True,True negative,0.49999999943520806
R160_C031,2024,0.0,0,0,0,5.64791947838045e-10,True,True negative,0.49999999943520806
R160_C033,2024,0.0,0,0,0,5.64791947838045e-10,True,True negative,0.49999999943520806
R160_C034,2024,0.0,0,0,0,5.64791947838045e-10,True,True negative,0.49999999943520806
R160_C035,2024,0.0,0,0,0,5.64791947838045e-10,True,True negative,0.49999999943520806
R160_C044,2024,1.6094379124341005,0,0,0,2.621007218088068e-05,True,True negative,0.4999737899278191
R160_C045,2024,0.0,0,0,0,5.64791947838045e-10,True,True negative,0.49999999943520806
R160_C046,2024,0.0,0,0,0,5.64791947838045e-10,True,True negative,0.49999999943520806
R160_C052,2024,0.0,0,0,0,5.64791947838045e-10,True,True negative,0.49999999943520806
R160_C054,2024,0.0,0,0,0,5.64791947838045e-10,True,True negative,0.49999999943520806
R160_C055,2024,0.0,0,0,0,5.64791947838045e-10,True,True negative,0.49999999943520806
R160_C056,2024,0.6931471805599453,0,0,0,5.7767006900864226e-08,True,True negative,0.4999999422329931
R160_C057,2024,0.6931471805599453,0,0,0,5.7767006900864226e-08,True,True negative,0.4999999422329931
R160_C059,2024,0.0,0,0,0,5.64791947838045e-10,True,True negative,0.49999999943520806
R160_C060,2024,1.0986122886681096,0,0,0,8.65629632656729e-07,True,True negative,0.49999913437036736
R160_C061,2024,0.6931471805599453,0,0,0,5.7767006900864226e-08,True,True negative,0.4999999422329931
R160_C062,2024,0.6931471805599453,0,0,0,5.7767006900864226e-08,True,True negative,0.4999999422329931
R160_C063,2024,1.0986122886681096,0,0,0,8.65629632656729e-07,True,True negative,0.49999913437036736
R160_C064,2024,1.3862943611198906,0,0,0,5.9083840806754096e-06,True,True negative,0.49999409161591934
R160_C065,2024,1.6094379124341005,0,0,0,2.621007218088068e-05,True,True negative,0.4999737899278191
R160_C066,2024,0.6931471805599453,0,0,0,5.7767006900864226e-08,True,True negative,0.4999999422329931
R161_C002,2024,0.0,0,0,0,5.64791947838045e-10,True,True negative,0.49999999943520806
R161_C020,2024,0.0,0,0,0,5.64791947838045e-10,True,True negative,0.49999999943520806
R161_C025,2024,0.6931471805599453,0,0,0,5.7767006900864226e-08,True,True negative,0.4999999422329931
R161_C034,2024,0.0,0,0,0,5.64791947838045e-10,True,True negative,0.49999999943520806
R161_C035,2024,0.0,0,0,0,5.64791947838045e-10,True,True negative,0.49999999943520806
R161_C036,2024,0.6931471805599453,0,0,0,5.7767006900864226e-08,True,True negative,0.4999999422329931
R161_C044,2024,1.3862943611198906,0,0,0,5.9083840806754096e-06,True,True negative,0.49999409161591934
R161_C045,2024,1.0986122886681096,0,0,0,8.65629632656729e-07,True,True negative,0.49999913437036736
R161_C046,2024,1.0986122886681096,0,0,0,8.65629632656729e-07,True,True negative,0.49999913437036736
R161_C051,2024,0.0,0,0,0,5.64791947838045e-10,True,True negative,0.49999999943520806
R161_C056,2024,0.0,0,0,0,5.64791947838045e-10,True,True negative,0.49999999943520806
R161_C057,2024,0.6931471805599453,0,0,0,5.7767006900864226e-08,True,True negative,0.4999999422329931
R161_C058,2024,0.6931471805599453,0,0,0,5.7767006900864226e-08,True,True negative,0.4999999422329931
R161_C059,2024,0.0,0,0,0,5.64791947838045e-10,True,True negative,0.49999999943520806
R161_C061,2024,1.0986122886681096,0,0,0,8.65629632656729e-07,True,True negative,0.49999913437036736
R161_C062,2024,1.6094379124341005,0,0,0,2.621007218088068e-05,True,True negative,0.4999737899278191
R161_C063,2024,0.0,0,0,0,5.64791947838045e-10,True,True negative,0.49999999943520806
R161_C064,2024,1.0986122886681096,0,0,0,8.65629632656729e-07,True,True negative,0.49999913437036736
R161_C065,2024,0.0,0,0,0,5.64791947838045e-10,True,True negative,0.49999999943520806
R161_C066,2024,0.6931471805599453,0,0,0,5.7767006900864226e-08,True,True negative,0.4999999422329931
R162_C002,2024,0.0,0,0,0,5.64791947838045e-10,True,True negative,0.49999999943520806
R162_C019,2024,0.6931471805599453,0,0,0,5.7767006900864226e-08,True,True negative,0.4999999422329931
R162_C020,2024,1.0986122886681096,0,0,0,8.65629632656729e-07,True,True negative,0.49999913437036736
R162_C025,2024,0.6931471805599453,0,0,0,5.7767006900864226e-08,True,True negative,0.4999999422329931
R162_C036,2024,0.6931471805599453,0,0,0,5.7767006900864226e-08,True,True negative,0.4999999422329931
R162_C037,2024,0.6931471805599453,0,0,0,5.7767006900864226e-08,True,True negative,0.4999999422329931
R162_C038,2024,0.0,0,0,0,5.64791947838045e-10,True,True negative,0.49999999943520806
R162_C043,2024,0.0,0,0,0,5.64791947838045e-10,True,True negative,0.49999999943520806
R162_C044,2024,1.0986122886681096,0,0,0,8.65629632656729e-07,True,True negative,0.49999913437036736
R162_C045,2024,0.0,0,0,0,5.64791947838045e-10,True,True negative,0.49999999943520806
R162_C046,2024,0.6931471805599453,0,0,0,5.7767006900864226e-08,True,True negative,0.4999999422329931
R162_C047,2024,0.0,0,0,0,5.64791947838045e-10,True,True negative,0.49999999943520806
R162_C048,2024,0.0,0,0,0,5.64791947838045e-10,True,True negative,0.49999999943520806
R162_C049,2024,0.0,0,0,0,5.64791947838045e-10,True,True negative,0.49999999943520806
R162_C050,2024,0.0,0,0,0,5.64791947838045e-10,True,True negative,0.49999999943520806
R162_C057,2024,0.6931471805599453,0,0,0,5.7767006900864226e-08,True,True negative,0.4999999422329931
R162_C058,2024,0.0,0,0,0,5.64791947838045e-10,True,True negative,0.49999999943520806
R162_C061,2024,0.6931471805599453,0,0,0,5.7767006900864226e-08,True,True negative,0.4999999422329931
R162_C062,2024,1.6094379124341005,0,0,0,2.621007218088068e-05,True,True negative,0.4999737899278191
R162_C063,2024,0.0,0,0,0,5.64791947838045e-10,True,True negative,0.49999999943520806
R162_C064,2024,0.0,0,0,0,5.64791947838045e-10,True,True negative,0.49999999943520806
R162_C065,2024,0.0,0,0,0,5.64791947838045e-10,True,True negative,0.49999999943520806
R162_C066,2024,0.6931471805599453,0,0,0,5.7767006900864226e-08,True,True negative,0.4999999422329931
R163_C002,2024,0.0,0,0,0,5.64791947838045e-10,True,True negative,0.49999999943520806
R163_C016,2024,0.0,0,0,0,5.64791947838045e-10,True,True negative,0.49999999943520806
R163_C017,2024,1.3862943611198906,0,0,0,5.9083840806754096e-06,True,True negative,0.49999409161591934
R163_C018,2024,1.3862943611198906,0,0,0,5.9083840806754096e-06,True,True negative,0.49999409161591934
R163_C021,2024,0.0,0,0,0,5.64791947838045e-10,True,True negative,0.49999999943520806
R163_C022,2024,0.6931471805599453,0,0,0,5.7767006900864226e-08,True,True negative,0.4999999422329931
R163_C023,2024,1.0986122886681096,0,0,0,8.65629632656729e-07,True,True negative,0.49999913437036736
R163_C024,2024,0.0,0,0,0,5.64791947838045e-10,True,True negative,0.49999999943520806
R163_C037,2024,0.6931471805599453,0,0,0,5.7767006900864226e-08,True,True negative,0.4999999422329931
R163_C039,2024,0.6931471805599453,0,0,0,5.7767006900864226e-08,True,True negative,0.4999999422329931
R163_C043,2024,0.0,0,0,0,5.64791947838045e-10,True,True negative,0.49999999943520806
R163_C046,2024,0.6931471805599453,0,0,0,5.7767006900864226e-08,True,True negative,0.4999999422329931
R163_C047,2024,0.6931471805599453,0,0,0,5.7767006900864226e-08,True,True negative,0.4999999422329931
R163_C048,2024,0.0,0,0,0,5.64791947838045e-10,True,True negative,0.49999999943520806
R163_C050,2024,0.0,0,0,0,5.64791947838045e-10,True,True negative,0.49999999943520806
R163_C056,2024,0.0,0,0,0,5.64791947838045e-10,True,True negative,0.49999999943520806
R163_C057,2024,0.0,0,0,0,5.64791947838045e-10,True,True negative,0.49999999943520806
R163_C058,2024,0.6931471805599453,0,0,0,5.7767006900864226e-08,True,True negative,0.4999999422329931
R163_C059,2024,0.0,0,0,0,5.64791947838045e-10,True,True negative,0.49999999943520806
R163_C060,2024,1.3862943611198906,0,0,0,5.9083840806754096e-06,True,True negative,0.49999409161591934
R163_C061,2024,0.6931471805599453,0,0,0,5.7767006900864226e-08,True,True negative,0.4999999422329931
R163_C062,2024,1.0986122886681096,0,0,0,8.65629632656729e-07,True,True negative,0.49999913437036736
R163_C063,2024,1.791759469228055,0,0,0,8.852897499702268e-05,True,True negative,0.499911471025003
R163_C064,2024,1.0986122886681096,0,0,0,8.65629632656729e-07,True,True negative,0.49999913437036736
R163_C065,2024,0.0,0,0,0,5.64791947838045e-10,True,True negative,0.49999999943520806
R163_C066,2024,0.0,0,0,0,5.64791947838045e-10,True,True negative,0.49999999943520806
R163_C067,2024,0.0,0,0,0,5.64791947838045e-10,True,True negative,0.49999999943520806
R164_C002,2024,0.0,0,0,0,5.64791947838045e-10,True,True negative,0.49999999943520806
R164_C014,2024,0.0,0,0,0,5.64791947838045e-10,True,True negative,0.49999999943520806
R164_C015,2024,0.0,0,0,0,5.64791947838045e-10,True,True negative,0.49999999943520806
R164_C016,2024,0.0,0,0,0,5.64791947838045e-10,True,True negative,0.49999999943520806
R164_C017,2024,0.0,0,0,0,5.64791947838045e-10,True,True negative,0.49999999943520806
R164_C023,2024,0.6931471805599453,0,0,0,5.7767006900864226e-08,True,True negative,0.4999999422329931
R164_C024,2024,0.0,0,0,0,5.64791947838045e-10,True,True negative,0.49999999943520806
R164_C035,2024,0.0,0,0,0,5.64791947838045e-10,True,True negative,0.49999999943520806
R164_C036,2024,0.6931471805599453,0,0,0,5.7767006900864226e-08,True,True negative,0.4999999422329931
R164_C037,2024,0.0,0,0,0,5.64791947838045e-10,True,True negative,0.49999999943520806
R164_C038,2024,1.6094379124341005,0,0,0,2.621007218088068e-05,True,True negative,0.4999737899278191
R164_C040,2024,0.0,0,0,0,5.64791947838045e-10,True,True negative,0.49999999943520806
R164_C041,2024,0.0,0,0,0,5.64791947838045e-10,True,True negative,0.49999999943520806
R164_C042,2024,0.6931471805599453,0,0,0,5.7767006900864226e-08,True,True negative,0.4999999422329931
R164_C047,2024,0.0,0,0,0,5.64791947838045e-10,True,True negative,0.49999999943520806
R164_C049,2024,0.0,0,0,0,5.64791947838045e-10,True,True negative,0.49999999943520806
R164_C050,2024,0.0,0,0,0,5.64791947838045e-10,True,True negative,0.49999999943520806
R164_C052,2024,0.0,0,0,0,5.64791947838045e-10,True,True negative,0.49999999943520806
R164_C057,2024,0.0,0,0,0,5.64791947838045e-10,True,True negative,0.49999999943520806
R164_C058,2024,0.0,0,0,0,5.64791947838045e-10,True,True negative,0.49999999943520806
R164_C059,2024,0.6931471805599453,0,0,0,5.7767006900864226e-08,True,True negative,0.4999999422329931
R164_C060,2024,0.0,0,0,0,5.64791947838045e-10,True,True negative,0.49999999943520806
R164_C061,2024,1.0986122886681096,0,0,0,8.65629632656729e-07,True,True negative,0.49999913437036736
R164_C062,2024,0.6931471805599453,0,0,0,5.7767006900864226e-08,True,True negative,0.4999999422329931
R164_C063,2024,0.6931471805599453,0,0,0,5.7767006900864226e-08,True,True negative,0.4999999422329931
R164_C064,2024,0.6931471805599453,0,0,0,5.7767006900864226e-08,True,True negative,0.4999999422329931
R164_C065,2024,0.0,0,0,0,5.64791947838045e-10,True,True negative,0.49999999943520806
R164_C066,2024,0.6931471805599453,0,0,0,5.7767006900864226e-08,True,True negative,0.4999999422329931
R164_C067,2024,0.6931471805599453,0,0,0,5.7767006900864226e-08,True,True negative,0.4999999422329931
R165_C002,2024,0.6931471805599453,0,0,0,5.7767006900864226e-08,True,True negative,0.4999999422329931
R165_C013,2024,0.0,0,0,0,5.64791947838045e-10,True,True negative,0.49999999943520806
R165_C016,2024,0.0,0,0,0,5.64791947838045e-10,True,True negative,0.49999999943520806
R165_C017,2024,0.0,0,0,0,5.64791947838045e-10,True,True negative,0.49999999943520806
R165_C024,2024,0.6931471805599453,0,0,0,5.7767006900864226e-08,True,True negative,0.4999999422329931
R165_C025,2024,0.0,0,0,0,5.64791947838045e-10,True,True negative,0.49999999943520806
R165_C037,2024,0.0,0,0,0,5.64791947838045e-10,True,True negative,0.49999999943520806
R165_C039,2024,0.6931471805599453,0,0,0,5.7767006900864226e-08,True,True negative,0.4999999422329931
R165_C040,2024,1.0986122886681096,0,0,0,8.65629632656729e-07,True,True negative,0.49999913437036736
R165_C041,2024,0.0,0,0,0,5.64791947838045e-10,True,True negative,0.49999999943520806
R165_C046,2024,0.0,0,0,0,5.64791947838045e-10,True,True negative,0.49999999943520806
R165_C047,2024,1.0986122886681096,0,0,0,8.65629632656729e-07,True,True negative,0.49999913437036736
R165_C050,2024,1.0986122886681096,0,0,0,8.65629632656729e-07,True,True negative,0.49999913437036736
R165_C053,2024,0.0,0,0,0,5.64791947838045e-10,True,True negative,0.49999999943520806
R165_C054,2024,0.0,0,0,0,5.64791947838045e-10,True,True negative,0.49999999943520806
R165_C057,2024,1.0986122886681096,0,0,0,8.65629632656729e-07,True,True negative,0.49999913437036736
R165_C058,2024,1.0986122886681096,0,0,0,8.65629632656729e-07,True,True negative,0.49999913437036736
R165_C061,2024,0.0,0,0,0,5.64791947838045e-10,True,True negative,0.49999999943520806
R165_C062,2024,0.0,0,0,0,5.64791947838045e-10,True,True negative,0.49999999943520806
R165_C064,2024,0.6931471805599453,0,0,0,5.7767006900864226e-08,True,True negative,0.4999999422329931
R165_C065,2024,0.0,0,0,0,5.64791947838045e-10,True,True negative,0.49999999943520806
R165_C066,2024,0.6931471805599453,0,0,0,5.7767006900864226e-08,True,True negative,0.4999999422329931
R165_C067,2024,0.0,0,0,0,5.64791947838045e-10,True,True negative,0.49999999943520806
R165_C068,2024,0.0,0,0,0,5.64791947838045e-10,True,True negative,0.49999999943520806
R165_C069,2024,0.6931471805599453,0,0,0,5.7767006900864226e-08,True,True negative,0.4999999422329931
R166_C002,2024,0.6931471805599453,0,0,0,5.7767006900864226e-08,True,True negative,0.4999999422329931
R166_C012,2024,0.0,0,0,0,5.64791947838045e-10,True,True negative,0.49999999943520806
R166_C013,2024,0.6931471805599453,0,0,0,5.7767006900864226e-08,True,True negative,0.4999999422329931
R166_C016,2024,0.0,0,0,0,5.64791947838045e-10,True,True negative,0.49999999943520806
R166_C022,2024,0.0,0,0,0,5.64791947838045e-10,True,True negative,0.49999999943520806
R166_C025,2024,0.6931471805599453,0,0,0,5.7767006900864226e-08,True,True negative,0.4999999422329931
R166_C036,2024,0.0,0,0,0,5.64791947838045e-10,True,True negative,0.49999999943520806
R166_C037,2024,0.0,0,0,0,5.64791947838045e-10,True,True negative,0.49999999943520806
R166_C038,2024,0.0,0,0,0,5.64791947838045e-10,True,True negative,0.49999999943520806
R166_C039,2024,1.0986122886681096,0,0,0,8.65629632656729e-07,True,True negative,0.49999913437036736
R166_C040,2024,2.19722457733622,0,0,0,0.0013249536430650108,True,True negative,0.498675046356935
R166_C041,2024,1.3862943611198906,0,0,0,5.9083840806754096e-06,True,True negative,0.49999409161591934
R166_C051,2024,1.0986122886681096,0,0,0,8.65629632656729e-07,True,True negative,0.49999913437036736
R166_C052,2024,0.0,0,0,0,5.64791947838045e-10,True,True negative,0.49999999943520806
R166_C053,2024,0.0,0,0,0,5.64791947838045e-10,True,True negative,0.49999999943520806
R166_C055,2024,1.0986122886681096,0,0,0,8.65629632656729e-07,True,True negative,0.49999913437036736
R166_C056,2024,0.6931471805599453,0,0,0,5.7767006900864226e-08,True,True negative,0.4999999422329931
R166_C057,2024,0.6931471805599453,0,0,0,5.7767006900864226e-08,True,True negative,0.4999999422329931
R166_C058,2024,0.0,0,0,0,5.64791947838045e-10,True,True negative,0.49999999943520806
R166_C059,2024,0.6931471805599453,0,0,0,5.7767006900864226e-08,True,True negative,0.4999999422329931
R166_C061,2024,0.0,0,0,0,5.64791947838045e-10,True,True negative,0.49999999943520806
R166_C062,2024,0.0,0,0,0,5.64791947838045e-10,True,True negative,0.49999999943520806
R166_C064,2024,0.0,0,0,0,5.64791947838045e-10,True,True negative,0.49999999943520806
R166_C065,2024,0.0,0,0,0,5.64791947838045e-10,True,True negative,0.49999999943520806
R166_C067,2024,0.6931471805599453,0,0,0,5.7767006900864226e-08,True,True negative,0.4999999422329931
R166_C069,2024,0.0,0,0,0,5.64791947838045e-10,True,True negative,0.49999999943520806
R167_C002,2024,0.0,0,0,0,5.64791947838045e-10,True,True negative,0.49999999943520806
R167_C003,2024,0.0,0,0,0,5.64791947838045e-10,True,True negative,0.49999999943520806
R167_C009,2024,0.0,0,0,0,5.64791947838045e-10,True,True negative,0.49999999943520806
R167_C012,2024,0.0,0,0,0,5.64791947838045e-10,True,True negative,0.49999999943520806
R167_C015,2024,0.6931471805599453,0,0,0,5.7767006900864226e-08,True,True negative,0.4999999422329931
R167_C016,2024,0.6931471805599453,0,0,0,5.7767006900864226e-08,True,True negative,0.4999999422329931
R167_C021,2024,0.0,0,0,0,5.64791947838045e-10,True,True negative,0.49999999943520806
R167_C027,2024,0.0,0,0,0,5.64791947838045e-10,True,True negative,0.49999999943520806
R167_C037,2024,0.6931471805599453,0,0,0,5.7767006900864226e-08,True,True negative,0.4999999422329931
R167_C038,2024,1.0986122886681096,0,0,0,8.65629632656729e-07,True,True negative,0.49999913437036736
R167_C039,2024,0.0,0,0,0,5.64791947838045e-10,True,True negative,0.49999999943520806
R167_C040,2024,2.833213344056216,0,0,0,0.08479219087228605,True,True negative,0.41520780912771393
R167_C041,2024,2.302585092994046,0,0,0,0.002673672923127726,True,True negative,0.4973263270768723
R167_C042,2024,1.0986122886681096,0,0,0,8.65629632656729e-07,True,True negative,0.49999913437036736
R167_C043,2024,0.6931471805599453,0,0,0,5.7767006900864226e-08,True,True negative,0.4999999422329931
R167_C044,2024,0.0,0,0,0,5.64791947838045e-10,True,True negative,0.49999999943520806
R167_C045,2024,0.0,0,0,0,5.64791947838045e-10,True,True negative,0.49999999943520806
R167_C046,2024,0.0,0,0,0,5.64791947838045e-10,True,True negative,0.49999999943520806
R167_C047,2024,0.0,0,0,0,5.64791947838045e-10,True,True negative,0.49999999943520806
R167_C050,2024,0.0,0,0,0,5.64791947838045e-10,True,True negative,0.49999999943520806
R167_C052,2024,0.0,0,0,0,5.64791947838045e-10,True,True negative,0.49999999943520806
R167_C055,2024,0.0,0,0,0,5.64791947838045e-10,True,True negative,0.49999999943520806
R167_C057,2024,0.0,0,0,0,5.64791947838045e-10,True,True negative,0.49999999943520806
R167_C058,2024,0.6931471805599453,0,0,0,5.7767006900864226e-08,True,True negative,0.4999999422329931
R167_C059,2024,0.6931471805599453,0,0,0,5.7767006900864226e-08,True,True negative,0.4999999422329931
R167_C061,2024,0.6931471805599453,0,0,0,5.7767006900864226e-08,True,True negative,0.4999999422329931
R167_C063,2024,0.0,0,0,0,5.64791947838045e-10,True,True negative,0.49999999943520806
R167_C064,2024,0.0,0,0,0,5.64791947838045e-10,True,True negative,0.49999999943520806
R167_C065,2024,0.0,0,0,0,5.64791947838045e-10,True,True negative,0.49999999943520806
R167_C066,2024,0.6931471805599453,0,0,0,5.7767006900864226e-08,True,True negative,0.4999999422329931
R167_C067,2024,0.0,0,0,0,5.64791947838045e-10,True,True negative,0.49999999943520806
R167_C068,2024,1.0986122886681096,0,0,0,8.65629632656729e-07,True,True negative,0.49999913437036736
R167_C069,2024,1.791759469228055,0,0,0,8.852897499702268e-05,True,True negative,0.499911471025003
R168_C002,2024,0.0,0,0,0,5.64791947838045e-10,True,True negative,0.49999999943520806
R168_C012,2024,0.0,0,0,0,5.64791947838045e-10,True,True negative,0.49999999943520806
R168_C013,2024,0.0,0,0,0,5.64791947838045e-10,True,True negative,0.49999999943520806
R168_C015,2024,0.6931471805599453,0,0,0,5.7767006900864226e-08,True,True negative,0.4999999422329931
R168_C023,2024,0.6931471805599453,0,0,0,5.7767006900864226e-08,True,True negative,0.4999999422329931
R168_C028,2024,0.0,0,0,0,5.64791947838045e-10,True,True negative,0.49999999943520806
R168_C036,2024,0.6931471805599453,0,0,0,5.7767006900864226e-08,True,True negative,0.4999999422329931
R168_C037,2024,1.0986122886681096,0,0,0,8.65629632656729e-07,True,True negative,0.49999913437036736
R168_C038,2024,1.3862943611198906,0,0,0,5.9083840806754096e-06,True,True negative,0.49999409161591934
R168_C039,2024,1.0986122886681096,0,0,0,8.65629632656729e-07,True,True negative,0.49999913437036736
R168_C041,2024,0.0,0,0,0,5.64791947838045e-10,True,True negative,0.49999999943520806
R168_C042,2024,1.0986122886681096,0,0,0,8.65629632656729e-07,True,True negative,0.49999913437036736
R168_C043,2024,0.6931471805599453,0,0,0,5.7767006900864226e-08,True,True negative,0.4999999422329931
R168_C044,2024,0.6931471805599453,0,0,0,5.7767006900864226e-08,True,True negative,0.4999999422329931
R168_C052,2024,0.6931471805599453,0,0,0,5.7767006900864226e-08,True,True negative,0.4999999422329931
R168_C053,2024,0.0,0,0,0,5.64791947838045e-10,True,True negative,0.49999999943520806
R168_C055,2024,0.0,0,0,0,5.64791947838045e-10,True,True negative,0.49999999943520806
R168_C056,2024,0.0,0,0,0,5.64791947838045e-10,True,True negative,0.49999999943520806
R168_C057,2024,0.0,0,0,0,5.64791947838045e-10,True,True negative,0.49999999943520806
R168_C059,2024,0.0,0,0,0,5.64791947838045e-10,True,True negative,0.49999999943520806
R168_C060,2024,0.0,0,0,0,5.64791947838045e-10,True,True negative,0.49999999943520806
R168_C061,2024,1.0986122886681096,0,0,0,8.65629632656729e-07,True,True negative,0.49999913437036736
R168_C062,2024,0.0,0,0,0,5.64791947838045e-10,True,True negative,0.49999999943520806
R168_C063,2024,0.0,0,0,0,5.64791947838045e-10,True,True negative,0.49999999943520806
R168_C064,2024,0.0,0,0,0,5.64791947838045e-10,True,True negative,0.49999999943520806
R168_C065,2024,0.0,0,0,0,5.64791947838045e-10,True,True negative,0.49999999943520806
R168_C066,2024,0.0,0,0,0,5.64791947838045e-10,True,True negative,0.49999999943520806
R168_C067,2024,0.6931471805599453,0,0,0,5.7767006900864226e-08,True,True negative,0.4999999422329931
R168_C068,2024,0.0,0,0,0,5.64791947838045e-10,True,True negative,0.49999999943520806
R168_C069,2024,0.6931471805599453,0,0,0,5.7767006900864226e-08,True,True negative,0.4999999422329931
R169_C002,2024,0.0,0,0,0,5.64791947838045e-10,True,True negative,0.49999999943520806
R169_C003,2024,0.0,0,0,0,5.64791947838045e-10,True,True negative,0.49999999943520806
R169_C017,2024,0.0,0,0,0,5.64791947838045e-10,True,True negative,0.49999999943520806
R169_C024,2024,0.0,0,0,0,5.64791947838045e-10,True,True negative,0.49999999943520806
R169_C026,2024,0.0,0,0,0,5.64791947838045e-10,True,True negative,0.49999999943520806
R169_C028,2024,0.0,0,0,0,5.64791947838045e-10,True,True negative,0.49999999943520806
R169_C029,2024,0.6931471805599453,0,0,0,5.7767006900864226e-08,True,True negative,0.4999999422329931
R169_C035,2024,1.3862943611198906,0,0,0,5.9083840806754096e-06,True,True negative,0.49999409161591934
R169_C036,2024,1.0986122886681096,0,0,0,8.65629632656729e-07,True,True negative,0.49999913437036736
R169_C037,2024,1.0986122886681096,0,0,0,8.65629632656729e-07,True,True negative,0.49999913437036736
R169_C038,2024,1.0986122886681096,0,0,0,8.65629632656729e-07,True,True negative,0.49999913437036736
R169_C040,2024,0.0,0,0,0,5.64791947838045e-10,True,True negative,0.49999999943520806
R169_C041,2024,0.0,0,0,0,5.64791947838045e-10,True,True negative,0.49999999943520806
R169_C042,2024,0.0,0,0,0,5.64791947838045e-10,True,True negative,0.49999999943520806
R169_C044,2024,2.079441541679836,0,0,0,0.0006039490586071061,True,True negative,0.4993960509413929
R169_C045,2024,1.0986122886681096,0,0,0,8.65629632656729e-07,True,True negative,0.49999913437036736
R169_C046,2024,0.0,0,0,0,5.64791947838045e-10,True,True negative,0.49999999943520806
R169_C047,2024,1.0986122886681096,0,0,0,8.65629632656729e-07,True,True negative,0.49999913437036736
R169_C048,2024,0.0,0,0,0,5.64791947838045e-10,True,True negative,0.49999999943520806
R169_C051,2024,1.3862943611198906,0,0,0,5.9083840806754096e-06,True,True negative,0.49999409161591934
R169_C053,2024,1.3862943611198906,0,0,0,5.9083840806754096e-06,True,True negative,0.49999409161591934
R169_C054,2024,0.6931471805599453,0,0,0,5.7767006900864226e-08,True,True negative,0.4999999422329931
R169_C058,2024,0.0,0,0,0,5.64791947838045e-10,True,True negative,0.49999999943520806
R169_C059,2024,0.6931471805599453,0,0,0,5.7767006900864226e-08,True,True negative,0.4999999422329931
R169_C060,2024,0.0,0,0,0,5.64791947838045e-10,True,True negative,0.49999999943520806
R169_C061,2024,0.0,0,0,0,5.64791947838045e-10,True,True negative,0.49999999943520806
R169_C062,2024,0.0,0,0,0,5.64791947838045e-10,True,True negative,0.49999999943520806
R169_C063,2024,0.0,0,0,0,5.64791947838045e-10,True,True negative,0.49999999943520806
R169_C064,2024,0.6931471805599453,0,0,0,5.7767006900864226e-08,True,True negative,0.4999999422329931
R169_C066,2024,0.0,0,0,0,5.64791947838045e-10,True,True negative,0.49999999943520806
R169_C067,2024,1.0986122886681096,0,0,0,8.65629632656729e-07,True,True negative,0.49999913437036736
R169_C068,2024,0.6931471805599453,0,0,0,5.7767006900864226e-08,True,True negative,0.4999999422329931
R170_C017,2024,0.0,0,0,0,5.64791947838045e-10,True,True negative,0.49999999943520806
R170_C027,2024,0.6931471805599453,0,0,0,5.7767006900864226e-08,True,True negative,0.4999999422329931
R170_C032,2024,0.0,0,0,0,5.64791947838045e-10,True,True negative,0.49999999943520806
R170_C033,2024,0.0,0,0,0,5.64791947838045e-10,True,True negative,0.49999999943520806
R170_C034,2024,0.6931471805599453,0,0,0,5.7767006900864226e-08,True,True negative,0.4999999422329931
R170_C037,2024,0.0,0,0,0,5.64791947838045e-10,True,True negative,0.49999999943520806
R170_C038,2024,0.0,0,0,0,5.64791947838045e-10,True,True negative,0.49999999943520806
R170_C039,2024,0.6931471805599453,0,0,0,5.7767006900864226e-08,True,True negative,0.4999999422329931
R170_C040,2024,0.0,0,0,0,5.64791947838045e-10,True,True negative,0.49999999943520806
R170_C048,2024,0.6931471805599453,0,0,0,5.7767006900864226e-08,True,True negative,0.4999999422329931
R170_C049,2024,1.3862943611198906,0,0,0,5.9083840806754096e-06,True,True negative,0.49999409161591934
R170_C050,2024,0.0,0,0,0,5.64791947838045e-10,True,True negative,0.49999999943520806
R170_C051,2024,2.302585092994046,0,0,0,0.002673672923127726,True,True negative,0.4973263270768723
R170_C052,2024,1.3862943611198906,0,0,0,5.9083840806754096e-06,True,True negative,0.49999409161591934
R170_C053,2024,0.0,0,0,0,5.64791947838045e-10,True,True negative,0.49999999943520806
R170_C054,2024,0.0,0,0,0,5.64791947838045e-10,True,True negative,0.49999999943520806
R170_C055,2024,1.3862943611198906,0,0,0,5.9083840806754096e-06,True,True negative,0.49999409161591934
R170_C058,2024,0.0,0,0,0,5.64791947838045e-10,True,True negative,0.49999999943520806
R170_C059,2024,0.6931471805599453,0,0,0,5.7767006900864226e-08,True,True negative,0.4999999422329931
R170_C060,2024,1.3862943611198906,0,0,0,5.9083840806754096e-06,True,True negative,0.49999409161591934
R170_C061,2024,1.3862943611198906,0,0,0,5.9083840806754096e-06,True,True negative,0.49999409161591934
R170_C062,2024,0.6931471805599453,0,0,0,5.7767006900864226e-08,True,True negative,0.4999999422329931
R170_C065,2024,0.0,0,0,0,5.64791947838045e-10,True,True negative,0.49999999943520806
R170_C066,2024,0.0,0,0,0,5.64791947838045e-10,True,True negative,0.49999999943520806
R170_C067,2024,0.0,0,0,0,5.64791947838045e-10,True,True negative,0.49999999943520806
R171_C016,2024,0.0,0,0,0,5.64791947838045e-10,True,True negative,0.49999999943520806
R171_C026,2024,0.0,0,0,0,5.64791947838045e-10,True,True negative,0.49999999943520806
R171_C039,2024,0.6931471805599453,0,0,0,5.7767006900864226e-08,True,True negative,0.4999999422329931
R171_C040,2024,1.3862943611198906,0,0,0,5.9083840806754096e-06,True,True negative,0.49999409161591934
R171_C041,2024,1.0986122886681096,0,0,0,8.65629632656729e-07,True,True negative,0.49999913437036736
R171_C042,2024,0.6931471805599453,0,0,0,5.7767006900864226e-08,True,True negative,0.4999999422329931
R171_C049,2024,0.0,0,0,0,5.64791947838045e-10,True,True negative,0.49999999943520806
R171_C050,2024,0.0,0,0,0,5.64791947838045e-10,True,True negative,0.49999999943520806
R171_C051,2024,1.0986122886681096,0,0,0,8.65629632656729e-07,True,True negative,0.49999913437036736
R171_C052,2024,0.0,0,0,0,5.64791947838045e-10,True,True negative,0.49999999943520806
R171_C055,2024,0.6931471805599453,0,0,0,5.7767006900864226e-08,True,True negative,0.4999999422329931
R171_C056,2024,0.0,0,0,0,5.64791947838045e-10,True,True negative,0.49999999943520806
R171_C057,2024,0.6931471805599453,0,0,0,5.7767006900864226e-08,True,True negative,0.4999999422329931
R171_C058,2024,0.0,0,0,0,5.64791947838045e-10,True,True negative,0.49999999943520806
R171_C066,2024,2.079441541679836,0,0,0,0.0006039490586071061,True,True negative,0.4993960509413929
R172_C001,2024,0.0,0,0,0,5.64791947838045e-10,True,True negative,0.49999999943520806
R172_C023,2024,0.0,0,0,0,5.64791947838045e-10,True,True negative,0.49999999943520806
R172_C025,2024,0.0,0,0,0,5.64791947838045e-10,True,True negative,0.49999999943520806
R172_C032,2024,0.0,0,0,0,5.64791947838045e-10,True,True negative,0.49999999943520806
R172_C039,2024,0.6931471805599453,0,0,0,5.7767006900864226e-08,True,True negative,0.4999999422329931
R172_C040,2024,1.0986122886681096,0,0,0,8.65629632656729e-07,True,True negative,0.49999913437036736
R172_C041,2024,1.3862943611198906,0,0,0,5.9083840806754096e-06,True,True negative,0.49999409161591934
R172_C042,2024,0.0,0,0,0,5.64791947838045e-10,True,True negative,0.49999999943520806
R172_C050,2024,0.0,0,0,0,5.64791947838045e-10,True,True negative,0.49999999943520806
R172_C051,2024,0.0,0,0,0,5.64791947838045e-10,True,True negative,0.49999999943520806
R173_C023,2024,0.0,0,0,0,5.64791947838045e-10,True,True negative,0.49999999943520806
R173_C024,2024,0.0,0,0,0,5.64791947838045e-10,True,True negative,0.49999999943520806
R173_C029,2024,0.6931471805599453,0,0,0,5.7767006900864226e-08,True,True negative,0.4999999422329931
R173_C030,2024,0.0,0,0,0,5.64791947838045e-10,True,True negative,0.49999999943520806
R173_C031,2024,0.6931471805599453,0,0,0,5.7767006900864226e-08,True,True negative,0.4999999422329931
R173_C032,2024,0.0,0,0,0,5.64791947838045e-10,True,True negative,0.49999999943520806
R173_C040,2024,0.6931471805599453,0,0,0,5.7767006900864226e-08,True,True negative,0.4999999422329931
R173_C042,2024,0.0,0,0,0,5.64791947838045e-10,True,True negative,0.49999999943520806
R173_C043,2024,0.6931471805599453,0,0,0,5.7767006900864226e-08,True,True negative,0.4999999422329931
R173_C044,2024,0.0,0,0,0,5.64791947838045e-10,True,True negative,0.49999999943520806
R174_C005,2024,0.6931471805599453,0,0,0,5.7767006900864226e-08,True,True negative,0.4999999422329931
R174_C024,2024,1.3862943611198906,0,0,0,5.9083840806754096e-06,True,True negative,0.49999409161591934
R174_C029,2024,0.0,0,0,0,5.64791947838045e-10,True,True negative,0.49999999943520806
R174_C030,2024,0.6931471805599453,0,0,0,5.7767006900864226e-08,True,True negative,0.4999999422329931
R174_C041,2024,0.6931471805599453,0,0,0,5.7767006900864226e-08,True,True negative,0.4999999422329931
R174_C042,2024,1.3862943611198906,0,0,0,5.9083840806754096e-06,True,True negative,0.49999409161591934
R174_C043,2024,0.6931471805599453,0,0,0,5.7767006900864226e-08,True,True negative,0.4999999422329931
R174_C044,2024,0.0,0,0,0,5.64791947838045e-10,True,True negative,0.49999999943520806
R175_C024,2024,0.0,0,0,0,5.64791947838045e-10,True,True negative,0.49999999943520806
R175_C028,2024,0.0,0,0,0,5.64791947838045e-10,True,True negative,0.49999999943520806
R175_C029,2024,0.0,0,0,0,5.64791947838045e-10,True,True negative,0.49999999943520806
R175_C030,2024,0.0,0,0,0,5.64791947838045e-10,True,True negative,0.49999999943520806
R175_C039,2024,1.0986122886681096,0,0,0,8.65629632656729e-07,True,True negative,0.49999913437036736
R175_C040,2024,0.6931471805599453,0,0,0,5.7767006900864226e-08,True,True negative,0.4999999422329931
R175_C041,2024,0.0,0,0,0,5.64791947838045e-10,True,True negative,0.49999999943520806
R176_C025,2024,0.6931471805599453,0,0,0,5.7767006900864226e-08,True,True negative,0.4999999422329931
R176_C027,2024,0.6931471805599453,0,0,0,5.7767006900864226e-08,True,True negative,0.4999999422329931
R176_C030,2024,0.0,0,0,0,5.64791947838045e-10,True,True negative,0.49999999943520806
R176_C038,2024,1.0986122886681096,0,0,0,8.65629632656729e-07,True,True negative,0.49999913437036736
R176_C042,2024,0.0,0,0,0,5.64791947838045e-10,True,True negative,0.49999999943520806
R177_C028,2024,0.0,0,0,0,5.64791947838045e-10,True,True negative,0.49999999943520806
R177_C029,2024,0.6931471805599453,0,0,0,5.7767006900864226e-08,True,True negative,0.4999999422329931
R177_C038,2024,0.0,0,0,0,5.64791947838045e-10,True,True negative,0.49999999943520806
R177_C042,2024,0.6931471805599453,0,0,0,5.7767006900864226e-08,True,True negative,0.4999999422329931
R177_C043,2024,0.0,0,0,0,5.64791947838045e-10,True,True negative,0.49999999943520806
R178_C009,2024,0.0,0,0,0,5.64791947838045e-10,True,True negative,0.49999999943520806
R178_C030,2024,0.6931471805599453,0,0,0,5.7767006900864226e-08,True,True negative,0.4999999422329931
R178_C035,2024,0.0,0,0,0,5.64791947838045e-10,True,True negative,0.49999999943520806
R178_C038,2024,0.0,0,0,0,5.64791947838045e-10,True,True negative,0.49999999943520806
R178_C040,2024,0.0,0,0,0,5.64791947838045e-10,True,True negative,0.49999999943520806
R178_C041,2024,0.6931471805599453,0,0,0,5.7767006900864226e-08,True,True negative,0.4999999422329931
R178_C042,2024,0.0,0,0,0,5.64791947838045e-10,True,True negative,0.49999999943520806
R178_C043,2024,0.6931471805599453,0,0,0,5.7767006900864226e-08,True,True negative,0.4999999422329931
R178_C044,2024,0.6931471805599453,0,0,0,5.7767006900864226e-08,True,True negative,0.4999999422329931
R179_C010,2024,0.0,0,0,0,5.64791947838045e-10,True,True negative,0.49999999943520806
R179_C028,2024,0.0,0,0,0,5.64791947838045e-10,True,True negative,0.49999999943520806
R179_C030,2024,0.0,0,0,0,5.64791947838045e-10,True,True negative,0.49999999943520806
R179_C033,2024,0.0,0,0,0,5.64791947838045e-10,True,True negative,0.49999999943520806
R179_C042,2024,0.0,0,0,0,5.64791947838045e-10,True,True negative,0.49999999943520806
R179_C045,2024,0.0,0,0,0,5.64791947838045e-10,True,True negative,0.49999999943520806
R180_C028,2024,0.0,0,0,0,5.64791947838045e-10,True,True negative,0.49999999943520806
R180_C031,2024,0.0,0,0,0,5.64791947838045e-10,True,True negative,0.49999999943520806
R180_C037,2024,0.6931471805599453,0,0,0,5.7767006900864226e-08,True,True negative,0.4999999422329931
R180_C038,2024,0.0,0,0,0,5.64791947838045e-10,True,True negative,0.49999999943520806
R180_C046,2024,0.6931471805599453,0,0,0,5.7767006900864226e-08,True,True negative,0.4999999422329931
R181_C012,2024,0.0,0,0,0,5.64791947838045e-10,True,True negative,0.49999999943520806
R181_C014,2024,0.0,0,0,0,5.64791947838045e-10,True,True negative,0.49999999943520806
R181_C048,2024,0.0,0,0,0,5.64791947838045e-10,True,True negative,0.49999999943520806
R182_C012,2024,0.6931471805599453,0,0,0,5.7767006900864226e-08,True,True negative,0.4999999422329931
R182_C013,2024,0.0,0,0,0,5.64791947838045e-10,True,True negative,0.49999999943520806
R182_C028,2024,0.0,0,0,0,5.64791947838045e-10,True,True negative,0.49999999943520806
R182_C031,2024,0.6931471805599453,0,0,0,5.7767006900864226e-08,True,True negative,0.4999999422329931
R182_C035,2024,0.0,0,0,0,5.64791947838045e-10,True,True negative,0.49999999943520806
R182_C048,2024,0.0,0,0,0,5.64791947838045e-10,True,True negative,0.49999999943520806
R182_C049,2024,0.0,0,0,0,5.64791947838045e-10,True,True negative,0.49999999943520806
R183_C010,2024,0.6931471805599453,0,0,0,5.7767006900864226e-08,True,True negative,0.4999999422329931
R183_C014,2024,0.0,0,0,0,5.64791947838045e-10,True,True negative,0.49999999943520806
R183_C030,2024,0.0,0,0,0,5.64791947838045e-10,True,True negative,0.49999999943520806
R183_C031,2024,0.6931471805599453,0,0,0,5.7767006900864226e-08,True,True negative,0.4999999422329931
R183_C049,2024,0.0,0,0,0,5.64791947838045e-10,True,True negative,0.49999999943520806
R183_C050,2024,0.0,0,0,0,5.64791947838045e-10,True,True negative,0.49999999943520806
R184_C008,2024,0.0,0,0,0,5.64791947838045e-10,True,True negative,0.49999999943520806
R184_C014,2024,0.6931471805599453,0,0,0,5.7767006900864226e-08,True,True negative,0.4999999422329931
R184_C015,2024,1.6094379124341005,0,0,0,2.621007218088068e-05,True,True negative,0.4999737899278191
R184_C016,2024,0.0,0,0,0,5.64791947838045e-10,True,True negative,0.49999999943520806
R184_C030,2024,0.0,0,0,0,5.64791947838045e-10,True,True negative,0.49999999943520806
R184_C031,2024,0.0,0,0,0,5.64791947838045e-10,True,True negative,0.49999999943520806
R184_C050,2024,0.0,0,0,0,5.64791947838045e-10,True,True negative,0.49999999943520806
R184_C051,2024,0.6931471805599453,0,0,0,5.7767006900864226e-08,True,True negative,0.4999999422329931
R185_C015,2024,0.0,0,0,0,5.64791947838045e-10,True,True negative,0.49999999943520806
R185_C016,2024,1.0986122886681096,0,0,0,8.65629632656729e-07,True,True negative,0.49999913437036736
R185_C031,2024,0.0,0,0,0,5.64791947838045e-10,True,True negative,0.49999999943520806
R185_C050,2024,0.0,0,0,0,5.64791947838045e-10,True,True negative,0.49999999943520806
R185_C051,2024,0.0,0,0,0,5.64791947838045e-10,True,True negative,0.49999999943520806
R185_C052,2024,0.6931471805599453,0,0,0,5.7767006900864226e-08,True,True negative,0.4999999422329931
R185_C053,2024,0.0,0,0,0,5.64791947838045e-10,True,True negative,0.49999999943520806
R186_C011,2024,0.6931471805599453,0,0,0,5.7767006900864226e-08,True,True negative,0.4999999422329931
R186_C016,2024,0.0,0,0,0,5.64791947838045e-10,True,True negative,0.49999999943520806
R186_C030,2024,0.0,0,0,0,5.64791947838045e-10,True,True negative,0.49999999943520806
R186_C032,2024,0.0,0,0,0,5.64791947838045e-10,True,True negative,0.49999999943520806
R186_C038,2024,0.0,0,0,0,5.64791947838045e-10,True,True negative,0.49999999943520806
R186_C050,2024,0.0,0,0,0,5.64791947838045e-10,True,True negative,0.49999999943520806
R186_C053,2024,0.6931471805599453,0,0,0,5.7767006900864226e-08,True,True negative,0.4999999422329931
R187_C014,2024,0.0,0,0,0,5.64791947838045e-10,True,True negative,0.49999999943520806
R187_C031,2024,0.0,0,0,0,5.64791947838045e-10,True,True negative,0.49999999943520806
R187_C050,2024,0.0,0,0,0,5.64791947838045e-10,True,True negative,0.49999999943520806
R187_C053,2024,0.6931471805599453,0,0,0,5.7767006900864226e-08,True,True negative,0.4999999422329931
R187_C054,2024,0.0,0,0,0,5.64791947838045e-10,True,True negative,0.49999999943520806
R188_C032,2024,0.0,0,0,0,5.64791947838045e-10,True,True negative,0.49999999943520806
R188_C034,2024,0.0,0,0,0,5.64791947838045e-10,True,True negative,0.49999999943520806
R188_C052,2024,1.0986122886681096,0,0,0,8.65629632656729e-07,True,True negative,0.49999913437036736
R188_C053,2024,0.6931471805599453,0,0,0,5.7767006900864226e-08,True,True negative,0.4999999422329931
R188_C054,2024,1.0986122886681096,0,0,0,8.65629632656729e-07,True,True negative,0.49999913437036736
R189_C015,2024,0.0,0,0,0,5.64791947838045e-10,True,True negative,0.49999999943520806
R189_C035,2024,0.0,0,0,0,5.64791947838045e-10,True,True negative,0.49999999943520806
R189_C036,2024,0.0,0,0,0,5.64791947838045e-10,True,True negative,0.49999999943520806
R189_C038,2024,0.0,0,0,0,5.64791947838045e-10,True,True negative,0.49999999943520806
R189_C039,2024,0.6931471805599453,0,0,0,5.7767006900864226e-08,True,True negative,0.4999999422329931
R189_C050,2024,0.6931471805599453,0,0,0,5.7767006900864226e-08,True,True negative,0.4999999422329931
R189_C051,2024,0.0,0,0,0,5.64791947838045e-10,True,True negative,0.49999999943520806
R189_C052,2024,1.3862943611198906,0,0,0,5.9083840806754096e-06,True,True negative,0.49999409161591934
R189_C053,2024,0.0,0,0,0,5.64791947838045e-10,True,True negative,0.49999999943520806
R190_C034,2024,0.6931471805599453,0,0,0,5.7767006900864226e-08,True,True negative,0.4999999422329931
R190_C039,2024,0.0,0,0,0,5.64791947838045e-10,True,True negative,0.49999999943520806
R190_C041,2024,0.0,0,0,0,5.64791947838045e-10,True,True negative,0.49999999943520806
R190_C042,2024,0.0,0,0,0,5.64791947838045e-10,True,True negative,0.49999999943520806
R190_C047,2024,0.0,0,0,0,5.64791947838045e-10,True,True negative,0.49999999943520806
R190_C049,2024,1.0986122886681096,0,0,0,8.65629632656729e-07,True,True negative,0.49999913437036736
R190_C050,2024,0.0,0,0,0,5.64791947838045e-10,True,True negative,0.49999999943520806
R190_C052,2024,0.0,0,0,0,5.64791947838045e-10,True,True negative,0.49999999943520806
R190_C053,2024,0.0,0,0,0,5.64791947838045e-10,True,True negative,0.49999999943520806
R191_C035,2024,0.0,0,0,0,5.64791947838045e-10,True,True negative,0.49999999943520806
R191_C046,2024,0.6931471805599453,0,0,0,5.7767006900864226e-08,True,True negative,0.4999999422329931
R191_C047,2024,0.0,0,0,0,5.64791947838045e-10,True,True negative,0.49999999943520806
R191_C048,2024,0.0,0,0,0,5.64791947838045e-10,True,True negative,0.49999999943520806
R191_C049,2024,1.6094379124341005,0,0,0,2.621007218088068e-05,True,True negative,0.4999737899278191
R191_C050,2024,0.0,0,0,0,5.64791947838045e-10,True,True negative,0.49999999943520806
R191_C051,2024,0.0,0,0,0,5.64791947838045e-10,True,True negative,0.49999999943520806
R191_C054,2024,0.0,0,0,0,5.64791947838045e-10,True,True negative,0.49999999943520806
R192_C051,2024,0.6931471805599453,0,0,0,5.7767006900864226e-08,True,True negative,0.4999999422329931
R195_C055,2024,0.6931471805599453,0,0,0,5.7767006900864226e-08,True,True negative,0.4999999422329931
R196_C056,2024,0.6931471805599453,0,0,0,5.7767006900864226e-08,True,True negative,0.4999999422329931
R197_C056,2024,0.6931471805599453,0,0,0,5.7767006900864226e-08,True,True negative,0.4999999422329931
R198_C053,2024,0.6931471805599453,0,0,0,5.7767006900864226e-08,True,True negative,0.4999999422329931
R198_C057,2024,0.0,0,0,0,5.64791947838045e-10,True,True negative,0.49999999943520806
R199_C055,2024,0.0,0,0,0,5.64791947838045e-10,True,True negative,0.49999999943520806
R199_C056,2024,0.0,0,0,0,5.64791947838045e-10,True,True negative,0.49999999943520806
R200_C052,2024,0.6931471805599453,0,0,0,5.7767006900864226e-08,True,True negative,0.4999999422329931
R200_C053,2024,1.0986122886681096,0,0,0,8.65629632656729e-07,True,True negative,0.49999913437036736
R200_C054,2024,0.6931471805599453,0,0,0,5.7767006900864226e-08,True,True negative,0.4999999422329931
R200_C055,2024,0.0,0,0,0,5.64791947838045e-10,True,True negative,0.49999999943520806
R200_C056,2024,0.0,0,0,0,5.64791947838045e-10,True,True negative,0.49999999943520806
R201_C051,2024,0.6931471805599453,0,0,0,5.7767006900864226e-08,True,True negative,0.4999999422329931
R201_C052,2024,0.0,0,0,0,5.64791947838045e-10,True,True negative,0.49999999943520806
R201_C053,2024,0.6931471805599453,0,0,0,5.7767006900864226e-08,True,True negative,0.4999999422329931
R201_C056,2024,0.0,0,0,0,5.64791947838045e-10,True,True negative,0.49999999943520806
R202_C051,2024,0.0,0,0,0,5.64791947838045e-10,True,True negative,0.49999999943520806
R202_C052,2024,0.0,0,0,0,5.64791947838045e-10,True,True negative,0.49999999943520806
R202_C053,2024,0.0,0,0,0,5.64791947838045e-10,True,True negative,0.49999999943520806
R202_C054,2024,0.0,0,0,0,5.64791947838045e-10,True,True negative,0.49999999943520806
R206_C060,2024,0.0,0,0,0,5.64791947838045e-10,True,True negative,0.49999999943520806
R207_C055,2024,0.0,0,0,0,5.64791947838045e-10,True,True negative,0.49999999943520806
R220_C074,2024,0.6931471805599453,0,0,0,5.7767006900864226e-08,True,True negative,0.4999999422329931
R221_C074,2024,0.6931471805599453,0,0,0,5.7767006900864226e-08,True,True negative,0.4999999422329931
R222_C075,2024,0.6931471805599453,0,0,0,5.7767006900864226e-08,True,True negative,0.4999999422329931
R223_C075,2024,1.0986122886681096,0,0,0,8.65629632656729e-07,True,True negative,0.49999913437036736
R224_C075,2024,0.0,0,0,0,5.64791947838045e-10,True,True negative,0.49999999943520806
R225_C074,2024,0.0,0,0,0,5.64791947838045e-10,True,True negative,0.49999999943520806
R225_C075,2024,1.3862943611198906,0,0,0,5.9083840806754096e-06,True,True negative,0.49999409161591934
R226_C075,2024,0.0,0,0,0,5.64791947838045e-10,True,True negative,0.49999999943520806
R226_C076,2024,1.791759469228055,0,0,0,8.852897499702268e-05,True,True negative,0.499911471025003
R227_C071,2024,0.6931471805599453,0,0,0,5.7767006900864226e-08,True,True negative,0.4999999422329931
R227_C074,2024,0.0,0,0,0,5.64791947838045e-10,True,True negative,0.49999999943520806
R227_C075,2024,1.0986122886681096,0,0,0,8.65629632656729e-07,True,True negative,0.49999913437036736
R228_C073,2024,0.6931471805599453,0,0,0,5.7767006900864226e-08,True,True negative,0.4999999422329931
R228_C074,2024,0.6931471805599453,0,0,0,5.7767006900864226e-08,True,True negative,0.4999999422329931
R228_C075,2024,0.0,0,0,0,5.64791947838045e-10,True,True negative,0.49999999943520806
R229_C075,2024,0.0,0,0,0,5.64791947838045e-10,True,True negative,0.49999999943520806
R230_C075,2024,0.0,0,0,0,5.64791947838045e-10,True,True negative,0.49999999943520806
R231_C074,2024,0.0,0,0,0,5.64791947838045e-10,True,True negative,0.49999999943520806
R232_C074,2024,0.0,0,0,0,5.64791947838045e-10,True,True negative,0.49999999943520806
R233_C076,2024,0.0,0,0,0,5.64791947838045e-10,True,True negative,0.49999999943520806
R234_C074,2024,0.0,0,0,0,5.64791947838045e-10,True,True negative,0.49999999943520806
