grid_id,hotspot_2020,hotspot_2021,hotspot_2022,hotspot_2023,hotspot_2024,hotspot_years,hotspot_proportion,persistence_score,persistence_category,longest_hotspot_run,early_hotspot_years,late_hotspot_years,early_hotspot_rate,late_hotspot_rate,hotspot_change_score,collision_count_2020,collision_count_2021,collision_count_2022,collision_count_2023,collision_count_2024,early_mean_collision_count,late_mean_collision_count,collision_count_change,pattern_category
R000_C005,0,0,0,0,0,0,0.0,0.0,Never hotspot,0,0,0,0.0,0.0,0.0,0,0,2,3,2,0.0,2.5,2.5,Never hotspot
R000_C021,0,0,0,0,0,0,0.0,0.0,Never hotspot,0,0,0,0.0,0.0,0.0,1,1,0,2,0,1.0,1.0,0.0,Never hotspot
R001_C020,0,0,0,0,0,0,0.0,0.0,Never hotspot,0,0,0,0.0,0.0,0.0,2,4,2,4,2,3.0,3.0,0.0,Never hotspot
R001_C021,0,0,0,0,0,0,0.0,0.0,Never hotspot,0,0,0,0.0,0.0,0.0,4,2,3,1,0,3.0,0.5,-2.5,Never hotspot
R001_C022,0,0,0,0,0,0,0.0,0.0,Never hotspot,0,0,0,0.0,0.0,0.0,3,4,0,0,1,3.5,0.5,-3.0,Never hotspot
R002_C014,0,0,0,0,0,0,0.0,0.0,Never hotspot,0,0,0,0.0,0.0,0.0,0,0,0,0,2,0.0,1.0,1.0,Never hotspot
R002_C015,0,0,0,0,0,0,0.0,0.0,Never hotspot,0,0,0,0.0,0.0,0.0,0,0,0,1,1,0.0,1.0,1.0,Never hotspot
R002_C020,0,0,0,0,0,0,0.0,0.0,Never hotspot,0,0,0,0.0,0.0,0.0,5,2,8,7,5,3.5,6.0,2.5,Never hotspot
R002_C021,0,0,0,0,0,0,0.0,0.0,Never hotspot,0,0,0,0.0,0.0,0.0,3,1,3,3,0,2.0,1.5,-0.5,Never hotspot
R002_C022,0,0,0,0,0,0,0.0,0.0,Never hotspot,0,0,0,0.0,0.0,0.0,2,2,2,1,1,2.0,1.0,-1.0,Never hotspot
R003_C014,0,0,0,0,0,0,0.0,0.0,Never hotspot,0,0,0,0.0,0.0,0.0,1,5,2,1,4,3.0,2.5,-0.5,Never hotspot
R003_C015,0,0,0,0,0,0,0.0,0.0,Never hotspot,0,0,0,0.0,0.0,0.0,3,1,3,6,2,2.0,4.0,2.0,Never hotspot
R003_C016,0,0,0,0,0,0,0.0,0.0,Never hotspot,0,0,0,0.0,0.0,0.0,14,11,7,8,7,12.5,7.5,-5.0,Never hotspot
R003_C018,0,0,0,0,0,0,0.0,0.0,Never hotspot,0,0,0,0.0,0.0,0.0,1,1,3,3,3,1.0,3.0,2.0,Never hotspot
R003_C019,0,0,0,0,0,0,0.0,0.0,Never hotspot,0,0,0,0.0,0.0,0.0,11,9,13,8,10,10.0,9.0,-1.0,Never hotspot
R003_C020,0,0,0,0,0,0,0.0,0.0,Never hotspot,0,0,0,0.0,0.0,0.0,9,14,13,11,15,11.5,13.0,1.5,Never hotspot
R003_C021,0,0,0,0,0,0,0.0,0.0,Never hotspot,0,0,0,0.0,0.0,0.0,2,0,3,0,1,1.0,0.5,-0.5,Never hotspot
R003_C022,0,0,0,0,0,0,0.0,0.0,Never hotspot,0,0,0,0.0,0.0,0.0,2,0,1,2,2,1.0,2.0,1.0,Never hotspot
R004_C014,0,0,0,0,0,0,0.0,0.0,Never hotspot,0,0,0,0.0,0.0,0.0,3,3,6,2,12,3.0,7.0,4.0,Never hotspot
R004_C015,0,0,0,0,0,0,0.0,0.0,Never hotspot,0,0,0,0.0,0.0,0.0,5,5,5,3,2,5.0,2.5,-2.5,Never hotspot
R004_C016,0,0,0,0,0,0,0.0,0.0,Never hotspot,0,0,0,0.0,0.0,0.0,27,24,26,20,22,25.5,21.0,-4.5,Never hotspot
R004_C017,0,0,0,0,0,0,0.0,0.0,Never hotspot,0,0,0,0.0,0.0,0.0,6,8,10,9,14,7.0,11.5,4.5,Never hotspot
R004_C018,0,0,0,0,0,0,0.0,0.0,Never hotspot,0,0,0,0.0,0.0,0.0,5,2,3,4,3,3.5,3.5,0.0,Never hotspot
R004_C019,0,0,0,0,0,0,0.0,0.0,Never hotspot,0,0,0,0.0,0.0,0.0,7,3,3,3,10,5.0,6.5,1.5,Never hotspot
R004_C020,0,0,0,0,0,0,0.0,0.0,Never hotspot,0,0,0,0.0,0.0,0.0,2,4,2,2,3,3.0,2.5,-0.5,Never hotspot
R004_C021,0,0,0,0,0,0,0.0,0.0,Never hotspot,0,0,0,0.0,0.0,0.0,2,5,8,5,7,3.5,6.0,2.5,Never hotspot
R004_C022,0,0,0,0,0,0,0.0,0.0,Never hotspot,0,0,0,0.0,0.0,0.0,27,19,27,26,24,23.0,25.0,2.0,Never hotspot
R004_C023,0,0,0,0,0,0,0.0,0.0,Never hotspot,0,0,0,0.0,0.0,0.0,7,14,13,14,15,10.5,14.5,4.0,Never hotspot
R004_C024,0,0,0,0,0,0,0.0,0.0,Never hotspot,0,0,0,0.0,0.0,0.0,0,0,0,0,1,0.0,0.5,0.5,Never hotspot
R005_C015,0,0,0,0,0,0,0.0,0.0,Never hotspot,0,0,0,0.0,0.0,0.0,0,0,0,0,1,0.0,0.5,0.5,Never hotspot
R005_C016,0,0,0,0,0,0,0.0,0.0,Never hotspot,0,0,0,0.0,0.0,0.0,3,1,1,3,1,2.0,2.0,0.0,Never hotspot
R005_C017,0,0,0,0,0,0,0.0,0.0,Never hotspot,0,0,0,0.0,0.0,0.0,12,15,18,11,11,13.5,11.0,-2.5,Never hotspot
R005_C018,0,0,0,0,0,0,0.0,0.0,Never hotspot,0,0,0,0.0,0.0,0.0,22,14,23,19,23,18.0,21.0,3.0,Never hotspot
R005_C019,0,0,0,0,0,0,0.0,0.0,Never hotspot,0,0,0,0.0,0.0,0.0,6,11,11,11,8,8.5,9.5,1.0,Never hotspot
R005_C020,0,0,0,0,0,0,0.0,0.0,Never hotspot,0,0,0,0.0,0.0,0.0,9,9,7,9,5,9.0,7.0,-2.0,Never hotspot
R005_C021,0,0,0,0,0,0,0.0,0.0,Never hotspot,0,0,0,0.0,0.0,0.0,2,5,3,2,5,3.5,3.5,0.0,Never hotspot
R005_C022,0,0,0,0,0,0,0.0,0.0,Never hotspot,0,0,0,0.0,0.0,0.0,13,20,16,9,17,16.5,13.0,-3.5,Never hotspot
R005_C023,0,0,0,0,0,0,0.0,0.0,Never hotspot,0,0,0,0.0,0.0,0.0,1,3,2,0,3,2.0,1.5,-0.5,Never hotspot
R005_C024,0,0,0,0,0,0,0.0,0.0,Never hotspot,0,0,0,0.0,0.0,0.0,1,0,2,4,2,0.5,3.0,2.5,Never hotspot
R005_C025,0,0,0,0,0,0,0.0,0.0,Never hotspot,0,0,0,0.0,0.0,0.0,0,0,1,0,0,0.0,0.0,0.0,Never hotspot
R005_C040,0,0,0,0,0,0,0.0,0.0,Never hotspot,0,0,0,0.0,0.0,0.0,0,0,0,0,1,0.0,0.5,0.5,Never hotspot
R005_C041,0,0,0,0,0,0,0.0,0.0,Never hotspot,0,0,0,0.0,0.0,0.0,0,4,0,2,3,2.0,2.5,0.5,Never hotspot
R005_C042,0,0,0,0,0,0,0.0,0.0,Never hotspot,0,0,0,0.0,0.0,0.0,0,1,2,1,1,0.5,1.0,0.5,Never hotspot
R006_C017,0,0,0,0,0,0,0.0,0.0,Never hotspot,0,0,0,0.0,0.0,0.0,3,7,8,8,8,5.0,8.0,3.0,Never hotspot
R006_C018,0,0,0,0,0,0,0.0,0.0,Never hotspot,0,0,0,0.0,0.0,0.0,0,0,0,2,2,0.0,2.0,2.0,Never hotspot
R006_C019,0,0,0,0,0,0,0.0,0.0,Never hotspot,0,0,0,0.0,0.0,0.0,17,5,10,8,7,11.0,7.5,-3.5,Never hotspot
R006_C020,1,1,1,1,1,5,1.0,1.0,Persistent hotspot,5,2,2,1.0,1.0,0.0,40,44,50,52,45,42.0,48.5,6.5,Persistent
R006_C021,0,0,0,0,0,0,0.0,0.0,Never hotspot,0,0,0,0.0,0.0,0.0,18,19,22,16,19,18.5,17.5,-1.0,Never hotspot
R006_C022,0,0,0,0,0,0,0.0,0.0,Never hotspot,0,0,0,0.0,0.0,0.0,6,6,11,7,9,6.0,8.0,2.0,Never hotspot
R006_C023,0,0,0,1,0,1,0.2,0.2,Occasional hotspot,1,0,1,0.0,0.5,0.5,14,27,33,37,27,20.5,32.0,11.5,Emerging
R006_C024,0,0,0,0,0,0,0.0,0.0,Never hotspot,0,0,0,0.0,0.0,0.0,0,0,0,2,0,0.0,1.0,1.0,Never hotspot
R006_C025,0,0,0,0,0,0,0.0,0.0,Never hotspot,0,0,0,0.0,0.0,0.0,1,5,2,5,5,3.0,5.0,2.0,Never hotspot
R006_C026,0,0,0,0,0,0,0.0,0.0,Never hotspot,0,0,0,0.0,0.0,0.0,2,0,2,1,2,1.0,1.5,0.5,Never hotspot
R006_C027,0,0,0,0,0,0,0.0,0.0,Never hotspot,0,0,0,0.0,0.0,0.0,0,1,0,0,1,0.5,0.5,0.0,Never hotspot
R006_C040,0,0,0,0,0,0,0.0,0.0,Never hotspot,0,0,0,0.0,0.0,0.0,2,2,2,4,2,2.0,3.0,1.0,Never hotspot
R006_C041,0,0,0,0,0,0,0.0,0.0,Never hotspot,0,0,0,0.0,0.0,0.0,8,4,10,10,5,6.0,7.5,1.5,Never hotspot
R006_C042,0,0,0,0,0,0,0.0,0.0,Never hotspot,0,0,0,0.0,0.0,0.0,1,1,3,1,5,1.0,3.0,2.0,Never hotspot
R006_C043,0,0,0,0,0,0,0.0,0.0,Never hotspot,0,0,0,0.0,0.0,0.0,0,1,0,0,1,0.5,0.5,0.0,Never hotspot
R007_C020,0,0,0,0,0,0,0.0,0.0,Never hotspot,0,0,0,0.0,0.0,0.0,4,3,3,5,6,3.5,5.5,2.0,Never hotspot
R007_C021,0,0,0,0,0,0,0.0,0.0,Never hotspot,0,0,0,0.0,0.0,0.0,14,21,14,18,18,17.5,18.0,0.5,Never hotspot
R007_C022,0,0,0,0,0,0,0.0,0.0,Never hotspot,0,0,0,0.0,0.0,0.0,17,24,26,27,12,20.5,19.5,-1.0,Never hotspot
R007_C023,0,0,0,0,0,0,0.0,0.0,Never hotspot,0,0,0,0.0,0.0,0.0,10,15,11,13,15,12.5,14.0,1.5,Never hotspot
R007_C024,0,0,0,0,0,0,0.0,0.0,Never hotspot,0,0,0,0.0,0.0,0.0,5,7,7,8,7,6.0,7.5,1.5,Never hotspot
R007_C025,0,0,0,0,0,0,0.0,0.0,Never hotspot,0,0,0,0.0,0.0,0.0,4,3,4,4,7,3.5,5.5,2.0,Never hotspot
R007_C026,0,0,0,0,0,0,0.0,0.0,Never hotspot,0,0,0,0.0,0.0,0.0,3,0,6,5,3,1.5,4.0,2.5,Never hotspot
R007_C027,0,0,0,0,0,0,0.0,0.0,Never hotspot,0,0,0,0.0,0.0,0.0,6,5,4,7,4,5.5,5.5,0.0,Never hotspot
R007_C035,0,0,0,0,0,0,0.0,0.0,Never hotspot,0,0,0,0.0,0.0,0.0,1,0,0,0,0,0.5,0.0,-0.5,Never hotspot
R007_C037,0,0,0,0,0,0,0.0,0.0,Never hotspot,0,0,0,0.0,0.0,0.0,1,0,1,0,1,0.5,0.5,0.0,Never hotspot
R007_C038,0,0,0,0,0,0,0.0,0.0,Never hotspot,0,0,0,0.0,0.0,0.0,1,0,1,1,1,0.5,1.0,0.5,Never hotspot
R007_C039,0,0,0,0,0,0,0.0,0.0,Never hotspot,0,0,0,0.0,0.0,0.0,0,1,0,1,0,0.5,0.5,0.0,Never hotspot
R007_C040,0,0,0,0,0,0,0.0,0.0,Never hotspot,0,0,0,0.0,0.0,0.0,1,0,1,1,4,0.5,2.5,2.0,Never hotspot
R007_C041,0,0,0,0,0,0,0.0,0.0,Never hotspot,0,0,0,0.0,0.0,0.0,7,2,4,6,2,4.5,4.0,-0.5,Never hotspot
R007_C042,0,0,0,0,0,0,0.0,0.0,Never hotspot,0,0,0,0.0,0.0,0.0,1,2,1,0,1,1.5,0.5,-1.0,Never hotspot
R007_C043,0,0,0,0,0,0,0.0,0.0,Never hotspot,0,0,0,0.0,0.0,0.0,0,1,1,2,0,0.5,1.0,0.5,Never hotspot
R007_C044,0,0,0,0,0,0,0.0,0.0,Never hotspot,0,0,0,0.0,0.0,0.0,1,0,0,0,0,0.5,0.0,-0.5,Never hotspot
R008_C021,0,0,0,0,0,0,0.0,0.0,Never hotspot,0,0,0,0.0,0.0,0.0,2,5,3,7,3,3.5,5.0,1.5,Never hotspot
R008_C022,0,0,0,0,0,0,0.0,0.0,Never hotspot,0,0,0,0.0,0.0,0.0,6,6,11,11,7,6.0,9.0,3.0,Never hotspot
R008_C023,0,0,0,0,0,0,0.0,0.0,Never hotspot,0,0,0,0.0,0.0,0.0,10,12,12,8,7,11.0,7.5,-3.5,Never hotspot
R008_C024,0,0,0,0,0,0,0.0,0.0,Never hotspot,0,0,0,0.0,0.0,0.0,2,3,4,5,2,2.5,3.5,1.0,Never hotspot
R008_C025,0,0,0,0,0,0,0.0,0.0,Never hotspot,0,0,0,0.0,0.0,0.0,7,5,8,6,4,6.0,5.0,-1.0,Never hotspot
R008_C026,0,0,0,0,0,0,0.0,0.0,Never hotspot,0,0,0,0.0,0.0,0.0,5,5,8,10,3,5.0,6.5,1.5,Never hotspot
R008_C027,0,1,0,0,0,1,0.2,0.2,Occasional hotspot,1,1,0,0.5,0.0,-0.5,27,34,25,30,31,30.5,30.5,0.0,Declining
R008_C028,0,0,0,0,0,0,0.0,0.0,Never hotspot,0,0,0,0.0,0.0,0.0,10,14,13,9,12,12.0,10.5,-1.5,Never hotspot
R008_C029,0,0,0,0,0,0,0.0,0.0,Never hotspot,0,0,0,0.0,0.0,0.0,3,2,4,2,3,2.5,2.5,0.0,Never hotspot
R008_C030,0,0,0,0,0,0,0.0,0.0,Never hotspot,0,0,0,0.0,0.0,0.0,0,0,0,1,1,0.0,1.0,1.0,Never hotspot
R008_C031,0,0,0,0,0,0,0.0,0.0,Never hotspot,0,0,0,0.0,0.0,0.0,3,6,6,4,6,4.5,5.0,0.5,Never hotspot
R008_C032,0,0,0,0,0,0,0.0,0.0,Never hotspot,0,0,0,0.0,0.0,0.0,4,5,4,4,1,4.5,2.5,-2.0,Never hotspot
R008_C033,0,0,0,0,0,0,0.0,0.0,Never hotspot,0,0,0,0.0,0.0,0.0,2,0,2,0,3,1.0,1.5,0.5,Never hotspot
R008_C034,0,0,0,0,0,0,0.0,0.0,Never hotspot,0,0,0,0.0,0.0,0.0,4,2,1,3,4,3.0,3.5,0.5,Never hotspot
R008_C035,0,0,0,0,0,0,0.0,0.0,Never hotspot,0,0,0,0.0,0.0,0.0,5,7,2,8,3,6.0,5.5,-0.5,Never hotspot
R008_C036,1,1,1,1,1,5,1.0,1.0,Persistent hotspot,5,2,2,1.0,1.0,0.0,89,100,89,81,86,94.5,83.5,-11.0,Persistent
R008_C037,0,0,0,0,0,0,0.0,0.0,Never hotspot,0,0,0,0.0,0.0,0.0,31,16,28,29,29,23.5,29.0,5.5,Never hotspot
R008_C038,0,0,0,0,0,0,0.0,0.0,Never hotspot,0,0,0,0.0,0.0,0.0,6,10,4,9,6,8.0,7.5,-0.5,Never hotspot
R008_C039,0,0,0,0,0,0,0.0,0.0,Never hotspot,0,0,0,0.0,0.0,0.0,6,3,2,1,2,4.5,1.5,-3.0,Never hotspot
R008_C040,0,0,0,0,0,0,0.0,0.0,Never hotspot,0,0,0,0.0,0.0,0.0,3,2,2,5,5,2.5,5.0,2.5,Never hotspot
R008_C041,0,0,0,0,0,0,0.0,0.0,Never hotspot,0,0,0,0.0,0.0,0.0,0,0,0,3,1,0.0,2.0,2.0,Never hotspot
R008_C042,0,0,0,0,0,0,0.0,0.0,Never hotspot,0,0,0,0.0,0.0,0.0,3,4,5,3,7,3.5,5.0,1.5,Never hotspot
R008_C043,0,0,0,0,0,0,0.0,0.0,Never hotspot,0,0,0,0.0,0.0,0.0,0,3,4,4,2,1.5,3.0,1.5,Never hotspot
R008_C044,0,0,0,0,0,0,0.0,0.0,Never hotspot,0,0,0,0.0,0.0,0.0,4,2,5,6,4,3.0,5.0,2.0,Never hotspot
R008_C045,0,0,0,0,0,0,0.0,0.0,Never hotspot,0,0,0,0.0,0.0,0.0,4,2,1,2,1,3.0,1.5,-1.5,Never hotspot
R009_C022,0,0,0,0,0,0,0.0,0.0,Never hotspot,0,0,0,0.0,0.0,0.0,0,2,2,0,1,1.0,0.5,-0.5,Never hotspot
R009_C023,0,0,0,0,0,0,0.0,0.0,Never hotspot,0,0,0,0.0,0.0,0.0,7,5,8,6,6,6.0,6.0,0.0,Never hotspot
R009_C024,0,0,0,0,0,0,0.0,0.0,Never hotspot,0,0,0,0.0,0.0,0.0,7,5,5,6,11,6.0,8.5,2.5,Never hotspot
R009_C025,0,0,0,0,0,0,0.0,0.0,Never hotspot,0,0,0,0.0,0.0,0.0,14,13,10,9,8,13.5,8.5,-5.0,Never hotspot
R009_C026,0,0,0,0,0,0,0.0,0.0,Never hotspot,0,0,0,0.0,0.0,0.0,7,6,10,8,9,6.5,8.5,2.0,Never hotspot
R009_C027,0,0,0,0,0,0,0.0,0.0,Never hotspot,0,0,0,0.0,0.0,0.0,9,10,11,13,8,9.5,10.5,1.0,Never hotspot
R009_C028,0,0,0,0,0,0,0.0,0.0,Never hotspot,0,0,0,0.0,0.0,0.0,7,6,8,7,5,6.5,6.0,-0.5,Never hotspot
R009_C029,0,0,0,0,0,0,0.0,0.0,Never hotspot,0,0,0,0.0,0.0,0.0,1,2,2,2,1,1.5,1.5,0.0,Never hotspot
R009_C030,0,0,0,0,0,0,0.0,0.0,Never hotspot,0,0,0,0.0,0.0,0.0,0,2,3,3,0,1.0,1.5,0.5,Never hotspot
R009_C031,0,0,0,0,0,0,0.0,0.0,Never hotspot,0,0,0,0.0,0.0,0.0,1,1,3,3,1,1.0,2.0,1.0,Never hotspot
R009_C032,0,0,0,0,0,0,0.0,0.0,Never hotspot,0,0,0,0.0,0.0,0.0,3,3,4,5,7,3.0,6.0,3.0,Never hotspot
R009_C033,0,0,0,0,0,0,0.0,0.0,Never hotspot,0,0,0,0.0,0.0,0.0,11,7,9,11,12,9.0,11.5,2.5,Never hotspot
R009_C034,0,0,0,0,0,0,0.0,0.0,Never hotspot,0,0,0,0.0,0.0,0.0,3,3,2,5,2,3.0,3.5,0.5,Never hotspot
R009_C035,1,0,1,0,1,3,0.6,0.6,Repeated hotspot,1,1,1,0.5,0.5,0.0,32,32,46,30,44,32.0,37.0,5.0,Intermittent
R009_C036,1,1,1,1,1,5,1.0,1.0,Persistent hotspot,5,2,2,1.0,1.0,0.0,171,180,160,204,208,175.5,206.0,30.5,Persistent
R009_C037,1,1,1,1,1,5,1.0,1.0,Persistent hotspot,5,2,2,1.0,1.0,0.0,56,58,51,57,62,57.0,59.5,2.5,Persistent
R009_C038,0,0,0,0,0,0,0.0,0.0,Never hotspot,0,0,0,0.0,0.0,0.0,17,12,15,13,17,14.5,15.0,0.5,Never hotspot
R009_C039,0,0,0,0,0,0,0.0,0.0,Never hotspot,0,0,0,0.0,0.0,0.0,6,15,15,10,10,10.5,10.0,-0.5,Never hotspot
R009_C040,0,0,0,0,0,0,0.0,0.0,Never hotspot,0,0,0,0.0,0.0,0.0,6,7,2,7,6,6.5,6.5,0.0,Never hotspot
R009_C041,0,0,0,0,0,0,0.0,0.0,Never hotspot,0,0,0,0.0,0.0,0.0,3,2,2,2,1,2.5,1.5,-1.0,Never hotspot
R009_C042,0,0,0,0,0,0,0.0,0.0,Never hotspot,0,0,0,0.0,0.0,0.0,3,6,4,4,9,4.5,6.5,2.0,Never hotspot
R009_C043,0,0,0,0,0,0,0.0,0.0,Never hotspot,0,0,0,0.0,0.0,0.0,2,1,1,1,0,1.5,0.5,-1.0,Never hotspot
R009_C044,0,0,0,0,0,0,0.0,0.0,Never hotspot,0,0,0,0.0,0.0,0.0,20,27,27,30,13,23.5,21.5,-2.0,Never hotspot
R009_C045,0,0,0,0,0,0,0.0,0.0,Never hotspot,0,0,0,0.0,0.0,0.0,15,15,13,8,14,15.0,11.0,-4.0,Never hotspot
R010_C022,0,0,0,0,0,0,0.0,0.0,Never hotspot,0,0,0,0.0,0.0,0.0,0,0,1,1,1,0.0,1.0,1.0,Never hotspot
R010_C023,0,1,1,0,0,2,0.4,0.4,Repeated hotspot,2,1,0,0.5,0.0,-0.5,26,34,37,20,28,30.0,24.0,-6.0,Declining
R010_C024,0,0,0,0,0,0,0.0,0.0,Never hotspot,0,0,0,0.0,0.0,0.0,5,5,5,7,5,5.0,6.0,1.0,Never hotspot
R010_C025,0,0,0,0,0,0,0.0,0.0,Never hotspot,0,0,0,0.0,0.0,0.0,2,10,11,10,13,6.0,11.5,5.5,Never hotspot
R010_C026,0,0,0,0,0,0,0.0,0.0,Never hotspot,0,0,0,0.0,0.0,0.0,10,10,6,9,8,10.0,8.5,-1.5,Never hotspot
R010_C027,0,0,0,0,0,0,0.0,0.0,Never hotspot,0,0,0,0.0,0.0,0.0,11,7,8,7,4,9.0,5.5,-3.5,Never hotspot
R010_C028,0,0,0,0,0,0,0.0,0.0,Never hotspot,0,0,0,0.0,0.0,0.0,2,7,8,6,4,4.5,5.0,0.5,Never hotspot
R010_C029,0,0,0,0,0,0,0.0,0.0,Never hotspot,0,0,0,0.0,0.0,0.0,4,2,3,3,4,3.0,3.5,0.5,Never hotspot
R010_C030,0,0,0,0,0,0,0.0,0.0,Never hotspot,0,0,0,0.0,0.0,0.0,4,4,10,10,6,4.0,8.0,4.0,Never hotspot
R010_C031,0,0,0,0,0,0,0.0,0.0,Never hotspot,0,0,0,0.0,0.0,0.0,8,6,3,5,8,7.0,6.5,-0.5,Never hotspot
R010_C032,0,0,0,0,0,0,0.0,0.0,Never hotspot,0,0,0,0.0,0.0,0.0,8,20,11,16,18,14.0,17.0,3.0,Never hotspot
R010_C033,0,0,0,0,0,0,0.0,0.0,Never hotspot,0,0,0,0.0,0.0,0.0,0,1,1,0,1,0.5,0.5,0.0,Never hotspot
R010_C034,0,0,0,0,0,0,0.0,0.0,Never hotspot,0,0,0,0.0,0.0,0.0,6,12,5,16,9,9.0,12.5,3.5,Never hotspot
R010_C035,0,0,0,0,0,0,0.0,0.0,Never hotspot,0,0,0,0.0,0.0,0.0,5,5,2,5,6,5.0,5.5,0.5,Never hotspot
R010_C036,0,0,0,0,0,0,0.0,0.0,Never hotspot,0,0,0,0.0,0.0,0.0,12,22,19,8,10,17.0,9.0,-8.0,Never hotspot
R010_C037,0,0,0,0,0,0,0.0,0.0,Never hotspot,0,0,0,0.0,0.0,0.0,12,15,9,11,20,13.5,15.5,2.0,Never hotspot
R010_C038,0,0,0,0,0,0,0.0,0.0,Never hotspot,0,0,0,0.0,0.0,0.0,2,3,1,1,1,2.5,1.0,-1.5,Never hotspot
R010_C040,0,0,0,0,0,0,0.0,0.0,Never hotspot,0,0,0,0.0,0.0,0.0,0,1,1,0,0,0.5,0.0,-0.5,Never hotspot
R010_C041,0,0,0,0,0,0,0.0,0.0,Never hotspot,0,0,0,0.0,0.0,0.0,4,5,7,5,5,4.5,5.0,0.5,Never hotspot
R010_C042,0,0,0,0,0,0,0.0,0.0,Never hotspot,0,0,0,0.0,0.0,0.0,8,11,10,12,9,9.5,10.5,1.0,Never hotspot
R010_C043,0,0,0,0,0,0,0.0,0.0,Never hotspot,0,0,0,0.0,0.0,0.0,15,12,10,11,18,13.5,14.5,1.0,Never hotspot
R010_C044,1,1,1,1,1,5,1.0,1.0,Persistent hotspot,5,2,2,1.0,1.0,0.0,50,64,61,63,52,57.0,57.5,0.5,Persistent
R010_C045,1,1,1,1,1,5,1.0,1.0,Persistent hotspot,5,2,2,1.0,1.0,0.0,40,63,41,45,38,51.5,41.5,-10.0,Persistent
R011_C023,0,0,0,0,0,0,0.0,0.0,Never hotspot,0,0,0,0.0,0.0,0.0,1,1,0,0,0,1.0,0.0,-1.0,Never hotspot
R011_C024,0,0,0,0,0,0,0.0,0.0,Never hotspot,0,0,0,0.0,0.0,0.0,1,0,5,3,3,0.5,3.0,2.5,Never hotspot
R011_C025,0,0,0,0,0,0,0.0,0.0,Never hotspot,0,0,0,0.0,0.0,0.0,5,6,3,4,4,5.5,4.0,-1.5,Never hotspot
R011_C026,0,0,0,0,0,0,0.0,0.0,Never hotspot,0,0,0,0.0,0.0,0.0,1,1,0,0,0,1.0,0.0,-1.0,Never hotspot
R011_C027,0,0,0,0,0,0,0.0,0.0,Never hotspot,0,0,0,0.0,0.0,0.0,3,2,2,3,0,2.5,1.5,-1.0,Never hotspot
R011_C028,0,0,0,0,0,0,0.0,0.0,Never hotspot,0,0,0,0.0,0.0,0.0,25,23,27,22,19,24.0,20.5,-3.5,Never hotspot
R011_C029,0,0,0,0,0,0,0.0,0.0,Never hotspot,0,0,0,0.0,0.0,0.0,4,3,6,3,3,3.5,3.0,-0.5,Never hotspot
R011_C030,0,0,0,0,0,0,0.0,0.0,Never hotspot,0,0,0,0.0,0.0,0.0,1,4,7,3,2,2.5,2.5,0.0,Never hotspot
R011_C031,0,0,0,0,0,0,0.0,0.0,Never hotspot,0,0,0,0.0,0.0,0.0,5,8,4,6,6,6.5,6.0,-0.5,Never hotspot
R011_C032,0,0,0,0,0,0,0.0,0.0,Never hotspot,0,0,0,0.0,0.0,0.0,4,5,14,10,17,4.5,13.5,9.0,Never hotspot
R011_C033,0,0,0,0,0,0,0.0,0.0,Never hotspot,0,0,0,0.0,0.0,0.0,2,7,4,2,0,4.5,1.0,-3.5,Never hotspot
R011_C034,0,0,0,0,0,0,0.0,0.0,Never hotspot,0,0,0,0.0,0.0,0.0,3,16,12,10,5,9.5,7.5,-2.0,Never hotspot
R011_C035,0,0,0,0,0,0,0.0,0.0,Never hotspot,0,0,0,0.0,0.0,0.0,3,1,2,0,0,2.0,0.0,-2.0,Never hotspot
R011_C036,0,0,0,0,0,0,0.0,0.0,Never hotspot,0,0,0,0.0,0.0,0.0,7,0,5,1,1,3.5,1.0,-2.5,Never hotspot
R011_C037,0,0,0,0,0,0,0.0,0.0,Never hotspot,0,0,0,0.0,0.0,0.0,12,10,13,10,12,11.0,11.0,0.0,Never hotspot
R011_C038,0,0,0,0,0,0,0.0,0.0,Never hotspot,0,0,0,0.0,0.0,0.0,0,1,1,0,0,0.5,0.0,-0.5,Never hotspot
R011_C041,0,0,0,0,0,0,0.0,0.0,Never hotspot,0,0,0,0.0,0.0,0.0,1,12,4,2,5,6.5,3.5,-3.0,Never hotspot
R011_C042,0,0,0,0,0,0,0.0,0.0,Never hotspot,0,0,0,0.0,0.0,0.0,2,2,2,2,4,2.0,3.0,1.0,Never hotspot
R011_C043,0,0,0,0,0,0,0.0,0.0,Never hotspot,0,0,0,0.0,0.0,0.0,1,4,6,5,2,2.5,3.5,1.0,Never hotspot
R011_C044,0,0,0,0,0,0,0.0,0.0,Never hotspot,0,0,0,0.0,0.0,0.0,13,32,13,27,15,22.5,21.0,-1.5,Never hotspot
R011_C045,1,1,1,1,1,5,1.0,1.0,Persistent hotspot,5,2,2,1.0,1.0,0.0,55,48,36,37,46,51.5,41.5,-10.0,Persistent
R011_C060,0,0,0,0,0,0,0.0,0.0,Never hotspot,0,0,0,0.0,0.0,0.0,1,0,1,0,2,0.5,1.0,0.5,Never hotspot
R012_C024,0,0,0,0,0,0,0.0,0.0,Never hotspot,0,0,0,0.0,0.0,0.0,3,1,4,5,0,2.0,2.5,0.5,Never hotspot
R012_C025,0,0,0,0,0,0,0.0,0.0,Never hotspot,0,0,0,0.0,0.0,0.0,3,3,5,1,5,3.0,3.0,0.0,Never hotspot
R012_C026,0,0,0,0,0,0,0.0,0.0,Never hotspot,0,0,0,0.0,0.0,0.0,12,7,10,12,8,9.5,10.0,0.5,Never hotspot
R012_C027,0,0,0,0,0,0,0.0,0.0,Never hotspot,0,0,0,0.0,0.0,0.0,7,7,8,3,6,7.0,4.5,-2.5,Never hotspot
R012_C028,0,0,0,0,0,0,0.0,0.0,Never hotspot,0,0,0,0.0,0.0,0.0,2,4,3,2,3,3.0,2.5,-0.5,Never hotspot
R012_C029,0,0,0,0,0,0,0.0,0.0,Never hotspot,0,0,0,0.0,0.0,0.0,7,3,4,2,4,5.0,3.0,-2.0,Never hotspot
R012_C030,0,0,0,0,0,0,0.0,0.0,Never hotspot,0,0,0,0.0,0.0,0.0,1,1,0,0,0,1.0,0.0,-1.0,Never hotspot
R012_C031,0,0,0,0,0,0,0.0,0.0,Never hotspot,0,0,0,0.0,0.0,0.0,0,0,0,1,0,0.0,0.5,0.5,Never hotspot
R012_C032,0,0,0,0,0,0,0.0,0.0,Never hotspot,0,0,0,0.0,0.0,0.0,1,1,1,2,0,1.0,1.0,0.0,Never hotspot
R012_C033,0,0,0,0,0,0,0.0,0.0,Never hotspot,0,0,0,0.0,0.0,0.0,2,2,4,3,2,2.0,2.5,0.5,Never hotspot
R012_C034,0,0,0,0,0,0,0.0,0.0,Never hotspot,0,0,0,0.0,0.0,0.0,6,5,3,12,7,5.5,9.5,4.0,Never hotspot
R012_C035,0,0,0,0,0,0,0.0,0.0,Never hotspot,0,0,0,0.0,0.0,0.0,2,8,6,9,2,5.0,5.5,0.5,Never hotspot
R012_C036,0,0,0,0,0,0,0.0,0.0,Never hotspot,0,0,0,0.0,0.0,0.0,14,13,13,13,18,13.5,15.5,2.0,Never hotspot
R012_C037,0,0,0,0,0,0,0.0,0.0,Never hotspot,0,0,0,0.0,0.0,0.0,3,2,5,3,3,2.5,3.0,0.5,Never hotspot
R012_C038,0,0,0,0,0,0,0.0,0.0,Never hotspot,0,0,0,0.0,0.0,0.0,2,3,2,5,0,2.5,2.5,0.0,Never hotspot
R012_C039,0,0,0,0,0,0,0.0,0.0,Never hotspot,0,0,0,0.0,0.0,0.0,1,0,0,1,1,0.5,1.0,0.5,Never hotspot
R012_C040,0,0,0,0,0,0,0.0,0.0,Never hotspot,0,0,0,0.0,0.0,0.0,0,1,0,0,0,0.5,0.0,-0.5,Never hotspot
R012_C041,0,0,0,0,0,0,0.0,0.0,Never hotspot,0,0,0,0.0,0.0,0.0,4,0,1,3,2,2.0,2.5,0.5,Never hotspot
R012_C042,0,0,0,0,0,0,0.0,0.0,Never hotspot,0,0,0,0.0,0.0,0.0,5,7,6,9,4,6.0,6.5,0.5,Never hotspot
R012_C043,0,0,0,0,0,0,0.0,0.0,Never hotspot,0,0,0,0.0,0.0,0.0,13,15,6,9,10,14.0,9.5,-4.5,Never hotspot
R012_C044,1,1,1,1,1,5,1.0,1.0,Persistent hotspot,5,2,2,1.0,1.0,0.0,60,53,43,40,43,56.5,41.5,-15.0,Persistent
R012_C045,0,0,0,0,0,0,0.0,0.0,Never hotspot,0,0,0,0.0,0.0,0.0,19,9,19,12,18,14.0,15.0,1.0,Never hotspot
R012_C060,0,0,0,0,0,0,0.0,0.0,Never hotspot,0,0,0,0.0,0.0,0.0,8,14,8,7,19,11.0,13.0,2.0,Never hotspot
R013_C025,0,0,0,0,0,0,0.0,0.0,Never hotspot,0,0,0,0.0,0.0,0.0,1,5,2,2,3,3.0,2.5,-0.5,Never hotspot
R013_C026,0,0,0,0,0,0,0.0,0.0,Never hotspot,0,0,0,0.0,0.0,0.0,1,6,6,4,1,3.5,2.5,-1.0,Never hotspot
R013_C027,0,0,0,0,0,0,0.0,0.0,Never hotspot,0,0,0,0.0,0.0,0.0,3,5,1,6,3,4.0,4.5,0.5,Never hotspot
R013_C028,0,0,0,0,0,0,0.0,0.0,Never hotspot,0,0,0,0.0,0.0,0.0,5,8,2,7,5,6.5,6.0,-0.5,Never hotspot
R013_C029,0,0,0,0,0,0,0.0,0.0,Never hotspot,0,0,0,0.0,0.0,0.0,0,0,0,1,0,0.0,0.5,0.5,Never hotspot
R013_C030,0,0,0,0,0,0,0.0,0.0,Never hotspot,0,0,0,0.0,0.0,0.0,1,5,5,3,5,3.0,4.0,1.0,Never hotspot
R013_C031,0,0,0,0,0,0,0.0,0.0,Never hotspot,0,0,0,0.0,0.0,0.0,2,0,1,0,1,1.0,0.5,-0.5,Never hotspot
R013_C032,0,0,0,0,0,0,0.0,0.0,Never hotspot,0,0,0,0.0,0.0,0.0,0,4,5,1,0,2.0,0.5,-1.5,Never hotspot
R013_C033,0,0,0,0,0,0,0.0,0.0,Never hotspot,0,0,0,0.0,0.0,0.0,3,6,1,5,1,4.5,3.0,-1.5,Never hotspot
R013_C034,0,0,0,0,0,0,0.0,0.0,Never hotspot,0,0,0,0.0,0.0,0.0,1,1,3,3,0,1.0,1.5,0.5,Never hotspot
R013_C035,0,0,0,0,0,0,0.0,0.0,Never hotspot,0,0,0,0.0,0.0,0.0,4,4,2,2,5,4.0,3.5,-0.5,Never hotspot
R013_C036,0,0,0,0,0,0,0.0,0.0,Never hotspot,0,0,0,0.0,0.0,0.0,0,2,1,5,3,1.0,4.0,3.0,Never hotspot
R013_C037,0,0,0,0,0,0,0.0,0.0,Never hotspot,0,0,0,0.0,0.0,0.0,5,5,3,3,1,5.0,2.0,-3.0,Never hotspot
R013_C039,0,0,0,0,0,0,0.0,0.0,Never hotspot,0,0,0,0.0,0.0,0.0,1,0,0,0,0,0.5,0.0,-0.5,Never hotspot
R013_C040,0,0,0,0,0,0,0.0,0.0,Never hotspot,0,0,0,0.0,0.0,0.0,0,1,0,0,0,0.5,0.0,-0.5,Never hotspot
R013_C041,0,0,0,0,0,0,0.0,0.0,Never hotspot,0,0,0,0.0,0.0,0.0,0,0,0,0,1,0.0,0.5,0.5,Never hotspot
R013_C042,0,0,0,0,0,0,0.0,0.0,Never hotspot,0,0,0,0.0,0.0,0.0,1,0,0,2,3,0.5,2.5,2.0,Never hotspot
R013_C043,0,0,0,0,0,0,0.0,0.0,Never hotspot,0,0,0,0.0,0.0,0.0,15,10,7,12,8,12.5,10.0,-2.5,Never hotspot
R013_C044,0,0,0,0,0,0,0.0,0.0,Never hotspot,0,0,0,0.0,0.0,0.0,9,10,9,8,12,9.5,10.0,0.5,Never hotspot
R013_C045,0,0,0,0,0,0,0.0,0.0,Never hotspot,0,0,0,0.0,0.0,0.0,6,7,2,10,3,6.5,6.5,0.0,Never hotspot
R013_C046,0,0,0,0,0,0,0.0,0.0,Never hotspot,0,0,0,0.0,0.0,0.0,16,15,12,13,13,15.5,13.0,-2.5,Never hotspot
R013_C047,0,0,0,0,0,0,0.0,0.0,Never hotspot,0,0,0,0.0,0.0,0.0,0,0,0,1,1,0.0,1.0,1.0,Never hotspot
R013_C059,0,0,0,0,0,0,0.0,0.0,Never hotspot,0,0,0,0.0,0.0,0.0,2,1,0,1,2,1.5,1.5,0.0,Never hotspot
R013_C060,0,0,1,1,1,3,0.6,0.6,Repeated hotspot,3,0,2,0.0,1.0,1.0,31,27,50,55,49,29.0,52.0,23.0,Emerging
R013_C066,0,0,0,0,0,0,0.0,0.0,Never hotspot,0,0,0,0.0,0.0,0.0,2,1,4,0,1,1.5,0.5,-1.0,Never hotspot
R013_C067,0,0,0,0,0,0,0.0,0.0,Never hotspot,0,0,0,0.0,0.0,0.0,7,4,12,7,9,5.5,8.0,2.5,Never hotspot
R013_C076,0,0,0,0,0,0,0.0,0.0,Never hotspot,0,0,0,0.0,0.0,0.0,2,1,1,2,1,1.5,1.5,0.0,Never hotspot
R013_C077,0,0,0,0,0,0,0.0,0.0,Never hotspot,0,0,0,0.0,0.0,0.0,9,4,7,5,7,6.5,6.0,-0.5,Never hotspot
R013_C078,0,0,0,0,0,0,0.0,0.0,Never hotspot,0,0,0,0.0,0.0,0.0,6,7,7,6,5,6.5,5.5,-1.0,Never hotspot
R014_C026,0,0,0,0,0,0,0.0,0.0,Never hotspot,0,0,0,0.0,0.0,0.0,1,1,0,0,1,1.0,0.5,-0.5,Never hotspot
R014_C027,0,0,0,0,0,0,0.0,0.0,Never hotspot,0,0,0,0.0,0.0,0.0,1,2,0,0,1,1.5,0.5,-1.0,Never hotspot
R014_C028,0,0,0,0,0,0,0.0,0.0,Never hotspot,0,0,0,0.0,0.0,0.0,2,10,4,5,2,6.0,3.5,-2.5,Never hotspot
R014_C029,0,0,0,0,0,0,0.0,0.0,Never hotspot,0,0,0,0.0,0.0,0.0,0,2,2,1,6,1.0,3.5,2.5,Never hotspot
R014_C030,0,0,0,0,0,0,0.0,0.0,Never hotspot,0,0,0,0.0,0.0,0.0,0,0,0,0,1,0.0,0.5,0.5,Never hotspot
R014_C031,0,0,0,0,0,0,0.0,0.0,Never hotspot,0,0,0,0.0,0.0,0.0,5,8,4,8,5,6.5,6.5,0.0,Never hotspot
R014_C032,0,0,0,0,0,0,0.0,0.0,Never hotspot,0,0,0,0.0,0.0,0.0,7,4,5,8,3,5.5,5.5,0.0,Never hotspot
R014_C033,0,0,0,0,0,0,0.0,0.0,Never hotspot,0,0,0,0.0,0.0,0.0,16,19,16,14,18,17.5,16.0,-1.5,Never hotspot
R014_C034,0,0,0,0,0,0,0.0,0.0,Never hotspot,0,0,0,0.0,0.0,0.0,2,4,2,3,3,3.0,3.0,0.0,Never hotspot
R014_C035,0,0,0,0,0,0,0.0,0.0,Never hotspot,0,0,0,0.0,0.0,0.0,1,2,3,1,1,1.5,1.0,-0.5,Never hotspot
R014_C036,0,0,0,0,0,0,0.0,0.0,Never hotspot,0,0,0,0.0,0.0,0.0,0,1,0,0,1,0.5,0.5,0.0,Never hotspot
R014_C037,0,0,0,0,0,0,0.0,0.0,Never hotspot,0,0,0,0.0,0.0,0.0,0,0,5,3,4,0.0,3.5,3.5,Never hotspot
R014_C040,0,0,0,0,0,0,0.0,0.0,Never hotspot,0,0,0,0.0,0.0,0.0,3,1,0,1,2,2.0,1.5,-0.5,Never hotspot
R014_C041,0,0,0,0,0,0,0.0,0.0,Never hotspot,0,0,0,0.0,0.0,0.0,0,2,0,0,0,1.0,0.0,-1.0,Never hotspot
R014_C042,0,0,0,0,0,0,0.0,0.0,Never hotspot,0,0,0,0.0,0.0,0.0,1,2,1,3,1,1.5,2.0,0.5,Never hotspot
R014_C043,0,0,0,0,0,0,0.0,0.0,Never hotspot,0,0,0,0.0,0.0,0.0,0,1,0,0,0,0.5,0.0,-0.5,Never hotspot
R014_C044,0,0,0,0,0,0,0.0,0.0,Never hotspot,0,0,0,0.0,0.0,0.0,7,7,4,10,11,7.0,10.5,3.5,Never hotspot
R014_C045,0,0,0,0,0,0,0.0,0.0,Never hotspot,0,0,0,0.0,0.0,0.0,6,6,7,10,15,6.0,12.5,6.5,Never hotspot
R014_C046,0,0,0,0,0,0,0.0,0.0,Never hotspot,0,0,0,0.0,0.0,0.0,12,9,6,6,14,10.5,10.0,-0.5,Never hotspot
R014_C047,1,0,0,0,0,1,0.2,0.2,Occasional hotspot,1,1,0,0.5,0.0,-0.5,36,26,22,27,30,31.0,28.5,-2.5,Declining
R014_C048,0,0,0,0,0,0,0.0,0.0,Never hotspot,0,0,0,0.0,0.0,0.0,6,3,2,2,3,4.5,2.5,-2.0,Never hotspot
R014_C059,0,0,0,0,0,0,0.0,0.0,Never hotspot,0,0,0,0.0,0.0,0.0,6,7,5,5,1,6.5,3.0,-3.5,Never hotspot
R014_C060,1,0,1,1,0,3,0.6,0.6,Repeated hotspot,2,1,1,0.5,0.5,0.0,36,32,36,45,30,34.0,37.5,3.5,Intermittent
R014_C061,0,0,0,0,0,0,0.0,0.0,Never hotspot,0,0,0,0.0,0.0,0.0,4,5,4,6,3,4.5,4.5,0.0,Never hotspot
R014_C062,0,0,0,0,0,0,0.0,0.0,Never hotspot,0,0,0,0.0,0.0,0.0,0,1,0,1,1,0.5,1.0,0.5,Never hotspot
R014_C063,0,0,0,0,0,0,0.0,0.0,Never hotspot,0,0,0,0.0,0.0,0.0,0,0,1,1,1,0.0,1.0,1.0,Never hotspot
R014_C064,0,0,0,0,0,0,0.0,0.0,Never hotspot,0,0,0,0.0,0.0,0.0,0,0,0,0,2,0.0,1.0,1.0,Never hotspot
R014_C065,0,0,0,0,0,0,0.0,0.0,Never hotspot,0,0,0,0.0,0.0,0.0,1,4,1,0,2,2.5,1.0,-1.5,Never hotspot
R014_C066,0,0,0,0,0,0,0.0,0.0,Never hotspot,0,0,0,0.0,0.0,0.0,4,7,4,10,3,5.5,6.5,1.0,Never hotspot
R014_C067,0,0,0,0,0,0,0.0,0.0,Never hotspot,0,0,0,0.0,0.0,0.0,1,0,4,1,6,0.5,3.5,3.0,Never hotspot
R014_C074,0,0,0,0,0,0,0.0,0.0,Never hotspot,0,0,0,0.0,0.0,0.0,2,2,1,0,3,2.0,1.5,-0.5,Never hotspot
R014_C075,0,0,0,0,0,0,0.0,0.0,Never hotspot,0,0,0,0.0,0.0,0.0,2,3,1,5,2,2.5,3.5,1.0,Never hotspot
R014_C076,0,0,0,0,0,0,0.0,0.0,Never hotspot,0,0,0,0.0,0.0,0.0,0,1,4,3,3,0.5,3.0,2.5,Never hotspot
R014_C077,0,0,0,0,0,0,0.0,0.0,Never hotspot,0,0,0,0.0,0.0,0.0,7,8,10,10,8,7.5,9.0,1.5,Never hotspot
R014_C078,0,0,0,0,0,0,0.0,0.0,Never hotspot,0,0,0,0.0,0.0,0.0,27,28,31,23,27,27.5,25.0,-2.5,Never hotspot
R014_C079,0,0,0,0,0,0,0.0,0.0,Never hotspot,0,0,0,0.0,0.0,0.0,3,4,3,0,2,3.5,1.0,-2.5,Never hotspot
R015_C028,0,0,0,0,0,0,0.0,0.0,Never hotspot,0,0,0,0.0,0.0,0.0,0,2,2,5,2,1.0,3.5,2.5,Never hotspot
R015_C029,0,0,0,0,0,0,0.0,0.0,Never hotspot,0,0,0,0.0,0.0,0.0,2,5,4,6,5,3.5,5.5,2.0,Never hotspot
R015_C030,0,0,0,0,0,0,0.0,0.0,Never hotspot,0,0,0,0.0,0.0,0.0,5,2,2,2,2,3.5,2.0,-1.5,Never hotspot
R015_C031,0,0,0,0,0,0,0.0,0.0,Never hotspot,0,0,0,0.0,0.0,0.0,1,2,0,2,1,1.5,1.5,0.0,Never hotspot
R015_C032,0,0,0,0,0,0,0.0,0.0,Never hotspot,0,0,0,0.0,0.0,0.0,1,1,0,1,1,1.0,1.0,0.0,Never hotspot
R015_C033,0,0,0,0,0,0,0.0,0.0,Never hotspot,0,0,0,0.0,0.0,0.0,9,5,4,6,3,7.0,4.5,-2.5,Never hotspot
R015_C034,0,0,0,0,0,0,0.0,0.0,Never hotspot,0,0,0,0.0,0.0,0.0,5,8,9,9,3,6.5,6.0,-0.5,Never hotspot
R015_C035,0,0,0,0,0,0,0.0,0.0,Never hotspot,0,0,0,0.0,0.0,0.0,1,2,1,2,5,1.5,3.5,2.0,Never hotspot
R015_C036,0,0,0,0,0,0,0.0,0.0,Never hotspot,0,0,0,0.0,0.0,0.0,3,3,1,1,0,3.0,0.5,-2.5,Never hotspot
R015_C037,0,0,0,0,0,0,0.0,0.0,Never hotspot,0,0,0,0.0,0.0,0.0,2,1,2,0,1,1.5,0.5,-1.0,Never hotspot
R015_C040,0,0,0,0,0,0,0.0,0.0,Never hotspot,0,0,0,0.0,0.0,0.0,3,1,0,0,2,2.0,1.0,-1.0,Never hotspot
R015_C041,0,0,0,0,0,0,0.0,0.0,Never hotspot,0,0,0,0.0,0.0,0.0,1,0,2,2,5,0.5,3.5,3.0,Never hotspot
R015_C042,0,0,0,0,0,0,0.0,0.0,Never hotspot,0,0,0,0.0,0.0,0.0,1,3,0,3,1,2.0,2.0,0.0,Never hotspot
R015_C043,0,0,0,0,0,0,0.0,0.0,Never hotspot,0,0,0,0.0,0.0,0.0,0,0,2,1,3,0.0,2.0,2.0,Never hotspot
R015_C044,0,0,0,0,0,0,0.0,0.0,Never hotspot,0,0,0,0.0,0.0,0.0,0,1,1,1,3,0.5,2.0,1.5,Never hotspot
R015_C045,0,0,0,0,0,0,0.0,0.0,Never hotspot,0,0,0,0.0,0.0,0.0,22,17,26,25,19,19.5,22.0,2.5,Never hotspot
R015_C046,0,0,0,0,0,0,0.0,0.0,Never hotspot,0,0,0,0.0,0.0,0.0,9,13,8,7,18,11.0,12.5,1.5,Never hotspot
R015_C047,0,0,0,0,0,0,0.0,0.0,Never hotspot,0,0,0,0.0,0.0,0.0,7,2,7,7,11,4.5,9.0,4.5,Never hotspot
R015_C048,0,0,0,0,0,0,0.0,0.0,Never hotspot,0,0,0,0.0,0.0,0.0,7,6,10,4,11,6.5,7.5,1.0,Never hotspot
R015_C049,0,0,0,0,0,0,0.0,0.0,Never hotspot,0,0,0,0.0,0.0,0.0,7,11,9,15,13,9.0,14.0,5.0,Never hotspot
R015_C050,0,0,0,0,0,0,0.0,0.0,Never hotspot,0,0,0,0.0,0.0,0.0,1,2,1,1,1,1.5,1.0,-0.5,Never hotspot
R015_C051,0,0,0,0,0,0,0.0,0.0,Never hotspot,0,0,0,0.0,0.0,0.0,0,1,2,1,3,0.5,2.0,1.5,Never hotspot
R015_C052,0,0,0,0,0,0,0.0,0.0,Never hotspot,0,0,0,0.0,0.0,0.0,0,0,1,0,0,0.0,0.0,0.0,Never hotspot
R015_C056,0,0,0,0,0,0,0.0,0.0,Never hotspot,0,0,0,0.0,0.0,0.0,3,0,1,1,1,1.5,1.0,-0.5,Never hotspot
R015_C057,0,0,0,0,0,0,0.0,0.0,Never hotspot,0,0,0,0.0,0.0,0.0,2,2,1,6,1,2.0,3.5,1.5,Never hotspot
R015_C058,0,0,0,0,0,0,0.0,0.0,Never hotspot,0,0,0,0.0,0.0,0.0,1,0,2,5,4,0.5,4.5,4.0,Never hotspot
R015_C059,0,0,0,0,0,0,0.0,0.0,Never hotspot,0,0,0,0.0,0.0,0.0,1,2,4,1,1,1.5,1.0,-0.5,Never hotspot
R015_C060,0,0,0,0,0,0,0.0,0.0,Never hotspot,0,0,0,0.0,0.0,0.0,7,19,24,18,22,13.0,20.0,7.0,Never hotspot
R015_C061,0,0,0,0,0,0,0.0,0.0,Never hotspot,0,0,0,0.0,0.0,0.0,4,6,10,10,7,5.0,8.5,3.5,Never hotspot
R015_C062,0,0,0,0,0,0,0.0,0.0,Never hotspot,0,0,0,0.0,0.0,0.0,3,5,3,5,5,4.0,5.0,1.0,Never hotspot
R015_C063,0,0,0,0,0,0,0.0,0.0,Never hotspot,0,0,0,0.0,0.0,0.0,13,9,10,7,5,11.0,6.0,-5.0,Never hotspot
R015_C064,0,0,0,0,0,0,0.0,0.0,Never hotspot,0,0,0,0.0,0.0,0.0,5,3,7,6,1,4.0,3.5,-0.5,Never hotspot
R015_C065,0,0,0,0,0,0,0.0,0.0,Never hotspot,0,0,0,0.0,0.0,0.0,12,7,12,11,9,9.5,10.0,0.5,Never hotspot
R015_C066,0,0,0,0,0,0,0.0,0.0,Never hotspot,0,0,0,0.0,0.0,0.0,0,1,0,0,0,0.5,0.0,-0.5,Never hotspot
R015_C067,0,0,0,0,0,0,0.0,0.0,Never hotspot,0,0,0,0.0,0.0,0.0,11,5,3,11,5,8.0,8.0,0.0,Never hotspot
R015_C068,0,0,0,0,0,0,0.0,0.0,Never hotspot,0,0,0,0.0,0.0,0.0,3,2,1,4,5,2.5,4.5,2.0,Never hotspot
R015_C073,0,0,0,0,0,0,0.0,0.0,Never hotspot,0,0,0,0.0,0.0,0.0,9,9,11,6,11,9.0,8.5,-0.5,Never hotspot
R015_C074,0,0,0,0,0,0,0.0,0.0,Never hotspot,0,0,0,0.0,0.0,0.0,6,5,11,8,11,5.5,9.5,4.0,Never hotspot
R015_C075,0,0,0,0,0,0,0.0,0.0,Never hotspot,0,0,0,0.0,0.0,0.0,6,3,11,7,6,4.5,6.5,2.0,Never hotspot
R015_C076,0,0,0,0,0,0,0.0,0.0,Never hotspot,0,0,0,0.0,0.0,0.0,27,25,22,32,33,26.0,32.5,6.5,Never hotspot
R015_C077,1,0,1,0,0,2,0.4,0.4,Repeated hotspot,1,1,0,0.5,0.0,-0.5,35,30,36,26,23,32.5,24.5,-8.0,Declining
R015_C078,0,0,0,0,0,0,0.0,0.0,Never hotspot,0,0,0,0.0,0.0,0.0,14,15,15,9,12,14.5,10.5,-4.0,Never hotspot
R015_C079,0,0,0,0,0,0,0.0,0.0,Never hotspot,0,0,0,0.0,0.0,0.0,8,15,20,11,7,11.5,9.0,-2.5,Never hotspot
R015_C080,0,0,0,0,0,0,0.0,0.0,Never hotspot,0,0,0,0.0,0.0,0.0,0,0,1,0,1,0.0,0.5,0.5,Never hotspot
R016_C028,0,0,0,0,0,0,0.0,0.0,Never hotspot,0,0,0,0.0,0.0,0.0,0,1,0,0,0,0.5,0.0,-0.5,Never hotspot
R016_C029,0,0,0,0,0,0,0.0,0.0,Never hotspot,0,0,0,0.0,0.0,0.0,0,0,0,1,0,0.0,0.5,0.5,Never hotspot
R016_C030,0,0,0,0,0,0,0.0,0.0,Never hotspot,0,0,0,0.0,0.0,0.0,2,2,2,1,1,2.0,1.0,-1.0,Never hotspot
R016_C031,0,0,0,0,0,0,0.0,0.0,Never hotspot,0,0,0,0.0,0.0,0.0,1,0,0,0,1,0.5,0.5,0.0,Never hotspot
R016_C032,0,0,0,0,0,0,0.0,0.0,Never hotspot,0,0,0,0.0,0.0,0.0,1,1,0,3,0,1.0,1.5,0.5,Never hotspot
R016_C033,0,0,0,0,0,0,0.0,0.0,Never hotspot,0,0,0,0.0,0.0,0.0,1,0,0,0,0,0.5,0.0,-0.5,Never hotspot
R016_C034,0,0,0,0,0,0,0.0,0.0,Never hotspot,0,0,0,0.0,0.0,0.0,0,1,0,1,0,0.5,0.5,0.0,Never hotspot
R016_C035,0,0,0,0,0,0,0.0,0.0,Never hotspot,0,0,0,0.0,0.0,0.0,0,1,0,0,0,0.5,0.0,-0.5,Never hotspot
R016_C036,0,0,0,0,0,0,0.0,0.0,Never hotspot,0,0,0,0.0,0.0,0.0,0,2,1,0,0,1.0,0.0,-1.0,Never hotspot
R016_C037,0,0,0,0,0,0,0.0,0.0,Never hotspot,0,0,0,0.0,0.0,0.0,9,2,7,5,3,5.5,4.0,-1.5,Never hotspot
R016_C038,0,0,0,0,0,0,0.0,0.0,Never hotspot,0,0,0,0.0,0.0,0.0,5,9,7,3,0,7.0,1.5,-5.5,Never hotspot
R016_C039,0,0,0,0,0,0,0.0,0.0,Never hotspot,0,0,0,0.0,0.0,0.0,1,1,1,3,0,1.0,1.5,0.5,Never hotspot
R016_C040,0,0,0,0,0,0,0.0,0.0,Never hotspot,0,0,0,0.0,0.0,0.0,5,4,3,5,3,4.5,4.0,-0.5,Never hotspot
R016_C041,0,0,0,0,0,0,0.0,0.0,Never hotspot,0,0,0,0.0,0.0,0.0,2,4,1,2,9,3.0,5.5,2.5,Never hotspot
R016_C042,0,0,0,0,0,0,0.0,0.0,Never hotspot,0,0,0,0.0,0.0,0.0,2,2,0,4,3,2.0,3.5,1.5,Never hotspot
R016_C043,0,0,0,0,0,0,0.0,0.0,Never hotspot,0,0,0,0.0,0.0,0.0,5,2,3,2,6,3.5,4.0,0.5,Never hotspot
R016_C044,0,0,0,0,0,0,0.0,0.0,Never hotspot,0,0,0,0.0,0.0,0.0,1,5,5,6,13,3.0,9.5,6.5,Never hotspot
R016_C045,1,1,1,1,1,5,1.0,1.0,Persistent hotspot,5,2,2,1.0,1.0,0.0,99,108,118,112,138,103.5,125.0,21.5,Persistent
R016_C046,1,1,1,1,1,5,1.0,1.0,Persistent hotspot,5,2,2,1.0,1.0,0.0,42,60,37,53,54,51.0,53.5,2.5,Persistent
R016_C047,0,0,0,0,0,0,0.0,0.0,Never hotspot,0,0,0,0.0,0.0,0.0,6,8,4,8,12,7.0,10.0,3.0,Never hotspot
R016_C048,0,0,0,0,0,0,0.0,0.0,Never hotspot,0,0,0,0.0,0.0,0.0,3,5,3,5,6,4.0,5.5,1.5,Never hotspot
R016_C049,0,0,0,0,0,0,0.0,0.0,Never hotspot,0,0,0,0.0,0.0,0.0,2,4,2,3,2,3.0,2.5,-0.5,Never hotspot
R016_C050,0,0,0,0,0,0,0.0,0.0,Never hotspot,0,0,0,0.0,0.0,0.0,5,5,5,6,6,5.0,6.0,1.0,Never hotspot
R016_C051,0,0,0,0,0,0,0.0,0.0,Never hotspot,0,0,0,0.0,0.0,0.0,6,6,6,9,6,6.0,7.5,1.5,Never hotspot
R016_C052,0,0,0,0,0,0,0.0,0.0,Never hotspot,0,0,0,0.0,0.0,0.0,4,4,1,4,4,4.0,4.0,0.0,Never hotspot
R016_C053,0,0,0,0,0,0,0.0,0.0,Never hotspot,0,0,0,0.0,0.0,0.0,6,13,8,8,6,9.5,7.0,-2.5,Never hotspot
R016_C054,0,0,0,0,0,0,0.0,0.0,Never hotspot,0,0,0,0.0,0.0,0.0,5,4,0,5,3,4.5,4.0,-0.5,Never hotspot
R016_C055,0,0,0,0,0,0,0.0,0.0,Never hotspot,0,0,0,0.0,0.0,0.0,2,4,4,6,3,3.0,4.5,1.5,Never hotspot
R016_C056,0,0,0,0,0,0,0.0,0.0,Never hotspot,0,0,0,0.0,0.0,0.0,11,23,14,18,25,17.0,21.5,4.5,Never hotspot
R016_C057,0,0,0,0,0,0,0.0,0.0,Never hotspot,0,0,0,0.0,0.0,0.0,0,4,2,3,3,2.0,3.0,1.0,Never hotspot
R016_C058,0,0,0,0,0,0,0.0,0.0,Never hotspot,0,0,0,0.0,0.0,0.0,4,6,9,2,5,5.0,3.5,-1.5,Never hotspot
R016_C059,0,0,0,0,0,0,0.0,0.0,Never hotspot,0,0,0,0.0,0.0,0.0,8,14,9,2,11,11.0,6.5,-4.5,Never hotspot
R016_C060,0,0,0,0,0,0,0.0,0.0,Never hotspot,0,0,0,0.0,0.0,0.0,15,26,32,25,33,20.5,29.0,8.5,Never hotspot
R016_C061,0,0,0,0,0,0,0.0,0.0,Never hotspot,0,0,0,0.0,0.0,0.0,10,9,15,14,16,9.5,15.0,5.5,Never hotspot
R016_C062,0,0,0,0,0,0,0.0,0.0,Never hotspot,0,0,0,0.0,0.0,0.0,2,3,3,4,2,2.5,3.0,0.5,Never hotspot
R016_C063,0,0,0,0,0,0,0.0,0.0,Never hotspot,0,0,0,0.0,0.0,0.0,3,9,3,5,3,6.0,4.0,-2.0,Never hotspot
R016_C064,0,0,0,0,0,0,0.0,0.0,Never hotspot,0,0,0,0.0,0.0,0.0,4,3,5,11,7,3.5,9.0,5.5,Never hotspot
R016_C065,0,0,0,0,0,0,0.0,0.0,Never hotspot,0,0,0,0.0,0.0,0.0,9,6,9,10,8,7.5,9.0,1.5,Never hotspot
R016_C066,1,1,1,0,1,4,0.8,0.8,Persistent hotspot,3,2,1,1.0,0.5,-0.5,37,45,42,30,40,41.0,35.0,-6.0,Persistent
R016_C067,1,1,1,1,1,5,1.0,1.0,Persistent hotspot,5,2,2,1.0,1.0,0.0,117,175,173,170,188,146.0,179.0,33.0,Persistent
R016_C068,1,1,1,1,1,5,1.0,1.0,Persistent hotspot,5,2,2,1.0,1.0,0.0,197,213,261,229,219,205.0,224.0,19.0,Persistent
R016_C069,1,1,1,1,1,5,1.0,1.0,Persistent hotspot,5,2,2,1.0,1.0,0.0,127,138,130,138,128,132.5,133.0,0.5,Persistent
R016_C070,1,1,1,1,1,5,1.0,1.0,Persistent hotspot,5,2,2,1.0,1.0,0.0,33,43,49,48,41,38.0,44.5,6.5,Persistent
R016_C071,0,0,0,0,0,0,0.0,0.0,Never hotspot,0,0,0,0.0,0.0,0.0,21,28,19,24,20,24.5,22.0,-2.5,Never hotspot
R016_C072,0,0,0,0,0,0,0.0,0.0,Never hotspot,0,0,0,0.0,0.0,0.0,11,10,9,11,11,10.5,11.0,0.5,Never hotspot
R016_C073,0,0,0,0,0,0,0.0,0.0,Never hotspot,0,0,0,0.0,0.0,0.0,7,6,8,7,7,6.5,7.0,0.5,Never hotspot
R016_C076,0,0,0,0,0,0,0.0,0.0,Never hotspot,0,0,0,0.0,0.0,0.0,18,17,20,13,11,17.5,12.0,-5.5,Never hotspot
R016_C077,0,0,0,0,0,0,0.0,0.0,Never hotspot,0,0,0,0.0,0.0,0.0,12,16,19,20,19,14.0,19.5,5.5,Never hotspot
R016_C078,0,0,0,0,0,0,0.0,0.0,Never hotspot,0,0,0,0.0,0.0,0.0,20,31,27,30,25,25.5,27.5,2.0,Never hotspot
R016_C079,0,0,0,0,0,0,0.0,0.0,Never hotspot,0,0,0,0.0,0.0,0.0,8,5,10,8,8,6.5,8.0,1.5,Never hotspot
R016_C083,0,0,0,0,0,0,0.0,0.0,Never hotspot,0,0,0,0.0,0.0,0.0,0,0,0,0,1,0.0,0.5,0.5,Never hotspot
R016_C084,0,0,0,0,0,0,0.0,0.0,Never hotspot,0,0,0,0.0,0.0,0.0,8,7,14,7,4,7.5,5.5,-2.0,Never hotspot
R017_C029,0,0,0,0,0,0,0.0,0.0,Never hotspot,0,0,0,0.0,0.0,0.0,1,0,0,1,0,0.5,0.5,0.0,Never hotspot
R017_C030,0,0,0,0,0,0,0.0,0.0,Never hotspot,0,0,0,0.0,0.0,0.0,3,1,1,2,0,2.0,1.0,-1.0,Never hotspot
R017_C031,0,0,0,0,0,0,0.0,0.0,Never hotspot,0,0,0,0.0,0.0,0.0,0,0,2,2,3,0.0,2.5,2.5,Never hotspot
R017_C032,0,0,0,0,0,0,0.0,0.0,Never hotspot,0,0,0,0.0,0.0,0.0,2,2,2,1,3,2.0,2.0,0.0,Never hotspot
R017_C034,0,0,0,0,0,0,0.0,0.0,Never hotspot,0,0,0,0.0,0.0,0.0,1,1,1,3,1,1.0,2.0,1.0,Never hotspot
R017_C035,0,0,0,0,0,0,0.0,0.0,Never hotspot,0,0,0,0.0,0.0,0.0,2,1,1,0,1,1.5,0.5,-1.0,Never hotspot
R017_C036,0,0,0,0,0,0,0.0,0.0,Never hotspot,0,0,0,0.0,0.0,0.0,2,0,0,5,1,1.0,3.0,2.0,Never hotspot
R017_C037,0,0,0,0,0,0,0.0,0.0,Never hotspot,0,0,0,0.0,0.0,0.0,0,1,2,2,1,0.5,1.5,1.0,Never hotspot
R017_C038,0,0,0,0,0,0,0.0,0.0,Never hotspot,0,0,0,0.0,0.0,0.0,6,6,7,6,2,6.0,4.0,-2.0,Never hotspot
R017_C039,0,0,0,0,0,0,0.0,0.0,Never hotspot,0,0,0,0.0,0.0,0.0,8,7,8,8,8,7.5,8.0,0.5,Never hotspot
R017_C040,0,0,0,0,0,0,0.0,0.0,Never hotspot,0,0,0,0.0,0.0,0.0,1,1,0,2,1,1.0,1.5,0.5,Never hotspot
R017_C041,0,0,0,0,0,0,0.0,0.0,Never hotspot,0,0,0,0.0,0.0,0.0,0,0,0,1,0,0.0,0.5,0.5,Never hotspot
R017_C042,0,0,0,0,0,0,0.0,0.0,Never hotspot,0,0,0,0.0,0.0,0.0,0,0,0,0,1,0.0,0.5,0.5,Never hotspot
R017_C043,0,0,0,0,0,0,0.0,0.0,Never hotspot,0,0,0,0.0,0.0,0.0,4,2,2,4,6,3.0,5.0,2.0,Never hotspot
R017_C044,0,0,0,0,0,0,0.0,0.0,Never hotspot,0,0,0,0.0,0.0,0.0,2,2,6,2,6,2.0,4.0,2.0,Never hotspot
R017_C045,0,0,0,0,0,0,0.0,0.0,Never hotspot,0,0,0,0.0,0.0,0.0,7,4,4,7,3,5.5,5.0,-0.5,Never hotspot
R017_C046,0,0,0,0,0,0,0.0,0.0,Never hotspot,0,0,0,0.0,0.0,0.0,2,4,3,6,10,3.0,8.0,5.0,Never hotspot
R017_C047,0,0,0,0,0,0,0.0,0.0,Never hotspot,0,0,0,0.0,0.0,0.0,7,3,5,3,3,5.0,3.0,-2.0,Never hotspot
R017_C048,0,0,0,0,0,0,0.0,0.0,Never hotspot,0,0,0,0.0,0.0,0.0,12,9,2,9,7,10.5,8.0,-2.5,Never hotspot
R017_C049,0,0,0,0,0,0,0.0,0.0,Never hotspot,0,0,0,0.0,0.0,0.0,3,5,3,4,3,4.0,3.5,-0.5,Never hotspot
R017_C050,0,0,0,0,0,0,0.0,0.0,Never hotspot,0,0,0,0.0,0.0,0.0,6,2,1,3,3,4.0,3.0,-1.0,Never hotspot
R017_C051,0,0,0,0,0,0,0.0,0.0,Never hotspot,0,0,0,0.0,0.0,0.0,3,2,5,5,3,2.5,4.0,1.5,Never hotspot
R017_C052,0,0,0,0,0,0,0.0,0.0,Never hotspot,0,0,0,0.0,0.0,0.0,10,11,10,13,10,10.5,11.5,1.0,Never hotspot
R017_C053,0,0,0,0,0,0,0.0,0.0,Never hotspot,0,0,0,0.0,0.0,0.0,9,7,3,4,10,8.0,7.0,-1.0,Never hotspot
R017_C054,0,0,0,0,0,0,0.0,0.0,Never hotspot,0,0,0,0.0,0.0,0.0,0,1,2,0,1,0.5,0.5,0.0,Never hotspot
R017_C055,0,0,0,0,0,0,0.0,0.0,Never hotspot,0,0,0,0.0,0.0,0.0,0,0,1,1,0,0.0,0.5,0.5,Never hotspot
R017_C056,0,0,0,0,0,0,0.0,0.0,Never hotspot,0,0,0,0.0,0.0,0.0,2,3,4,4,4,2.5,4.0,1.5,Never hotspot
R017_C057,0,0,0,0,0,0,0.0,0.0,Never hotspot,0,0,0,0.0,0.0,0.0,0,1,0,1,0,0.5,0.5,0.0,Never hotspot
R017_C058,0,0,0,0,0,0,0.0,0.0,Never hotspot,0,0,0,0.0,0.0,0.0,0,1,1,0,1,0.5,0.5,0.0,Never hotspot
R017_C059,0,0,0,0,0,0,0.0,0.0,Never hotspot,0,0,0,0.0,0.0,0.0,7,5,4,1,3,6.0,2.0,-4.0,Never hotspot
R017_C060,0,0,0,0,0,0,0.0,0.0,Never hotspot,0,0,0,0.0,0.0,0.0,1,3,2,4,2,2.0,3.0,1.0,Never hotspot
R017_C061,0,0,0,0,0,0,0.0,0.0,Never hotspot,0,0,0,0.0,0.0,0.0,2,2,1,2,2,2.0,2.0,0.0,Never hotspot
R017_C062,0,0,0,0,0,0,0.0,0.0,Never hotspot,0,0,0,0.0,0.0,0.0,4,1,0,0,2,2.5,1.0,-1.5,Never hotspot
R017_C063,0,0,0,0,0,0,0.0,0.0,Never hotspot,0,0,0,0.0,0.0,0.0,4,1,2,1,3,2.5,2.0,-0.5,Never hotspot
R017_C064,0,0,0,0,0,0,0.0,0.0,Never hotspot,0,0,0,0.0,0.0,0.0,4,6,4,4,4,5.0,4.0,-1.0,Never hotspot
R017_C065,0,0,0,0,0,0,0.0,0.0,Never hotspot,0,0,0,0.0,0.0,0.0,6,12,10,7,9,9.0,8.0,-1.0,Never hotspot
R017_C066,0,0,0,0,0,0,0.0,0.0,Never hotspot,0,0,0,0.0,0.0,0.0,14,14,19,20,25,14.0,22.5,8.5,Never hotspot
R017_C067,1,0,1,1,0,3,0.6,0.6,Repeated hotspot,2,1,1,0.5,0.5,0.0,33,21,37,40,32,27.0,36.0,9.0,Intermittent
R017_C068,1,1,1,1,1,5,1.0,1.0,Persistent hotspot,5,2,2,1.0,1.0,0.0,57,58,63,71,68,57.5,69.5,12.0,Persistent
R017_C069,0,0,0,0,0,0,0.0,0.0,Never hotspot,0,0,0,0.0,0.0,0.0,18,12,19,18,18,15.0,18.0,3.0,Never hotspot
R017_C070,0,0,0,0,0,0,0.0,0.0,Never hotspot,0,0,0,0.0,0.0,0.0,6,8,11,2,7,7.0,4.5,-2.5,Never hotspot
R017_C071,0,0,0,0,0,0,0.0,0.0,Never hotspot,0,0,0,0.0,0.0,0.0,16,11,22,19,18,13.5,18.5,5.0,Never hotspot
R017_C072,0,0,0,0,0,0,0.0,0.0,Never hotspot,0,0,0,0.0,0.0,0.0,8,7,14,10,11,7.5,10.5,3.0,Never hotspot
R017_C073,0,0,0,0,0,0,0.0,0.0,Never hotspot,0,0,0,0.0,0.0,0.0,16,21,23,18,16,18.5,17.0,-1.5,Never hotspot
R017_C074,0,0,0,0,0,0,0.0,0.0,Never hotspot,0,0,0,0.0,0.0,0.0,0,2,0,3,2,1.0,2.5,1.5,Never hotspot
R017_C076,0,0,0,0,0,0,0.0,0.0,Never hotspot,0,0,0,0.0,0.0,0.0,2,12,3,8,3,7.0,5.5,-1.5,Never hotspot
R017_C077,0,0,0,0,0,0,0.0,0.0,Never hotspot,0,0,0,0.0,0.0,0.0,1,1,2,1,1,1.0,1.0,0.0,Never hotspot
R017_C078,0,0,0,0,0,0,0.0,0.0,Never hotspot,0,0,0,0.0,0.0,0.0,17,12,18,13,16,14.5,14.5,0.0,Never hotspot
R017_C079,1,1,1,1,1,5,1.0,1.0,Persistent hotspot,5,2,2,1.0,1.0,0.0,80,62,71,70,81,71.0,75.5,4.5,Persistent
R017_C080,1,1,1,1,1,5,1.0,1.0,Persistent hotspot,5,2,2,1.0,1.0,0.0,55,68,55,52,62,61.5,57.0,-4.5,Persistent
R017_C081,0,0,0,0,0,0,0.0,0.0,Never hotspot,0,0,0,0.0,0.0,0.0,14,18,6,8,9,16.0,8.5,-7.5,Never hotspot
R017_C082,0,0,0,0,0,0,0.0,0.0,Never hotspot,0,0,0,0.0,0.0,0.0,4,2,1,3,2,3.0,2.5,-0.5,Never hotspot
R017_C083,0,0,0,0,0,0,0.0,0.0,Never hotspot,0,0,0,0.0,0.0,0.0,11,4,9,7,8,7.5,7.5,0.0,Never hotspot
R017_C084,0,0,0,0,0,0,0.0,0.0,Never hotspot,0,0,0,0.0,0.0,0.0,17,15,16,12,15,16.0,13.5,-2.5,Never hotspot
R017_C085,1,0,1,1,1,4,0.8,0.8,Persistent hotspot,3,1,2,0.5,1.0,0.5,32,30,36,37,43,31.0,40.0,9.0,Persistent
R017_C086,0,0,0,0,0,0,0.0,0.0,Never hotspot,0,0,0,0.0,0.0,0.0,0,0,0,1,0,0.0,0.5,0.5,Never hotspot
R017_C096,0,0,0,0,0,0,0.0,0.0,Never hotspot,0,0,0,0.0,0.0,0.0,8,28,26,12,18,18.0,15.0,-3.0,Never hotspot
R017_C097,0,0,0,0,0,0,0.0,0.0,Never hotspot,0,0,0,0.0,0.0,0.0,11,4,5,4,3,7.5,3.5,-4.0,Never hotspot
R017_C098,0,0,0,0,0,0,0.0,0.0,Never hotspot,0,0,0,0.0,0.0,0.0,16,27,17,18,31,21.5,24.5,3.0,Never hotspot
R017_C099,1,1,1,1,1,5,1.0,1.0,Persistent hotspot,5,2,2,1.0,1.0,0.0,53,72,74,61,57,62.5,59.0,-3.5,Persistent
R018_C031,0,0,0,0,0,0,0.0,0.0,Never hotspot,0,0,0,0.0,0.0,0.0,5,6,8,6,5,5.5,5.5,0.0,Never hotspot
R018_C032,0,0,0,0,0,0,0.0,0.0,Never hotspot,0,0,0,0.0,0.0,0.0,1,3,4,2,2,2.0,2.0,0.0,Never hotspot
R018_C033,0,0,0,0,0,0,0.0,0.0,Never hotspot,0,0,0,0.0,0.0,0.0,4,4,7,7,5,4.0,6.0,2.0,Never hotspot
R018_C034,0,0,0,0,0,0,0.0,0.0,Never hotspot,0,0,0,0.0,0.0,0.0,3,2,2,2,2,2.5,2.0,-0.5,Never hotspot
R018_C035,0,0,0,0,0,0,0.0,0.0,Never hotspot,0,0,0,0.0,0.0,0.0,2,6,3,1,2,4.0,1.5,-2.5,Never hotspot
R018_C036,0,0,0,0,0,0,0.0,0.0,Never hotspot,0,0,0,0.0,0.0,0.0,2,2,1,0,2,2.0,1.0,-1.0,Never hotspot
R018_C037,0,0,0,0,0,0,0.0,0.0,Never hotspot,0,0,0,0.0,0.0,0.0,5,1,0,2,3,3.0,2.5,-0.5,Never hotspot
R018_C038,0,0,0,0,0,0,0.0,0.0,Never hotspot,0,0,0,0.0,0.0,0.0,3,2,4,7,0,2.5,3.5,1.0,Never hotspot
R018_C039,0,0,0,0,0,0,0.0,0.0,Never hotspot,0,0,0,0.0,0.0,0.0,1,1,4,1,1,1.0,1.0,0.0,Never hotspot
R018_C040,0,0,0,0,0,0,0.0,0.0,Never hotspot,0,0,0,0.0,0.0,0.0,6,3,5,2,2,4.5,2.0,-2.5,Never hotspot
R018_C041,0,0,0,0,0,0,0.0,0.0,Never hotspot,0,0,0,0.0,0.0,0.0,0,1,0,3,5,0.5,4.0,3.5,Never hotspot
R018_C042,0,0,0,0,0,0,0.0,0.0,Never hotspot,0,0,0,0.0,0.0,0.0,1,2,1,6,1,1.5,3.5,2.0,Never hotspot
R018_C043,0,0,0,0,0,0,0.0,0.0,Never hotspot,0,0,0,0.0,0.0,0.0,4,6,7,7,8,5.0,7.5,2.5,Never hotspot
R018_C044,0,0,0,0,0,0,0.0,0.0,Never hotspot,0,0,0,0.0,0.0,0.0,1,1,0,2,1,1.0,1.5,0.5,Never hotspot
R018_C045,0,0,0,0,0,0,0.0,0.0,Never hotspot,0,0,0,0.0,0.0,0.0,1,2,4,1,4,1.5,2.5,1.0,Never hotspot
R018_C046,0,0,0,0,0,0,0.0,0.0,Never hotspot,0,0,0,0.0,0.0,0.0,4,6,2,3,6,5.0,4.5,-0.5,Never hotspot
R018_C047,0,0,0,0,0,0,0.0,0.0,Never hotspot,0,0,0,0.0,0.0,0.0,4,5,4,6,4,4.5,5.0,0.5,Never hotspot
R018_C048,0,0,0,0,0,0,0.0,0.0,Never hotspot,0,0,0,0.0,0.0,0.0,2,1,3,0,2,1.5,1.0,-0.5,Never hotspot
R018_C049,0,0,0,0,0,0,0.0,0.0,Never hotspot,0,0,0,0.0,0.0,0.0,2,2,3,3,2,2.0,2.5,0.5,Never hotspot
R018_C050,0,0,0,0,0,0,0.0,0.0,Never hotspot,0,0,0,0.0,0.0,0.0,17,13,30,19,16,15.0,17.5,2.5,Never hotspot
R018_C051,0,0,0,0,0,0,0.0,0.0,Never hotspot,0,0,0,0.0,0.0,0.0,2,1,1,3,1,1.5,2.0,0.5,Never hotspot
R018_C052,0,0,0,0,0,0,0.0,0.0,Never hotspot,0,0,0,0.0,0.0,0.0,1,1,0,1,0,1.0,0.5,-0.5,Never hotspot
R018_C053,0,0,0,0,0,0,0.0,0.0,Never hotspot,0,0,0,0.0,0.0,0.0,5,2,3,5,2,3.5,3.5,0.0,Never hotspot
R018_C054,0,0,0,0,0,0,0.0,0.0,Never hotspot,0,0,0,0.0,0.0,0.0,0,3,2,6,0,1.5,3.0,1.5,Never hotspot
R018_C055,0,0,0,0,0,0,0.0,0.0,Never hotspot,0,0,0,0.0,0.0,0.0,1,2,2,3,2,1.5,2.5,1.0,Never hotspot
R018_C056,0,0,0,0,0,0,0.0,0.0,Never hotspot,0,0,0,0.0,0.0,0.0,1,4,3,3,11,2.5,7.0,4.5,Never hotspot
R018_C057,0,0,0,0,0,0,0.0,0.0,Never hotspot,0,0,0,0.0,0.0,0.0,3,3,2,3,3,3.0,3.0,0.0,Never hotspot
R018_C058,0,0,0,0,0,0,0.0,0.0,Never hotspot,0,0,0,0.0,0.0,0.0,1,3,3,2,1,2.0,1.5,-0.5,Never hotspot
R018_C059,0,0,0,0,0,0,0.0,0.0,Never hotspot,0,0,0,0.0,0.0,0.0,1,1,3,0,1,1.0,0.5,-0.5,Never hotspot
R018_C060,0,0,0,0,0,0,0.0,0.0,Never hotspot,0,0,0,0.0,0.0,0.0,2,3,3,3,0,2.5,1.5,-1.0,Never hotspot
R018_C061,0,0,0,0,0,0,0.0,0.0,Never hotspot,0,0,0,0.0,0.0,0.0,0,1,0,0,0,0.5,0.0,-0.5,Never hotspot
R018_C063,0,0,0,0,0,0,0.0,0.0,Never hotspot,0,0,0,0.0,0.0,0.0,0,1,0,1,0,0.5,0.5,0.0,Never hotspot
R018_C064,0,0,0,0,0,0,0.0,0.0,Never hotspot,0,0,0,0.0,0.0,0.0,3,3,10,4,4,3.0,4.0,1.0,Never hotspot
R018_C065,0,0,0,0,0,0,0.0,0.0,Never hotspot,0,0,0,0.0,0.0,0.0,7,5,4,1,6,6.0,3.5,-2.5,Never hotspot
R018_C066,0,0,0,0,0,0,0.0,0.0,Never hotspot,0,0,0,0.0,0.0,0.0,8,2,5,2,3,5.0,2.5,-2.5,Never hotspot
R018_C067,0,0,0,0,0,0,0.0,0.0,Never hotspot,0,0,0,0.0,0.0,0.0,17,24,19,18,24,20.5,21.0,0.5,Never hotspot
R018_C068,0,0,0,1,0,1,0.2,0.2,Occasional hotspot,1,0,1,0.0,0.5,0.5,26,26,33,36,25,26.0,30.5,4.5,Emerging
R018_C069,0,0,0,0,0,0,0.0,0.0,Never hotspot,0,0,0,0.0,0.0,0.0,16,21,27,24,21,18.5,22.5,4.0,Never hotspot
R018_C070,0,0,0,0,0,0,0.0,0.0,Never hotspot,0,0,0,0.0,0.0,0.0,6,6,9,4,10,6.0,7.0,1.0,Never hotspot
R018_C071,0,0,0,0,0,0,0.0,0.0,Never hotspot,0,0,0,0.0,0.0,0.0,3,5,1,6,7,4.0,6.5,2.5,Never hotspot
R018_C072,0,0,0,0,0,0,0.0,0.0,Never hotspot,0,0,0,0.0,0.0,0.0,2,6,3,4,9,4.0,6.5,2.5,Never hotspot
R018_C073,0,0,0,0,0,0,0.0,0.0,Never hotspot,0,0,0,0.0,0.0,0.0,8,6,5,3,4,7.0,3.5,-3.5,Never hotspot
R018_C074,0,0,0,0,0,0,0.0,0.0,Never hotspot,0,0,0,0.0,0.0,0.0,4,2,1,3,2,3.0,2.5,-0.5,Never hotspot
R018_C075,0,0,0,0,0,0,0.0,0.0,Never hotspot,0,0,0,0.0,0.0,0.0,8,11,13,6,9,9.5,7.5,-2.0,Never hotspot
R018_C076,0,0,0,0,0,0,0.0,0.0,Never hotspot,0,0,0,0.0,0.0,0.0,4,2,3,1,0,3.0,0.5,-2.5,Never hotspot
R018_C077,0,0,0,0,0,0,0.0,0.0,Never hotspot,0,0,0,0.0,0.0,0.0,7,4,4,6,6,5.5,6.0,0.5,Never hotspot
R018_C078,1,1,1,1,1,5,1.0,1.0,Persistent hotspot,5,2,2,1.0,1.0,0.0,76,76,88,86,85,76.0,85.5,9.5,Persistent
R018_C079,1,1,1,1,1,5,1.0,1.0,Persistent hotspot,5,2,2,1.0,1.0,0.0,105,95,112,116,117,100.0,116.5,16.5,Persistent
R018_C080,1,1,1,1,1,5,1.0,1.0,Persistent hotspot,5,2,2,1.0,1.0,0.0,155,139,164,168,158,147.0,163.0,16.0,Persistent
R018_C081,0,0,0,0,0,0,0.0,0.0,Never hotspot,0,0,0,0.0,0.0,0.0,9,6,12,14,9,7.5,11.5,4.0,Never hotspot
R018_C082,0,0,0,0,0,0,0.0,0.0,Never hotspot,0,0,0,0.0,0.0,0.0,3,2,0,2,0,2.5,1.0,-1.5,Never hotspot
R018_C083,0,0,0,0,0,0,0.0,0.0,Never hotspot,0,0,0,0.0,0.0,0.0,20,17,30,26,22,18.5,24.0,5.5,Never hotspot
R018_C084,1,1,1,1,1,5,1.0,1.0,Persistent hotspot,5,2,2,1.0,1.0,0.0,58,75,65,73,68,66.5,70.5,4.0,Persistent
R018_C085,1,1,1,1,1,5,1.0,1.0,Persistent hotspot,5,2,2,1.0,1.0,0.0,45,40,49,47,40,42.5,43.5,1.0,Persistent
R018_C086,0,0,1,0,0,1,0.2,0.2,Occasional hotspot,1,0,0,0.0,0.0,0.0,22,16,37,32,26,19.0,29.0,10.0,Intermittent
R018_C087,1,1,1,1,1,5,1.0,1.0,Persistent hotspot,5,2,2,1.0,1.0,0.0,62,72,67,56,65,67.0,60.5,-6.5,Persistent
R018_C088,1,0,1,1,0,3,0.6,0.6,Repeated hotspot,2,1,1,0.5,0.5,0.0,41,29,43,35,33,35.0,34.0,-1.0,Intermittent
R018_C089,1,1,1,1,1,5,1.0,1.0,Persistent hotspot,5,2,2,1.0,1.0,0.0,110,128,139,155,124,119.0,139.5,20.5,Persistent
R018_C090,1,1,1,1,1,5,1.0,1.0,Persistent hotspot,5,2,2,1.0,1.0,0.0,50,49,50,56,51,49.5,53.5,4.0,Persistent
R018_C091,0,0,0,0,0,0,0.0,0.0,Never hotspot,0,0,0,0.0,0.0,0.0,9,4,10,10,9,6.5,9.5,3.0,Never hotspot
R018_C092,1,1,1,1,1,5,1.0,1.0,Persistent hotspot,5,2,2,1.0,1.0,0.0,55,48,48,39,42,51.5,40.5,-11.0,Persistent
R018_C093,1,1,1,1,1,5,1.0,1.0,Persistent hotspot,5,2,2,1.0,1.0,0.0,156,197,196,189,151,176.5,170.0,-6.5,Persistent
R018_C094,0,0,0,0,0,0,0.0,0.0,Never hotspot,0,0,0,0.0,0.0,0.0,20,16,21,30,21,18.0,25.5,7.5,Never hotspot
R018_C095,1,1,1,1,0,4,0.8,0.8,Persistent hotspot,4,2,1,1.0,0.5,-0.5,41,46,50,49,33,43.5,41.0,-2.5,Persistent
R018_C096,0,0,0,0,0,0,0.0,0.0,Never hotspot,0,0,0,0.0,0.0,0.0,13,10,13,13,15,11.5,14.0,2.5,Never hotspot
R018_C097,0,0,0,0,0,0,0.0,0.0,Never hotspot,0,0,0,0.0,0.0,0.0,3,4,7,6,5,3.5,5.5,2.0,Never hotspot
R018_C098,0,1,1,1,1,4,0.8,0.8,Persistent hotspot,4,1,2,0.5,1.0,0.5,31,38,41,42,41,34.5,41.5,7.0,Persistent
R018_C099,1,1,1,1,1,5,1.0,1.0,Persistent hotspot,5,2,2,1.0,1.0,0.0,81,82,88,92,99,81.5,95.5,14.0,Persistent
R018_C100,0,0,0,0,0,0,0.0,0.0,Never hotspot,0,0,0,0.0,0.0,0.0,5,3,3,4,2,4.0,3.0,-1.0,Never hotspot
R019_C031,0,0,0,0,0,0,0.0,0.0,Never hotspot,0,0,0,0.0,0.0,0.0,13,10,10,14,13,11.5,13.5,2.0,Never hotspot
R019_C032,0,0,0,0,0,0,0.0,0.0,Never hotspot,0,0,0,0.0,0.0,0.0,3,2,3,6,3,2.5,4.5,2.0,Never hotspot
R019_C033,0,0,0,0,0,0,0.0,0.0,Never hotspot,0,0,0,0.0,0.0,0.0,0,1,1,2,0,0.5,1.0,0.5,Never hotspot
R019_C034,0,0,0,0,0,0,0.0,0.0,Never hotspot,0,0,0,0.0,0.0,0.0,2,1,2,1,1,1.5,1.0,-0.5,Never hotspot
R019_C035,0,0,0,0,0,0,0.0,0.0,Never hotspot,0,0,0,0.0,0.0,0.0,0,2,0,2,1,1.0,1.5,0.5,Never hotspot
R019_C036,0,0,0,0,0,0,0.0,0.0,Never hotspot,0,0,0,0.0,0.0,0.0,2,0,0,1,3,1.0,2.0,1.0,Never hotspot
R019_C037,0,0,0,0,0,0,0.0,0.0,Never hotspot,0,0,0,0.0,0.0,0.0,1,4,3,2,1,2.5,1.5,-1.0,Never hotspot
R019_C039,0,0,0,0,0,0,0.0,0.0,Never hotspot,0,0,0,0.0,0.0,0.0,3,0,3,2,3,1.5,2.5,1.0,Never hotspot
R019_C040,0,0,0,0,0,0,0.0,0.0,Never hotspot,0,0,0,0.0,0.0,0.0,1,2,6,1,0,1.5,0.5,-1.0,Never hotspot
R019_C041,0,0,0,0,0,0,0.0,0.0,Never hotspot,0,0,0,0.0,0.0,0.0,4,3,4,3,6,3.5,4.5,1.0,Never hotspot
R019_C042,0,0,0,0,0,0,0.0,0.0,Never hotspot,0,0,0,0.0,0.0,0.0,0,0,0,1,0,0.0,0.5,0.5,Never hotspot
R019_C043,0,0,0,0,0,0,0.0,0.0,Never hotspot,0,0,0,0.0,0.0,0.0,1,0,0,1,0,0.5,0.5,0.0,Never hotspot
R019_C044,0,0,0,0,0,0,0.0,0.0,Never hotspot,0,0,0,0.0,0.0,0.0,2,1,0,0,0,1.5,0.0,-1.5,Never hotspot
R019_C045,0,0,0,0,0,0,0.0,0.0,Never hotspot,0,0,0,0.0,0.0,0.0,1,3,0,4,6,2.0,5.0,3.0,Never hotspot
R019_C046,0,0,0,0,0,0,0.0,0.0,Never hotspot,0,0,0,0.0,0.0,0.0,2,4,0,0,2,3.0,1.0,-2.0,Never hotspot
R019_C047,0,0,0,0,0,0,0.0,0.0,Never hotspot,0,0,0,0.0,0.0,0.0,13,16,15,14,12,14.5,13.0,-1.5,Never hotspot
R019_C048,0,0,0,0,0,0,0.0,0.0,Never hotspot,0,0,0,0.0,0.0,0.0,1,0,3,0,3,0.5,1.5,1.0,Never hotspot
R019_C049,0,0,0,0,0,0,0.0,0.0,Never hotspot,0,0,0,0.0,0.0,0.0,1,3,2,0,4,2.0,2.0,0.0,Never hotspot
R019_C050,0,0,0,0,0,0,0.0,0.0,Never hotspot,0,0,0,0.0,0.0,0.0,1,1,0,2,1,1.0,1.5,0.5,Never hotspot
R019_C051,0,0,0,0,0,0,0.0,0.0,Never hotspot,0,0,0,0.0,0.0,0.0,8,8,12,13,8,8.0,10.5,2.5,Never hotspot
R019_C052,0,0,0,0,0,0,0.0,0.0,Never hotspot,0,0,0,0.0,0.0,0.0,3,2,0,0,1,2.5,0.5,-2.0,Never hotspot
R019_C053,0,0,0,0,0,0,0.0,0.0,Never hotspot,0,0,0,0.0,0.0,0.0,9,12,17,15,15,10.5,15.0,4.5,Never hotspot
R019_C054,0,0,0,0,0,0,0.0,0.0,Never hotspot,0,0,0,0.0,0.0,0.0,1,0,4,3,5,0.5,4.0,3.5,Never hotspot
R019_C055,0,0,0,0,0,0,0.0,0.0,Never hotspot,0,0,0,0.0,0.0,0.0,7,3,12,4,5,5.0,4.5,-0.5,Never hotspot
R019_C056,0,0,0,0,0,0,0.0,0.0,Never hotspot,0,0,0,0.0,0.0,0.0,2,5,0,3,5,3.5,4.0,0.5,Never hotspot
R019_C057,0,0,0,0,0,0,0.0,0.0,Never hotspot,0,0,0,0.0,0.0,0.0,2,2,0,0,0,2.0,0.0,-2.0,Never hotspot
R019_C058,0,0,0,0,0,0,0.0,0.0,Never hotspot,0,0,0,0.0,0.0,0.0,2,4,3,1,7,3.0,4.0,1.0,Never hotspot
R019_C059,0,0,0,0,0,0,0.0,0.0,Never hotspot,0,0,0,0.0,0.0,0.0,1,0,0,0,0,0.5,0.0,-0.5,Never hotspot
R019_C060,0,0,0,0,0,0,0.0,0.0,Never hotspot,0,0,0,0.0,0.0,0.0,4,1,4,2,4,2.5,3.0,0.5,Never hotspot
R019_C061,0,0,0,0,0,0,0.0,0.0,Never hotspot,0,0,0,0.0,0.0,0.0,1,2,3,1,1,1.5,1.0,-0.5,Never hotspot
R019_C062,0,0,0,0,0,0,0.0,0.0,Never hotspot,0,0,0,0.0,0.0,0.0,3,3,0,1,0,3.0,0.5,-2.5,Never hotspot
R019_C063,0,0,0,0,0,0,0.0,0.0,Never hotspot,0,0,0,0.0,0.0,0.0,3,1,0,2,3,2.0,2.5,0.5,Never hotspot
R019_C064,0,0,0,0,0,0,0.0,0.0,Never hotspot,0,0,0,0.0,0.0,0.0,8,7,15,16,19,7.5,17.5,10.0,Never hotspot
R019_C065,0,0,0,0,0,0,0.0,0.0,Never hotspot,0,0,0,0.0,0.0,0.0,3,1,4,2,0,2.0,1.0,-1.0,Never hotspot
R019_C066,0,0,0,0,0,0,0.0,0.0,Never hotspot,0,0,0,0.0,0.0,0.0,2,2,0,0,0,2.0,0.0,-2.0,Never hotspot
R019_C067,0,0,0,0,0,0,0.0,0.0,Never hotspot,0,0,0,0.0,0.0,0.0,2,2,10,5,8,2.0,6.5,4.5,Never hotspot
R019_C068,0,0,0,0,0,0,0.0,0.0,Never hotspot,0,0,0,0.0,0.0,0.0,11,12,16,15,8,11.5,11.5,0.0,Never hotspot
R019_C069,0,0,0,0,0,0,0.0,0.0,Never hotspot,0,0,0,0.0,0.0,0.0,14,17,15,8,10,15.5,9.0,-6.5,Never hotspot
R019_C070,0,0,0,0,0,0,0.0,0.0,Never hotspot,0,0,0,0.0,0.0,0.0,15,17,21,19,7,16.0,13.0,-3.0,Never hotspot
R019_C071,0,0,0,0,0,0,0.0,0.0,Never hotspot,0,0,0,0.0,0.0,0.0,3,2,2,4,3,2.5,3.5,1.0,Never hotspot
R019_C072,0,0,0,0,0,0,0.0,0.0,Never hotspot,0,0,0,0.0,0.0,0.0,5,7,4,7,10,6.0,8.5,2.5,Never hotspot
R019_C073,0,0,0,0,0,0,0.0,0.0,Never hotspot,0,0,0,0.0,0.0,0.0,5,2,6,5,10,3.5,7.5,4.0,Never hotspot
R019_C074,0,0,0,0,0,0,0.0,0.0,Never hotspot,0,0,0,0.0,0.0,0.0,14,16,10,11,14,15.0,12.5,-2.5,Never hotspot
R019_C075,0,0,0,0,0,0,0.0,0.0,Never hotspot,0,0,0,0.0,0.0,0.0,17,19,21,28,23,18.0,25.5,7.5,Never hotspot
R019_C076,0,0,0,0,0,0,0.0,0.0,Never hotspot,0,0,0,0.0,0.0,0.0,19,18,28,20,18,18.5,19.0,0.5,Never hotspot
R019_C077,1,1,1,1,1,5,1.0,1.0,Persistent hotspot,5,2,2,1.0,1.0,0.0,65,63,53,58,53,64.0,55.5,-8.5,Persistent
R019_C078,1,1,1,1,1,5,1.0,1.0,Persistent hotspot,5,2,2,1.0,1.0,0.0,65,74,73,70,70,69.5,70.0,0.5,Persistent
R019_C079,1,1,1,1,1,5,1.0,1.0,Persistent hotspot,5,2,2,1.0,1.0,0.0,58,80,68,72,67,69.0,69.5,0.5,Persistent
R019_C080,1,1,1,1,1,5,1.0,1.0,Persistent hotspot,5,2,2,1.0,1.0,0.0,102,130,101,113,111,116.0,112.0,-4.0,Persistent
R019_C081,1,1,1,1,1,5,1.0,1.0,Persistent hotspot,5,2,2,1.0,1.0,0.0,91,82,89,68,100,86.5,84.0,-2.5,Persistent
R019_C082,0,0,0,0,0,0,0.0,0.0,Never hotspot,0,0,0,0.0,0.0,0.0,23,21,24,24,22,22.0,23.0,1.0,Never hotspot
R019_C083,0,0,0,0,0,0,0.0,0.0,Never hotspot,0,0,0,0.0,0.0,0.0,11,16,19,15,13,13.5,14.0,0.5,Never hotspot
R019_C084,1,1,1,1,1,5,1.0,1.0,Persistent hotspot,5,2,2,1.0,1.0,0.0,36,52,56,45,37,44.0,41.0,-3.0,Persistent
R019_C085,0,0,0,0,0,0,0.0,0.0,Never hotspot,0,0,0,0.0,0.0,0.0,21,20,24,26,16,20.5,21.0,0.5,Never hotspot
R019_C086,0,0,0,0,0,0,0.0,0.0,Never hotspot,0,0,0,0.0,0.0,0.0,12,10,12,22,19,11.0,20.5,9.5,Never hotspot
R019_C087,0,0,0,0,0,0,0.0,0.0,Never hotspot,0,0,0,0.0,0.0,0.0,18,17,32,17,27,17.5,22.0,4.5,Never hotspot
R019_C088,0,0,0,0,0,0,0.0,0.0,Never hotspot,0,0,0,0.0,0.0,0.0,8,3,16,9,11,5.5,10.0,4.5,Never hotspot
R019_C089,1,1,0,0,1,3,0.6,0.6,Repeated hotspot,2,2,1,1.0,0.5,-0.5,35,41,35,27,41,38.0,34.0,-4.0,Intermittent
R019_C090,0,0,1,0,1,2,0.4,0.4,Repeated hotspot,1,0,1,0.0,0.5,0.5,26,31,36,29,36,28.5,32.5,4.0,Emerging
R019_C091,1,1,1,1,1,5,1.0,1.0,Persistent hotspot,5,2,2,1.0,1.0,0.0,65,72,87,90,43,68.5,66.5,-2.0,Persistent
R019_C092,1,1,1,1,1,5,1.0,1.0,Persistent hotspot,5,2,2,1.0,1.0,0.0,142,156,173,135,151,149.0,143.0,-6.0,Persistent
R019_C093,1,1,1,1,1,5,1.0,1.0,Persistent hotspot,5,2,2,1.0,1.0,0.0,179,196,193,196,176,187.5,186.0,-1.5,Persistent
R019_C094,0,0,0,0,0,0,0.0,0.0,Never hotspot,0,0,0,0.0,0.0,0.0,17,22,28,15,26,19.5,20.5,1.0,Never hotspot
R019_C095,0,0,0,0,0,0,0.0,0.0,Never hotspot,0,0,0,0.0,0.0,0.0,17,15,29,22,18,16.0,20.0,4.0,Never hotspot
R019_C096,0,0,0,0,0,0,0.0,0.0,Never hotspot,0,0,0,0.0,0.0,0.0,6,8,8,9,8,7.0,8.5,1.5,Never hotspot
R019_C097,0,0,0,0,0,0,0.0,0.0,Never hotspot,0,0,0,0.0,0.0,0.0,10,13,13,8,14,11.5,11.0,-0.5,Never hotspot
R019_C098,1,0,1,1,1,4,0.8,0.8,Persistent hotspot,3,1,2,0.5,1.0,0.5,39,22,42,44,36,30.5,40.0,9.5,Persistent
R019_C099,0,0,0,0,0,0,0.0,0.0,Never hotspot,0,0,0,0.0,0.0,0.0,6,10,1,2,4,8.0,3.0,-5.0,Never hotspot
R019_C100,0,0,0,0,0,0,0.0,0.0,Never hotspot,0,0,0,0.0,0.0,0.0,17,8,21,17,21,12.5,19.0,6.5,Never hotspot
R019_C101,1,1,1,1,1,5,1.0,1.0,Persistent hotspot,5,2,2,1.0,1.0,0.0,48,45,66,49,61,46.5,55.0,8.5,Persistent
R019_C102,1,0,0,0,0,1,0.2,0.2,Occasional hotspot,1,1,0,0.5,0.0,-0.5,42,32,30,32,24,37.0,28.0,-9.0,Declining
R019_C103,1,1,1,1,1,5,1.0,1.0,Persistent hotspot,5,2,2,1.0,1.0,0.0,38,38,49,44,40,38.0,42.0,4.0,Persistent
R020_C031,0,0,0,0,0,0,0.0,0.0,Never hotspot,0,0,0,0.0,0.0,0.0,4,1,0,0,0,2.5,0.0,-2.5,Never hotspot
R020_C032,0,0,0,0,0,0,0.0,0.0,Never hotspot,0,0,0,0.0,0.0,0.0,1,0,2,3,4,0.5,3.5,3.0,Never hotspot
R020_C033,0,0,0,0,0,0,0.0,0.0,Never hotspot,0,0,0,0.0,0.0,0.0,0,0,2,4,2,0.0,3.0,3.0,Never hotspot
R020_C034,0,0,0,0,0,0,0.0,0.0,Never hotspot,0,0,0,0.0,0.0,0.0,1,4,1,1,1,2.5,1.0,-1.5,Never hotspot
R020_C035,0,0,0,0,0,0,0.0,0.0,Never hotspot,0,0,0,0.0,0.0,0.0,2,3,3,0,2,2.5,1.0,-1.5,Never hotspot
R020_C036,0,0,0,0,0,0,0.0,0.0,Never hotspot,0,0,0,0.0,0.0,0.0,0,0,0,0,1,0.0,0.5,0.5,Never hotspot
R020_C037,0,0,0,0,0,0,0.0,0.0,Never hotspot,0,0,0,0.0,0.0,0.0,3,2,1,1,2,2.5,1.5,-1.0,Never hotspot
R020_C038,0,0,0,0,0,0,0.0,0.0,Never hotspot,0,0,0,0.0,0.0,0.0,4,0,5,1,4,2.0,2.5,0.5,Never hotspot
R020_C039,0,0,0,0,0,0,0.0,0.0,Never hotspot,0,0,0,0.0,0.0,0.0,0,2,3,0,2,1.0,1.0,0.0,Never hotspot
R020_C040,0,0,0,0,0,0,0.0,0.0,Never hotspot,0,0,0,0.0,0.0,0.0,3,3,6,4,2,3.0,3.0,0.0,Never hotspot
R020_C041,0,0,0,0,0,0,0.0,0.0,Never hotspot,0,0,0,0.0,0.0,0.0,0,1,1,0,0,0.5,0.0,-0.5,Never hotspot
R020_C042,0,0,0,0,0,0,0.0,0.0,Never hotspot,0,0,0,0.0,0.0,0.0,0,1,0,1,0,0.5,0.5,0.0,Never hotspot
R020_C043,0,0,0,0,0,0,0.0,0.0,Never hotspot,0,0,0,0.0,0.0,0.0,2,2,4,1,1,2.0,1.0,-1.0,Never hotspot
R020_C044,0,0,0,0,0,0,0.0,0.0,Never hotspot,0,0,0,0.0,0.0,0.0,2,0,2,2,3,1.0,2.5,1.5,Never hotspot
R020_C045,0,0,0,0,0,0,0.0,0.0,Never hotspot,0,0,0,0.0,0.0,0.0,3,2,4,3,4,2.5,3.5,1.0,Never hotspot
R020_C046,0,0,0,0,0,0,0.0,0.0,Never hotspot,0,0,0,0.0,0.0,0.0,18,15,12,16,20,16.5,18.0,1.5,Never hotspot
R020_C047,0,0,0,0,0,0,0.0,0.0,Never hotspot,0,0,0,0.0,0.0,0.0,13,9,13,14,12,11.0,13.0,2.0,Never hotspot
R020_C048,0,0,0,0,0,0,0.0,0.0,Never hotspot,0,0,0,0.0,0.0,0.0,3,6,4,9,5,4.5,7.0,2.5,Never hotspot
R020_C049,0,0,0,0,0,0,0.0,0.0,Never hotspot,0,0,0,0.0,0.0,0.0,3,1,2,1,1,2.0,1.0,-1.0,Never hotspot
R020_C050,0,0,0,0,0,0,0.0,0.0,Never hotspot,0,0,0,0.0,0.0,0.0,0,1,0,0,0,0.5,0.0,-0.5,Never hotspot
R020_C051,0,0,0,0,0,0,0.0,0.0,Never hotspot,0,0,0,0.0,0.0,0.0,0,2,3,1,2,1.0,1.5,0.5,Never hotspot
R020_C052,0,0,0,0,0,0,0.0,0.0,Never hotspot,0,0,0,0.0,0.0,0.0,2,5,4,3,5,3.5,4.0,0.5,Never hotspot
R020_C053,0,0,0,0,0,0,0.0,0.0,Never hotspot,0,0,0,0.0,0.0,0.0,6,6,1,2,3,6.0,2.5,-3.5,Never hotspot
R020_C054,0,0,0,0,0,0,0.0,0.0,Never hotspot,0,0,0,0.0,0.0,0.0,8,8,6,4,5,8.0,4.5,-3.5,Never hotspot
R020_C055,0,0,0,0,0,0,0.0,0.0,Never hotspot,0,0,0,0.0,0.0,0.0,3,3,3,4,1,3.0,2.5,-0.5,Never hotspot
R020_C056,0,0,0,0,0,0,0.0,0.0,Never hotspot,0,0,0,0.0,0.0,0.0,7,4,5,5,2,5.5,3.5,-2.0,Never hotspot
R020_C057,0,0,0,0,0,0,0.0,0.0,Never hotspot,0,0,0,0.0,0.0,0.0,5,9,4,3,6,7.0,4.5,-2.5,Never hotspot
R020_C058,0,0,0,0,0,0,0.0,0.0,Never hotspot,0,0,0,0.0,0.0,0.0,7,5,6,7,3,6.0,5.0,-1.0,Never hotspot
R020_C059,0,0,0,0,0,0,0.0,0.0,Never hotspot,0,0,0,0.0,0.0,0.0,0,1,2,2,5,0.5,3.5,3.0,Never hotspot
R020_C060,0,0,0,0,0,0,0.0,0.0,Never hotspot,0,0,0,0.0,0.0,0.0,2,2,4,3,5,2.0,4.0,2.0,Never hotspot
R020_C061,0,0,0,0,0,0,0.0,0.0,Never hotspot,0,0,0,0.0,0.0,0.0,1,3,3,2,2,2.0,2.0,0.0,Never hotspot
R020_C062,0,0,0,0,0,0,0.0,0.0,Never hotspot,0,0,0,0.0,0.0,0.0,4,4,5,2,2,4.0,2.0,-2.0,Never hotspot
R020_C063,0,0,0,0,0,0,0.0,0.0,Never hotspot,0,0,0,0.0,0.0,0.0,7,3,4,3,5,5.0,4.0,-1.0,Never hotspot
R020_C064,0,0,0,0,0,0,0.0,0.0,Never hotspot,0,0,0,0.0,0.0,0.0,2,1,3,3,5,1.5,4.0,2.5,Never hotspot
R020_C065,0,0,0,0,0,0,0.0,0.0,Never hotspot,0,0,0,0.0,0.0,0.0,0,3,1,0,0,1.5,0.0,-1.5,Never hotspot
R020_C066,0,0,0,0,0,0,0.0,0.0,Never hotspot,0,0,0,0.0,0.0,0.0,3,1,4,4,3,2.0,3.5,1.5,Never hotspot
R020_C067,0,0,0,0,0,0,0.0,0.0,Never hotspot,0,0,0,0.0,0.0,0.0,3,4,7,2,0,3.5,1.0,-2.5,Never hotspot
R020_C068,0,0,0,0,0,0,0.0,0.0,Never hotspot,0,0,0,0.0,0.0,0.0,6,4,3,4,1,5.0,2.5,-2.5,Never hotspot
R020_C069,0,0,0,0,0,0,0.0,0.0,Never hotspot,0,0,0,0.0,0.0,0.0,7,4,4,6,1,5.5,3.5,-2.0,Never hotspot
R020_C070,0,0,0,0,0,0,0.0,0.0,Never hotspot,0,0,0,0.0,0.0,0.0,1,4,6,7,3,2.5,5.0,2.5,Never hotspot
R020_C071,0,0,0,0,0,0,0.0,0.0,Never hotspot,0,0,0,0.0,0.0,0.0,3,2,2,2,0,2.5,1.0,-1.5,Never hotspot
R020_C072,0,0,0,0,0,0,0.0,0.0,Never hotspot,0,0,0,0.0,0.0,0.0,17,14,10,14,22,15.5,18.0,2.5,Never hotspot
R020_C073,0,0,0,0,0,0,0.0,0.0,Never hotspot,0,0,0,0.0,0.0,0.0,25,22,17,26,26,23.5,26.0,2.5,Never hotspot
R020_C074,1,1,1,1,1,5,1.0,1.0,Persistent hotspot,5,2,2,1.0,1.0,0.0,83,98,98,104,102,90.5,103.0,12.5,Persistent
R020_C075,1,1,1,1,1,5,1.0,1.0,Persistent hotspot,5,2,2,1.0,1.0,0.0,210,250,290,237,258,230.0,247.5,17.5,Persistent
R020_C076,1,1,1,1,1,5,1.0,1.0,Persistent hotspot,5,2,2,1.0,1.0,0.0,104,129,127,124,115,116.5,119.5,3.0,Persistent
R020_C077,0,0,0,0,0,0,0.0,0.0,Never hotspot,0,0,0,0.0,0.0,0.0,12,14,26,9,16,13.0,12.5,-0.5,Never hotspot
R020_C078,0,0,0,0,0,0,0.0,0.0,Never hotspot,0,0,0,0.0,0.0,0.0,18,20,23,20,22,19.0,21.0,2.0,Never hotspot
R020_C079,0,0,0,0,0,0,0.0,0.0,Never hotspot,0,0,0,0.0,0.0,0.0,8,10,6,7,5,9.0,6.0,-3.0,Never hotspot
R020_C080,0,0,0,0,1,1,0.2,0.2,Occasional hotspot,1,0,1,0.0,0.5,0.5,21,32,26,21,41,26.5,31.0,4.5,Emerging
R020_C081,0,0,0,0,0,0,0.0,0.0,Never hotspot,0,0,0,0.0,0.0,0.0,8,16,19,22,18,12.0,20.0,8.0,Never hotspot
R020_C082,0,0,0,0,0,0,0.0,0.0,Never hotspot,0,0,0,0.0,0.0,0.0,0,1,1,3,2,0.5,2.5,2.0,Never hotspot
R020_C083,0,0,0,0,0,0,0.0,0.0,Never hotspot,0,0,0,0.0,0.0,0.0,2,2,3,3,2,2.0,2.5,0.5,Never hotspot
R020_C084,0,0,0,0,0,0,0.0,0.0,Never hotspot,0,0,0,0.0,0.0,0.0,3,5,7,6,2,4.0,4.0,0.0,Never hotspot
R020_C085,0,0,0,0,0,0,0.0,0.0,Never hotspot,0,0,0,0.0,0.0,0.0,4,5,3,2,7,4.5,4.5,0.0,Never hotspot
R020_C086,0,0,0,0,0,0,0.0,0.0,Never hotspot,0,0,0,0.0,0.0,0.0,2,5,2,2,3,3.5,2.5,-1.0,Never hotspot
R020_C087,0,0,0,0,0,0,0.0,0.0,Never hotspot,0,0,0,0.0,0.0,0.0,10,11,9,10,11,10.5,10.5,0.0,Never hotspot
R020_C088,0,0,0,0,0,0,0.0,0.0,Never hotspot,0,0,0,0.0,0.0,0.0,10,10,15,16,13,10.0,14.5,4.5,Never hotspot
R020_C089,0,0,0,0,0,0,0.0,0.0,Never hotspot,0,0,0,0.0,0.0,0.0,15,18,19,18,21,16.5,19.5,3.0,Never hotspot
R020_C090,0,0,0,0,0,0,0.0,0.0,Never hotspot,0,0,0,0.0,0.0,0.0,12,13,14,12,10,12.5,11.0,-1.5,Never hotspot
R020_C091,0,0,0,0,0,0,0.0,0.0,Never hotspot,0,0,0,0.0,0.0,0.0,5,4,6,5,3,4.5,4.0,-0.5,Never hotspot
R020_C092,0,0,0,0,0,0,0.0,0.0,Never hotspot,0,0,0,0.0,0.0,0.0,16,27,27,29,20,21.5,24.5,3.0,Never hotspot
R020_C093,0,0,0,0,0,0,0.0,0.0,Never hotspot,0,0,0,0.0,0.0,0.0,9,3,5,8,7,6.0,7.5,1.5,Never hotspot
R020_C094,0,0,0,0,0,0,0.0,0.0,Never hotspot,0,0,0,0.0,0.0,0.0,6,2,5,4,3,4.0,3.5,-0.5,Never hotspot
R020_C095,0,0,0,0,0,0,0.0,0.0,Never hotspot,0,0,0,0.0,0.0,0.0,12,25,13,24,21,18.5,22.5,4.0,Never hotspot
R020_C096,0,0,0,0,0,0,0.0,0.0,Never hotspot,0,0,0,0.0,0.0,0.0,6,2,3,4,8,4.0,6.0,2.0,Never hotspot
R020_C097,0,0,0,0,0,0,0.0,0.0,Never hotspot,0,0,0,0.0,0.0,0.0,11,4,20,16,10,7.5,13.0,5.5,Never hotspot
R020_C098,0,0,0,0,0,0,0.0,0.0,Never hotspot,0,0,0,0.0,0.0,0.0,18,10,19,25,14,14.0,19.5,5.5,Never hotspot
R020_C099,0,0,0,0,0,0,0.0,0.0,Never hotspot,0,0,0,0.0,0.0,0.0,6,6,6,7,7,6.0,7.0,1.0,Never hotspot
R020_C100,0,0,0,0,0,0,0.0,0.0,Never hotspot,0,0,0,0.0,0.0,0.0,5,9,8,15,10,7.0,12.5,5.5,Never hotspot
R020_C101,0,0,0,0,0,0,0.0,0.0,Never hotspot,0,0,0,0.0,0.0,0.0,15,10,12,17,12,12.5,14.5,2.0,Never hotspot
R020_C102,1,1,1,1,1,5,1.0,1.0,Persistent hotspot,5,2,2,1.0,1.0,0.0,52,44,83,52,53,48.0,52.5,4.5,Persistent
R020_C103,1,1,1,1,1,5,1.0,1.0,Persistent hotspot,5,2,2,1.0,1.0,0.0,63,80,72,65,68,71.5,66.5,-5.0,Persistent
R020_C104,0,0,0,0,0,0,0.0,0.0,Never hotspot,0,0,0,0.0,0.0,0.0,4,3,1,3,5,3.5,4.0,0.5,Never hotspot
R020_C105,0,0,0,0,0,0,0.0,0.0,Never hotspot,0,0,0,0.0,0.0,0.0,1,0,0,0,0,0.5,0.0,-0.5,Never hotspot
R021_C031,0,0,0,0,0,0,0.0,0.0,Never hotspot,0,0,0,0.0,0.0,0.0,0,1,0,0,0,0.5,0.0,-0.5,Never hotspot
R021_C032,0,0,0,0,0,0,0.0,0.0,Never hotspot,0,0,0,0.0,0.0,0.0,3,3,2,1,1,3.0,1.0,-2.0,Never hotspot
R021_C033,0,0,0,0,0,0,0.0,0.0,Never hotspot,0,0,0,0.0,0.0,0.0,0,1,1,0,1,0.5,0.5,0.0,Never hotspot
R021_C034,0,0,0,0,0,0,0.0,0.0,Never hotspot,0,0,0,0.0,0.0,0.0,2,0,1,1,1,1.0,1.0,0.0,Never hotspot
R021_C035,0,0,0,0,0,0,0.0,0.0,Never hotspot,0,0,0,0.0,0.0,0.0,2,3,3,0,1,2.5,0.5,-2.0,Never hotspot
R021_C036,0,0,0,0,0,0,0.0,0.0,Never hotspot,0,0,0,0.0,0.0,0.0,7,9,9,8,5,8.0,6.5,-1.5,Never hotspot
R021_C037,0,0,0,0,0,0,0.0,0.0,Never hotspot,0,0,0,0.0,0.0,0.0,3,0,6,3,1,1.5,2.0,0.5,Never hotspot
R021_C038,0,0,0,0,0,0,0.0,0.0,Never hotspot,0,0,0,0.0,0.0,0.0,1,0,0,1,2,0.5,1.5,1.0,Never hotspot
R021_C039,0,0,0,0,0,0,0.0,0.0,Never hotspot,0,0,0,0.0,0.0,0.0,3,5,3,2,0,4.0,1.0,-3.0,Never hotspot
R021_C040,0,0,0,0,0,0,0.0,0.0,Never hotspot,0,0,0,0.0,0.0,0.0,2,1,2,1,2,1.5,1.5,0.0,Never hotspot
R021_C041,0,0,0,0,0,0,0.0,0.0,Never hotspot,0,0,0,0.0,0.0,0.0,0,0,0,1,0,0.0,0.5,0.5,Never hotspot
R021_C042,0,0,0,0,0,0,0.0,0.0,Never hotspot,0,0,0,0.0,0.0,0.0,3,2,2,0,0,2.5,0.0,-2.5,Never hotspot
R021_C043,0,0,0,0,0,0,0.0,0.0,Never hotspot,0,0,0,0.0,0.0,0.0,1,0,0,0,1,0.5,0.5,0.0,Never hotspot
R021_C044,0,0,0,0,0,0,0.0,0.0,Never hotspot,0,0,0,0.0,0.0,0.0,1,3,1,2,1,2.0,1.5,-0.5,Never hotspot
R021_C045,0,0,0,0,0,0,0.0,0.0,Never hotspot,0,0,0,0.0,0.0,0.0,0,1,2,1,3,0.5,2.0,1.5,Never hotspot
R021_C046,0,0,0,0,0,0,0.0,0.0,Never hotspot,0,0,0,0.0,0.0,0.0,0,4,1,0,0,2.0,0.0,-2.0,Never hotspot
R021_C047,0,0,0,0,0,0,0.0,0.0,Never hotspot,0,0,0,0.0,0.0,0.0,1,0,1,1,0,0.5,0.5,0.0,Never hotspot
R021_C048,0,0,0,0,0,0,0.0,0.0,Never hotspot,0,0,0,0.0,0.0,0.0,4,5,6,2,6,4.5,4.0,-0.5,Never hotspot
R021_C049,0,0,0,0,0,0,0.0,0.0,Never hotspot,0,0,0,0.0,0.0,0.0,7,7,4,5,4,7.0,4.5,-2.5,Never hotspot
R021_C050,0,0,0,0,0,0,0.0,0.0,Never hotspot,0,0,0,0.0,0.0,0.0,1,3,2,0,3,2.0,1.5,-0.5,Never hotspot
R021_C051,0,0,0,0,0,0,0.0,0.0,Never hotspot,0,0,0,0.0,0.0,0.0,2,6,7,1,3,4.0,2.0,-2.0,Never hotspot
R021_C052,0,0,0,0,0,0,0.0,0.0,Never hotspot,0,0,0,0.0,0.0,0.0,3,4,2,2,5,3.5,3.5,0.0,Never hotspot
R021_C053,0,0,0,0,0,0,0.0,0.0,Never hotspot,0,0,0,0.0,0.0,0.0,7,12,7,8,6,9.5,7.0,-2.5,Never hotspot
R021_C054,0,0,0,0,0,0,0.0,0.0,Never hotspot,0,0,0,0.0,0.0,0.0,4,7,3,2,4,5.5,3.0,-2.5,Never hotspot
R021_C055,0,0,0,0,0,0,0.0,0.0,Never hotspot,0,0,0,0.0,0.0,0.0,8,7,7,9,10,7.5,9.5,2.0,Never hotspot
R021_C056,0,0,0,0,0,0,0.0,0.0,Never hotspot,0,0,0,0.0,0.0,0.0,14,11,21,15,12,12.5,13.5,1.0,Never hotspot
R021_C057,0,0,0,0,0,0,0.0,0.0,Never hotspot,0,0,0,0.0,0.0,0.0,22,24,25,29,27,23.0,28.0,5.0,Never hotspot
R021_C058,0,0,0,0,0,0,0.0,0.0,Never hotspot,0,0,0,0.0,0.0,0.0,21,33,18,29,21,27.0,25.0,-2.0,Never hotspot
R021_C059,0,0,0,0,0,0,0.0,0.0,Never hotspot,0,0,0,0.0,0.0,0.0,5,12,12,10,23,8.5,16.5,8.0,Never hotspot
R021_C060,0,0,0,0,0,0,0.0,0.0,Never hotspot,0,0,0,0.0,0.0,0.0,3,3,3,4,2,3.0,3.0,0.0,Never hotspot
R021_C061,0,0,0,0,0,0,0.0,0.0,Never hotspot,0,0,0,0.0,0.0,0.0,2,4,4,3,4,3.0,3.5,0.5,Never hotspot
R021_C062,0,0,0,0,0,0,0.0,0.0,Never hotspot,0,0,0,0.0,0.0,0.0,3,4,5,5,4,3.5,4.5,1.0,Never hotspot
R021_C063,0,0,0,0,0,0,0.0,0.0,Never hotspot,0,0,0,0.0,0.0,0.0,4,2,2,4,1,3.0,2.5,-0.5,Never hotspot
R021_C064,0,0,0,0,0,0,0.0,0.0,Never hotspot,0,0,0,0.0,0.0,0.0,6,3,4,3,4,4.5,3.5,-1.0,Never hotspot
R021_C065,0,0,0,0,0,0,0.0,0.0,Never hotspot,0,0,0,0.0,0.0,0.0,0,2,1,3,0,1.0,1.5,0.5,Never hotspot
R021_C066,0,0,0,0,0,0,0.0,0.0,Never hotspot,0,0,0,0.0,0.0,0.0,1,0,1,0,2,0.5,1.0,0.5,Never hotspot
R021_C067,0,0,0,0,0,0,0.0,0.0,Never hotspot,0,0,0,0.0,0.0,0.0,3,3,1,2,2,3.0,2.0,-1.0,Never hotspot
R021_C068,0,0,0,0,0,0,0.0,0.0,Never hotspot,0,0,0,0.0,0.0,0.0,0,0,0,1,1,0.0,1.0,1.0,Never hotspot
R021_C069,0,0,0,0,0,0,0.0,0.0,Never hotspot,0,0,0,0.0,0.0,0.0,2,2,0,0,1,2.0,0.5,-1.5,Never hotspot
R021_C070,0,0,0,0,0,0,0.0,0.0,Never hotspot,0,0,0,0.0,0.0,0.0,2,5,7,5,5,3.5,5.0,1.5,Never hotspot
R021_C071,0,0,0,0,0,0,0.0,0.0,Never hotspot,0,0,0,0.0,0.0,0.0,0,2,1,2,3,1.0,2.5,1.5,Never hotspot
R021_C072,0,0,0,0,0,0,0.0,0.0,Never hotspot,0,0,0,0.0,0.0,0.0,3,5,3,2,2,4.0,2.0,-2.0,Never hotspot
R021_C073,0,0,0,0,0,0,0.0,0.0,Never hotspot,0,0,0,0.0,0.0,0.0,23,26,17,27,30,24.5,28.5,4.0,Never hotspot
R021_C074,1,1,1,1,1,5,1.0,1.0,Persistent hotspot,5,2,2,1.0,1.0,0.0,40,52,45,49,51,46.0,50.0,4.0,Persistent
R021_C075,1,1,1,1,1,5,1.0,1.0,Persistent hotspot,5,2,2,1.0,1.0,0.0,90,99,104,106,112,94.5,109.0,14.5,Persistent
R021_C076,1,1,1,1,1,5,1.0,1.0,Persistent hotspot,5,2,2,1.0,1.0,0.0,36,45,42,47,47,40.5,47.0,6.5,Persistent
R021_C077,0,0,0,0,0,0,0.0,0.0,Never hotspot,0,0,0,0.0,0.0,0.0,9,7,8,9,7,8.0,8.0,0.0,Never hotspot
R021_C078,0,0,0,0,0,0,0.0,0.0,Never hotspot,0,0,0,0.0,0.0,0.0,14,10,16,10,23,12.0,16.5,4.5,Never hotspot
R021_C079,0,0,0,0,0,0,0.0,0.0,Never hotspot,0,0,0,0.0,0.0,0.0,9,5,8,3,4,7.0,3.5,-3.5,Never hotspot
R021_C080,0,0,0,0,0,0,0.0,0.0,Never hotspot,0,0,0,0.0,0.0,0.0,8,5,3,3,2,6.5,2.5,-4.0,Never hotspot
R021_C081,0,0,0,0,0,0,0.0,0.0,Never hotspot,0,0,0,0.0,0.0,0.0,10,10,8,5,9,10.0,7.0,-3.0,Never hotspot
R021_C082,0,0,0,0,0,0,0.0,0.0,Never hotspot,0,0,0,0.0,0.0,0.0,7,1,4,3,3,4.0,3.0,-1.0,Never hotspot
R021_C083,0,0,0,0,0,0,0.0,0.0,Never hotspot,0,0,0,0.0,0.0,0.0,1,1,0,2,1,1.0,1.5,0.5,Never hotspot
R021_C084,0,0,0,0,0,0,0.0,0.0,Never hotspot,0,0,0,0.0,0.0,0.0,1,2,4,3,2,1.5,2.5,1.0,Never hotspot
R021_C085,0,0,0,0,0,0,0.0,0.0,Never hotspot,0,0,0,0.0,0.0,0.0,1,0,1,1,0,0.5,0.5,0.0,Never hotspot
R021_C086,0,0,0,0,0,0,0.0,0.0,Never hotspot,0,0,0,0.0,0.0,0.0,4,4,2,4,5,4.0,4.5,0.5,Never hotspot
R021_C087,0,0,0,0,0,0,0.0,0.0,Never hotspot,0,0,0,0.0,0.0,0.0,11,2,5,11,5,6.5,8.0,1.5,Never hotspot
R021_C088,0,0,0,0,0,0,0.0,0.0,Never hotspot,0,0,0,0.0,0.0,0.0,14,10,11,10,3,12.0,6.5,-5.5,Never hotspot
R021_C089,0,0,0,0,0,0,0.0,0.0,Never hotspot,0,0,0,0.0,0.0,0.0,6,8,11,12,9,7.0,10.5,3.5,Never hotspot
R021_C090,0,0,0,0,0,0,0.0,0.0,Never hotspot,0,0,0,0.0,0.0,0.0,2,7,4,7,3,4.5,5.0,0.5,Never hotspot
R021_C091,0,0,0,0,0,0,0.0,0.0,Never hotspot,0,0,0,0.0,0.0,0.0,11,9,9,6,9,10.0,7.5,-2.5,Never hotspot
R021_C092,0,0,0,0,0,0,0.0,0.0,Never hotspot,0,0,0,0.0,0.0,0.0,14,12,11,19,14,13.0,16.5,3.5,Never hotspot
R021_C093,1,1,1,1,0,4,0.8,0.8,Persistent hotspot,4,2,1,1.0,0.5,-0.5,39,37,36,36,33,38.0,34.5,-3.5,Persistent
R021_C094,0,0,0,0,0,0,0.0,0.0,Never hotspot,0,0,0,0.0,0.0,0.0,4,7,10,5,4,5.5,4.5,-1.0,Never hotspot
R021_C095,0,0,0,0,0,0,0.0,0.0,Never hotspot,0,0,0,0.0,0.0,0.0,0,5,3,0,0,2.5,0.0,-2.5,Never hotspot
R021_C096,0,0,0,0,0,0,0.0,0.0,Never hotspot,0,0,0,0.0,0.0,0.0,9,7,12,8,13,8.0,10.5,2.5,Never hotspot
R021_C097,0,0,0,0,0,0,0.0,0.0,Never hotspot,0,0,0,0.0,0.0,0.0,1,5,4,1,5,3.0,3.0,0.0,Never hotspot
R021_C098,0,0,0,0,0,0,0.0,0.0,Never hotspot,0,0,0,0.0,0.0,0.0,7,5,5,6,8,6.0,7.0,1.0,Never hotspot
R021_C099,0,0,0,0,0,0,0.0,0.0,Never hotspot,0,0,0,0.0,0.0,0.0,1,1,0,1,1,1.0,1.0,0.0,Never hotspot
R021_C100,0,0,0,0,0,0,0.0,0.0,Never hotspot,0,0,0,0.0,0.0,0.0,7,3,1,2,2,5.0,2.0,-3.0,Never hotspot
R021_C101,0,0,0,0,0,0,0.0,0.0,Never hotspot,0,0,0,0.0,0.0,0.0,10,10,14,9,5,10.0,7.0,-3.0,Never hotspot
R021_C102,0,0,0,0,0,0,0.0,0.0,Never hotspot,0,0,0,0.0,0.0,0.0,14,16,24,17,12,15.0,14.5,-0.5,Never hotspot
R021_C103,0,0,0,0,0,0,0.0,0.0,Never hotspot,0,0,0,0.0,0.0,0.0,10,12,6,11,8,11.0,9.5,-1.5,Never hotspot
R021_C104,0,0,0,0,0,0,0.0,0.0,Never hotspot,0,0,0,0.0,0.0,0.0,9,5,4,5,7,7.0,6.0,-1.0,Never hotspot
R021_C105,0,0,0,0,0,0,0.0,0.0,Never hotspot,0,0,0,0.0,0.0,0.0,7,5,9,4,8,6.0,6.0,0.0,Never hotspot
R021_C106,0,0,0,0,0,0,0.0,0.0,Never hotspot,0,0,0,0.0,0.0,0.0,1,1,2,4,2,1.0,3.0,2.0,Never hotspot
R021_C107,0,0,0,0,0,0,0.0,0.0,Never hotspot,0,0,0,0.0,0.0,0.0,1,0,1,0,2,0.5,1.0,0.5,Never hotspot
R021_C108,0,0,0,0,0,0,0.0,0.0,Never hotspot,0,0,0,0.0,0.0,0.0,1,0,0,0,0,0.5,0.0,-0.5,Never hotspot
R022_C031,0,0,0,0,0,0,0.0,0.0,Never hotspot,0,0,0,0.0,0.0,0.0,0,1,0,0,0,0.5,0.0,-0.5,Never hotspot
R022_C032,0,0,0,0,0,0,0.0,0.0,Never hotspot,0,0,0,0.0,0.0,0.0,1,1,3,2,2,1.0,2.0,1.0,Never hotspot
R022_C033,0,0,0,0,0,0,0.0,0.0,Never hotspot,0,0,0,0.0,0.0,0.0,2,2,7,3,1,2.0,2.0,0.0,Never hotspot
R022_C034,0,0,0,0,0,0,0.0,0.0,Never hotspot,0,0,0,0.0,0.0,0.0,1,1,3,2,5,1.0,3.5,2.5,Never hotspot
R022_C035,0,0,0,0,0,0,0.0,0.0,Never hotspot,0,0,0,0.0,0.0,0.0,3,1,1,5,2,2.0,3.5,1.5,Never hotspot
R022_C036,0,0,0,0,0,0,0.0,0.0,Never hotspot,0,0,0,0.0,0.0,0.0,9,5,6,9,5,7.0,7.0,0.0,Never hotspot
R022_C037,0,0,0,0,0,0,0.0,0.0,Never hotspot,0,0,0,0.0,0.0,0.0,7,3,4,4,9,5.0,6.5,1.5,Never hotspot
R022_C038,0,0,0,0,0,0,0.0,0.0,Never hotspot,0,0,0,0.0,0.0,0.0,3,3,0,2,1,3.0,1.5,-1.5,Never hotspot
R022_C039,0,0,0,0,0,0,0.0,0.0,Never hotspot,0,0,0,0.0,0.0,0.0,3,3,1,2,2,3.0,2.0,-1.0,Never hotspot
R022_C040,0,0,0,0,0,0,0.0,0.0,Never hotspot,0,0,0,0.0,0.0,0.0,3,2,0,2,0,2.5,1.0,-1.5,Never hotspot
R022_C041,0,0,0,0,0,0,0.0,0.0,Never hotspot,0,0,0,0.0,0.0,0.0,0,2,1,1,1,1.0,1.0,0.0,Never hotspot
R022_C042,0,0,0,0,0,0,0.0,0.0,Never hotspot,0,0,0,0.0,0.0,0.0,1,1,3,1,6,1.0,3.5,2.5,Never hotspot
R022_C043,0,0,0,0,0,0,0.0,0.0,Never hotspot,0,0,0,0.0,0.0,0.0,0,1,1,3,2,0.5,2.5,2.0,Never hotspot
R022_C044,0,0,0,0,0,0,0.0,0.0,Never hotspot,0,0,0,0.0,0.0,0.0,2,1,1,1,0,1.5,0.5,-1.0,Never hotspot
R022_C045,0,0,0,0,0,0,0.0,0.0,Never hotspot,0,0,0,0.0,0.0,0.0,5,3,1,2,1,4.0,1.5,-2.5,Never hotspot
R022_C046,0,0,0,0,0,0,0.0,0.0,Never hotspot,0,0,0,0.0,0.0,0.0,3,4,2,1,3,3.5,2.0,-1.5,Never hotspot
R022_C048,0,0,0,0,0,0,0.0,0.0,Never hotspot,0,0,0,0.0,0.0,0.0,0,1,1,0,0,0.5,0.0,-0.5,Never hotspot
R022_C049,0,0,0,0,0,0,0.0,0.0,Never hotspot,0,0,0,0.0,0.0,0.0,7,8,9,9,9,7.5,9.0,1.5,Never hotspot
R022_C050,0,0,0,0,0,0,0.0,0.0,Never hotspot,0,0,0,0.0,0.0,0.0,5,12,4,10,9,8.5,9.5,1.0,Never hotspot
R022_C051,0,1,0,1,1,3,0.6,0.6,Repeated hotspot,2,1,2,0.5,1.0,0.5,30,45,35,35,41,37.5,38.0,0.5,Intermittent
R022_C052,0,0,0,0,0,0,0.0,0.0,Never hotspot,0,0,0,0.0,0.0,0.0,7,13,10,12,17,10.0,14.5,4.5,Never hotspot
R022_C053,0,0,0,0,0,0,0.0,0.0,Never hotspot,0,0,0,0.0,0.0,0.0,0,0,1,2,0,0.0,1.0,1.0,Never hotspot
R022_C054,0,0,0,0,0,0,0.0,0.0,Never hotspot,0,0,0,0.0,0.0,0.0,0,2,1,0,0,1.0,0.0,-1.0,Never hotspot
R022_C055,0,0,0,0,0,0,0.0,0.0,Never hotspot,0,0,0,0.0,0.0,0.0,1,0,1,0,1,0.5,0.5,0.0,Never hotspot
R022_C056,0,0,0,0,0,0,0.0,0.0,Never hotspot,0,0,0,0.0,0.0,0.0,1,5,3,2,2,3.0,2.0,-1.0,Never hotspot
R022_C057,0,0,0,0,0,0,0.0,0.0,Never hotspot,0,0,0,0.0,0.0,0.0,2,6,5,5,9,4.0,7.0,3.0,Never hotspot
R022_C058,0,0,0,0,0,0,0.0,0.0,Never hotspot,0,0,0,0.0,0.0,0.0,4,2,2,7,5,3.0,6.0,3.0,Never hotspot
R022_C059,0,0,0,0,0,0,0.0,0.0,Never hotspot,0,0,0,0.0,0.0,0.0,2,0,1,3,0,1.0,1.5,0.5,Never hotspot
R022_C060,0,0,0,0,0,0,0.0,0.0,Never hotspot,0,0,0,0.0,0.0,0.0,0,2,2,2,1,1.0,1.5,0.5,Never hotspot
R022_C061,0,0,0,0,0,0,0.0,0.0,Never hotspot,0,0,0,0.0,0.0,0.0,3,2,2,2,4,2.5,3.0,0.5,Never hotspot
R022_C062,0,0,0,0,0,0,0.0,0.0,Never hotspot,0,0,0,0.0,0.0,0.0,4,5,4,0,5,4.5,2.5,-2.0,Never hotspot
R022_C063,0,0,0,0,0,0,0.0,0.0,Never hotspot,0,0,0,0.0,0.0,0.0,9,8,12,6,13,8.5,9.5,1.0,Never hotspot
R022_C064,0,0,0,0,0,0,0.0,0.0,Never hotspot,0,0,0,0.0,0.0,0.0,14,9,25,19,14,11.5,16.5,5.0,Never hotspot
R022_C065,0,0,0,0,0,0,0.0,0.0,Never hotspot,0,0,0,0.0,0.0,0.0,2,3,6,4,2,2.5,3.0,0.5,Never hotspot
R022_C067,0,0,0,0,0,0,0.0,0.0,Never hotspot,0,0,0,0.0,0.0,0.0,1,0,1,0,0,0.5,0.0,-0.5,Never hotspot
R022_C068,0,0,0,0,0,0,0.0,0.0,Never hotspot,0,0,0,0.0,0.0,0.0,0,1,4,0,4,0.5,2.0,1.5,Never hotspot
R022_C069,0,0,0,0,0,0,0.0,0.0,Never hotspot,0,0,0,0.0,0.0,0.0,1,0,1,2,2,0.5,2.0,1.5,Never hotspot
R022_C070,0,0,0,0,0,0,0.0,0.0,Never hotspot,0,0,0,0.0,0.0,0.0,5,7,11,8,3,6.0,5.5,-0.5,Never hotspot
R022_C071,0,0,0,0,0,0,0.0,0.0,Never hotspot,0,0,0,0.0,0.0,0.0,1,3,3,11,6,2.0,8.5,6.5,Never hotspot
R022_C072,0,0,0,0,0,0,0.0,0.0,Never hotspot,0,0,0,0.0,0.0,0.0,3,1,3,2,4,2.0,3.0,1.0,Never hotspot
R022_C073,0,0,0,0,0,0,0.0,0.0,Never hotspot,0,0,0,0.0,0.0,0.0,3,9,5,6,4,6.0,5.0,-1.0,Never hotspot
R022_C074,0,0,0,0,0,0,0.0,0.0,Never hotspot,0,0,0,0.0,0.0,0.0,19,17,27,19,29,18.0,24.0,6.0,Never hotspot
R022_C075,0,0,0,0,0,0,0.0,0.0,Never hotspot,0,0,0,0.0,0.0,0.0,14,22,21,19,17,18.0,18.0,0.0,Never hotspot
R022_C076,0,0,0,0,0,0,0.0,0.0,Never hotspot,0,0,0,0.0,0.0,0.0,23,19,21,24,22,21.0,23.0,2.0,Never hotspot
R022_C077,0,0,0,0,0,0,0.0,0.0,Never hotspot,0,0,0,0.0,0.0,0.0,10,0,6,9,2,5.0,5.5,0.5,Never hotspot
R022_C078,0,0,0,0,0,0,0.0,0.0,Never hotspot,0,0,0,0.0,0.0,0.0,4,4,10,8,8,4.0,8.0,4.0,Never hotspot
R022_C079,0,0,0,0,0,0,0.0,0.0,Never hotspot,0,0,0,0.0,0.0,0.0,5,4,3,3,1,4.5,2.0,-2.5,Never hotspot
R022_C080,0,0,0,0,0,0,0.0,0.0,Never hotspot,0,0,0,0.0,0.0,0.0,1,0,3,1,4,0.5,2.5,2.0,Never hotspot
R022_C081,0,0,0,0,0,0,0.0,0.0,Never hotspot,0,0,0,0.0,0.0,0.0,19,23,15,22,25,21.0,23.5,2.5,Never hotspot
R022_C082,0,0,0,0,0,0,0.0,0.0,Never hotspot,0,0,0,0.0,0.0,0.0,13,10,16,7,14,11.5,10.5,-1.0,Never hotspot
R022_C083,0,0,0,0,0,0,0.0,0.0,Never hotspot,0,0,0,0.0,0.0,0.0,4,4,2,8,4,4.0,6.0,2.0,Never hotspot
R022_C084,0,0,0,0,0,0,0.0,0.0,Never hotspot,0,0,0,0.0,0.0,0.0,7,10,14,15,9,8.5,12.0,3.5,Never hotspot
R022_C085,0,0,0,0,0,0,0.0,0.0,Never hotspot,0,0,0,0.0,0.0,0.0,6,3,5,5,2,4.5,3.5,-1.0,Never hotspot
R022_C086,0,0,0,0,0,0,0.0,0.0,Never hotspot,0,0,0,0.0,0.0,0.0,8,10,12,7,9,9.0,8.0,-1.0,Never hotspot
R022_C087,0,0,0,0,0,0,0.0,0.0,Never hotspot,0,0,0,0.0,0.0,0.0,4,5,1,5,0,4.5,2.5,-2.0,Never hotspot
R022_C088,0,0,0,0,0,0,0.0,0.0,Never hotspot,0,0,0,0.0,0.0,0.0,8,7,14,10,20,7.5,15.0,7.5,Never hotspot
R022_C089,0,0,0,0,0,0,0.0,0.0,Never hotspot,0,0,0,0.0,0.0,0.0,9,0,3,4,7,4.5,5.5,1.0,Never hotspot
R022_C090,0,0,0,0,0,0,0.0,0.0,Never hotspot,0,0,0,0.0,0.0,0.0,19,17,19,19,20,18.0,19.5,1.5,Never hotspot
R022_C091,0,0,0,0,0,0,0.0,0.0,Never hotspot,0,0,0,0.0,0.0,0.0,7,8,18,15,12,7.5,13.5,6.0,Never hotspot
R022_C092,0,0,0,0,0,0,0.0,0.0,Never hotspot,0,0,0,0.0,0.0,0.0,23,18,24,15,16,20.5,15.5,-5.0,Never hotspot
R022_C093,1,0,1,1,1,4,0.8,0.8,Persistent hotspot,3,1,2,0.5,1.0,0.5,45,30,47,52,52,37.5,52.0,14.5,Persistent
R022_C094,0,0,0,0,0,0,0.0,0.0,Never hotspot,0,0,0,0.0,0.0,0.0,14,13,9,14,5,13.5,9.5,-4.0,Never hotspot
R022_C095,0,0,0,0,0,0,0.0,0.0,Never hotspot,0,0,0,0.0,0.0,0.0,9,7,8,11,6,8.0,8.5,0.5,Never hotspot
R022_C096,0,0,0,0,0,0,0.0,0.0,Never hotspot,0,0,0,0.0,0.0,0.0,17,22,22,31,24,19.5,27.5,8.0,Never hotspot
R022_C097,0,0,0,0,0,0,0.0,0.0,Never hotspot,0,0,0,0.0,0.0,0.0,3,8,7,8,4,5.5,6.0,0.5,Never hotspot
R022_C098,0,0,0,0,0,0,0.0,0.0,Never hotspot,0,0,0,0.0,0.0,0.0,14,14,25,25,27,14.0,26.0,12.0,Never hotspot
R022_C099,0,0,0,0,0,0,0.0,0.0,Never hotspot,0,0,0,0.0,0.0,0.0,5,5,8,1,5,5.0,3.0,-2.0,Never hotspot
R022_C100,0,0,0,0,0,0,0.0,0.0,Never hotspot,0,0,0,0.0,0.0,0.0,2,4,6,2,7,3.0,4.5,1.5,Never hotspot
R022_C101,0,0,0,0,0,0,0.0,0.0,Never hotspot,0,0,0,0.0,0.0,0.0,8,5,9,9,3,6.5,6.0,-0.5,Never hotspot
R022_C102,0,0,0,0,0,0,0.0,0.0,Never hotspot,0,0,0,0.0,0.0,0.0,7,13,7,7,7,10.0,7.0,-3.0,Never hotspot
R022_C103,0,0,0,0,0,0,0.0,0.0,Never hotspot,0,0,0,0.0,0.0,0.0,4,2,8,1,6,3.0,3.5,0.5,Never hotspot
R022_C104,0,0,0,0,0,0,0.0,0.0,Never hotspot,0,0,0,0.0,0.0,0.0,2,1,3,2,6,1.5,4.0,2.5,Never hotspot
R022_C105,0,0,0,0,0,0,0.0,0.0,Never hotspot,0,0,0,0.0,0.0,0.0,10,11,15,13,20,10.5,16.5,6.0,Never hotspot
R022_C106,0,0,0,0,0,0,0.0,0.0,Never hotspot,0,0,0,0.0,0.0,0.0,0,1,4,2,5,0.5,3.5,3.0,Never hotspot
R022_C107,0,0,0,0,0,0,0.0,0.0,Never hotspot,0,0,0,0.0,0.0,0.0,5,5,4,3,9,5.0,6.0,1.0,Never hotspot
R022_C108,0,0,0,0,0,0,0.0,0.0,Never hotspot,0,0,0,0.0,0.0,0.0,11,14,11,9,9,12.5,9.0,-3.5,Never hotspot
R023_C032,0,0,0,0,0,0,0.0,0.0,Never hotspot,0,0,0,0.0,0.0,0.0,1,0,0,0,1,0.5,0.5,0.0,Never hotspot
R023_C035,0,0,0,0,0,0,0.0,0.0,Never hotspot,0,0,0,0.0,0.0,0.0,12,15,19,18,16,13.5,17.0,3.5,Never hotspot
R023_C036,0,0,0,0,0,0,0.0,0.0,Never hotspot,0,0,0,0.0,0.0,0.0,22,18,22,17,16,20.0,16.5,-3.5,Never hotspot
R023_C037,0,0,0,0,0,0,0.0,0.0,Never hotspot,0,0,0,0.0,0.0,0.0,2,3,5,5,3,2.5,4.0,1.5,Never hotspot
R023_C038,0,0,0,0,0,0,0.0,0.0,Never hotspot,0,0,0,0.0,0.0,0.0,0,3,2,2,2,1.5,2.0,0.5,Never hotspot
R023_C039,0,0,0,0,0,0,0.0,0.0,Never hotspot,0,0,0,0.0,0.0,0.0,1,0,4,0,4,0.5,2.0,1.5,Never hotspot
R023_C040,0,0,0,0,0,0,0.0,0.0,Never hotspot,0,0,0,0.0,0.0,0.0,5,6,4,2,7,5.5,4.5,-1.0,Never hotspot
R023_C041,0,0,0,0,0,0,0.0,0.0,Never hotspot,0,0,0,0.0,0.0,0.0,5,16,7,13,10,10.5,11.5,1.0,Never hotspot
R023_C042,0,0,0,0,0,0,0.0,0.0,Never hotspot,0,0,0,0.0,0.0,0.0,0,3,3,0,1,1.5,0.5,-1.0,Never hotspot
R023_C043,0,0,0,0,0,0,0.0,0.0,Never hotspot,0,0,0,0.0,0.0,0.0,0,1,0,0,0,0.5,0.0,-0.5,Never hotspot
R023_C044,0,0,0,0,0,0,0.0,0.0,Never hotspot,0,0,0,0.0,0.0,0.0,0,0,1,0,0,0.0,0.0,0.0,Never hotspot
R023_C045,0,0,0,0,0,0,0.0,0.0,Never hotspot,0,0,0,0.0,0.0,0.0,0,0,0,2,1,0.0,1.5,1.5,Never hotspot
R023_C047,0,0,0,0,0,0,0.0,0.0,Never hotspot,0,0,0,0.0,0.0,0.0,0,0,0,0,1,0.0,0.5,0.5,Never hotspot
R023_C048,0,0,0,0,0,0,0.0,0.0,Never hotspot,0,0,0,0.0,0.0,0.0,2,2,1,2,3,2.0,2.5,0.5,Never hotspot
R023_C049,0,0,0,0,0,0,0.0,0.0,Never hotspot,0,0,0,0.0,0.0,0.0,2,2,3,3,2,2.0,2.5,0.5,Never hotspot
R023_C050,0,0,0,0,0,0,0.0,0.0,Never hotspot,0,0,0,0.0,0.0,0.0,4,6,7,8,12,5.0,10.0,5.0,Never hotspot
R023_C051,0,0,1,1,0,2,0.4,0.4,Repeated hotspot,2,0,1,0.0,0.5,0.5,22,33,37,35,30,27.5,32.5,5.0,Emerging
R023_C052,0,0,0,0,0,0,0.0,0.0,Never hotspot,0,0,0,0.0,0.0,0.0,13,13,11,11,16,13.0,13.5,0.5,Never hotspot
R023_C053,0,0,0,0,0,0,0.0,0.0,Never hotspot,0,0,0,0.0,0.0,0.0,1,2,6,2,3,1.5,2.5,1.0,Never hotspot
R023_C054,0,0,0,0,0,0,0.0,0.0,Never hotspot,0,0,0,0.0,0.0,0.0,1,2,3,1,1,1.5,1.0,-0.5,Never hotspot
R023_C055,0,0,0,0,0,0,0.0,0.0,Never hotspot,0,0,0,0.0,0.0,0.0,4,6,7,5,13,5.0,9.0,4.0,Never hotspot
R023_C056,0,0,0,0,0,0,0.0,0.0,Never hotspot,0,0,0,0.0,0.0,0.0,7,4,2,5,1,5.5,3.0,-2.5,Never hotspot
R023_C057,0,0,0,0,0,0,0.0,0.0,Never hotspot,0,0,0,0.0,0.0,0.0,5,2,7,8,13,3.5,10.5,7.0,Never hotspot
R023_C058,0,0,0,0,0,0,0.0,0.0,Never hotspot,0,0,0,0.0,0.0,0.0,5,4,4,6,5,4.5,5.5,1.0,Never hotspot
R023_C059,0,0,0,0,0,0,0.0,0.0,Never hotspot,0,0,0,0.0,0.0,0.0,3,4,0,7,5,3.5,6.0,2.5,Never hotspot
R023_C060,0,0,0,0,0,0,0.0,0.0,Never hotspot,0,0,0,0.0,0.0,0.0,4,3,5,5,4,3.5,4.5,1.0,Never hotspot
R023_C061,0,0,0,0,0,0,0.0,0.0,Never hotspot,0,0,0,0.0,0.0,0.0,1,4,3,7,6,2.5,6.5,4.0,Never hotspot
R023_C062,0,0,0,0,0,0,0.0,0.0,Never hotspot,0,0,0,0.0,0.0,0.0,5,3,2,4,5,4.0,4.5,0.5,Never hotspot
R023_C063,0,0,0,0,0,0,0.0,0.0,Never hotspot,0,0,0,0.0,0.0,0.0,10,8,8,8,12,9.0,10.0,1.0,Never hotspot
R023_C064,0,0,0,0,0,0,0.0,0.0,Never hotspot,0,0,0,0.0,0.0,0.0,1,6,3,4,4,3.5,4.0,0.5,Never hotspot
R023_C065,0,0,0,0,0,0,0.0,0.0,Never hotspot,0,0,0,0.0,0.0,0.0,3,0,1,2,5,1.5,3.5,2.0,Never hotspot
R023_C066,0,0,0,0,0,0,0.0,0.0,Never hotspot,0,0,0,0.0,0.0,0.0,3,6,3,1,3,4.5,2.0,-2.5,Never hotspot
R023_C067,0,0,0,0,0,0,0.0,0.0,Never hotspot,0,0,0,0.0,0.0,0.0,1,1,1,2,2,1.0,2.0,1.0,Never hotspot
R023_C068,0,0,0,0,0,0,0.0,0.0,Never hotspot,0,0,0,0.0,0.0,0.0,1,2,2,3,2,1.5,2.5,1.0,Never hotspot
R023_C069,0,0,0,0,0,0,0.0,0.0,Never hotspot,0,0,0,0.0,0.0,0.0,17,16,25,29,22,16.5,25.5,9.0,Never hotspot
R023_C070,0,0,0,0,0,0,0.0,0.0,Never hotspot,0,0,0,0.0,0.0,0.0,5,13,18,15,8,9.0,11.5,2.5,Never hotspot
R023_C071,0,0,0,0,0,0,0.0,0.0,Never hotspot,0,0,0,0.0,0.0,0.0,0,2,1,4,1,1.0,2.5,1.5,Never hotspot
R023_C072,0,0,0,0,0,0,0.0,0.0,Never hotspot,0,0,0,0.0,0.0,0.0,0,2,1,0,1,1.0,0.5,-0.5,Never hotspot
R023_C073,0,0,0,0,0,0,0.0,0.0,Never hotspot,0,0,0,0.0,0.0,0.0,5,4,6,4,3,4.5,3.5,-1.0,Never hotspot
R023_C074,0,0,0,0,0,0,0.0,0.0,Never hotspot,0,0,0,0.0,0.0,0.0,2,3,0,0,1,2.5,0.5,-2.0,Never hotspot
R023_C075,0,0,0,0,0,0,0.0,0.0,Never hotspot,0,0,0,0.0,0.0,0.0,2,4,2,3,2,3.0,2.5,-0.5,Never hotspot
R023_C076,1,1,1,1,1,5,1.0,1.0,Persistent hotspot,5,2,2,1.0,1.0,0.0,43,49,51,48,63,46.0,55.5,9.5,Persistent
R023_C077,0,0,0,0,0,0,0.0,0.0,Never hotspot,0,0,0,0.0,0.0,0.0,7,6,4,12,11,6.5,11.5,5.0,Never hotspot
R023_C078,0,0,0,0,0,0,0.0,0.0,Never hotspot,0,0,0,0.0,0.0,0.0,5,2,3,5,10,3.5,7.5,4.0,Never hotspot
R023_C079,0,0,0,0,0,0,0.0,0.0,Never hotspot,0,0,0,0.0,0.0,0.0,4,2,3,2,3,3.0,2.5,-0.5,Never hotspot
R023_C080,0,0,0,0,0,0,0.0,0.0,Never hotspot,0,0,0,0.0,0.0,0.0,8,5,8,4,3,6.5,3.5,-3.0,Never hotspot
R023_C081,0,0,0,0,0,0,0.0,0.0,Never hotspot,0,0,0,0.0,0.0,0.0,6,1,6,2,4,3.5,3.0,-0.5,Never hotspot
R023_C082,0,0,0,0,0,0,0.0,0.0,Never hotspot,0,0,0,0.0,0.0,0.0,9,9,10,14,7,9.0,10.5,1.5,Never hotspot
R023_C083,0,0,0,0,0,0,0.0,0.0,Never hotspot,0,0,0,0.0,0.0,0.0,4,5,6,2,2,4.5,2.0,-2.5,Never hotspot
R023_C084,0,0,0,0,0,0,0.0,0.0,Never hotspot,0,0,0,0.0,0.0,0.0,4,2,3,2,5,3.0,3.5,0.5,Never hotspot
R023_C085,0,0,0,0,0,0,0.0,0.0,Never hotspot,0,0,0,0.0,0.0,0.0,1,1,1,1,0,1.0,0.5,-0.5,Never hotspot
R023_C086,0,0,0,0,0,0,0.0,0.0,Never hotspot,0,0,0,0.0,0.0,0.0,1,1,4,2,1,1.0,1.5,0.5,Never hotspot
R023_C087,0,0,0,0,0,0,0.0,0.0,Never hotspot,0,0,0,0.0,0.0,0.0,4,0,4,3,4,2.0,3.5,1.5,Never hotspot
R023_C088,0,0,0,0,0,0,0.0,0.0,Never hotspot,0,0,0,0.0,0.0,0.0,13,13,12,9,10,13.0,9.5,-3.5,Never hotspot
R023_C089,0,0,0,0,0,0,0.0,0.0,Never hotspot,0,0,0,0.0,0.0,0.0,8,7,9,2,12,7.5,7.0,-0.5,Never hotspot
R023_C090,0,0,0,0,0,0,0.0,0.0,Never hotspot,0,0,0,0.0,0.0,0.0,17,18,18,22,15,17.5,18.5,1.0,Never hotspot
R023_C091,0,0,0,0,0,0,0.0,0.0,Never hotspot,0,0,0,0.0,0.0,0.0,8,11,6,5,7,9.5,6.0,-3.5,Never hotspot
R023_C092,0,0,0,0,0,0,0.0,0.0,Never hotspot,0,0,0,0.0,0.0,0.0,15,16,11,12,7,15.5,9.5,-6.0,Never hotspot
R023_C093,0,0,0,1,0,1,0.2,0.2,Occasional hotspot,1,0,1,0.0,0.5,0.5,16,13,23,35,17,14.5,26.0,11.5,Emerging
R023_C094,0,0,0,0,0,0,0.0,0.0,Never hotspot,0,0,0,0.0,0.0,0.0,7,2,8,4,6,4.5,5.0,0.5,Never hotspot
R023_C095,0,0,0,0,0,0,0.0,0.0,Never hotspot,0,0,0,0.0,0.0,0.0,4,10,4,7,7,7.0,7.0,0.0,Never hotspot
R023_C096,0,0,0,0,0,0,0.0,0.0,Never hotspot,0,0,0,0.0,0.0,0.0,9,9,11,10,11,9.0,10.5,1.5,Never hotspot
R023_C097,0,0,0,0,0,0,0.0,0.0,Never hotspot,0,0,0,0.0,0.0,0.0,5,7,5,8,5,6.0,6.5,0.5,Never hotspot
R023_C098,0,0,0,0,0,0,0.0,0.0,Never hotspot,0,0,0,0.0,0.0,0.0,9,10,10,14,8,9.5,11.0,1.5,Never hotspot
R023_C099,0,0,0,0,0,0,0.0,0.0,Never hotspot,0,0,0,0.0,0.0,0.0,0,0,1,2,1,0.0,1.5,1.5,Never hotspot
R023_C100,0,0,0,0,0,0,0.0,0.0,Never hotspot,0,0,0,0.0,0.0,0.0,1,1,4,2,4,1.0,3.0,2.0,Never hotspot
R023_C101,0,0,0,0,0,0,0.0,0.0,Never hotspot,0,0,0,0.0,0.0,0.0,10,11,14,8,4,10.5,6.0,-4.5,Never hotspot
R023_C102,0,0,0,0,0,0,0.0,0.0,Never hotspot,0,0,0,0.0,0.0,0.0,7,8,10,8,7,7.5,7.5,0.0,Never hotspot
R023_C103,0,0,0,0,0,0,0.0,0.0,Never hotspot,0,0,0,0.0,0.0,0.0,3,4,3,12,4,3.5,8.0,4.5,Never hotspot
R023_C104,0,0,0,0,0,0,0.0,0.0,Never hotspot,0,0,0,0.0,0.0,0.0,1,1,4,2,2,1.0,2.0,1.0,Never hotspot
R023_C105,0,0,0,0,0,0,0.0,0.0,Never hotspot,0,0,0,0.0,0.0,0.0,1,1,0,2,0,1.0,1.0,0.0,Never hotspot
R023_C106,0,0,0,0,0,0,0.0,0.0,Never hotspot,0,0,0,0.0,0.0,0.0,3,6,2,0,1,4.5,0.5,-4.0,Never hotspot
R023_C107,0,0,0,0,0,0,0.0,0.0,Never hotspot,0,0,0,0.0,0.0,0.0,12,6,2,8,5,9.0,6.5,-2.5,Never hotspot
R023_C108,0,0,0,0,0,0,0.0,0.0,Never hotspot,0,0,0,0.0,0.0,0.0,4,3,3,11,6,3.5,8.5,5.0,Never hotspot
R023_C109,0,0,0,0,0,0,0.0,0.0,Never hotspot,0,0,0,0.0,0.0,0.0,0,1,1,1,1,0.5,1.0,0.5,Never hotspot
R024_C036,0,0,0,0,0,0,0.0,0.0,Never hotspot,0,0,0,0.0,0.0,0.0,5,4,3,1,2,4.5,1.5,-3.0,Never hotspot
R024_C037,0,0,0,0,0,0,0.0,0.0,Never hotspot,0,0,0,0.0,0.0,0.0,22,25,23,9,13,23.5,11.0,-12.5,Never hotspot
R024_C038,1,1,1,0,1,4,0.8,0.8,Persistent hotspot,3,2,1,1.0,0.5,-0.5,34,46,36,33,42,40.0,37.5,-2.5,Persistent
R024_C039,0,0,0,0,0,0,0.0,0.0,Never hotspot,0,0,0,0.0,0.0,0.0,3,5,5,3,3,4.0,3.0,-1.0,Never hotspot
R024_C040,0,0,0,0,0,0,0.0,0.0,Never hotspot,0,0,0,0.0,0.0,0.0,2,6,3,5,2,4.0,3.5,-0.5,Never hotspot
R024_C041,0,0,0,0,0,0,0.0,0.0,Never hotspot,0,0,0,0.0,0.0,0.0,1,0,0,2,0,0.5,1.0,0.5,Never hotspot
R024_C043,0,0,0,0,0,0,0.0,0.0,Never hotspot,0,0,0,0.0,0.0,0.0,0,0,0,0,1,0.0,0.5,0.5,Never hotspot
R024_C044,0,0,0,0,0,0,0.0,0.0,Never hotspot,0,0,0,0.0,0.0,0.0,0,0,0,1,0,0.0,0.5,0.5,Never hotspot
R024_C045,0,0,0,0,0,0,0.0,0.0,Never hotspot,0,0,0,0.0,0.0,0.0,0,0,1,0,2,0.0,1.0,1.0,Never hotspot
R024_C047,0,0,0,0,0,0,0.0,0.0,Never hotspot,0,0,0,0.0,0.0,0.0,0,0,1,1,0,0.0,0.5,0.5,Never hotspot
R024_C048,0,0,0,0,0,0,0.0,0.0,Never hotspot,0,0,0,0.0,0.0,0.0,0,1,1,1,3,0.5,2.0,1.5,Never hotspot
R024_C049,0,0,0,0,0,0,0.0,0.0,Never hotspot,0,0,0,0.0,0.0,0.0,0,1,0,0,2,0.5,1.0,0.5,Never hotspot
R024_C050,0,0,0,0,0,0,0.0,0.0,Never hotspot,0,0,0,0.0,0.0,0.0,5,2,3,3,6,3.5,4.5,1.0,Never hotspot
R024_C051,0,0,0,0,0,0,0.0,0.0,Never hotspot,0,0,0,0.0,0.0,0.0,4,0,4,2,8,2.0,5.0,3.0,Never hotspot
R024_C052,0,0,0,0,0,0,0.0,0.0,Never hotspot,0,0,0,0.0,0.0,0.0,9,4,2,8,11,6.5,9.5,3.0,Never hotspot
R024_C053,0,0,0,0,0,0,0.0,0.0,Never hotspot,0,0,0,0.0,0.0,0.0,4,8,6,8,11,6.0,9.5,3.5,Never hotspot
R024_C054,0,0,0,0,0,0,0.0,0.0,Never hotspot,0,0,0,0.0,0.0,0.0,4,4,3,6,3,4.0,4.5,0.5,Never hotspot
R024_C055,0,0,0,0,0,0,0.0,0.0,Never hotspot,0,0,0,0.0,0.0,0.0,0,0,1,2,1,0.0,1.5,1.5,Never hotspot
R024_C056,0,0,0,0,0,0,0.0,0.0,Never hotspot,0,0,0,0.0,0.0,0.0,1,1,2,2,7,1.0,4.5,3.5,Never hotspot
R024_C057,0,0,0,0,0,0,0.0,0.0,Never hotspot,0,0,0,0.0,0.0,0.0,1,2,1,5,4,1.5,4.5,3.0,Never hotspot
R024_C058,0,0,0,0,0,0,0.0,0.0,Never hotspot,0,0,0,0.0,0.0,0.0,3,1,2,2,1,2.0,1.5,-0.5,Never hotspot
R024_C059,0,0,0,0,0,0,0.0,0.0,Never hotspot,0,0,0,0.0,0.0,0.0,2,3,2,4,6,2.5,5.0,2.5,Never hotspot
R024_C060,0,0,0,0,0,0,0.0,0.0,Never hotspot,0,0,0,0.0,0.0,0.0,1,2,3,4,6,1.5,5.0,3.5,Never hotspot
R024_C061,0,0,0,0,0,0,0.0,0.0,Never hotspot,0,0,0,0.0,0.0,0.0,1,1,1,1,1,1.0,1.0,0.0,Never hotspot
R024_C062,0,0,0,0,0,0,0.0,0.0,Never hotspot,0,0,0,0.0,0.0,0.0,1,6,4,5,5,3.5,5.0,1.5,Never hotspot
R024_C063,0,0,0,0,0,0,0.0,0.0,Never hotspot,0,0,0,0.0,0.0,0.0,2,7,5,5,6,4.5,5.5,1.0,Never hotspot
R024_C064,0,0,0,0,0,0,0.0,0.0,Never hotspot,0,0,0,0.0,0.0,0.0,7,9,13,10,6,8.0,8.0,0.0,Never hotspot
R024_C065,0,0,0,0,0,0,0.0,0.0,Never hotspot,0,0,0,0.0,0.0,0.0,8,5,10,5,10,6.5,7.5,1.0,Never hotspot
R024_C066,0,0,0,0,0,0,0.0,0.0,Never hotspot,0,0,0,0.0,0.0,0.0,0,2,2,2,0,1.0,1.0,0.0,Never hotspot
R024_C067,0,0,0,0,0,0,0.0,0.0,Never hotspot,0,0,0,0.0,0.0,0.0,0,2,0,3,1,1.0,2.0,1.0,Never hotspot
R024_C068,0,0,0,0,0,0,0.0,0.0,Never hotspot,0,0,0,0.0,0.0,0.0,7,8,0,6,7,7.5,6.5,-1.0,Never hotspot
R024_C069,1,1,1,1,1,5,1.0,1.0,Persistent hotspot,5,2,2,1.0,1.0,0.0,33,45,47,51,44,39.0,47.5,8.5,Persistent
R024_C070,0,0,0,0,0,0,0.0,0.0,Never hotspot,0,0,0,0.0,0.0,0.0,6,15,18,14,13,10.5,13.5,3.0,Never hotspot
R024_C071,0,0,0,0,0,0,0.0,0.0,Never hotspot,0,0,0,0.0,0.0,0.0,0,2,6,6,0,1.0,3.0,2.0,Never hotspot
R024_C072,0,0,0,0,0,0,0.0,0.0,Never hotspot,0,0,0,0.0,0.0,0.0,5,4,1,1,3,4.5,2.0,-2.5,Never hotspot
R024_C073,0,0,0,0,0,0,0.0,0.0,Never hotspot,0,0,0,0.0,0.0,0.0,1,2,3,2,3,1.5,2.5,1.0,Never hotspot
R024_C074,0,0,0,0,0,0,0.0,0.0,Never hotspot,0,0,0,0.0,0.0,0.0,5,5,3,3,2,5.0,2.5,-2.5,Never hotspot
R024_C075,0,0,0,0,0,0,0.0,0.0,Never hotspot,0,0,0,0.0,0.0,0.0,2,4,6,2,2,3.0,2.0,-1.0,Never hotspot
R024_C076,0,1,1,1,1,4,0.8,0.8,Persistent hotspot,4,1,2,0.5,1.0,0.5,31,36,45,55,38,33.5,46.5,13.0,Persistent
R024_C077,0,0,0,0,0,0,0.0,0.0,Never hotspot,0,0,0,0.0,0.0,0.0,1,5,5,3,4,3.0,3.5,0.5,Never hotspot
R024_C078,0,0,0,0,0,0,0.0,0.0,Never hotspot,0,0,0,0.0,0.0,0.0,5,5,8,10,10,5.0,10.0,5.0,Never hotspot
R024_C079,0,0,0,0,0,0,0.0,0.0,Never hotspot,0,0,0,0.0,0.0,0.0,4,1,3,2,5,2.5,3.5,1.0,Never hotspot
R024_C080,0,0,0,0,0,0,0.0,0.0,Never hotspot,0,0,0,0.0,0.0,0.0,7,7,4,10,8,7.0,9.0,2.0,Never hotspot
R024_C081,0,0,0,0,0,0,0.0,0.0,Never hotspot,0,0,0,0.0,0.0,0.0,4,4,3,3,1,4.0,2.0,-2.0,Never hotspot
R024_C082,0,0,0,0,0,0,0.0,0.0,Never hotspot,0,0,0,0.0,0.0,0.0,4,14,6,14,15,9.0,14.5,5.5,Never hotspot
R024_C083,0,0,0,0,0,0,0.0,0.0,Never hotspot,0,0,0,0.0,0.0,0.0,8,16,10,18,15,12.0,16.5,4.5,Never hotspot
R024_C084,0,0,0,0,0,0,0.0,0.0,Never hotspot,0,0,0,0.0,0.0,0.0,14,28,22,21,23,21.0,22.0,1.0,Never hotspot
R024_C085,0,0,0,0,0,0,0.0,0.0,Never hotspot,0,0,0,0.0,0.0,0.0,7,7,13,10,2,7.0,6.0,-1.0,Never hotspot
R024_C086,0,0,0,0,0,0,0.0,0.0,Never hotspot,0,0,0,0.0,0.0,0.0,2,1,1,3,3,1.5,3.0,1.5,Never hotspot
R024_C087,0,0,0,0,0,0,0.0,0.0,Never hotspot,0,0,0,0.0,0.0,0.0,3,7,5,9,1,5.0,5.0,0.0,Never hotspot
R024_C088,0,0,0,0,0,0,0.0,0.0,Never hotspot,0,0,0,0.0,0.0,0.0,7,6,7,4,4,6.5,4.0,-2.5,Never hotspot
R024_C089,0,0,0,0,0,0,0.0,0.0,Never hotspot,0,0,0,0.0,0.0,0.0,13,16,16,14,12,14.5,13.0,-1.5,Never hotspot
R024_C090,1,1,1,1,1,5,1.0,1.0,Persistent hotspot,5,2,2,1.0,1.0,0.0,71,50,68,72,71,60.5,71.5,11.0,Persistent
R024_C091,0,0,0,0,0,0,0.0,0.0,Never hotspot,0,0,0,0.0,0.0,0.0,10,5,16,14,16,7.5,15.0,7.5,Never hotspot
R024_C092,0,0,0,1,1,2,0.4,0.4,Repeated hotspot,2,0,2,0.0,1.0,1.0,28,15,28,39,37,21.5,38.0,16.5,Emerging
R024_C093,0,0,0,0,0,0,0.0,0.0,Never hotspot,0,0,0,0.0,0.0,0.0,7,10,3,10,10,8.5,10.0,1.5,Never hotspot
R024_C094,0,0,0,0,0,0,0.0,0.0,Never hotspot,0,0,0,0.0,0.0,0.0,3,9,10,6,6,6.0,6.0,0.0,Never hotspot
R024_C095,0,0,0,0,0,0,0.0,0.0,Never hotspot,0,0,0,0.0,0.0,0.0,9,10,13,7,9,9.5,8.0,-1.5,Never hotspot
R024_C096,0,0,0,0,0,0,0.0,0.0,Never hotspot,0,0,0,0.0,0.0,0.0,2,3,8,8,6,2.5,7.0,4.5,Never hotspot
R024_C097,0,0,0,0,0,0,0.0,0.0,Never hotspot,0,0,0,0.0,0.0,0.0,10,14,19,23,12,12.0,17.5,5.5,Never hotspot
R024_C098,0,0,0,0,0,0,0.0,0.0,Never hotspot,0,0,0,0.0,0.0,0.0,2,4,4,5,3,3.0,4.0,1.0,Never hotspot
R024_C099,0,0,0,0,0,0,0.0,0.0,Never hotspot,0,0,0,0.0,0.0,0.0,5,3,2,5,11,4.0,8.0,4.0,Never hotspot
R024_C100,0,0,0,0,0,0,0.0,0.0,Never hotspot,0,0,0,0.0,0.0,0.0,10,13,10,11,8,11.5,9.5,-2.0,Never hotspot
R024_C101,0,0,0,0,0,0,0.0,0.0,Never hotspot,0,0,0,0.0,0.0,0.0,4,9,8,9,7,6.5,8.0,1.5,Never hotspot
R024_C102,0,0,0,0,0,0,0.0,0.0,Never hotspot,0,0,0,0.0,0.0,0.0,17,13,16,12,5,15.0,8.5,-6.5,Never hotspot
R024_C103,0,0,0,0,0,0,0.0,0.0,Never hotspot,0,0,0,0.0,0.0,0.0,2,5,5,4,3,3.5,3.5,0.0,Never hotspot
R024_C104,0,0,0,0,0,0,0.0,0.0,Never hotspot,0,0,0,0.0,0.0,0.0,8,6,10,13,9,7.0,11.0,4.0,Never hotspot
R024_C105,0,0,0,0,0,0,0.0,0.0,Never hotspot,0,0,0,0.0,0.0,0.0,3,6,3,8,3,4.5,5.5,1.0,Never hotspot
R024_C106,0,0,0,0,0,0,0.0,0.0,Never hotspot,0,0,0,0.0,0.0,0.0,3,4,2,4,4,3.5,4.0,0.5,Never hotspot
R024_C107,0,0,0,0,0,0,0.0,0.0,Never hotspot,0,0,0,0.0,0.0,0.0,4,3,3,3,5,3.5,4.0,0.5,Never hotspot
R024_C108,0,0,0,0,0,0,0.0,0.0,Never hotspot,0,0,0,0.0,0.0,0.0,0,1,1,2,0,0.5,1.0,0.5,Never hotspot
R024_C109,0,0,0,0,0,0,0.0,0.0,Never hotspot,0,0,0,0.0,0.0,0.0,12,10,13,17,4,11.0,10.5,-0.5,Never hotspot
R024_C110,0,0,0,0,0,0,0.0,0.0,Never hotspot,0,0,0,0.0,0.0,0.0,9,9,13,13,9,9.0,11.0,2.0,Never hotspot
R025_C035,0,0,0,0,0,0,0.0,0.0,Never hotspot,0,0,0,0.0,0.0,0.0,0,0,2,1,1,0.0,1.0,1.0,Never hotspot
R025_C036,0,0,0,0,0,0,0.0,0.0,Never hotspot,0,0,0,0.0,0.0,0.0,15,9,8,7,10,12.0,8.5,-3.5,Never hotspot
R025_C037,0,0,0,0,0,0,0.0,0.0,Never hotspot,0,0,0,0.0,0.0,0.0,3,0,1,4,3,1.5,3.5,2.0,Never hotspot
R025_C038,0,0,0,0,0,0,0.0,0.0,Never hotspot,0,0,0,0.0,0.0,0.0,5,6,10,7,6,5.5,6.5,1.0,Never hotspot
R025_C039,0,0,0,0,0,0,0.0,0.0,Never hotspot,0,0,0,0.0,0.0,0.0,2,2,3,2,0,2.0,1.0,-1.0,Never hotspot
R025_C040,0,0,0,0,0,0,0.0,0.0,Never hotspot,0,0,0,0.0,0.0,0.0,1,3,3,1,0,2.0,0.5,-1.5,Never hotspot
R025_C041,0,0,0,0,0,0,0.0,0.0,Never hotspot,0,0,0,0.0,0.0,0.0,1,1,0,0,0,1.0,0.0,-1.0,Never hotspot
R025_C042,0,0,0,0,0,0,0.0,0.0,Never hotspot,0,0,0,0.0,0.0,0.0,1,0,0,0,0,0.5,0.0,-0.5,Never hotspot
R025_C043,0,0,0,0,0,0,0.0,0.0,Never hotspot,0,0,0,0.0,0.0,0.0,0,2,0,1,0,1.0,0.5,-0.5,Never hotspot
R025_C044,0,0,0,0,0,0,0.0,0.0,Never hotspot,0,0,0,0.0,0.0,0.0,0,1,0,2,0,0.5,1.0,0.5,Never hotspot
R025_C045,0,0,0,0,0,0,0.0,0.0,Never hotspot,0,0,0,0.0,0.0,0.0,0,0,1,2,1,0.0,1.5,1.5,Never hotspot
R025_C046,0,0,0,0,0,0,0.0,0.0,Never hotspot,0,0,0,0.0,0.0,0.0,0,1,1,0,1,0.5,0.5,0.0,Never hotspot
R025_C047,0,0,0,0,0,0,0.0,0.0,Never hotspot,0,0,0,0.0,0.0,0.0,0,0,0,0,1,0.0,0.5,0.5,Never hotspot
R025_C048,0,0,0,0,0,0,0.0,0.0,Never hotspot,0,0,0,0.0,0.0,0.0,0,2,0,1,0,1.0,0.5,-0.5,Never hotspot
R025_C049,0,0,0,0,0,0,0.0,0.0,Never hotspot,0,0,0,0.0,0.0,0.0,1,1,0,1,3,1.0,2.0,1.0,Never hotspot
R025_C050,0,0,0,0,0,0,0.0,0.0,Never hotspot,0,0,0,0.0,0.0,0.0,0,2,3,2,2,1.0,2.0,1.0,Never hotspot
R025_C051,0,0,0,0,0,0,0.0,0.0,Never hotspot,0,0,0,0.0,0.0,0.0,5,7,9,3,2,6.0,2.5,-3.5,Never hotspot
R025_C052,0,0,0,0,0,0,0.0,0.0,Never hotspot,0,0,0,0.0,0.0,0.0,21,26,18,25,29,23.5,27.0,3.5,Never hotspot
R025_C053,1,1,1,1,1,5,1.0,1.0,Persistent hotspot,5,2,2,1.0,1.0,0.0,34,56,43,41,51,45.0,46.0,1.0,Persistent
R025_C054,0,0,0,0,0,0,0.0,0.0,Never hotspot,0,0,0,0.0,0.0,0.0,6,1,2,2,5,3.5,3.5,0.0,Never hotspot
R025_C055,0,0,0,0,0,0,0.0,0.0,Never hotspot,0,0,0,0.0,0.0,0.0,1,7,5,3,7,4.0,5.0,1.0,Never hotspot
R025_C056,0,0,0,1,0,1,0.2,0.2,Occasional hotspot,1,0,1,0.0,0.5,0.5,15,15,21,36,14,15.0,25.0,10.0,Emerging
R025_C057,0,0,0,0,0,0,0.0,0.0,Never hotspot,0,0,0,0.0,0.0,0.0,8,6,6,13,7,7.0,10.0,3.0,Never hotspot
R025_C058,0,0,0,0,0,0,0.0,0.0,Never hotspot,0,0,0,0.0,0.0,0.0,0,3,2,0,2,1.5,1.0,-0.5,Never hotspot
R025_C059,0,0,0,0,0,0,0.0,0.0,Never hotspot,0,0,0,0.0,0.0,0.0,7,6,7,7,4,6.5,5.5,-1.0,Never hotspot
R025_C060,0,0,0,0,0,0,0.0,0.0,Never hotspot,0,0,0,0.0,0.0,0.0,1,0,0,1,2,0.5,1.5,1.0,Never hotspot
R025_C061,0,0,0,0,0,0,0.0,0.0,Never hotspot,0,0,0,0.0,0.0,0.0,0,0,2,5,3,0.0,4.0,4.0,Never hotspot
R025_C062,0,0,0,0,0,0,0.0,0.0,Never hotspot,0,0,0,0.0,0.0,0.0,1,1,5,5,0,1.0,2.5,1.5,Never hotspot
R025_C063,0,0,0,0,0,0,0.0,0.0,Never hotspot,0,0,0,0.0,0.0,0.0,0,0,3,1,1,0.0,1.0,1.0,Never hotspot
R025_C064,0,0,0,0,0,0,0.0,0.0,Never hotspot,0,0,0,0.0,0.0,0.0,2,2,5,5,2,2.0,3.5,1.5,Never hotspot
R025_C066,0,0,0,0,0,0,0.0,0.0,Never hotspot,0,0,0,0.0,0.0,0.0,4,5,7,3,5,4.5,4.0,-0.5,Never hotspot
R025_C067,0,0,0,0,0,0,0.0,0.0,Never hotspot,0,0,0,0.0,0.0,0.0,4,3,4,2,5,3.5,3.5,0.0,Never hotspot
R025_C068,0,0,0,0,0,0,0.0,0.0,Never hotspot,0,0,0,0.0,0.0,0.0,6,0,6,6,4,3.0,5.0,2.0,Never hotspot
R025_C069,0,0,0,0,0,0,0.0,0.0,Never hotspot,0,0,0,0.0,0.0,0.0,3,2,6,3,6,2.5,4.5,2.0,Never hotspot
R025_C070,0,0,0,0,0,0,0.0,0.0,Never hotspot,0,0,0,0.0,0.0,0.0,7,10,8,6,11,8.5,8.5,0.0,Never hotspot
R025_C071,0,0,0,0,0,0,0.0,0.0,Never hotspot,0,0,0,0.0,0.0,0.0,2,0,3,1,0,1.0,0.5,-0.5,Never hotspot
R025_C072,0,0,0,0,0,0,0.0,0.0,Never hotspot,0,0,0,0.0,0.0,0.0,3,2,1,4,4,2.5,4.0,1.5,Never hotspot
R025_C073,0,0,0,0,0,0,0.0,0.0,Never hotspot,0,0,0,0.0,0.0,0.0,3,1,3,6,1,2.0,3.5,1.5,Never hotspot
R025_C074,0,0,0,0,0,0,0.0,0.0,Never hotspot,0,0,0,0.0,0.0,0.0,10,3,4,5,4,6.5,4.5,-2.0,Never hotspot
R025_C075,0,0,0,0,0,0,0.0,0.0,Never hotspot,0,0,0,0.0,0.0,0.0,3,4,2,2,3,3.5,2.5,-1.0,Never hotspot
R025_C076,0,0,0,0,0,0,0.0,0.0,Never hotspot,0,0,0,0.0,0.0,0.0,5,5,5,4,1,5.0,2.5,-2.5,Never hotspot
R025_C077,0,0,0,0,0,0,0.0,0.0,Never hotspot,0,0,0,0.0,0.0,0.0,5,6,7,10,3,5.5,6.5,1.0,Never hotspot
R025_C078,0,0,0,0,0,0,0.0,0.0,Never hotspot,0,0,0,0.0,0.0,0.0,1,0,0,2,2,0.5,2.0,1.5,Never hotspot
R025_C079,0,0,0,0,0,0,0.0,0.0,Never hotspot,0,0,0,0.0,0.0,0.0,2,3,2,1,0,2.5,0.5,-2.0,Never hotspot
R025_C080,0,0,0,0,0,0,0.0,0.0,Never hotspot,0,0,0,0.0,0.0,0.0,10,7,7,4,8,8.5,6.0,-2.5,Never hotspot
R025_C081,0,0,0,0,0,0,0.0,0.0,Never hotspot,0,0,0,0.0,0.0,0.0,9,13,27,22,18,11.0,20.0,9.0,Never hotspot
R025_C082,0,0,0,0,0,0,0.0,0.0,Never hotspot,0,0,0,0.0,0.0,0.0,7,9,9,13,4,8.0,8.5,0.5,Never hotspot
R025_C083,0,0,0,0,0,0,0.0,0.0,Never hotspot,0,0,0,0.0,0.0,0.0,5,4,11,10,11,4.5,10.5,6.0,Never hotspot
R025_C084,0,0,0,0,0,0,0.0,0.0,Never hotspot,0,0,0,0.0,0.0,0.0,10,8,17,14,8,9.0,11.0,2.0,Never hotspot
R025_C085,0,0,0,0,0,0,0.0,0.0,Never hotspot,0,0,0,0.0,0.0,0.0,3,13,13,11,10,8.0,10.5,2.5,Never hotspot
R025_C086,0,0,0,0,0,0,0.0,0.0,Never hotspot,0,0,0,0.0,0.0,0.0,3,2,6,4,3,2.5,3.5,1.0,Never hotspot
R025_C087,0,0,0,0,0,0,0.0,0.0,Never hotspot,0,0,0,0.0,0.0,0.0,11,11,16,18,19,11.0,18.5,7.5,Never hotspot
R025_C088,0,0,0,0,0,0,0.0,0.0,Never hotspot,0,0,0,0.0,0.0,0.0,11,10,15,10,11,10.5,10.5,0.0,Never hotspot
R025_C089,0,0,0,0,0,0,0.0,0.0,Never hotspot,0,0,0,0.0,0.0,0.0,1,3,4,7,4,2.0,5.5,3.5,Never hotspot
R025_C090,0,0,0,0,0,0,0.0,0.0,Never hotspot,0,0,0,0.0,0.0,0.0,13,11,9,8,12,12.0,10.0,-2.0,Never hotspot
R025_C091,0,0,0,0,0,0,0.0,0.0,Never hotspot,0,0,0,0.0,0.0,0.0,6,11,15,12,16,8.5,14.0,5.5,Never hotspot
R025_C092,1,1,1,1,1,5,1.0,1.0,Persistent hotspot,5,2,2,1.0,1.0,0.0,154,142,191,198,189,148.0,193.5,45.5,Persistent
R025_C093,1,0,1,0,1,3,0.6,0.6,Repeated hotspot,1,1,1,0.5,0.5,0.0,37,32,39,26,46,34.5,36.0,1.5,Intermittent
R025_C094,0,0,0,1,1,2,0.4,0.4,Repeated hotspot,2,0,2,0.0,1.0,1.0,30,28,26,38,38,29.0,38.0,9.0,Emerging
R025_C095,0,0,0,0,0,0,0.0,0.0,Never hotspot,0,0,0,0.0,0.0,0.0,12,11,9,9,12,11.5,10.5,-1.0,Never hotspot
R025_C096,0,0,0,0,0,0,0.0,0.0,Never hotspot,0,0,0,0.0,0.0,0.0,8,3,8,9,6,5.5,7.5,2.0,Never hotspot
R025_C097,0,0,0,0,0,0,0.0,0.0,Never hotspot,0,0,0,0.0,0.0,0.0,8,9,10,11,9,8.5,10.0,1.5,Never hotspot
R025_C098,1,1,1,1,1,5,1.0,1.0,Persistent hotspot,5,2,2,1.0,1.0,0.0,46,51,60,64,37,48.5,50.5,2.0,Persistent
R025_C099,0,0,0,0,0,0,0.0,0.0,Never hotspot,0,0,0,0.0,0.0,0.0,4,5,7,9,5,4.5,7.0,2.5,Never hotspot
R025_C100,0,0,0,0,0,0,0.0,0.0,Never hotspot,0,0,0,0.0,0.0,0.0,4,13,9,23,6,8.5,14.5,6.0,Never hotspot
R025_C101,0,0,0,0,0,0,0.0,0.0,Never hotspot,0,0,0,0.0,0.0,0.0,8,5,7,8,5,6.5,6.5,0.0,Never hotspot
R025_C102,0,0,0,0,0,0,0.0,0.0,Never hotspot,0,0,0,0.0,0.0,0.0,8,16,15,15,21,12.0,18.0,6.0,Never hotspot
R025_C103,0,0,0,0,0,0,0.0,0.0,Never hotspot,0,0,0,0.0,0.0,0.0,9,3,9,9,3,6.0,6.0,0.0,Never hotspot
R025_C104,0,0,0,0,0,0,0.0,0.0,Never hotspot,0,0,0,0.0,0.0,0.0,4,5,10,5,6,4.5,5.5,1.0,Never hotspot
R025_C105,0,0,0,0,0,0,0.0,0.0,Never hotspot,0,0,0,0.0,0.0,0.0,10,9,5,8,12,9.5,10.0,0.5,Never hotspot
R025_C106,0,0,0,0,0,0,0.0,0.0,Never hotspot,0,0,0,0.0,0.0,0.0,3,6,10,12,12,4.5,12.0,7.5,Never hotspot
R025_C107,0,0,0,0,0,0,0.0,0.0,Never hotspot,0,0,0,0.0,0.0,0.0,9,10,6,13,10,9.5,11.5,2.0,Never hotspot
R025_C108,0,0,0,0,0,0,0.0,0.0,Never hotspot,0,0,0,0.0,0.0,0.0,9,4,6,8,5,6.5,6.5,0.0,Never hotspot
R025_C109,0,0,0,0,0,0,0.0,0.0,Never hotspot,0,0,0,0.0,0.0,0.0,21,19,19,13,14,20.0,13.5,-6.5,Never hotspot
R025_C110,0,0,0,0,0,0,0.0,0.0,Never hotspot,0,0,0,0.0,0.0,0.0,26,29,33,18,15,27.5,16.5,-11.0,Never hotspot
R025_C111,1,1,1,1,1,5,1.0,1.0,Persistent hotspot,5,2,2,1.0,1.0,0.0,77,94,90,113,70,85.5,91.5,6.0,Persistent
R025_C112,0,0,0,0,0,0,0.0,0.0,Never hotspot,0,0,0,0.0,0.0,0.0,3,11,3,2,8,7.0,5.0,-2.0,Never hotspot
R025_C113,0,0,0,0,0,0,0.0,0.0,Never hotspot,0,0,0,0.0,0.0,0.0,0,0,0,2,2,0.0,2.0,2.0,Never hotspot
R026_C035,0,0,0,0,0,0,0.0,0.0,Never hotspot,0,0,0,0.0,0.0,0.0,0,1,0,0,0,0.5,0.0,-0.5,Never hotspot
R026_C036,0,0,0,0,0,0,0.0,0.0,Never hotspot,0,0,0,0.0,0.0,0.0,5,0,9,4,2,2.5,3.0,0.5,Never hotspot
R026_C037,0,0,0,0,0,0,0.0,0.0,Never hotspot,0,0,0,0.0,0.0,0.0,15,16,13,8,6,15.5,7.0,-8.5,Never hotspot
R026_C038,0,0,0,0,0,0,0.0,0.0,Never hotspot,0,0,0,0.0,0.0,0.0,2,3,2,3,4,2.5,3.5,1.0,Never hotspot
R026_C039,0,0,0,0,0,0,0.0,0.0,Never hotspot,0,0,0,0.0,0.0,0.0,1,3,8,3,2,2.0,2.5,0.5,Never hotspot
R026_C040,0,0,0,0,0,0,0.0,0.0,Never hotspot,0,0,0,0.0,0.0,0.0,2,1,5,1,3,1.5,2.0,0.5,Never hotspot
R026_C041,0,0,0,0,0,0,0.0,0.0,Never hotspot,0,0,0,0.0,0.0,0.0,0,0,0,1,0,0.0,0.5,0.5,Never hotspot
R026_C042,0,0,0,0,0,0,0.0,0.0,Never hotspot,0,0,0,0.0,0.0,0.0,0,0,1,0,1,0.0,0.5,0.5,Never hotspot
R026_C043,0,0,0,0,0,0,0.0,0.0,Never hotspot,0,0,0,0.0,0.0,0.0,0,0,0,1,0,0.0,0.5,0.5,Never hotspot
R026_C046,0,0,0,0,0,0,0.0,0.0,Never hotspot,0,0,0,0.0,0.0,0.0,2,2,6,2,4,2.0,3.0,1.0,Never hotspot
R026_C047,0,0,0,0,0,0,0.0,0.0,Never hotspot,0,0,0,0.0,0.0,0.0,3,2,1,1,3,2.5,2.0,-0.5,Never hotspot
R026_C048,0,0,0,0,0,0,0.0,0.0,Never hotspot,0,0,0,0.0,0.0,0.0,7,6,3,5,9,6.5,7.0,0.5,Never hotspot
R026_C049,0,0,0,0,0,0,0.0,0.0,Never hotspot,0,0,0,0.0,0.0,0.0,1,2,6,1,4,1.5,2.5,1.0,Never hotspot
R026_C050,0,0,0,0,0,0,0.0,0.0,Never hotspot,0,0,0,0.0,0.0,0.0,0,4,0,3,3,2.0,3.0,1.0,Never hotspot
R026_C051,0,0,0,0,0,0,0.0,0.0,Never hotspot,0,0,0,0.0,0.0,0.0,2,2,2,3,1,2.0,2.0,0.0,Never hotspot
R026_C052,0,0,0,0,0,0,0.0,0.0,Never hotspot,0,0,0,0.0,0.0,0.0,4,0,0,3,1,2.0,2.0,0.0,Never hotspot
R026_C053,0,0,0,0,0,0,0.0,0.0,Never hotspot,0,0,0,0.0,0.0,0.0,10,12,24,13,16,11.0,14.5,3.5,Never hotspot
R026_C054,0,0,0,0,0,0,0.0,0.0,Never hotspot,0,0,0,0.0,0.0,0.0,0,0,2,1,0,0.0,0.5,0.5,Never hotspot
R026_C055,0,0,0,0,0,0,0.0,0.0,Never hotspot,0,0,0,0.0,0.0,0.0,1,1,3,0,1,1.0,0.5,-0.5,Never hotspot
R026_C056,0,0,0,0,0,0,0.0,0.0,Never hotspot,0,0,0,0.0,0.0,0.0,4,0,3,0,1,2.0,0.5,-1.5,Never hotspot
R026_C057,0,0,0,0,0,0,0.0,0.0,Never hotspot,0,0,0,0.0,0.0,0.0,6,6,4,6,6,6.0,6.0,0.0,Never hotspot
R026_C058,0,0,0,0,0,0,0.0,0.0,Never hotspot,0,0,0,0.0,0.0,0.0,5,4,5,1,2,4.5,1.5,-3.0,Never hotspot
R026_C059,0,0,0,0,0,0,0.0,0.0,Never hotspot,0,0,0,0.0,0.0,0.0,7,20,15,15,16,13.5,15.5,2.0,Never hotspot
R026_C060,0,0,0,0,0,0,0.0,0.0,Never hotspot,0,0,0,0.0,0.0,0.0,3,4,3,1,4,3.5,2.5,-1.0,Never hotspot
R026_C061,0,0,0,0,0,0,0.0,0.0,Never hotspot,0,0,0,0.0,0.0,0.0,3,4,4,4,2,3.5,3.0,-0.5,Never hotspot
R026_C062,0,0,0,0,0,0,0.0,0.0,Never hotspot,0,0,0,0.0,0.0,0.0,1,2,2,0,2,1.5,1.0,-0.5,Never hotspot
R026_C063,0,0,0,0,0,0,0.0,0.0,Never hotspot,0,0,0,0.0,0.0,0.0,2,4,4,2,7,3.0,4.5,1.5,Never hotspot
R026_C064,0,0,0,0,0,0,0.0,0.0,Never hotspot,0,0,0,0.0,0.0,0.0,9,12,17,16,15,10.5,15.5,5.0,Never hotspot
R026_C065,0,0,0,0,0,0,0.0,0.0,Never hotspot,0,0,0,0.0,0.0,0.0,4,6,6,5,9,5.0,7.0,2.0,Never hotspot
R026_C066,0,0,0,0,0,0,0.0,0.0,Never hotspot,0,0,0,0.0,0.0,0.0,0,3,3,2,2,1.5,2.0,0.5,Never hotspot
R026_C067,0,0,0,0,0,0,0.0,0.0,Never hotspot,0,0,0,0.0,0.0,0.0,1,1,2,4,2,1.0,3.0,2.0,Never hotspot
R026_C068,0,0,0,0,0,0,0.0,0.0,Never hotspot,0,0,0,0.0,0.0,0.0,12,11,16,16,16,11.5,16.0,4.5,Never hotspot
R026_C069,0,0,0,0,0,0,0.0,0.0,Never hotspot,0,0,0,0.0,0.0,0.0,6,7,12,11,11,6.5,11.0,4.5,Never hotspot
R026_C070,0,0,0,0,0,0,0.0,0.0,Never hotspot,0,0,0,0.0,0.0,0.0,19,30,23,20,21,24.5,20.5,-4.0,Never hotspot
R026_C071,0,0,0,0,0,0,0.0,0.0,Never hotspot,0,0,0,0.0,0.0,0.0,11,5,7,6,1,8.0,3.5,-4.5,Never hotspot
R026_C072,0,0,0,0,0,0,0.0,0.0,Never hotspot,0,0,0,0.0,0.0,0.0,1,1,8,5,5,1.0,5.0,4.0,Never hotspot
R026_C073,0,0,0,0,0,0,0.0,0.0,Never hotspot,0,0,0,0.0,0.0,0.0,9,4,6,4,11,6.5,7.5,1.0,Never hotspot
R026_C074,0,0,0,0,0,0,0.0,0.0,Never hotspot,0,0,0,0.0,0.0,0.0,15,12,16,13,11,13.5,12.0,-1.5,Never hotspot
R026_C075,0,0,0,0,0,0,0.0,0.0,Never hotspot,0,0,0,0.0,0.0,0.0,9,6,7,6,4,7.5,5.0,-2.5,Never hotspot
R026_C076,0,0,0,0,0,0,0.0,0.0,Never hotspot,0,0,0,0.0,0.0,0.0,5,6,13,6,16,5.5,11.0,5.5,Never hotspot
R026_C077,0,0,0,0,0,0,0.0,0.0,Never hotspot,0,0,0,0.0,0.0,0.0,5,7,12,4,9,6.0,6.5,0.5,Never hotspot
R026_C078,0,0,0,0,0,0,0.0,0.0,Never hotspot,0,0,0,0.0,0.0,0.0,3,0,1,5,1,1.5,3.0,1.5,Never hotspot
R026_C079,0,0,0,0,0,0,0.0,0.0,Never hotspot,0,0,0,0.0,0.0,0.0,0,0,0,1,1,0.0,1.0,1.0,Never hotspot
R026_C080,0,0,0,0,0,0,0.0,0.0,Never hotspot,0,0,0,0.0,0.0,0.0,5,9,6,7,5,7.0,6.0,-1.0,Never hotspot
R026_C081,0,0,0,0,0,0,0.0,0.0,Never hotspot,0,0,0,0.0,0.0,0.0,7,6,14,10,10,6.5,10.0,3.5,Never hotspot
R026_C082,0,0,0,0,0,0,0.0,0.0,Never hotspot,0,0,0,0.0,0.0,0.0,5,7,5,13,6,6.0,9.5,3.5,Never hotspot
R026_C083,0,0,0,0,0,0,0.0,0.0,Never hotspot,0,0,0,0.0,0.0,0.0,12,8,5,17,7,10.0,12.0,2.0,Never hotspot
R026_C084,0,0,0,0,0,0,0.0,0.0,Never hotspot,0,0,0,0.0,0.0,0.0,3,4,5,6,4,3.5,5.0,1.5,Never hotspot
R026_C085,0,0,0,0,0,0,0.0,0.0,Never hotspot,0,0,0,0.0,0.0,0.0,19,25,22,23,26,22.0,24.5,2.5,Never hotspot
R026_C086,0,0,0,0,0,0,0.0,0.0,Never hotspot,0,0,0,0.0,0.0,0.0,16,19,29,27,16,17.5,21.5,4.0,Never hotspot
R026_C087,0,0,0,0,0,0,0.0,0.0,Never hotspot,0,0,0,0.0,0.0,0.0,6,11,13,13,6,8.5,9.5,1.0,Never hotspot
R026_C088,0,0,0,0,0,0,0.0,0.0,Never hotspot,0,0,0,0.0,0.0,0.0,8,2,8,5,4,5.0,4.5,-0.5,Never hotspot
R026_C089,0,0,0,0,0,0,0.0,0.0,Never hotspot,0,0,0,0.0,0.0,0.0,8,6,7,8,7,7.0,7.5,0.5,Never hotspot
R026_C090,0,0,0,0,0,0,0.0,0.0,Never hotspot,0,0,0,0.0,0.0,0.0,8,12,11,14,6,10.0,10.0,0.0,Never hotspot
R026_C091,0,0,0,0,0,0,0.0,0.0,Never hotspot,0,0,0,0.0,0.0,0.0,10,5,4,16,13,7.5,14.5,7.0,Never hotspot
R026_C092,1,1,1,1,1,5,1.0,1.0,Persistent hotspot,5,2,2,1.0,1.0,0.0,42,50,66,48,57,46.0,52.5,6.5,Persistent
R026_C093,0,0,0,0,0,0,0.0,0.0,Never hotspot,0,0,0,0.0,0.0,0.0,25,27,25,22,25,26.0,23.5,-2.5,Never hotspot
R026_C094,0,0,0,0,0,0,0.0,0.0,Never hotspot,0,0,0,0.0,0.0,0.0,15,20,27,25,24,17.5,24.5,7.0,Never hotspot
R026_C095,0,0,0,0,0,0,0.0,0.0,Never hotspot,0,0,0,0.0,0.0,0.0,5,4,5,7,11,4.5,9.0,4.5,Never hotspot
R026_C096,0,0,0,0,0,0,0.0,0.0,Never hotspot,0,0,0,0.0,0.0,0.0,6,5,4,4,4,5.5,4.0,-1.5,Never hotspot
R026_C097,0,0,0,0,0,0,0.0,0.0,Never hotspot,0,0,0,0.0,0.0,0.0,4,6,4,4,2,5.0,3.0,-2.0,Never hotspot
R026_C098,1,1,1,1,0,4,0.8,0.8,Persistent hotspot,4,2,1,1.0,0.5,-0.5,45,47,52,48,31,46.0,39.5,-6.5,Persistent
R026_C099,0,1,0,1,0,2,0.4,0.4,Repeated hotspot,1,1,1,0.5,0.5,0.0,30,35,27,37,23,32.5,30.0,-2.5,Intermittent
R026_C100,0,0,0,0,0,0,0.0,0.0,Never hotspot,0,0,0,0.0,0.0,0.0,13,12,13,18,8,12.5,13.0,0.5,Never hotspot
R026_C101,0,0,0,0,0,0,0.0,0.0,Never hotspot,0,0,0,0.0,0.0,0.0,7,4,9,6,9,5.5,7.5,2.0,Never hotspot
R026_C102,0,0,0,0,0,0,0.0,0.0,Never hotspot,0,0,0,0.0,0.0,0.0,6,9,11,8,7,7.5,7.5,0.0,Never hotspot
R026_C103,0,0,0,0,0,0,0.0,0.0,Never hotspot,0,0,0,0.0,0.0,0.0,7,6,15,22,9,6.5,15.5,9.0,Never hotspot
R026_C104,0,0,0,0,0,0,0.0,0.0,Never hotspot,0,0,0,0.0,0.0,0.0,7,3,7,6,8,5.0,7.0,2.0,Never hotspot
R026_C105,0,0,0,0,0,0,0.0,0.0,Never hotspot,0,0,0,0.0,0.0,0.0,3,0,6,4,1,1.5,2.5,1.0,Never hotspot
R026_C106,0,0,0,1,1,2,0.4,0.4,Repeated hotspot,2,0,2,0.0,1.0,1.0,18,26,24,35,47,22.0,41.0,19.0,Emerging
R026_C107,1,1,1,1,1,5,1.0,1.0,Persistent hotspot,5,2,2,1.0,1.0,0.0,87,99,108,125,81,93.0,103.0,10.0,Persistent
R026_C108,0,0,0,0,0,0,0.0,0.0,Never hotspot,0,0,0,0.0,0.0,0.0,4,2,1,4,1,3.0,2.5,-0.5,Never hotspot
R026_C109,0,0,0,0,0,0,0.0,0.0,Never hotspot,0,0,0,0.0,0.0,0.0,2,2,6,3,8,2.0,5.5,3.5,Never hotspot
R026_C110,0,0,0,0,0,0,0.0,0.0,Never hotspot,0,0,0,0.0,0.0,0.0,3,2,4,4,0,2.5,2.0,-0.5,Never hotspot
R026_C111,0,0,0,0,0,0,0.0,0.0,Never hotspot,0,0,0,0.0,0.0,0.0,5,12,6,8,7,8.5,7.5,-1.0,Never hotspot
R026_C112,0,0,0,0,0,0,0.0,0.0,Never hotspot,0,0,0,0.0,0.0,0.0,9,15,12,15,11,12.0,13.0,1.0,Never hotspot
R026_C113,1,1,1,1,1,5,1.0,1.0,Persistent hotspot,5,2,2,1.0,1.0,0.0,60,87,97,82,64,73.5,73.0,-0.5,Persistent
R026_C114,0,0,0,0,0,0,0.0,0.0,Never hotspot,0,0,0,0.0,0.0,0.0,1,1,2,1,3,1.0,2.0,1.0,Never hotspot
R027_C036,0,0,0,0,0,0,0.0,0.0,Never hotspot,0,0,0,0.0,0.0,0.0,1,1,1,0,0,1.0,0.0,-1.0,Never hotspot
R027_C037,0,0,0,0,0,0,0.0,0.0,Never hotspot,0,0,0,0.0,0.0,0.0,10,10,7,5,13,10.0,9.0,-1.0,Never hotspot
R027_C038,0,0,0,0,0,0,0.0,0.0,Never hotspot,0,0,0,0.0,0.0,0.0,3,2,3,8,2,2.5,5.0,2.5,Never hotspot
R027_C039,0,0,0,0,0,0,0.0,0.0,Never hotspot,0,0,0,0.0,0.0,0.0,1,0,0,0,0,0.5,0.0,-0.5,Never hotspot
R027_C040,0,0,0,0,0,0,0.0,0.0,Never hotspot,0,0,0,0.0,0.0,0.0,0,1,0,0,1,0.5,0.5,0.0,Never hotspot
R027_C041,0,0,0,0,0,0,0.0,0.0,Never hotspot,0,0,0,0.0,0.0,0.0,4,3,4,1,2,3.5,1.5,-2.0,Never hotspot
R027_C042,0,0,0,0,0,0,0.0,0.0,Never hotspot,0,0,0,0.0,0.0,0.0,1,0,0,1,2,0.5,1.5,1.0,Never hotspot
R027_C043,0,0,0,0,0,0,0.0,0.0,Never hotspot,0,0,0,0.0,0.0,0.0,0,1,1,0,0,0.5,0.0,-0.5,Never hotspot
R027_C044,0,0,0,0,0,0,0.0,0.0,Never hotspot,0,0,0,0.0,0.0,0.0,1,1,2,0,5,1.0,2.5,1.5,Never hotspot
R027_C045,0,0,0,0,0,0,0.0,0.0,Never hotspot,0,0,0,0.0,0.0,0.0,1,2,0,1,4,1.5,2.5,1.0,Never hotspot
R027_C046,0,0,0,0,0,0,0.0,0.0,Never hotspot,0,0,0,0.0,0.0,0.0,5,4,5,6,6,4.5,6.0,1.5,Never hotspot
R027_C053,0,0,0,1,0,1,0.2,0.2,Occasional hotspot,1,0,1,0.0,0.5,0.5,21,26,30,38,20,23.5,29.0,5.5,Emerging
R027_C054,0,0,0,0,0,0,0.0,0.0,Never hotspot,0,0,0,0.0,0.0,0.0,6,0,3,2,2,3.0,2.0,-1.0,Never hotspot
R027_C055,0,0,0,0,0,0,0.0,0.0,Never hotspot,0,0,0,0.0,0.0,0.0,3,3,5,3,4,3.0,3.5,0.5,Never hotspot
R027_C056,0,0,0,0,0,0,0.0,0.0,Never hotspot,0,0,0,0.0,0.0,0.0,0,1,0,0,0,0.5,0.0,-0.5,Never hotspot
R027_C057,0,0,0,0,0,0,0.0,0.0,Never hotspot,0,0,0,0.0,0.0,0.0,12,12,9,5,12,12.0,8.5,-3.5,Never hotspot
R027_C058,0,0,0,0,0,0,0.0,0.0,Never hotspot,0,0,0,0.0,0.0,0.0,7,5,7,3,19,6.0,11.0,5.0,Never hotspot
R027_C059,0,0,0,0,0,0,0.0,0.0,Never hotspot,0,0,0,0.0,0.0,0.0,7,3,8,8,7,5.0,7.5,2.5,Never hotspot
R027_C060,0,0,0,0,0,0,0.0,0.0,Never hotspot,0,0,0,0.0,0.0,0.0,5,4,5,2,5,4.5,3.5,-1.0,Never hotspot
R027_C061,0,0,0,0,0,0,0.0,0.0,Never hotspot,0,0,0,0.0,0.0,0.0,3,2,6,5,7,2.5,6.0,3.5,Never hotspot
R027_C062,0,0,0,1,1,2,0.4,0.4,Repeated hotspot,2,0,2,0.0,1.0,1.0,26,20,26,36,36,23.0,36.0,13.0,Emerging
R027_C063,0,0,0,0,0,0,0.0,0.0,Never hotspot,0,0,0,0.0,0.0,0.0,3,5,2,7,7,4.0,7.0,3.0,Never hotspot
R027_C064,0,0,0,0,0,0,0.0,0.0,Never hotspot,0,0,0,0.0,0.0,0.0,14,27,18,13,15,20.5,14.0,-6.5,Never hotspot
R027_C067,0,0,0,0,0,0,0.0,0.0,Never hotspot,0,0,0,0.0,0.0,0.0,2,1,2,7,0,1.5,3.5,2.0,Never hotspot
R027_C069,0,0,0,0,0,0,0.0,0.0,Never hotspot,0,0,0,0.0,0.0,0.0,1,4,1,3,1,2.5,2.0,-0.5,Never hotspot
R027_C070,0,0,0,0,0,0,0.0,0.0,Never hotspot,0,0,0,0.0,0.0,0.0,4,2,1,5,3,3.0,4.0,1.0,Never hotspot
R027_C071,0,0,0,0,0,0,0.0,0.0,Never hotspot,0,0,0,0.0,0.0,0.0,10,13,9,12,8,11.5,10.0,-1.5,Never hotspot
R027_C072,0,0,0,0,0,0,0.0,0.0,Never hotspot,0,0,0,0.0,0.0,0.0,3,7,8,3,10,5.0,6.5,1.5,Never hotspot
R027_C073,0,0,0,0,0,0,0.0,0.0,Never hotspot,0,0,0,0.0,0.0,0.0,15,21,22,22,18,18.0,20.0,2.0,Never hotspot
R027_C074,1,0,1,0,1,3,0.6,0.6,Repeated hotspot,1,1,1,0.5,0.5,0.0,41,27,47,32,39,34.0,35.5,1.5,Intermittent
R027_C075,0,0,0,0,0,0,0.0,0.0,Never hotspot,0,0,0,0.0,0.0,0.0,2,4,6,7,2,3.0,4.5,1.5,Never hotspot
R027_C076,0,0,0,0,0,0,0.0,0.0,Never hotspot,0,0,0,0.0,0.0,0.0,9,6,6,8,10,7.5,9.0,1.5,Never hotspot
R027_C077,0,0,0,0,0,0,0.0,0.0,Never hotspot,0,0,0,0.0,0.0,0.0,2,0,3,7,5,1.0,6.0,5.0,Never hotspot
R027_C078,0,0,0,0,0,0,0.0,0.0,Never hotspot,0,0,0,0.0,0.0,0.0,10,9,13,12,8,9.5,10.0,0.5,Never hotspot
R027_C079,0,0,0,0,0,0,0.0,0.0,Never hotspot,0,0,0,0.0,0.0,0.0,16,10,15,18,17,13.0,17.5,4.5,Never hotspot
R027_C080,0,0,0,0,0,0,0.0,0.0,Never hotspot,0,0,0,0.0,0.0,0.0,4,2,4,1,1,3.0,1.0,-2.0,Never hotspot
R027_C081,0,0,0,0,0,0,0.0,0.0,Never hotspot,0,0,0,0.0,0.0,0.0,4,7,5,2,4,5.5,3.0,-2.5,Never hotspot
R027_C082,0,0,0,0,0,0,0.0,0.0,Never hotspot,0,0,0,0.0,0.0,0.0,2,2,4,1,1,2.0,1.0,-1.0,Never hotspot
R027_C083,1,1,1,1,0,4,0.8,0.8,Persistent hotspot,4,2,1,1.0,0.5,-0.5,42,43,57,51,31,42.5,41.0,-1.5,Persistent
R027_C084,1,1,1,1,1,5,1.0,1.0,Persistent hotspot,5,2,2,1.0,1.0,0.0,45,42,45,49,49,43.5,49.0,5.5,Persistent
R027_C085,0,0,0,0,0,0,0.0,0.0,Never hotspot,0,0,0,0.0,0.0,0.0,15,21,14,21,18,18.0,19.5,1.5,Never hotspot
R027_C086,1,1,1,1,1,5,1.0,1.0,Persistent hotspot,5,2,2,1.0,1.0,0.0,57,58,73,75,63,57.5,69.0,11.5,Persistent
R027_C087,0,0,0,0,0,0,0.0,0.0,Never hotspot,0,0,0,0.0,0.0,0.0,26,26,23,17,27,26.0,22.0,-4.0,Never hotspot
R027_C088,0,0,0,0,0,0,0.0,0.0,Never hotspot,0,0,0,0.0,0.0,0.0,6,13,21,13,3,9.5,8.0,-1.5,Never hotspot
R027_C089,0,0,0,0,0,0,0.0,0.0,Never hotspot,0,0,0,0.0,0.0,0.0,5,12,4,7,2,8.5,4.5,-4.0,Never hotspot
R027_C090,0,1,1,0,0,2,0.4,0.4,Repeated hotspot,2,1,0,0.5,0.0,-0.5,25,36,36,32,22,30.5,27.0,-3.5,Declining
R027_C091,0,0,0,0,0,0,0.0,0.0,Never hotspot,0,0,0,0.0,0.0,0.0,8,11,7,8,6,9.5,7.0,-2.5,Never hotspot
R027_C092,1,1,1,1,1,5,1.0,1.0,Persistent hotspot,5,2,2,1.0,1.0,0.0,48,49,60,58,47,48.5,52.5,4.0,Persistent
R027_C093,0,0,0,0,0,0,0.0,0.0,Never hotspot,0,0,0,0.0,0.0,0.0,12,7,12,10,16,9.5,13.0,3.5,Never hotspot
R027_C094,0,0,0,0,0,0,0.0,0.0,Never hotspot,0,0,0,0.0,0.0,0.0,8,7,15,12,14,7.5,13.0,5.5,Never hotspot
R027_C095,0,0,0,0,0,0,0.0,0.0,Never hotspot,0,0,0,0.0,0.0,0.0,14,16,12,14,12,15.0,13.0,-2.0,Never hotspot
R027_C096,0,0,0,0,0,0,0.0,0.0,Never hotspot,0,0,0,0.0,0.0,0.0,8,5,10,10,12,6.5,11.0,4.5,Never hotspot
R027_C097,0,0,0,0,0,0,0.0,0.0,Never hotspot,0,0,0,0.0,0.0,0.0,2,2,0,5,2,2.0,3.5,1.5,Never hotspot
R027_C098,1,1,1,1,1,5,1.0,1.0,Persistent hotspot,5,2,2,1.0,1.0,0.0,46,36,49,42,40,41.0,41.0,0.0,Persistent
R027_C099,0,0,0,0,0,0,0.0,0.0,Never hotspot,0,0,0,0.0,0.0,0.0,13,10,14,10,12,11.5,11.0,-0.5,Never hotspot
R027_C100,0,0,0,0,0,0,0.0,0.0,Never hotspot,0,0,0,0.0,0.0,0.0,13,26,26,21,21,19.5,21.0,1.5,Never hotspot
R027_C101,0,0,0,0,0,0,0.0,0.0,Never hotspot,0,0,0,0.0,0.0,0.0,5,5,8,6,4,5.0,5.0,0.0,Never hotspot
R027_C102,0,0,0,0,0,0,0.0,0.0,Never hotspot,0,0,0,0.0,0.0,0.0,7,8,8,5,6,7.5,5.5,-2.0,Never hotspot
R027_C103,0,0,0,0,0,0,0.0,0.0,Never hotspot,0,0,0,0.0,0.0,0.0,11,4,6,6,7,7.5,6.5,-1.0,Never hotspot
R027_C104,0,0,0,0,0,0,0.0,0.0,Never hotspot,0,0,0,0.0,0.0,0.0,2,4,3,2,2,3.0,2.0,-1.0,Never hotspot
R027_C105,0,0,0,0,0,0,0.0,0.0,Never hotspot,0,0,0,0.0,0.0,0.0,9,12,7,9,8,10.5,8.5,-2.0,Never hotspot
R027_C106,0,0,0,0,0,0,0.0,0.0,Never hotspot,0,0,0,0.0,0.0,0.0,13,13,10,6,7,13.0,6.5,-6.5,Never hotspot
R027_C107,0,0,0,0,0,0,0.0,0.0,Never hotspot,0,0,0,0.0,0.0,0.0,10,8,10,7,7,9.0,7.0,-2.0,Never hotspot
R027_C108,0,0,0,0,0,0,0.0,0.0,Never hotspot,0,0,0,0.0,0.0,0.0,5,1,1,3,4,3.0,3.5,0.5,Never hotspot
R027_C109,0,0,0,0,0,0,0.0,0.0,Never hotspot,0,0,0,0.0,0.0,0.0,0,4,4,3,2,2.0,2.5,0.5,Never hotspot
R027_C110,0,0,0,0,0,0,0.0,0.0,Never hotspot,0,0,0,0.0,0.0,0.0,1,4,2,1,1,2.5,1.0,-1.5,Never hotspot
R027_C111,0,0,0,0,0,0,0.0,0.0,Never hotspot,0,0,0,0.0,0.0,0.0,12,12,17,11,7,12.0,9.0,-3.0,Never hotspot
R027_C112,0,0,0,0,0,0,0.0,0.0,Never hotspot,0,0,0,0.0,0.0,0.0,7,3,11,9,10,5.0,9.5,4.5,Never hotspot
R027_C113,0,0,0,0,0,0,0.0,0.0,Never hotspot,0,0,0,0.0,0.0,0.0,9,9,6,9,11,9.0,10.0,1.0,Never hotspot
R027_C114,0,0,0,0,0,0,0.0,0.0,Never hotspot,0,0,0,0.0,0.0,0.0,7,4,4,9,7,5.5,8.0,2.5,Never hotspot
R028_C052,0,0,0,0,0,0,0.0,0.0,Never hotspot,0,0,0,0.0,0.0,0.0,0,1,1,0,0,0.5,0.0,-0.5,Never hotspot
R028_C053,0,0,0,0,0,0,0.0,0.0,Never hotspot,0,0,0,0.0,0.0,0.0,8,5,6,7,9,6.5,8.0,1.5,Never hotspot
R028_C054,0,0,0,0,0,0,0.0,0.0,Never hotspot,0,0,0,0.0,0.0,0.0,1,2,5,7,7,1.5,7.0,5.5,Never hotspot
R028_C055,0,0,0,0,0,0,0.0,0.0,Never hotspot,0,0,0,0.0,0.0,0.0,4,7,5,8,4,5.5,6.0,0.5,Never hotspot
R028_C056,0,0,0,0,0,0,0.0,0.0,Never hotspot,0,0,0,0.0,0.0,0.0,6,6,6,8,10,6.0,9.0,3.0,Never hotspot
R028_C057,0,0,0,0,0,0,0.0,0.0,Never hotspot,0,0,0,0.0,0.0,0.0,5,2,3,6,1,3.5,3.5,0.0,Never hotspot
R028_C058,0,0,0,0,0,0,0.0,0.0,Never hotspot,0,0,0,0.0,0.0,0.0,3,4,3,2,0,3.5,1.0,-2.5,Never hotspot
R028_C059,0,0,0,0,0,0,0.0,0.0,Never hotspot,0,0,0,0.0,0.0,0.0,7,6,2,6,13,6.5,9.5,3.0,Never hotspot
R028_C060,0,0,0,0,0,0,0.0,0.0,Never hotspot,0,0,0,0.0,0.0,0.0,19,18,22,10,25,18.5,17.5,-1.0,Never hotspot
R028_C061,0,0,0,0,0,0,0.0,0.0,Never hotspot,0,0,0,0.0,0.0,0.0,7,7,7,10,8,7.0,9.0,2.0,Never hotspot
R028_C062,0,0,0,0,0,0,0.0,0.0,Never hotspot,0,0,0,0.0,0.0,0.0,3,2,3,4,2,2.5,3.0,0.5,Never hotspot
R028_C063,0,0,0,0,0,0,0.0,0.0,Never hotspot,0,0,0,0.0,0.0,0.0,11,6,13,11,13,8.5,12.0,3.5,Never hotspot
R028_C064,0,0,0,0,0,0,0.0,0.0,Never hotspot,0,0,0,0.0,0.0,0.0,19,29,17,25,27,24.0,26.0,2.0,Never hotspot
R028_C065,0,0,0,0,0,0,0.0,0.0,Never hotspot,0,0,0,0.0,0.0,0.0,3,4,2,7,4,3.5,5.5,2.0,Never hotspot
R028_C066,0,0,0,0,0,0,0.0,0.0,Never hotspot,0,0,0,0.0,0.0,0.0,2,2,0,5,7,2.0,6.0,4.0,Never hotspot
R028_C067,0,0,0,0,0,0,0.0,0.0,Never hotspot,0,0,0,0.0,0.0,0.0,0,2,6,3,5,1.0,4.0,3.0,Never hotspot
R028_C069,0,0,0,0,0,0,0.0,0.0,Never hotspot,0,0,0,0.0,0.0,0.0,2,3,3,3,2,2.5,2.5,0.0,Never hotspot
R028_C070,0,0,0,0,0,0,0.0,0.0,Never hotspot,0,0,0,0.0,0.0,0.0,1,0,1,3,1,0.5,2.0,1.5,Never hotspot
R028_C071,0,0,0,0,0,0,0.0,0.0,Never hotspot,0,0,0,0.0,0.0,0.0,2,5,6,2,3,3.5,2.5,-1.0,Never hotspot
R028_C072,0,0,0,0,0,0,0.0,0.0,Never hotspot,0,0,0,0.0,0.0,0.0,5,4,7,7,1,4.5,4.0,-0.5,Never hotspot
R028_C073,0,0,0,0,0,0,0.0,0.0,Never hotspot,0,0,0,0.0,0.0,0.0,4,0,0,1,0,2.0,0.5,-1.5,Never hotspot
R028_C074,0,0,0,0,0,0,0.0,0.0,Never hotspot,0,0,0,0.0,0.0,0.0,2,1,0,7,2,1.5,4.5,3.0,Never hotspot
R028_C075,0,0,0,0,0,0,0.0,0.0,Never hotspot,0,0,0,0.0,0.0,0.0,3,2,0,0,2,2.5,1.0,-1.5,Never hotspot
R028_C076,0,0,0,0,0,0,0.0,0.0,Never hotspot,0,0,0,0.0,0.0,0.0,7,5,2,5,9,6.0,7.0,1.0,Never hotspot
R028_C077,0,0,0,0,0,0,0.0,0.0,Never hotspot,0,0,0,0.0,0.0,0.0,3,5,1,1,3,4.0,2.0,-2.0,Never hotspot
R028_C078,0,0,0,0,0,0,0.0,0.0,Never hotspot,0,0,0,0.0,0.0,0.0,8,3,4,9,4,5.5,6.5,1.0,Never hotspot
R028_C079,1,1,1,1,1,5,1.0,1.0,Persistent hotspot,5,2,2,1.0,1.0,0.0,83,113,125,110,95,98.0,102.5,4.5,Persistent
R028_C080,0,0,0,0,0,0,0.0,0.0,Never hotspot,0,0,0,0.0,0.0,0.0,16,25,31,24,30,20.5,27.0,6.5,Never hotspot
R028_C081,0,0,0,0,0,0,0.0,0.0,Never hotspot,0,0,0,0.0,0.0,0.0,15,26,18,23,24,20.5,23.5,3.0,Never hotspot
R028_C082,0,0,0,0,0,0,0.0,0.0,Never hotspot,0,0,0,0.0,0.0,0.0,17,18,8,11,9,17.5,10.0,-7.5,Never hotspot
R028_C083,0,0,0,0,1,1,0.2,0.2,Occasional hotspot,1,0,1,0.0,0.5,0.5,27,25,35,28,34,26.0,31.0,5.0,Emerging
R028_C084,1,1,1,1,1,5,1.0,1.0,Persistent hotspot,5,2,2,1.0,1.0,0.0,61,74,76,70,83,67.5,76.5,9.0,Persistent
R028_C085,0,0,0,0,0,0,0.0,0.0,Never hotspot,0,0,0,0.0,0.0,0.0,5,9,9,6,11,7.0,8.5,1.5,Never hotspot
R028_C086,1,1,1,1,1,5,1.0,1.0,Persistent hotspot,5,2,2,1.0,1.0,0.0,76,79,98,71,64,77.5,67.5,-10.0,Persistent
R028_C087,1,1,1,1,1,5,1.0,1.0,Persistent hotspot,5,2,2,1.0,1.0,0.0,45,56,67,57,41,50.5,49.0,-1.5,Persistent
R028_C088,0,0,0,0,0,0,0.0,0.0,Never hotspot,0,0,0,0.0,0.0,0.0,8,17,5,11,5,12.5,8.0,-4.5,Never hotspot
R028_C089,0,0,0,0,0,0,0.0,0.0,Never hotspot,0,0,0,0.0,0.0,0.0,15,14,16,21,14,14.5,17.5,3.0,Never hotspot
R028_C090,1,0,0,0,0,1,0.2,0.2,Occasional hotspot,1,1,0,0.5,0.0,-0.5,36,23,25,28,29,29.5,28.5,-1.0,Declining
R028_C091,1,0,0,1,0,2,0.4,0.4,Repeated hotspot,1,1,1,0.5,0.5,0.0,33,28,33,38,21,30.5,29.5,-1.0,Intermittent
R028_C092,1,1,1,1,1,5,1.0,1.0,Persistent hotspot,5,2,2,1.0,1.0,0.0,88,90,100,95,97,89.0,96.0,7.0,Persistent
R028_C093,0,0,0,0,0,0,0.0,0.0,Never hotspot,0,0,0,0.0,0.0,0.0,31,24,34,31,22,27.5,26.5,-1.0,Never hotspot
R028_C094,1,1,1,1,1,5,1.0,1.0,Persistent hotspot,5,2,2,1.0,1.0,0.0,36,40,52,37,37,38.0,37.0,-1.0,Persistent
R028_C095,0,0,0,0,0,0,0.0,0.0,Never hotspot,0,0,0,0.0,0.0,0.0,21,31,23,27,31,26.0,29.0,3.0,Never hotspot
R028_C096,0,0,0,0,0,0,0.0,0.0,Never hotspot,0,0,0,0.0,0.0,0.0,5,6,5,9,3,5.5,6.0,0.5,Never hotspot
R028_C097,0,0,0,0,0,0,0.0,0.0,Never hotspot,0,0,0,0.0,0.0,0.0,20,20,27,24,20,20.0,22.0,2.0,Never hotspot
R028_C098,0,0,0,0,0,0,0.0,0.0,Never hotspot,0,0,0,0.0,0.0,0.0,6,2,3,5,4,4.0,4.5,0.5,Never hotspot
R028_C099,0,0,0,0,0,0,0.0,0.0,Never hotspot,0,0,0,0.0,0.0,0.0,8,7,12,7,1,7.5,4.0,-3.5,Never hotspot
R028_C100,0,0,0,0,0,0,0.0,0.0,Never hotspot,0,0,0,0.0,0.0,0.0,13,15,15,15,14,14.0,14.5,0.5,Never hotspot
R028_C101,0,0,0,0,0,0,0.0,0.0,Never hotspot,0,0,0,0.0,0.0,0.0,26,33,20,21,24,29.5,22.5,-7.0,Never hotspot
R028_C102,1,1,1,1,1,5,1.0,1.0,Persistent hotspot,5,2,2,1.0,1.0,0.0,61,50,62,60,61,55.5,60.5,5.0,Persistent
R028_C103,0,0,0,0,0,0,0.0,0.0,Never hotspot,0,0,0,0.0,0.0,0.0,16,21,32,30,21,18.5,25.5,7.0,Never hotspot
R028_C104,0,0,0,0,0,0,0.0,0.0,Never hotspot,0,0,0,0.0,0.0,0.0,11,12,11,22,13,11.5,17.5,6.0,Never hotspot
R028_C105,0,0,0,0,0,0,0.0,0.0,Never hotspot,0,0,0,0.0,0.0,0.0,4,8,7,8,4,6.0,6.0,0.0,Never hotspot
R028_C106,0,0,0,0,0,0,0.0,0.0,Never hotspot,0,0,0,0.0,0.0,0.0,2,1,4,2,5,1.5,3.5,2.0,Never hotspot
R028_C107,0,0,0,0,0,0,0.0,0.0,Never hotspot,0,0,0,0.0,0.0,0.0,9,6,8,8,5,7.5,6.5,-1.0,Never hotspot
R028_C108,0,0,0,0,0,0,0.0,0.0,Never hotspot,0,0,0,0.0,0.0,0.0,12,15,8,8,14,13.5,11.0,-2.5,Never hotspot
R028_C109,0,0,0,0,0,0,0.0,0.0,Never hotspot,0,0,0,0.0,0.0,0.0,3,9,6,7,9,6.0,8.0,2.0,Never hotspot
R028_C110,0,0,0,0,0,0,0.0,0.0,Never hotspot,0,0,0,0.0,0.0,0.0,6,7,10,8,5,6.5,6.5,0.0,Never hotspot
R028_C111,0,0,0,0,0,0,0.0,0.0,Never hotspot,0,0,0,0.0,0.0,0.0,6,14,15,15,5,10.0,10.0,0.0,Never hotspot
R028_C112,0,0,0,0,0,0,0.0,0.0,Never hotspot,0,0,0,0.0,0.0,0.0,0,4,0,3,6,2.0,4.5,2.5,Never hotspot
R028_C113,0,0,0,0,0,0,0.0,0.0,Never hotspot,0,0,0,0.0,0.0,0.0,8,16,8,13,6,12.0,9.5,-2.5,Never hotspot
R028_C114,0,1,1,1,1,4,0.8,0.8,Persistent hotspot,4,1,2,0.5,1.0,0.5,24,37,37,38,35,30.5,36.5,6.0,Persistent
R029_C052,0,0,0,0,0,0,0.0,0.0,Never hotspot,0,0,0,0.0,0.0,0.0,0,0,2,1,1,0.0,1.0,1.0,Never hotspot
R029_C053,0,0,0,0,0,0,0.0,0.0,Never hotspot,0,0,0,0.0,0.0,0.0,14,13,17,20,15,13.5,17.5,4.0,Never hotspot
R029_C054,0,0,0,0,0,0,0.0,0.0,Never hotspot,0,0,0,0.0,0.0,0.0,8,6,10,11,9,7.0,10.0,3.0,Never hotspot
R029_C055,0,0,0,0,0,0,0.0,0.0,Never hotspot,0,0,0,0.0,0.0,0.0,7,4,5,11,16,5.5,13.5,8.0,Never hotspot
R029_C056,0,0,0,0,0,0,0.0,0.0,Never hotspot,0,0,0,0.0,0.0,0.0,6,1,3,5,4,3.5,4.5,1.0,Never hotspot
R029_C057,0,0,0,0,0,0,0.0,0.0,Never hotspot,0,0,0,0.0,0.0,0.0,5,2,1,1,5,3.5,3.0,-0.5,Never hotspot
R029_C058,0,0,0,0,0,0,0.0,0.0,Never hotspot,0,0,0,0.0,0.0,0.0,3,5,2,1,2,4.0,1.5,-2.5,Never hotspot
R029_C059,0,0,0,0,0,0,0.0,0.0,Never hotspot,0,0,0,0.0,0.0,0.0,5,6,7,1,2,5.5,1.5,-4.0,Never hotspot
R029_C060,0,0,0,0,0,0,0.0,0.0,Never hotspot,0,0,0,0.0,0.0,0.0,7,9,15,4,12,8.0,8.0,0.0,Never hotspot
R029_C061,0,0,0,0,0,0,0.0,0.0,Never hotspot,0,0,0,0.0,0.0,0.0,5,4,8,2,4,4.5,3.0,-1.5,Never hotspot
R029_C062,0,0,0,0,0,0,0.0,0.0,Never hotspot,0,0,0,0.0,0.0,0.0,8,3,4,4,10,5.5,7.0,1.5,Never hotspot
R029_C063,0,0,0,0,0,0,0.0,0.0,Never hotspot,0,0,0,0.0,0.0,0.0,15,20,22,21,30,17.5,25.5,8.0,Never hotspot
R029_C064,1,1,1,1,1,5,1.0,1.0,Persistent hotspot,5,2,2,1.0,1.0,0.0,40,34,54,57,53,37.0,55.0,18.0,Persistent
R029_C065,0,0,0,0,0,0,0.0,0.0,Never hotspot,0,0,0,0.0,0.0,0.0,2,2,2,5,6,2.0,5.5,3.5,Never hotspot
R029_C066,0,0,0,0,0,0,0.0,0.0,Never hotspot,0,0,0,0.0,0.0,0.0,5,1,5,6,9,3.0,7.5,4.5,Never hotspot
R029_C067,0,0,0,0,0,0,0.0,0.0,Never hotspot,0,0,0,0.0,0.0,0.0,5,4,3,1,3,4.5,2.0,-2.5,Never hotspot
R029_C068,0,0,0,0,0,0,0.0,0.0,Never hotspot,0,0,0,0.0,0.0,0.0,3,1,2,3,2,2.0,2.5,0.5,Never hotspot
R029_C069,0,0,0,0,0,0,0.0,0.0,Never hotspot,0,0,0,0.0,0.0,0.0,2,3,3,5,7,2.5,6.0,3.5,Never hotspot
R029_C070,0,0,0,0,0,0,0.0,0.0,Never hotspot,0,0,0,0.0,0.0,0.0,2,2,1,1,3,2.0,2.0,0.0,Never hotspot
R029_C071,0,0,0,0,0,0,0.0,0.0,Never hotspot,0,0,0,0.0,0.0,0.0,2,1,3,1,3,1.5,2.0,0.5,Never hotspot
R029_C072,0,0,0,0,0,0,0.0,0.0,Never hotspot,0,0,0,0.0,0.0,0.0,1,1,1,0,0,1.0,0.0,-1.0,Never hotspot
R029_C073,0,0,0,0,0,0,0.0,0.0,Never hotspot,0,0,0,0.0,0.0,0.0,0,0,0,1,2,0.0,1.5,1.5,Never hotspot
R029_C074,0,0,0,0,0,0,0.0,0.0,Never hotspot,0,0,0,0.0,0.0,0.0,0,0,1,1,2,0.0,1.5,1.5,Never hotspot
R029_C075,0,0,0,0,0,0,0.0,0.0,Never hotspot,0,0,0,0.0,0.0,0.0,2,1,3,1,1,1.5,1.0,-0.5,Never hotspot
R029_C076,0,0,0,0,0,0,0.0,0.0,Never hotspot,0,0,0,0.0,0.0,0.0,5,7,3,2,10,6.0,6.0,0.0,Never hotspot
R029_C077,0,0,0,0,0,0,0.0,0.0,Never hotspot,0,0,0,0.0,0.0,0.0,8,9,5,4,5,8.5,4.5,-4.0,Never hotspot
R029_C078,0,0,0,0,0,0,0.0,0.0,Never hotspot,0,0,0,0.0,0.0,0.0,1,2,6,4,6,1.5,5.0,3.5,Never hotspot
R029_C079,0,0,0,0,0,0,0.0,0.0,Never hotspot,0,0,0,0.0,0.0,0.0,6,5,7,6,2,5.5,4.0,-1.5,Never hotspot
R029_C080,0,0,0,0,0,0,0.0,0.0,Never hotspot,0,0,0,0.0,0.0,0.0,15,12,9,12,12,13.5,12.0,-1.5,Never hotspot
R029_C081,0,0,0,0,0,0,0.0,0.0,Never hotspot,0,0,0,0.0,0.0,0.0,3,9,7,7,8,6.0,7.5,1.5,Never hotspot
R029_C082,0,0,0,0,0,0,0.0,0.0,Never hotspot,0,0,0,0.0,0.0,0.0,15,16,22,23,17,15.5,20.0,4.5,Never hotspot
R029_C083,0,0,0,0,0,0,0.0,0.0,Never hotspot,0,0,0,0.0,0.0,0.0,27,31,30,31,29,29.0,30.0,1.0,Never hotspot
R029_C084,1,1,1,1,1,5,1.0,1.0,Persistent hotspot,5,2,2,1.0,1.0,0.0,105,81,117,113,120,93.0,116.5,23.5,Persistent
R029_C085,0,0,0,0,0,0,0.0,0.0,Never hotspot,0,0,0,0.0,0.0,0.0,17,18,10,13,18,17.5,15.5,-2.0,Never hotspot
R029_C086,1,1,1,1,1,5,1.0,1.0,Persistent hotspot,5,2,2,1.0,1.0,0.0,80,59,68,75,66,69.5,70.5,1.0,Persistent
R029_C087,1,1,1,1,1,5,1.0,1.0,Persistent hotspot,5,2,2,1.0,1.0,0.0,82,78,75,80,82,80.0,81.0,1.0,Persistent
R029_C088,1,1,1,1,1,5,1.0,1.0,Persistent hotspot,5,2,2,1.0,1.0,0.0,37,51,70,57,50,44.0,53.5,9.5,Persistent
R029_C089,0,0,0,1,0,1,0.2,0.2,Occasional hotspot,1,0,1,0.0,0.5,0.5,30,33,23,37,20,31.5,28.5,-3.0,Emerging
R029_C090,1,1,1,1,1,5,1.0,1.0,Persistent hotspot,5,2,2,1.0,1.0,0.0,71,54,90,109,82,62.5,95.5,33.0,Persistent
R029_C091,1,1,1,1,1,5,1.0,1.0,Persistent hotspot,5,2,2,1.0,1.0,0.0,36,51,57,53,60,43.5,56.5,13.0,Persistent
R029_C092,1,1,1,1,1,5,1.0,1.0,Persistent hotspot,5,2,2,1.0,1.0,0.0,40,57,45,44,55,48.5,49.5,1.0,Persistent
R029_C093,1,1,1,1,1,5,1.0,1.0,Persistent hotspot,5,2,2,1.0,1.0,0.0,45,61,62,56,59,53.0,57.5,4.5,Persistent
R029_C094,0,0,0,0,0,0,0.0,0.0,Never hotspot,0,0,0,0.0,0.0,0.0,17,14,26,24,27,15.5,25.5,10.0,Never hotspot
R029_C095,1,0,0,0,0,1,0.2,0.2,Occasional hotspot,1,1,0,0.5,0.0,-0.5,32,24,21,17,20,28.0,18.5,-9.5,Declining
R029_C096,0,0,0,0,0,0,0.0,0.0,Never hotspot,0,0,0,0.0,0.0,0.0,19,31,20,19,24,25.0,21.5,-3.5,Never hotspot
R029_C097,1,1,1,1,1,5,1.0,1.0,Persistent hotspot,5,2,2,1.0,1.0,0.0,53,47,59,49,47,50.0,48.0,-2.0,Persistent
R029_C098,0,0,0,0,0,0,0.0,0.0,Never hotspot,0,0,0,0.0,0.0,0.0,11,12,15,14,7,11.5,10.5,-1.0,Never hotspot
R029_C099,0,0,0,0,0,0,0.0,0.0,Never hotspot,0,0,0,0.0,0.0,0.0,26,22,21,27,24,24.0,25.5,1.5,Never hotspot
R029_C100,1,0,1,1,1,4,0.8,0.8,Persistent hotspot,3,1,2,0.5,1.0,0.5,39,32,45,43,39,35.5,41.0,5.5,Persistent
R029_C101,1,1,1,1,1,5,1.0,1.0,Persistent hotspot,5,2,2,1.0,1.0,0.0,60,60,71,55,58,60.0,56.5,-3.5,Persistent
R029_C102,1,1,1,1,1,5,1.0,1.0,Persistent hotspot,5,2,2,1.0,1.0,0.0,94,110,141,109,95,102.0,102.0,0.0,Persistent
R029_C103,0,0,0,0,0,0,0.0,0.0,Never hotspot,0,0,0,0.0,0.0,0.0,8,13,21,14,7,10.5,10.5,0.0,Never hotspot
R029_C104,0,0,0,0,0,0,0.0,0.0,Never hotspot,0,0,0,0.0,0.0,0.0,6,1,6,1,2,3.5,1.5,-2.0,Never hotspot
R029_C105,0,0,0,0,0,0,0.0,0.0,Never hotspot,0,0,0,0.0,0.0,0.0,8,9,17,11,9,8.5,10.0,1.5,Never hotspot
R029_C106,0,0,0,0,0,0,0.0,0.0,Never hotspot,0,0,0,0.0,0.0,0.0,12,9,4,8,7,10.5,7.5,-3.0,Never hotspot
R029_C107,0,0,0,0,0,0,0.0,0.0,Never hotspot,0,0,0,0.0,0.0,0.0,18,19,30,23,24,18.5,23.5,5.0,Never hotspot
R029_C108,0,0,0,0,0,0,0.0,0.0,Never hotspot,0,0,0,0.0,0.0,0.0,8,9,6,7,13,8.5,10.0,1.5,Never hotspot
R029_C109,1,1,1,1,1,5,1.0,1.0,Persistent hotspot,5,2,2,1.0,1.0,0.0,59,64,75,69,65,61.5,67.0,5.5,Persistent
R029_C110,1,1,1,1,1,5,1.0,1.0,Persistent hotspot,5,2,2,1.0,1.0,0.0,79,64,87,58,61,71.5,59.5,-12.0,Persistent
R029_C111,0,0,0,0,0,0,0.0,0.0,Never hotspot,0,0,0,0.0,0.0,0.0,2,9,9,8,4,5.5,6.0,0.5,Never hotspot
R029_C112,0,0,0,0,0,0,0.0,0.0,Never hotspot,0,0,0,0.0,0.0,0.0,7,4,10,3,8,5.5,5.5,0.0,Never hotspot
R029_C113,0,0,0,0,0,0,0.0,0.0,Never hotspot,0,0,0,0.0,0.0,0.0,14,15,13,11,20,14.5,15.5,1.0,Never hotspot
R029_C114,0,0,0,0,0,0,0.0,0.0,Never hotspot,0,0,0,0.0,0.0,0.0,1,0,0,0,0,0.5,0.0,-0.5,Never hotspot
R030_C053,1,1,1,1,1,5,1.0,1.0,Persistent hotspot,5,2,2,1.0,1.0,0.0,61,49,68,54,53,55.0,53.5,-1.5,Persistent
R030_C054,0,1,0,1,1,3,0.6,0.6,Repeated hotspot,2,1,2,0.5,1.0,0.5,29,35,33,36,43,32.0,39.5,7.5,Intermittent
R030_C055,0,0,0,0,0,0,0.0,0.0,Never hotspot,0,0,0,0.0,0.0,0.0,8,6,10,11,7,7.0,9.0,2.0,Never hotspot
R030_C056,0,0,0,0,0,0,0.0,0.0,Never hotspot,0,0,0,0.0,0.0,0.0,9,6,6,8,9,7.5,8.5,1.0,Never hotspot
R030_C057,0,0,0,0,0,0,0.0,0.0,Never hotspot,0,0,0,0.0,0.0,0.0,2,1,5,1,5,1.5,3.0,1.5,Never hotspot
R030_C058,0,0,0,0,0,0,0.0,0.0,Never hotspot,0,0,0,0.0,0.0,0.0,4,3,5,4,2,3.5,3.0,-0.5,Never hotspot
R030_C059,0,0,0,0,0,0,0.0,0.0,Never hotspot,0,0,0,0.0,0.0,0.0,3,5,6,2,5,4.0,3.5,-0.5,Never hotspot
R030_C060,0,0,0,0,0,0,0.0,0.0,Never hotspot,0,0,0,0.0,0.0,0.0,2,3,3,2,6,2.5,4.0,1.5,Never hotspot
R030_C061,1,1,1,0,1,4,0.8,0.8,Persistent hotspot,3,2,1,1.0,0.5,-0.5,35,39,37,22,45,37.0,33.5,-3.5,Persistent
R030_C062,0,0,0,0,0,0,0.0,0.0,Never hotspot,0,0,0,0.0,0.0,0.0,17,12,20,9,15,14.5,12.0,-2.5,Never hotspot
R030_C063,0,0,0,0,0,0,0.0,0.0,Never hotspot,0,0,0,0.0,0.0,0.0,14,22,19,17,11,18.0,14.0,-4.0,Never hotspot
R030_C064,0,0,0,0,0,0,0.0,0.0,Never hotspot,0,0,0,0.0,0.0,0.0,7,9,7,11,7,8.0,9.0,1.0,Never hotspot
R030_C065,0,0,1,1,0,2,0.4,0.4,Repeated hotspot,2,0,1,0.0,0.5,0.5,23,31,38,41,33,27.0,37.0,10.0,Emerging
R030_C066,0,0,0,0,0,0,0.0,0.0,Never hotspot,0,0,0,0.0,0.0,0.0,10,10,9,8,11,10.0,9.5,-0.5,Never hotspot
R030_C067,0,0,0,0,0,0,0.0,0.0,Never hotspot,0,0,0,0.0,0.0,0.0,20,16,28,15,27,18.0,21.0,3.0,Never hotspot
R030_C068,0,0,0,0,0,0,0.0,0.0,Never hotspot,0,0,0,0.0,0.0,0.0,1,1,0,1,1,1.0,1.0,0.0,Never hotspot
R030_C069,0,0,0,0,0,0,0.0,0.0,Never hotspot,0,0,0,0.0,0.0,0.0,1,4,2,4,2,2.5,3.0,0.5,Never hotspot
R030_C070,0,0,0,0,0,0,0.0,0.0,Never hotspot,0,0,0,0.0,0.0,0.0,6,6,7,3,1,6.0,2.0,-4.0,Never hotspot
R030_C071,0,0,0,0,0,0,0.0,0.0,Never hotspot,0,0,0,0.0,0.0,0.0,1,9,3,6,3,5.0,4.5,-0.5,Never hotspot
R030_C072,0,0,0,0,0,0,0.0,0.0,Never hotspot,0,0,0,0.0,0.0,0.0,2,2,2,4,2,2.0,3.0,1.0,Never hotspot
R030_C073,0,0,0,0,0,0,0.0,0.0,Never hotspot,0,0,0,0.0,0.0,0.0,3,1,1,1,1,2.0,1.0,-1.0,Never hotspot
R030_C074,0,0,0,0,0,0,0.0,0.0,Never hotspot,0,0,0,0.0,0.0,0.0,0,0,1,1,1,0.0,1.0,1.0,Never hotspot
R030_C075,0,0,0,0,0,0,0.0,0.0,Never hotspot,0,0,0,0.0,0.0,0.0,2,6,11,7,6,4.0,6.5,2.5,Never hotspot
R030_C076,0,0,0,0,0,0,0.0,0.0,Never hotspot,0,0,0,0.0,0.0,0.0,5,1,8,7,9,3.0,8.0,5.0,Never hotspot
R030_C077,0,0,0,0,0,0,0.0,0.0,Never hotspot,0,0,0,0.0,0.0,0.0,7,4,6,10,6,5.5,8.0,2.5,Never hotspot
R030_C078,0,0,0,0,0,0,0.0,0.0,Never hotspot,0,0,0,0.0,0.0,0.0,8,7,9,10,10,7.5,10.0,2.5,Never hotspot
R030_C079,0,0,0,0,0,0,0.0,0.0,Never hotspot,0,0,0,0.0,0.0,0.0,9,5,7,10,9,7.0,9.5,2.5,Never hotspot
R030_C080,0,0,0,0,0,0,0.0,0.0,Never hotspot,0,0,0,0.0,0.0,0.0,4,6,4,7,6,5.0,6.5,1.5,Never hotspot
R030_C081,0,0,0,0,0,0,0.0,0.0,Never hotspot,0,0,0,0.0,0.0,0.0,11,6,8,11,8,8.5,9.5,1.0,Never hotspot
R030_C082,0,0,0,0,0,0,0.0,0.0,Never hotspot,0,0,0,0.0,0.0,0.0,13,4,9,15,8,8.5,11.5,3.0,Never hotspot
R030_C083,0,1,0,0,0,1,0.2,0.2,Occasional hotspot,1,1,0,0.5,0.0,-0.5,29,34,29,27,31,31.5,29.0,-2.5,Declining
R030_C084,0,1,1,1,1,4,0.8,0.8,Persistent hotspot,4,1,2,0.5,1.0,0.5,30,51,38,37,49,40.5,43.0,2.5,Persistent
R030_C085,1,1,1,1,1,5,1.0,1.0,Persistent hotspot,5,2,2,1.0,1.0,0.0,55,51,54,65,53,53.0,59.0,6.0,Persistent
R030_C086,0,0,0,0,0,0,0.0,0.0,Never hotspot,0,0,0,0.0,0.0,0.0,21,24,24,24,26,22.5,25.0,2.5,Never hotspot
R030_C087,1,1,1,1,1,5,1.0,1.0,Persistent hotspot,5,2,2,1.0,1.0,0.0,49,61,80,73,81,55.0,77.0,22.0,Persistent
R030_C088,1,1,1,1,1,5,1.0,1.0,Persistent hotspot,5,2,2,1.0,1.0,0.0,89,80,95,104,117,84.5,110.5,26.0,Persistent
R030_C089,1,1,1,1,1,5,1.0,1.0,Persistent hotspot,5,2,2,1.0,1.0,0.0,65,51,73,58,54,58.0,56.0,-2.0,Persistent
R030_C090,1,1,1,1,1,5,1.0,1.0,Persistent hotspot,5,2,2,1.0,1.0,0.0,44,45,53,47,37,44.5,42.0,-2.5,Persistent
R030_C091,1,1,1,1,1,5,1.0,1.0,Persistent hotspot,5,2,2,1.0,1.0,0.0,125,140,131,163,125,132.5,144.0,11.5,Persistent
R030_C092,1,1,1,1,1,5,1.0,1.0,Persistent hotspot,5,2,2,1.0,1.0,0.0,152,174,204,199,198,163.0,198.5,35.5,Persistent
R030_C093,1,1,1,1,1,5,1.0,1.0,Persistent hotspot,5,2,2,1.0,1.0,0.0,178,214,207,201,180,196.0,190.5,-5.5,Persistent
R030_C094,1,1,1,1,1,5,1.0,1.0,Persistent hotspot,5,2,2,1.0,1.0,0.0,73,65,62,74,65,69.0,69.5,0.5,Persistent
R030_C095,0,0,1,0,0,1,0.2,0.2,Occasional hotspot,1,0,0,0.0,0.0,0.0,21,23,37,21,20,22.0,20.5,-1.5,Intermittent
R030_C096,1,1,0,1,1,4,0.8,0.8,Persistent hotspot,2,2,2,1.0,1.0,0.0,40,37,27,35,38,38.5,36.5,-2.0,Persistent
R030_C097,0,0,0,0,0,0,0.0,0.0,Never hotspot,0,0,0,0.0,0.0,0.0,15,22,14,17,18,18.5,17.5,-1.0,Never hotspot
R030_C098,0,0,0,0,0,0,0.0,0.0,Never hotspot,0,0,0,0.0,0.0,0.0,16,20,18,18,9,18.0,13.5,-4.5,Never hotspot
R030_C099,0,0,0,0,0,0,0.0,0.0,Never hotspot,0,0,0,0.0,0.0,0.0,10,4,6,10,5,7.0,7.5,0.5,Never hotspot
R030_C100,0,0,0,0,0,0,0.0,0.0,Never hotspot,0,0,0,0.0,0.0,0.0,9,4,6,9,1,6.5,5.0,-1.5,Never hotspot
R030_C101,1,1,1,1,1,5,1.0,1.0,Persistent hotspot,5,2,2,1.0,1.0,0.0,39,46,65,57,48,42.5,52.5,10.0,Persistent
R030_C102,1,1,1,1,1,5,1.0,1.0,Persistent hotspot,5,2,2,1.0,1.0,0.0,50,51,65,47,45,50.5,46.0,-4.5,Persistent
R030_C103,0,0,1,0,1,2,0.4,0.4,Repeated hotspot,1,0,1,0.0,0.5,0.5,27,28,36,27,43,27.5,35.0,7.5,Emerging
R030_C104,1,1,1,1,1,5,1.0,1.0,Persistent hotspot,5,2,2,1.0,1.0,0.0,52,55,57,49,37,53.5,43.0,-10.5,Persistent
R030_C105,1,1,1,1,1,5,1.0,1.0,Persistent hotspot,5,2,2,1.0,1.0,0.0,56,58,67,60,49,57.0,54.5,-2.5,Persistent
R030_C106,0,0,0,0,0,0,0.0,0.0,Never hotspot,0,0,0,0.0,0.0,0.0,15,15,7,14,10,15.0,12.0,-3.0,Never hotspot
R030_C107,1,0,0,0,0,1,0.2,0.2,Occasional hotspot,1,1,0,0.5,0.0,-0.5,33,28,30,28,24,30.5,26.0,-4.5,Declining
R030_C108,0,0,0,0,0,0,0.0,0.0,Never hotspot,0,0,0,0.0,0.0,0.0,11,12,14,6,12,11.5,9.0,-2.5,Never hotspot
R030_C109,0,0,0,0,0,0,0.0,0.0,Never hotspot,0,0,0,0.0,0.0,0.0,15,10,14,12,17,12.5,14.5,2.0,Never hotspot
R030_C110,0,0,0,0,0,0,0.0,0.0,Never hotspot,0,0,0,0.0,0.0,0.0,19,13,14,15,13,16.0,14.0,-2.0,Never hotspot
R030_C111,0,0,0,0,0,0,0.0,0.0,Never hotspot,0,0,0,0.0,0.0,0.0,7,7,12,6,5,7.0,5.5,-1.5,Never hotspot
R030_C112,0,0,0,0,0,0,0.0,0.0,Never hotspot,0,0,0,0.0,0.0,0.0,5,3,3,3,0,4.0,1.5,-2.5,Never hotspot
R030_C113,0,0,0,0,0,0,0.0,0.0,Never hotspot,0,0,0,0.0,0.0,0.0,15,12,11,15,6,13.5,10.5,-3.0,Never hotspot
R030_C114,0,0,0,0,0,0,0.0,0.0,Never hotspot,0,0,0,0.0,0.0,0.0,16,16,12,24,18,16.0,21.0,5.0,Never hotspot
R031_C045,0,0,0,0,0,0,0.0,0.0,Never hotspot,0,0,0,0.0,0.0,0.0,1,0,0,1,0,0.5,0.5,0.0,Never hotspot
R031_C046,0,0,0,0,0,0,0.0,0.0,Never hotspot,0,0,0,0.0,0.0,0.0,5,2,2,0,5,3.5,2.5,-1.0,Never hotspot
R031_C047,0,0,0,0,0,0,0.0,0.0,Never hotspot,0,0,0,0.0,0.0,0.0,2,4,2,1,3,3.0,2.0,-1.0,Never hotspot
R031_C048,0,0,0,0,0,0,0.0,0.0,Never hotspot,0,0,0,0.0,0.0,0.0,4,9,7,7,3,6.5,5.0,-1.5,Never hotspot
R031_C049,0,1,1,1,0,3,0.6,0.6,Repeated hotspot,3,1,1,0.5,0.5,0.0,30,35,36,37,28,32.5,32.5,0.0,Intermittent
R031_C050,0,0,0,0,0,0,0.0,0.0,Never hotspot,0,0,0,0.0,0.0,0.0,3,1,7,0,2,2.0,1.0,-1.0,Never hotspot
R031_C054,0,0,0,0,0,0,0.0,0.0,Never hotspot,0,0,0,0.0,0.0,0.0,1,2,3,0,1,1.5,0.5,-1.0,Never hotspot
R031_C055,0,0,0,0,0,0,0.0,0.0,Never hotspot,0,0,0,0.0,0.0,0.0,9,8,12,9,14,8.5,11.5,3.0,Never hotspot
R031_C056,0,0,0,0,0,0,0.0,0.0,Never hotspot,0,0,0,0.0,0.0,0.0,17,8,10,11,18,12.5,14.5,2.0,Never hotspot
R031_C057,0,0,0,0,0,0,0.0,0.0,Never hotspot,0,0,0,0.0,0.0,0.0,8,5,11,15,15,6.5,15.0,8.5,Never hotspot
R031_C058,1,1,1,1,1,5,1.0,1.0,Persistent hotspot,5,2,2,1.0,1.0,0.0,45,46,66,68,58,45.5,63.0,17.5,Persistent
R031_C059,0,1,0,0,1,2,0.4,0.4,Repeated hotspot,1,1,1,0.5,0.5,0.0,31,34,33,29,45,32.5,37.0,4.5,Intermittent
R031_C060,0,0,0,0,0,0,0.0,0.0,Never hotspot,0,0,0,0.0,0.0,0.0,26,23,11,5,26,24.5,15.5,-9.0,Never hotspot
R031_C061,0,0,0,0,0,0,0.0,0.0,Never hotspot,0,0,0,0.0,0.0,0.0,23,24,28,10,19,23.5,14.5,-9.0,Never hotspot
R031_C062,0,0,0,0,0,0,0.0,0.0,Never hotspot,0,0,0,0.0,0.0,0.0,16,20,14,8,17,18.0,12.5,-5.5,Never hotspot
R031_C063,0,0,0,0,0,0,0.0,0.0,Never hotspot,0,0,0,0.0,0.0,0.0,6,6,7,13,11,6.0,12.0,6.0,Never hotspot
R031_C064,0,0,0,0,0,0,0.0,0.0,Never hotspot,0,0,0,0.0,0.0,0.0,4,10,6,6,6,7.0,6.0,-1.0,Never hotspot
R031_C065,0,0,0,0,0,0,0.0,0.0,Never hotspot,0,0,0,0.0,0.0,0.0,6,6,11,10,9,6.0,9.5,3.5,Never hotspot
R031_C066,0,0,0,0,0,0,0.0,0.0,Never hotspot,0,0,0,0.0,0.0,0.0,9,8,10,9,8,8.5,8.5,0.0,Never hotspot
R031_C067,0,0,0,0,0,0,0.0,0.0,Never hotspot,0,0,0,0.0,0.0,0.0,1,2,5,1,5,1.5,3.0,1.5,Never hotspot
R031_C068,0,0,0,0,0,0,0.0,0.0,Never hotspot,0,0,0,0.0,0.0,0.0,0,3,4,5,3,1.5,4.0,2.5,Never hotspot
R031_C069,0,0,0,0,0,0,0.0,0.0,Never hotspot,0,0,0,0.0,0.0,0.0,1,2,4,4,5,1.5,4.5,3.0,Never hotspot
R031_C070,0,0,0,0,0,0,0.0,0.0,Never hotspot,0,0,0,0.0,0.0,0.0,11,15,13,15,9,13.0,12.0,-1.0,Never hotspot
R031_C071,0,0,0,0,0,0,0.0,0.0,Never hotspot,0,0,0,0.0,0.0,0.0,2,1,3,7,1,1.5,4.0,2.5,Never hotspot
R031_C072,0,0,0,0,0,0,0.0,0.0,Never hotspot,0,0,0,0.0,0.0,0.0,0,3,2,1,1,1.5,1.0,-0.5,Never hotspot
R031_C073,0,0,0,0,0,0,0.0,0.0,Never hotspot,0,0,0,0.0,0.0,0.0,7,5,6,2,6,6.0,4.0,-2.0,Never hotspot
R031_C074,0,0,0,0,0,0,0.0,0.0,Never hotspot,0,0,0,0.0,0.0,0.0,4,2,3,2,1,3.0,1.5,-1.5,Never hotspot
R031_C075,0,0,0,0,0,0,0.0,0.0,Never hotspot,0,0,0,0.0,0.0,0.0,7,5,1,4,2,6.0,3.0,-3.0,Never hotspot
R031_C076,0,1,0,1,1,3,0.6,0.6,Repeated hotspot,2,1,2,0.5,1.0,0.5,30,43,32,38,46,36.5,42.0,5.5,Intermittent
R031_C077,0,0,0,0,0,0,0.0,0.0,Never hotspot,0,0,0,0.0,0.0,0.0,8,17,19,18,17,12.5,17.5,5.0,Never hotspot
R031_C078,0,0,0,0,0,0,0.0,0.0,Never hotspot,0,0,0,0.0,0.0,0.0,5,4,8,3,6,4.5,4.5,0.0,Never hotspot
R031_C079,0,0,0,0,0,0,0.0,0.0,Never hotspot,0,0,0,0.0,0.0,0.0,5,4,6,9,6,4.5,7.5,3.0,Never hotspot
R031_C080,0,0,0,0,0,0,0.0,0.0,Never hotspot,0,0,0,0.0,0.0,0.0,9,12,10,14,15,10.5,14.5,4.0,Never hotspot
R031_C081,1,0,1,1,0,3,0.6,0.6,Repeated hotspot,2,1,1,0.5,0.5,0.0,32,30,42,39,32,31.0,35.5,4.5,Intermittent
R031_C082,0,0,0,0,0,0,0.0,0.0,Never hotspot,0,0,0,0.0,0.0,0.0,11,16,15,15,24,13.5,19.5,6.0,Never hotspot
R031_C083,0,1,1,0,1,3,0.6,0.6,Repeated hotspot,2,1,1,0.5,0.5,0.0,30,39,50,31,39,34.5,35.0,0.5,Intermittent
R031_C084,1,1,1,1,1,5,1.0,1.0,Persistent hotspot,5,2,2,1.0,1.0,0.0,54,71,69,62,52,62.5,57.0,-5.5,Persistent
R031_C085,0,0,0,0,0,0,0.0,0.0,Never hotspot,0,0,0,0.0,0.0,0.0,29,22,16,25,12,25.5,18.5,-7.0,Never hotspot
R031_C086,0,0,0,0,0,0,0.0,0.0,Never hotspot,0,0,0,0.0,0.0,0.0,22,19,29,20,22,20.5,21.0,0.5,Never hotspot
R031_C087,1,1,1,1,1,5,1.0,1.0,Persistent hotspot,5,2,2,1.0,1.0,0.0,77,103,112,92,77,90.0,84.5,-5.5,Persistent
R031_C088,1,1,1,1,1,5,1.0,1.0,Persistent hotspot,5,2,2,1.0,1.0,0.0,80,56,67,64,61,68.0,62.5,-5.5,Persistent
R031_C089,1,1,1,1,1,5,1.0,1.0,Persistent hotspot,5,2,2,1.0,1.0,0.0,83,88,102,86,96,85.5,91.0,5.5,Persistent
R031_C090,1,1,1,1,1,5,1.0,1.0,Persistent hotspot,5,2,2,1.0,1.0,0.0,229,225,244,204,206,227.0,205.0,-22.0,Persistent
R031_C091,1,1,1,1,1,5,1.0,1.0,Persistent hotspot,5,2,2,1.0,1.0,0.0,207,234,213,203,222,220.5,212.5,-8.0,Persistent
R031_C092,1,1,1,1,1,5,1.0,1.0,Persistent hotspot,5,2,2,1.0,1.0,0.0,291,315,331,328,281,303.0,304.5,1.5,Persistent
R031_C093,1,1,1,1,1,5,1.0,1.0,Persistent hotspot,5,2,2,1.0,1.0,0.0,587,640,579,764,603,613.5,683.5,70.0,Persistent
R031_C094,1,1,1,1,1,5,1.0,1.0,Persistent hotspot,5,2,2,1.0,1.0,0.0,195,205,197,171,170,200.0,170.5,-29.5,Persistent
R031_C095,1,1,1,1,1,5,1.0,1.0,Persistent hotspot,5,2,2,1.0,1.0,0.0,121,141,142,146,132,131.0,139.0,8.0,Persistent
R031_C096,1,1,1,1,1,5,1.0,1.0,Persistent hotspot,5,2,2,1.0,1.0,0.0,71,99,97,108,92,85.0,100.0,15.0,Persistent
R031_C097,1,1,1,1,1,5,1.0,1.0,Persistent hotspot,5,2,2,1.0,1.0,0.0,53,62,53,51,43,57.5,47.0,-10.5,Persistent
R031_C098,0,0,0,0,0,0,0.0,0.0,Never hotspot,0,0,0,0.0,0.0,0.0,16,14,23,28,14,15.0,21.0,6.0,Never hotspot
R031_C099,0,0,0,0,0,0,0.0,0.0,Never hotspot,0,0,0,0.0,0.0,0.0,22,20,20,22,17,21.0,19.5,-1.5,Never hotspot
R031_C100,0,0,0,0,0,0,0.0,0.0,Never hotspot,0,0,0,0.0,0.0,0.0,11,14,13,12,16,12.5,14.0,1.5,Never hotspot
R031_C101,1,1,1,1,1,5,1.0,1.0,Persistent hotspot,5,2,2,1.0,1.0,0.0,133,142,132,136,114,137.5,125.0,-12.5,Persistent
R031_C102,1,1,1,1,1,5,1.0,1.0,Persistent hotspot,5,2,2,1.0,1.0,0.0,200,235,240,251,197,217.5,224.0,6.5,Persistent
R031_C103,0,1,0,1,1,3,0.6,0.6,Repeated hotspot,2,1,2,0.5,1.0,0.5,29,38,33,35,36,33.5,35.5,2.0,Intermittent
R031_C104,0,0,0,0,0,0,0.0,0.0,Never hotspot,0,0,0,0.0,0.0,0.0,9,11,10,14,9,10.0,11.5,1.5,Never hotspot
R031_C105,0,0,0,0,0,0,0.0,0.0,Never hotspot,0,0,0,0.0,0.0,0.0,16,28,13,24,11,22.0,17.5,-4.5,Never hotspot
R031_C108,0,0,0,0,0,0,0.0,0.0,Never hotspot,0,0,0,0.0,0.0,0.0,3,2,0,0,1,2.5,0.5,-2.0,Never hotspot
R031_C109,0,0,1,1,0,2,0.4,0.4,Repeated hotspot,2,0,1,0.0,0.5,0.5,25,25,38,38,25,25.0,31.5,6.5,Emerging
R031_C110,1,1,1,1,1,5,1.0,1.0,Persistent hotspot,5,2,2,1.0,1.0,0.0,46,65,55,46,45,55.5,45.5,-10.0,Persistent
R031_C111,0,0,0,0,0,0,0.0,0.0,Never hotspot,0,0,0,0.0,0.0,0.0,8,8,5,10,6,8.0,8.0,0.0,Never hotspot
R031_C112,0,0,0,0,0,0,0.0,0.0,Never hotspot,0,0,0,0.0,0.0,0.0,15,20,21,22,17,17.5,19.5,2.0,Never hotspot
R031_C113,1,1,0,1,0,3,0.6,0.6,Repeated hotspot,2,2,1,1.0,0.5,-0.5,48,43,32,39,33,45.5,36.0,-9.5,Intermittent
R031_C114,1,1,1,1,1,5,1.0,1.0,Persistent hotspot,5,2,2,1.0,1.0,0.0,128,129,156,128,117,128.5,122.5,-6.0,Persistent
R031_C115,0,0,0,0,0,0,0.0,0.0,Never hotspot,0,0,0,0.0,0.0,0.0,1,0,0,0,0,0.5,0.0,-0.5,Never hotspot
R032_C045,0,0,0,0,0,0,0.0,0.0,Never hotspot,0,0,0,0.0,0.0,0.0,1,1,1,2,1,1.0,1.5,0.5,Never hotspot
R032_C046,0,0,0,0,0,0,0.0,0.0,Never hotspot,0,0,0,0.0,0.0,0.0,4,4,1,1,4,4.0,2.5,-1.5,Never hotspot
R032_C047,0,0,0,0,0,0,0.0,0.0,Never hotspot,0,0,0,0.0,0.0,0.0,1,2,3,2,0,1.5,1.0,-0.5,Never hotspot
R032_C048,0,0,0,0,0,0,0.0,0.0,Never hotspot,0,0,0,0.0,0.0,0.0,0,6,5,1,6,3.0,3.5,0.5,Never hotspot
R032_C049,0,0,0,0,0,0,0.0,0.0,Never hotspot,0,0,0,0.0,0.0,0.0,18,3,13,11,13,10.5,12.0,1.5,Never hotspot
R032_C050,0,0,0,1,1,2,0.4,0.4,Repeated hotspot,2,0,2,0.0,1.0,1.0,30,26,25,37,34,28.0,35.5,7.5,Emerging
R032_C051,0,0,0,0,0,0,0.0,0.0,Never hotspot,0,0,0,0.0,0.0,0.0,0,0,0,0,1,0.0,0.5,0.5,Never hotspot
R032_C054,0,0,0,0,0,0,0.0,0.0,Never hotspot,0,0,0,0.0,0.0,0.0,1,1,2,0,1,1.0,0.5,-0.5,Never hotspot
R032_C055,0,0,0,0,0,0,0.0,0.0,Never hotspot,0,0,0,0.0,0.0,0.0,24,21,13,18,18,22.5,18.0,-4.5,Never hotspot
R032_C056,0,0,0,0,0,0,0.0,0.0,Never hotspot,0,0,0,0.0,0.0,0.0,15,15,6,13,13,15.0,13.0,-2.0,Never hotspot
R032_C057,0,0,0,0,0,0,0.0,0.0,Never hotspot,0,0,0,0.0,0.0,0.0,8,8,9,15,10,8.0,12.5,4.5,Never hotspot
R032_C058,1,1,1,1,1,5,1.0,1.0,Persistent hotspot,5,2,2,1.0,1.0,0.0,230,313,338,321,340,271.5,330.5,59.0,Persistent
R032_C059,1,1,1,1,1,5,1.0,1.0,Persistent hotspot,5,2,2,1.0,1.0,0.0,181,213,217,214,201,197.0,207.5,10.5,Persistent
R032_C060,1,1,0,1,0,3,0.6,0.6,Repeated hotspot,2,2,1,1.0,0.5,-0.5,33,45,31,36,31,39.0,33.5,-5.5,Intermittent
R032_C061,0,0,0,0,0,0,0.0,0.0,Never hotspot,0,0,0,0.0,0.0,0.0,14,8,8,9,15,11.0,12.0,1.0,Never hotspot
R032_C062,0,0,0,0,0,0,0.0,0.0,Never hotspot,0,0,0,0.0,0.0,0.0,4,5,4,4,7,4.5,5.5,1.0,Never hotspot
R032_C063,0,0,0,0,0,0,0.0,0.0,Never hotspot,0,0,0,0.0,0.0,0.0,5,5,8,5,6,5.0,5.5,0.5,Never hotspot
R032_C064,0,0,0,0,0,0,0.0,0.0,Never hotspot,0,0,0,0.0,0.0,0.0,21,21,20,20,15,21.0,17.5,-3.5,Never hotspot
R032_C065,1,1,1,0,0,3,0.6,0.6,Repeated hotspot,3,2,0,1.0,0.0,-1.0,32,44,37,33,32,38.0,32.5,-5.5,Declining
R032_C066,0,0,0,0,0,0,0.0,0.0,Never hotspot,0,0,0,0.0,0.0,0.0,14,13,20,12,13,13.5,12.5,-1.0,Never hotspot
R032_C067,0,0,0,0,0,0,0.0,0.0,Never hotspot,0,0,0,0.0,0.0,0.0,6,10,10,12,10,8.0,11.0,3.0,Never hotspot
R032_C068,0,0,0,0,0,0,0.0,0.0,Never hotspot,0,0,0,0.0,0.0,0.0,0,0,1,0,0,0.0,0.0,0.0,Never hotspot
R032_C069,0,0,0,0,0,0,0.0,0.0,Never hotspot,0,0,0,0.0,0.0,0.0,1,2,3,0,6,1.5,3.0,1.5,Never hotspot
R032_C070,0,0,0,0,0,0,0.0,0.0,Never hotspot,0,0,0,0.0,0.0,0.0,2,3,5,6,2,2.5,4.0,1.5,Never hotspot
R032_C071,0,0,0,0,0,0,0.0,0.0,Never hotspot,0,0,0,0.0,0.0,0.0,2,1,4,3,2,1.5,2.5,1.0,Never hotspot
R032_C072,0,0,0,0,0,0,0.0,0.0,Never hotspot,0,0,0,0.0,0.0,0.0,1,2,0,4,0,1.5,2.0,0.5,Never hotspot
R032_C073,0,0,0,0,0,0,0.0,0.0,Never hotspot,0,0,0,0.0,0.0,0.0,4,0,2,3,7,2.0,5.0,3.0,Never hotspot
R032_C074,0,0,0,0,0,0,0.0,0.0,Never hotspot,0,0,0,0.0,0.0,0.0,5,2,8,3,6,3.5,4.5,1.0,Never hotspot
R032_C075,0,0,0,0,0,0,0.0,0.0,Never hotspot,0,0,0,0.0,0.0,0.0,6,5,6,4,4,5.5,4.0,-1.5,Never hotspot
R032_C076,0,0,0,0,0,0,0.0,0.0,Never hotspot,0,0,0,0.0,0.0,0.0,11,13,16,8,10,12.0,9.0,-3.0,Never hotspot
R032_C077,0,0,0,0,0,0,0.0,0.0,Never hotspot,0,0,0,0.0,0.0,0.0,3,12,6,1,4,7.5,2.5,-5.0,Never hotspot
R032_C078,0,0,0,0,0,0,0.0,0.0,Never hotspot,0,0,0,0.0,0.0,0.0,4,4,3,3,5,4.0,4.0,0.0,Never hotspot
R032_C079,0,0,0,0,0,0,0.0,0.0,Never hotspot,0,0,0,0.0,0.0,0.0,12,12,13,18,14,12.0,16.0,4.0,Never hotspot
R032_C080,1,1,1,1,1,5,1.0,1.0,Persistent hotspot,5,2,2,1.0,1.0,0.0,55,66,74,68,75,60.5,71.5,11.0,Persistent
R032_C081,1,1,1,1,1,5,1.0,1.0,Persistent hotspot,5,2,2,1.0,1.0,0.0,162,165,224,195,183,163.5,189.0,25.5,Persistent
R032_C082,1,1,1,1,1,5,1.0,1.0,Persistent hotspot,5,2,2,1.0,1.0,0.0,43,58,50,49,36,50.5,42.5,-8.0,Persistent
R032_C083,0,0,0,0,0,0,0.0,0.0,Never hotspot,0,0,0,0.0,0.0,0.0,14,17,18,6,9,15.5,7.5,-8.0,Never hotspot
R032_C084,0,0,0,0,0,0,0.0,0.0,Never hotspot,0,0,0,0.0,0.0,0.0,17,18,12,8,11,17.5,9.5,-8.0,Never hotspot
R032_C085,0,0,0,0,0,0,0.0,0.0,Never hotspot,0,0,0,0.0,0.0,0.0,8,11,8,10,5,9.5,7.5,-2.0,Never hotspot
R032_C086,0,0,0,0,0,0,0.0,0.0,Never hotspot,0,0,0,0.0,0.0,0.0,17,14,24,25,20,15.5,22.5,7.0,Never hotspot
R032_C087,1,1,1,1,1,5,1.0,1.0,Persistent hotspot,5,2,2,1.0,1.0,0.0,84,124,124,133,120,104.0,126.5,22.5,Persistent
R032_C088,1,1,1,1,1,5,1.0,1.0,Persistent hotspot,5,2,2,1.0,1.0,0.0,128,142,152,152,123,135.0,137.5,2.5,Persistent
R032_C089,1,1,1,1,1,5,1.0,1.0,Persistent hotspot,5,2,2,1.0,1.0,0.0,199,180,222,187,175,189.5,181.0,-8.5,Persistent
R032_C090,1,1,1,1,1,5,1.0,1.0,Persistent hotspot,5,2,2,1.0,1.0,0.0,156,173,170,152,155,164.5,153.5,-11.0,Persistent
R032_C091,1,1,1,1,1,5,1.0,1.0,Persistent hotspot,5,2,2,1.0,1.0,0.0,199,200,207,187,136,199.5,161.5,-38.0,Persistent
R032_C092,1,1,1,1,1,5,1.0,1.0,Persistent hotspot,5,2,2,1.0,1.0,0.0,654,713,655,749,603,683.5,676.0,-7.5,Persistent
R032_C093,1,1,1,1,1,5,1.0,1.0,Persistent hotspot,5,2,2,1.0,1.0,0.0,551,587,566,566,441,569.0,503.5,-65.5,Persistent
R032_C094,1,1,1,1,1,5,1.0,1.0,Persistent hotspot,5,2,2,1.0,1.0,0.0,423,404,459,402,411,413.5,406.5,-7.0,Persistent
R032_C095,1,1,1,1,1,5,1.0,1.0,Persistent hotspot,5,2,2,1.0,1.0,0.0,188,207,213,226,198,197.5,212.0,14.5,Persistent
R032_C096,1,1,1,1,1,5,1.0,1.0,Persistent hotspot,5,2,2,1.0,1.0,0.0,132,155,136,131,134,143.5,132.5,-11.0,Persistent
R032_C097,1,1,1,1,1,5,1.0,1.0,Persistent hotspot,5,2,2,1.0,1.0,0.0,104,121,128,139,127,112.5,133.0,20.5,Persistent
R032_C098,1,1,1,1,1,5,1.0,1.0,Persistent hotspot,5,2,2,1.0,1.0,0.0,116,137,127,146,148,126.5,147.0,20.5,Persistent
R032_C099,1,1,1,1,1,5,1.0,1.0,Persistent hotspot,5,2,2,1.0,1.0,0.0,119,144,140,140,137,131.5,138.5,7.0,Persistent
R032_C100,1,1,1,1,1,5,1.0,1.0,Persistent hotspot,5,2,2,1.0,1.0,0.0,61,78,67,63,52,69.5,57.5,-12.0,Persistent
R032_C101,0,0,0,0,0,0,0.0,0.0,Never hotspot,0,0,0,0.0,0.0,0.0,25,30,32,23,28,27.5,25.5,-2.0,Never hotspot
R032_C102,0,0,0,0,0,0,0.0,0.0,Never hotspot,0,0,0,0.0,0.0,0.0,16,20,31,25,26,18.0,25.5,7.5,Never hotspot
R032_C103,0,0,0,0,0,0,0.0,0.0,Never hotspot,0,0,0,0.0,0.0,0.0,0,1,0,4,0,0.5,2.0,1.5,Never hotspot
R032_C105,1,1,1,1,1,5,1.0,1.0,Persistent hotspot,5,2,2,1.0,1.0,0.0,63,66,78,64,55,64.5,59.5,-5.0,Persistent
R032_C106,0,0,0,0,0,0,0.0,0.0,Never hotspot,0,0,0,0.0,0.0,0.0,10,17,12,14,10,13.5,12.0,-1.5,Never hotspot
R032_C107,0,0,0,0,0,0,0.0,0.0,Never hotspot,0,0,0,0.0,0.0,0.0,6,10,7,4,5,8.0,4.5,-3.5,Never hotspot
R032_C113,0,0,0,0,0,0,0.0,0.0,Never hotspot,0,0,0,0.0,0.0,0.0,12,16,17,11,8,14.0,9.5,-4.5,Never hotspot
R032_C114,1,1,1,1,1,5,1.0,1.0,Persistent hotspot,5,2,2,1.0,1.0,0.0,49,55,61,49,43,52.0,46.0,-6.0,Persistent
R033_C043,0,0,0,0,0,0,0.0,0.0,Never hotspot,0,0,0,0.0,0.0,0.0,4,7,8,6,11,5.5,8.5,3.0,Never hotspot
R033_C044,0,0,0,0,0,0,0.0,0.0,Never hotspot,0,0,0,0.0,0.0,0.0,8,8,9,4,3,8.0,3.5,-4.5,Never hotspot
R033_C045,0,0,0,0,0,0,0.0,0.0,Never hotspot,0,0,0,0.0,0.0,0.0,14,13,14,14,8,13.5,11.0,-2.5,Never hotspot
R033_C046,0,0,0,0,0,0,0.0,0.0,Never hotspot,0,0,0,0.0,0.0,0.0,6,1,1,4,1,3.5,2.5,-1.0,Never hotspot
R033_C047,0,0,0,0,0,0,0.0,0.0,Never hotspot,0,0,0,0.0,0.0,0.0,0,1,2,2,2,0.5,2.0,1.5,Never hotspot
R033_C048,0,0,0,0,0,0,0.0,0.0,Never hotspot,0,0,0,0.0,0.0,0.0,13,10,12,3,8,11.5,5.5,-6.0,Never hotspot
R033_C049,0,0,0,1,1,2,0.4,0.4,Repeated hotspot,2,0,2,0.0,1.0,1.0,25,23,35,40,34,24.0,37.0,13.0,Emerging
R033_C050,1,1,1,1,1,5,1.0,1.0,Persistent hotspot,5,2,2,1.0,1.0,0.0,118,118,116,137,91,118.0,114.0,-4.0,Persistent
R033_C051,1,1,0,0,0,2,0.4,0.4,Repeated hotspot,2,2,0,1.0,0.0,-1.0,34,38,29,29,21,36.0,25.0,-11.0,Declining
R033_C052,0,0,0,0,0,0,0.0,0.0,Never hotspot,0,0,0,0.0,0.0,0.0,0,0,1,0,0,0.0,0.0,0.0,Never hotspot
R033_C055,0,0,0,0,0,0,0.0,0.0,Never hotspot,0,0,0,0.0,0.0,0.0,0,2,1,1,1,1.0,1.0,0.0,Never hotspot
R033_C056,0,0,0,0,0,0,0.0,0.0,Never hotspot,0,0,0,0.0,0.0,0.0,14,8,9,10,16,11.0,13.0,2.0,Never hotspot
R033_C057,1,1,0,1,1,4,0.8,0.8,Persistent hotspot,2,2,2,1.0,1.0,0.0,39,49,33,35,43,44.0,39.0,-5.0,Persistent
R033_C058,1,1,1,1,1,5,1.0,1.0,Persistent hotspot,5,2,2,1.0,1.0,0.0,100,139,142,125,123,119.5,124.0,4.5,Persistent
R033_C059,1,1,1,1,1,5,1.0,1.0,Persistent hotspot,5,2,2,1.0,1.0,0.0,125,154,148,130,144,139.5,137.0,-2.5,Persistent
R033_C060,1,1,1,1,1,5,1.0,1.0,Persistent hotspot,5,2,2,1.0,1.0,0.0,32,38,57,40,35,35.0,37.5,2.5,Persistent
R033_C061,0,0,0,0,0,0,0.0,0.0,Never hotspot,0,0,0,0.0,0.0,0.0,6,7,3,4,13,6.5,8.5,2.0,Never hotspot
R033_C062,0,0,0,0,0,0,0.0,0.0,Never hotspot,0,0,0,0.0,0.0,0.0,8,10,7,5,4,9.0,4.5,-4.5,Never hotspot
R033_C063,0,0,0,0,0,0,0.0,0.0,Never hotspot,0,0,0,0.0,0.0,0.0,3,5,5,8,4,4.0,6.0,2.0,Never hotspot
R033_C064,0,0,0,0,0,0,0.0,0.0,Never hotspot,0,0,0,0.0,0.0,0.0,5,3,6,8,7,4.0,7.5,3.5,Never hotspot
R033_C065,0,0,0,0,0,0,0.0,0.0,Never hotspot,0,0,0,0.0,0.0,0.0,13,15,12,19,20,14.0,19.5,5.5,Never hotspot
R033_C066,0,0,0,0,0,0,0.0,0.0,Never hotspot,0,0,0,0.0,0.0,0.0,2,1,0,0,1,1.5,0.5,-1.0,Never hotspot
R033_C067,0,0,0,0,0,0,0.0,0.0,Never hotspot,0,0,0,0.0,0.0,0.0,6,15,5,10,4,10.5,7.0,-3.5,Never hotspot
R033_C068,0,0,0,0,0,0,0.0,0.0,Never hotspot,0,0,0,0.0,0.0,0.0,6,3,2,5,3,4.5,4.0,-0.5,Never hotspot
R033_C069,0,0,0,0,0,0,0.0,0.0,Never hotspot,0,0,0,0.0,0.0,0.0,2,4,3,3,6,3.0,4.5,1.5,Never hotspot
R033_C070,0,0,0,0,0,0,0.0,0.0,Never hotspot,0,0,0,0.0,0.0,0.0,5,3,7,10,8,4.0,9.0,5.0,Never hotspot
R033_C071,0,0,0,0,0,0,0.0,0.0,Never hotspot,0,0,0,0.0,0.0,0.0,2,3,3,4,1,2.5,2.5,0.0,Never hotspot
R033_C072,0,0,0,0,0,0,0.0,0.0,Never hotspot,0,0,0,0.0,0.0,0.0,2,5,5,5,6,3.5,5.5,2.0,Never hotspot
R033_C073,0,0,0,0,0,0,0.0,0.0,Never hotspot,0,0,0,0.0,0.0,0.0,3,5,11,3,3,4.0,3.0,-1.0,Never hotspot
R033_C074,0,0,0,0,0,0,0.0,0.0,Never hotspot,0,0,0,0.0,0.0,0.0,1,2,4,0,2,1.5,1.0,-0.5,Never hotspot
R033_C075,0,0,0,0,0,0,0.0,0.0,Never hotspot,0,0,0,0.0,0.0,0.0,1,1,4,4,2,1.0,3.0,2.0,Never hotspot
R033_C076,0,0,0,0,0,0,0.0,0.0,Never hotspot,0,0,0,0.0,0.0,0.0,1,6,7,4,5,3.5,4.5,1.0,Never hotspot
R033_C077,0,0,0,0,0,0,0.0,0.0,Never hotspot,0,0,0,0.0,0.0,0.0,2,1,0,1,0,1.5,0.5,-1.0,Never hotspot
R033_C078,0,0,0,0,0,0,0.0,0.0,Never hotspot,0,0,0,0.0,0.0,0.0,3,3,2,2,3,3.0,2.5,-0.5,Never hotspot
R033_C079,0,0,0,0,0,0,0.0,0.0,Never hotspot,0,0,0,0.0,0.0,0.0,9,9,7,10,6,9.0,8.0,-1.0,Never hotspot
R033_C080,0,0,0,0,0,0,0.0,0.0,Never hotspot,0,0,0,0.0,0.0,0.0,7,4,14,9,4,5.5,6.5,1.0,Never hotspot
R033_C081,0,0,0,0,0,0,0.0,0.0,Never hotspot,0,0,0,0.0,0.0,0.0,9,13,23,15,14,11.0,14.5,3.5,Never hotspot
R033_C082,0,0,0,0,0,0,0.0,0.0,Never hotspot,0,0,0,0.0,0.0,0.0,24,31,12,20,13,27.5,16.5,-11.0,Never hotspot
R033_C083,0,0,0,0,0,0,0.0,0.0,Never hotspot,0,0,0,0.0,0.0,0.0,4,4,2,0,3,4.0,1.5,-2.5,Never hotspot
R033_C084,0,0,0,0,0,0,0.0,0.0,Never hotspot,0,0,0,0.0,0.0,0.0,18,30,27,27,28,24.0,27.5,3.5,Never hotspot
R033_C085,0,0,0,0,0,0,0.0,0.0,Never hotspot,0,0,0,0.0,0.0,0.0,21,17,27,18,14,19.0,16.0,-3.0,Never hotspot
R033_C086,1,1,1,1,1,5,1.0,1.0,Persistent hotspot,5,2,2,1.0,1.0,0.0,81,102,108,111,90,91.5,100.5,9.0,Persistent
R033_C087,1,1,1,1,1,5,1.0,1.0,Persistent hotspot,5,2,2,1.0,1.0,0.0,50,54,88,85,65,52.0,75.0,23.0,Persistent
R033_C088,1,1,1,1,1,5,1.0,1.0,Persistent hotspot,5,2,2,1.0,1.0,0.0,131,162,176,178,170,146.5,174.0,27.5,Persistent
R033_C089,1,1,1,1,1,5,1.0,1.0,Persistent hotspot,5,2,2,1.0,1.0,0.0,285,322,366,353,331,303.5,342.0,38.5,Persistent
R033_C090,1,1,1,1,1,5,1.0,1.0,Persistent hotspot,5,2,2,1.0,1.0,0.0,236,272,335,310,295,254.0,302.5,48.5,Persistent
R033_C091,1,1,1,1,1,5,1.0,1.0,Persistent hotspot,5,2,2,1.0,1.0,0.0,579,640,599,629,550,609.5,589.5,-20.0,Persistent
R033_C092,1,1,1,1,1,5,1.0,1.0,Persistent hotspot,5,2,2,1.0,1.0,0.0,1070,1214,1134,1134,986,1142.0,1060.0,-82.0,Persistent
R033_C093,1,1,1,1,1,5,1.0,1.0,Persistent hotspot,5,2,2,1.0,1.0,0.0,1095,1251,1298,1255,1055,1173.0,1155.0,-18.0,Persistent
R033_C094,1,1,1,1,1,5,1.0,1.0,Persistent hotspot,5,2,2,1.0,1.0,0.0,564,597,601,585,555,580.5,570.0,-10.5,Persistent
R033_C095,1,1,1,1,1,5,1.0,1.0,Persistent hotspot,5,2,2,1.0,1.0,0.0,295,329,298,311,279,312.0,295.0,-17.0,Persistent
R033_C096,1,1,1,1,1,5,1.0,1.0,Persistent hotspot,5,2,2,1.0,1.0,0.0,233,233,227,224,244,233.0,234.0,1.0,Persistent
R033_C097,1,1,1,1,1,5,1.0,1.0,Persistent hotspot,5,2,2,1.0,1.0,0.0,92,96,82,91,92,94.0,91.5,-2.5,Persistent
R033_C098,1,1,1,1,1,5,1.0,1.0,Persistent hotspot,5,2,2,1.0,1.0,0.0,111,116,105,105,94,113.5,99.5,-14.0,Persistent
R033_C099,1,1,1,1,1,5,1.0,1.0,Persistent hotspot,5,2,2,1.0,1.0,0.0,63,74,64,81,66,68.5,73.5,5.0,Persistent
R033_C100,0,0,0,0,0,0,0.0,0.0,Never hotspot,0,0,0,0.0,0.0,0.0,7,11,13,15,6,9.0,10.5,1.5,Never hotspot
R033_C101,0,0,0,0,0,0,0.0,0.0,Never hotspot,0,0,0,0.0,0.0,0.0,1,1,2,3,2,1.0,2.5,1.5,Never hotspot
R033_C102,0,0,0,0,0,0,0.0,0.0,Never hotspot,0,0,0,0.0,0.0,0.0,1,2,0,2,2,1.5,2.0,0.5,Never hotspot
R033_C103,0,0,0,0,0,0,0.0,0.0,Never hotspot,0,0,0,0.0,0.0,0.0,1,1,5,3,3,1.0,3.0,2.0,Never hotspot
R033_C104,0,0,0,0,0,0,0.0,0.0,Never hotspot,0,0,0,0.0,0.0,0.0,0,2,1,0,1,1.0,0.5,-0.5,Never hotspot
R033_C105,0,0,0,0,0,0,0.0,0.0,Never hotspot,0,0,0,0.0,0.0,0.0,0,1,2,0,0,0.5,0.0,-0.5,Never hotspot
R034_C042,0,0,0,0,0,0,0.0,0.0,Never hotspot,0,0,0,0.0,0.0,0.0,0,0,1,0,1,0.0,0.5,0.5,Never hotspot
R034_C043,0,0,0,0,0,0,0.0,0.0,Never hotspot,0,0,0,0.0,0.0,0.0,23,19,14,11,6,21.0,8.5,-12.5,Never hotspot
R034_C044,0,0,0,0,0,0,0.0,0.0,Never hotspot,0,0,0,0.0,0.0,0.0,11,18,8,7,4,14.5,5.5,-9.0,Never hotspot
R034_C045,0,0,0,0,0,0,0.0,0.0,Never hotspot,0,0,0,0.0,0.0,0.0,22,15,13,25,11,18.5,18.0,-0.5,Never hotspot
R034_C046,0,0,0,0,0,0,0.0,0.0,Never hotspot,0,0,0,0.0,0.0,0.0,11,6,5,7,10,8.5,8.5,0.0,Never hotspot
R034_C047,0,0,0,0,0,0,0.0,0.0,Never hotspot,0,0,0,0.0,0.0,0.0,11,15,12,13,6,13.0,9.5,-3.5,Never hotspot
R034_C048,0,0,0,0,0,0,0.0,0.0,Never hotspot,0,0,0,0.0,0.0,0.0,10,10,15,5,6,10.0,5.5,-4.5,Never hotspot
R034_C049,0,0,0,0,0,0,0.0,0.0,Never hotspot,0,0,0,0.0,0.0,0.0,12,12,22,17,15,12.0,16.0,4.0,Never hotspot
R034_C050,0,0,0,0,0,0,0.0,0.0,Never hotspot,0,0,0,0.0,0.0,0.0,29,20,25,18,22,24.5,20.0,-4.5,Never hotspot
R034_C051,0,1,0,0,1,2,0.4,0.4,Repeated hotspot,1,1,1,0.5,0.5,0.0,24,44,31,34,41,34.0,37.5,3.5,Intermittent
R034_C052,0,0,0,0,0,0,0.0,0.0,Never hotspot,0,0,0,0.0,0.0,0.0,9,11,10,3,11,10.0,7.0,-3.0,Never hotspot
R034_C053,0,0,0,0,0,0,0.0,0.0,Never hotspot,0,0,0,0.0,0.0,0.0,0,1,1,2,2,0.5,2.0,1.5,Never hotspot
R034_C054,0,0,0,0,0,0,0.0,0.0,Never hotspot,0,0,0,0.0,0.0,0.0,0,1,1,0,0,0.5,0.0,-0.5,Never hotspot
R034_C057,0,0,0,0,0,0,0.0,0.0,Never hotspot,0,0,0,0.0,0.0,0.0,4,2,6,4,6,3.0,5.0,2.0,Never hotspot
R034_C058,0,0,0,0,0,0,0.0,0.0,Never hotspot,0,0,0,0.0,0.0,0.0,20,24,30,23,17,22.0,20.0,-2.0,Never hotspot
R034_C059,1,1,1,1,1,5,1.0,1.0,Persistent hotspot,5,2,2,1.0,1.0,0.0,45,53,48,41,48,49.0,44.5,-4.5,Persistent
R034_C060,0,0,0,0,0,0,0.0,0.0,Never hotspot,0,0,0,0.0,0.0,0.0,14,22,15,21,15,18.0,18.0,0.0,Never hotspot
R034_C061,0,0,0,0,0,0,0.0,0.0,Never hotspot,0,0,0,0.0,0.0,0.0,29,23,19,33,18,26.0,25.5,-0.5,Never hotspot
R034_C062,0,0,0,0,0,0,0.0,0.0,Never hotspot,0,0,0,0.0,0.0,0.0,4,3,3,5,3,3.5,4.0,0.5,Never hotspot
R034_C063,0,0,0,0,0,0,0.0,0.0,Never hotspot,0,0,0,0.0,0.0,0.0,3,2,1,4,1,2.5,2.5,0.0,Never hotspot
R034_C064,0,0,0,0,0,0,0.0,0.0,Never hotspot,0,0,0,0.0,0.0,0.0,3,1,3,2,1,2.0,1.5,-0.5,Never hotspot
R034_C065,0,0,0,0,0,0,0.0,0.0,Never hotspot,0,0,0,0.0,0.0,0.0,4,3,5,2,2,3.5,2.0,-1.5,Never hotspot
R034_C066,0,0,0,0,0,0,0.0,0.0,Never hotspot,0,0,0,0.0,0.0,0.0,4,5,3,3,1,4.5,2.0,-2.5,Never hotspot
R034_C067,0,0,0,0,0,0,0.0,0.0,Never hotspot,0,0,0,0.0,0.0,0.0,5,6,8,9,8,5.5,8.5,3.0,Never hotspot
R034_C068,0,0,0,0,0,0,0.0,0.0,Never hotspot,0,0,0,0.0,0.0,0.0,13,15,28,21,29,14.0,25.0,11.0,Never hotspot
R034_C069,1,1,1,1,1,5,1.0,1.0,Persistent hotspot,5,2,2,1.0,1.0,0.0,40,67,87,62,68,53.5,65.0,11.5,Persistent
R034_C070,1,1,1,1,1,5,1.0,1.0,Persistent hotspot,5,2,2,1.0,1.0,0.0,70,108,102,90,90,89.0,90.0,1.0,Persistent
R034_C071,0,0,0,0,0,0,0.0,0.0,Never hotspot,0,0,0,0.0,0.0,0.0,1,9,5,5,10,5.0,7.5,2.5,Never hotspot
R034_C072,0,0,0,0,0,0,0.0,0.0,Never hotspot,0,0,0,0.0,0.0,0.0,1,0,0,0,2,0.5,1.0,0.5,Never hotspot
R034_C073,0,0,0,0,0,0,0.0,0.0,Never hotspot,0,0,0,0.0,0.0,0.0,1,0,1,1,1,0.5,1.0,0.5,Never hotspot
R034_C074,0,0,0,0,0,0,0.0,0.0,Never hotspot,0,0,0,0.0,0.0,0.0,0,1,0,1,0,0.5,0.5,0.0,Never hotspot
R034_C075,0,0,0,0,0,0,0.0,0.0,Never hotspot,0,0,0,0.0,0.0,0.0,1,1,3,1,4,1.0,2.5,1.5,Never hotspot
R034_C076,0,0,0,0,0,0,0.0,0.0,Never hotspot,0,0,0,0.0,0.0,0.0,3,5,5,0,4,4.0,2.0,-2.0,Never hotspot
R034_C078,0,0,0,0,0,0,0.0,0.0,Never hotspot,0,0,0,0.0,0.0,0.0,6,5,0,4,3,5.5,3.5,-2.0,Never hotspot
R034_C079,0,0,0,0,0,0,0.0,0.0,Never hotspot,0,0,0,0.0,0.0,0.0,2,4,6,6,3,3.0,4.5,1.5,Never hotspot
R034_C080,0,0,0,0,0,0,0.0,0.0,Never hotspot,0,0,0,0.0,0.0,0.0,3,5,3,1,3,4.0,2.0,-2.0,Never hotspot
R034_C081,0,0,0,0,0,0,0.0,0.0,Never hotspot,0,0,0,0.0,0.0,0.0,3,9,2,4,8,6.0,6.0,0.0,Never hotspot
R034_C082,0,0,0,0,0,0,0.0,0.0,Never hotspot,0,0,0,0.0,0.0,0.0,10,18,13,10,7,14.0,8.5,-5.5,Never hotspot
R034_C083,0,0,0,0,0,0,0.0,0.0,Never hotspot,0,0,0,0.0,0.0,0.0,6,4,8,4,7,5.0,5.5,0.5,Never hotspot
R034_C084,1,1,1,1,0,4,0.8,0.8,Persistent hotspot,4,2,1,1.0,0.5,-0.5,33,44,49,40,30,38.5,35.0,-3.5,Persistent
R034_C085,1,1,1,1,1,5,1.0,1.0,Persistent hotspot,5,2,2,1.0,1.0,0.0,41,51,53,37,34,46.0,35.5,-10.5,Persistent
R034_C086,1,1,1,1,1,5,1.0,1.0,Persistent hotspot,5,2,2,1.0,1.0,0.0,97,102,93,106,103,99.5,104.5,5.0,Persistent
R034_C087,0,0,1,0,0,1,0.2,0.2,Occasional hotspot,1,0,0,0.0,0.0,0.0,20,29,37,23,25,24.5,24.0,-0.5,Intermittent
R034_C088,1,1,1,1,1,5,1.0,1.0,Persistent hotspot,5,2,2,1.0,1.0,0.0,171,175,232,190,196,173.0,193.0,20.0,Persistent
R034_C089,1,1,1,1,1,5,1.0,1.0,Persistent hotspot,5,2,2,1.0,1.0,0.0,359,368,403,345,333,363.5,339.0,-24.5,Persistent
R034_C090,1,1,1,1,1,5,1.0,1.0,Persistent hotspot,5,2,2,1.0,1.0,0.0,404,422,415,385,339,413.0,362.0,-51.0,Persistent
R034_C091,1,1,1,1,1,5,1.0,1.0,Persistent hotspot,5,2,2,1.0,1.0,0.0,687,725,742,772,702,706.0,737.0,31.0,Persistent
R034_C092,1,1,1,1,1,5,1.0,1.0,Persistent hotspot,5,2,2,1.0,1.0,0.0,1106,1255,1337,1278,1127,1180.5,1202.5,22.0,Persistent
R034_C093,1,1,1,1,1,5,1.0,1.0,Persistent hotspot,5,2,2,1.0,1.0,0.0,1182,1495,1497,1409,1344,1338.5,1376.5,38.0,Persistent
R034_C094,1,1,1,1,1,5,1.0,1.0,Persistent hotspot,5,2,2,1.0,1.0,0.0,821,980,935,875,778,900.5,826.5,-74.0,Persistent
R034_C095,1,1,1,1,1,5,1.0,1.0,Persistent hotspot,5,2,2,1.0,1.0,0.0,504,583,590,584,573,543.5,578.5,35.0,Persistent
R034_C096,1,1,1,1,1,5,1.0,1.0,Persistent hotspot,5,2,2,1.0,1.0,0.0,190,193,193,181,205,191.5,193.0,1.5,Persistent
R034_C097,1,1,1,1,1,5,1.0,1.0,Persistent hotspot,5,2,2,1.0,1.0,0.0,98,118,94,84,111,108.0,97.5,-10.5,Persistent
R034_C098,1,1,1,1,1,5,1.0,1.0,Persistent hotspot,5,2,2,1.0,1.0,0.0,46,44,36,50,47,45.0,48.5,3.5,Persistent
R034_C099,0,0,0,0,0,0,0.0,0.0,Never hotspot,0,0,0,0.0,0.0,0.0,25,31,32,21,14,28.0,17.5,-10.5,Never hotspot
R034_C100,1,1,0,0,0,2,0.4,0.4,Repeated hotspot,2,2,0,1.0,0.0,-1.0,34,38,30,27,24,36.0,25.5,-10.5,Declining
R034_C101,0,0,0,0,0,0,0.0,0.0,Never hotspot,0,0,0,0.0,0.0,0.0,6,3,9,2,6,4.5,4.0,-0.5,Never hotspot
R034_C102,0,0,0,0,0,0,0.0,0.0,Never hotspot,0,0,0,0.0,0.0,0.0,21,25,26,25,26,23.0,25.5,2.5,Never hotspot
R034_C103,0,0,0,0,0,0,0.0,0.0,Never hotspot,0,0,0,0.0,0.0,0.0,7,13,9,7,8,10.0,7.5,-2.5,Never hotspot
R034_C104,0,0,0,0,0,0,0.0,0.0,Never hotspot,0,0,0,0.0,0.0,0.0,2,0,1,2,5,1.0,3.5,2.5,Never hotspot
R034_C105,0,0,0,0,0,0,0.0,0.0,Never hotspot,0,0,0,0.0,0.0,0.0,7,5,4,13,7,6.0,10.0,4.0,Never hotspot
R035_C035,0,0,0,0,0,0,0.0,0.0,Never hotspot,0,0,0,0.0,0.0,0.0,0,0,0,1,0,0.0,0.5,0.5,Never hotspot
R035_C036,0,0,0,0,0,0,0.0,0.0,Never hotspot,0,0,0,0.0,0.0,0.0,3,1,0,1,0,2.0,0.5,-1.5,Never hotspot
R035_C037,0,0,0,0,0,0,0.0,0.0,Never hotspot,0,0,0,0.0,0.0,0.0,2,0,2,1,0,1.0,0.5,-0.5,Never hotspot
R035_C038,0,0,0,0,0,0,0.0,0.0,Never hotspot,0,0,0,0.0,0.0,0.0,8,2,2,4,1,5.0,2.5,-2.5,Never hotspot
R035_C039,0,0,0,0,0,0,0.0,0.0,Never hotspot,0,0,0,0.0,0.0,0.0,9,8,4,3,6,8.5,4.5,-4.0,Never hotspot
R035_C041,0,0,0,0,0,0,0.0,0.0,Never hotspot,0,0,0,0.0,0.0,0.0,1,0,0,1,1,0.5,1.0,0.5,Never hotspot
R035_C042,0,0,0,0,0,0,0.0,0.0,Never hotspot,0,0,0,0.0,0.0,0.0,13,22,12,7,14,17.5,10.5,-7.0,Never hotspot
R035_C043,0,0,0,0,0,0,0.0,0.0,Never hotspot,0,0,0,0.0,0.0,0.0,0,2,0,1,0,1.0,0.5,-0.5,Never hotspot
R035_C044,0,0,0,0,0,0,0.0,0.0,Never hotspot,0,0,0,0.0,0.0,0.0,6,4,2,4,4,5.0,4.0,-1.0,Never hotspot
R035_C045,0,0,0,0,0,0,0.0,0.0,Never hotspot,0,0,0,0.0,0.0,0.0,3,3,15,3,5,3.0,4.0,1.0,Never hotspot
R035_C046,0,0,0,0,0,0,0.0,0.0,Never hotspot,0,0,0,0.0,0.0,0.0,3,3,6,3,3,3.0,3.0,0.0,Never hotspot
R035_C047,0,0,0,0,0,0,0.0,0.0,Never hotspot,0,0,0,0.0,0.0,0.0,6,10,10,10,11,8.0,10.5,2.5,Never hotspot
R035_C048,0,0,0,0,0,0,0.0,0.0,Never hotspot,0,0,0,0.0,0.0,0.0,9,16,22,14,17,12.5,15.5,3.0,Never hotspot
R035_C049,0,0,0,0,0,0,0.0,0.0,Never hotspot,0,0,0,0.0,0.0,0.0,18,21,31,20,29,19.5,24.5,5.0,Never hotspot
R035_C050,0,0,0,0,0,0,0.0,0.0,Never hotspot,0,0,0,0.0,0.0,0.0,18,22,16,22,22,20.0,22.0,2.0,Never hotspot
R035_C051,0,0,0,0,0,0,0.0,0.0,Never hotspot,0,0,0,0.0,0.0,0.0,4,6,4,6,2,5.0,4.0,-1.0,Never hotspot
R035_C052,0,0,1,0,1,2,0.4,0.4,Repeated hotspot,1,0,1,0.0,0.5,0.5,28,26,36,18,35,27.0,26.5,-0.5,Emerging
R035_C053,1,1,1,1,1,5,1.0,1.0,Persistent hotspot,5,2,2,1.0,1.0,0.0,81,85,104,80,80,83.0,80.0,-3.0,Persistent
R035_C054,0,0,0,0,0,0,0.0,0.0,Never hotspot,0,0,0,0.0,0.0,0.0,11,19,16,8,12,15.0,10.0,-5.0,Never hotspot
R035_C055,0,0,0,0,0,0,0.0,0.0,Never hotspot,0,0,0,0.0,0.0,0.0,12,8,3,8,8,10.0,8.0,-2.0,Never hotspot
R035_C056,0,0,0,0,0,0,0.0,0.0,Never hotspot,0,0,0,0.0,0.0,0.0,10,2,7,8,7,6.0,7.5,1.5,Never hotspot
R035_C057,0,0,0,0,0,0,0.0,0.0,Never hotspot,0,0,0,0.0,0.0,0.0,4,2,4,2,1,3.0,1.5,-1.5,Never hotspot
R035_C058,0,0,0,0,0,0,0.0,0.0,Never hotspot,0,0,0,0.0,0.0,0.0,9,8,5,1,6,8.5,3.5,-5.0,Never hotspot
R035_C059,0,0,0,0,0,0,0.0,0.0,Never hotspot,0,0,0,0.0,0.0,0.0,12,8,11,11,15,10.0,13.0,3.0,Never hotspot
R035_C060,0,0,0,0,0,0,0.0,0.0,Never hotspot,0,0,0,0.0,0.0,0.0,4,4,8,4,6,4.0,5.0,1.0,Never hotspot
R035_C061,0,0,0,0,0,0,0.0,0.0,Never hotspot,0,0,0,0.0,0.0,0.0,1,0,4,0,3,0.5,1.5,1.0,Never hotspot
R035_C062,0,0,0,0,0,0,0.0,0.0,Never hotspot,0,0,0,0.0,0.0,0.0,1,1,4,1,0,1.0,0.5,-0.5,Never hotspot
R035_C063,0,0,0,0,0,0,0.0,0.0,Never hotspot,0,0,0,0.0,0.0,0.0,0,1,1,1,2,0.5,1.5,1.0,Never hotspot
R035_C064,0,0,0,0,0,0,0.0,0.0,Never hotspot,0,0,0,0.0,0.0,0.0,1,3,1,3,5,2.0,4.0,2.0,Never hotspot
R035_C065,0,0,0,0,0,0,0.0,0.0,Never hotspot,0,0,0,0.0,0.0,0.0,6,8,11,6,4,7.0,5.0,-2.0,Never hotspot
R035_C066,0,0,0,0,0,0,0.0,0.0,Never hotspot,0,0,0,0.0,0.0,0.0,0,3,5,1,3,1.5,2.0,0.5,Never hotspot
R035_C067,0,0,0,0,0,0,0.0,0.0,Never hotspot,0,0,0,0.0,0.0,0.0,1,3,4,2,1,2.0,1.5,-0.5,Never hotspot
R035_C068,0,0,0,0,0,0,0.0,0.0,Never hotspot,0,0,0,0.0,0.0,0.0,6,1,9,12,8,3.5,10.0,6.5,Never hotspot
R035_C069,1,1,1,1,1,5,1.0,1.0,Persistent hotspot,5,2,2,1.0,1.0,0.0,60,82,78,75,73,71.0,74.0,3.0,Persistent
R035_C070,1,1,1,1,1,5,1.0,1.0,Persistent hotspot,5,2,2,1.0,1.0,0.0,113,130,135,150,119,121.5,134.5,13.0,Persistent
R035_C071,0,0,0,0,0,0,0.0,0.0,Never hotspot,0,0,0,0.0,0.0,0.0,1,2,3,3,3,1.5,3.0,1.5,Never hotspot
R035_C072,0,0,0,0,0,0,0.0,0.0,Never hotspot,0,0,0,0.0,0.0,0.0,2,0,2,0,0,1.0,0.0,-1.0,Never hotspot
R035_C073,0,0,0,0,0,0,0.0,0.0,Never hotspot,0,0,0,0.0,0.0,0.0,0,1,1,4,2,0.5,3.0,2.5,Never hotspot
R035_C074,0,0,0,0,0,0,0.0,0.0,Never hotspot,0,0,0,0.0,0.0,0.0,5,8,5,8,9,6.5,8.5,2.0,Never hotspot
R035_C075,0,0,0,0,0,0,0.0,0.0,Never hotspot,0,0,0,0.0,0.0,0.0,5,6,4,11,4,5.5,7.5,2.0,Never hotspot
R035_C076,0,0,0,0,0,0,0.0,0.0,Never hotspot,0,0,0,0.0,0.0,0.0,5,4,7,7,4,4.5,5.5,1.0,Never hotspot
R035_C077,0,0,0,0,0,0,0.0,0.0,Never hotspot,0,0,0,0.0,0.0,0.0,16,16,17,8,16,16.0,12.0,-4.0,Never hotspot
R035_C078,0,0,0,0,0,0,0.0,0.0,Never hotspot,0,0,0,0.0,0.0,0.0,4,3,3,1,7,3.5,4.0,0.5,Never hotspot
R035_C079,0,0,0,0,0,0,0.0,0.0,Never hotspot,0,0,0,0.0,0.0,0.0,10,7,14,6,9,8.5,7.5,-1.0,Never hotspot
R035_C080,0,0,0,0,0,0,0.0,0.0,Never hotspot,0,0,0,0.0,0.0,0.0,1,2,3,2,0,1.5,1.0,-0.5,Never hotspot
R035_C081,0,0,0,0,0,0,0.0,0.0,Never hotspot,0,0,0,0.0,0.0,0.0,0,1,1,3,0,0.5,1.5,1.0,Never hotspot
R035_C082,0,0,0,0,0,0,0.0,0.0,Never hotspot,0,0,0,0.0,0.0,0.0,3,3,1,1,0,3.0,0.5,-2.5,Never hotspot
R035_C083,0,0,0,0,0,0,0.0,0.0,Never hotspot,0,0,0,0.0,0.0,0.0,6,5,7,7,5,5.5,6.0,0.5,Never hotspot
R035_C084,0,0,0,0,0,0,0.0,0.0,Never hotspot,0,0,0,0.0,0.0,0.0,16,14,19,21,19,15.0,20.0,5.0,Never hotspot
R035_C085,0,0,0,0,0,0,0.0,0.0,Never hotspot,0,0,0,0.0,0.0,0.0,18,18,18,19,12,18.0,15.5,-2.5,Never hotspot
R035_C086,0,0,0,0,0,0,0.0,0.0,Never hotspot,0,0,0,0.0,0.0,0.0,16,16,17,17,11,16.0,14.0,-2.0,Never hotspot
R035_C087,1,1,1,0,1,4,0.8,0.8,Persistent hotspot,3,2,1,1.0,0.5,-0.5,42,49,45,29,46,45.5,37.5,-8.0,Persistent
R035_C088,1,1,1,1,1,5,1.0,1.0,Persistent hotspot,5,2,2,1.0,1.0,0.0,75,67,68,55,53,71.0,54.0,-17.0,Persistent
R035_C089,1,1,1,1,1,5,1.0,1.0,Persistent hotspot,5,2,2,1.0,1.0,0.0,173,188,222,203,193,180.5,198.0,17.5,Persistent
R035_C090,1,1,1,1,1,5,1.0,1.0,Persistent hotspot,5,2,2,1.0,1.0,0.0,306,350,389,374,331,328.0,352.5,24.5,Persistent
R035_C091,1,1,1,1,1,5,1.0,1.0,Persistent hotspot,5,2,2,1.0,1.0,0.0,552,528,538,519,548,540.0,533.5,-6.5,Persistent
R035_C092,1,1,1,1,1,5,1.0,1.0,Persistent hotspot,5,2,2,1.0,1.0,0.0,338,356,397,423,346,347.0,384.5,37.5,Persistent
R035_C093,1,1,1,1,1,5,1.0,1.0,Persistent hotspot,5,2,2,1.0,1.0,0.0,957,1083,1071,1047,891,1020.0,969.0,-51.0,Persistent
R035_C094,1,1,1,1,1,5,1.0,1.0,Persistent hotspot,5,2,2,1.0,1.0,0.0,474,503,487,433,408,488.5,420.5,-68.0,Persistent
R035_C095,1,1,1,1,1,5,1.0,1.0,Persistent hotspot,5,2,2,1.0,1.0,0.0,444,490,483,442,452,467.0,447.0,-20.0,Persistent
R035_C096,1,1,1,1,1,5,1.0,1.0,Persistent hotspot,5,2,2,1.0,1.0,0.0,298,336,354,306,345,317.0,325.5,8.5,Persistent
R035_C097,1,1,1,1,1,5,1.0,1.0,Persistent hotspot,5,2,2,1.0,1.0,0.0,181,214,246,222,234,197.5,228.0,30.5,Persistent
R035_C098,1,1,1,1,1,5,1.0,1.0,Persistent hotspot,5,2,2,1.0,1.0,0.0,64,64,68,61,55,64.0,58.0,-6.0,Persistent
R035_C099,0,0,0,0,0,0,0.0,0.0,Never hotspot,0,0,0,0.0,0.0,0.0,25,19,17,20,15,22.0,17.5,-4.5,Never hotspot
R035_C100,1,1,0,1,1,4,0.8,0.8,Persistent hotspot,2,2,2,1.0,1.0,0.0,32,34,25,35,45,33.0,40.0,7.0,Persistent
R035_C101,1,1,1,1,1,5,1.0,1.0,Persistent hotspot,5,2,2,1.0,1.0,0.0,64,62,85,101,108,63.0,104.5,41.5,Persistent
R035_C102,1,1,1,1,1,5,1.0,1.0,Persistent hotspot,5,2,2,1.0,1.0,0.0,46,56,37,53,61,51.0,57.0,6.0,Persistent
R035_C103,1,1,1,1,1,5,1.0,1.0,Persistent hotspot,5,2,2,1.0,1.0,0.0,87,66,75,65,83,76.5,74.0,-2.5,Persistent
R035_C104,1,1,1,1,1,5,1.0,1.0,Persistent hotspot,5,2,2,1.0,1.0,0.0,134,164,176,205,182,149.0,193.5,44.5,Persistent
R035_C105,0,1,0,0,1,2,0.4,0.4,Repeated hotspot,1,1,1,0.5,0.5,0.0,27,37,34,22,38,32.0,30.0,-2.0,Intermittent
R035_C106,0,0,0,0,0,0,0.0,0.0,Never hotspot,0,0,0,0.0,0.0,0.0,0,0,0,0,2,0.0,1.0,1.0,Never hotspot
R036_C026,0,0,0,0,0,0,0.0,0.0,Never hotspot,0,0,0,0.0,0.0,0.0,0,1,0,0,0,0.5,0.0,-0.5,Never hotspot
R036_C035,0,0,0,0,0,0,0.0,0.0,Never hotspot,0,0,0,0.0,0.0,0.0,0,0,0,1,0,0.0,0.5,0.5,Never hotspot
R036_C036,0,0,0,0,0,0,0.0,0.0,Never hotspot,0,0,0,0.0,0.0,0.0,0,1,0,0,1,0.5,0.5,0.0,Never hotspot
R036_C037,0,0,0,0,0,0,0.0,0.0,Never hotspot,0,0,0,0.0,0.0,0.0,1,4,0,0,1,2.5,0.5,-2.0,Never hotspot
R036_C038,0,0,0,0,0,0,0.0,0.0,Never hotspot,0,0,0,0.0,0.0,0.0,5,5,1,2,2,5.0,2.0,-3.0,Never hotspot
R036_C039,0,0,1,0,0,1,0.2,0.2,Occasional hotspot,1,0,0,0.0,0.0,0.0,29,26,38,26,24,27.5,25.0,-2.5,Intermittent
R036_C040,0,0,0,0,0,0,0.0,0.0,Never hotspot,0,0,0,0.0,0.0,0.0,29,30,25,25,26,29.5,25.5,-4.0,Never hotspot
R036_C041,0,0,0,0,0,0,0.0,0.0,Never hotspot,0,0,0,0.0,0.0,0.0,15,10,14,11,12,12.5,11.5,-1.0,Never hotspot
R036_C042,0,0,0,0,0,0,0.0,0.0,Never hotspot,0,0,0,0.0,0.0,0.0,9,9,7,9,7,9.0,8.0,-1.0,Never hotspot
R036_C043,0,0,0,0,0,0,0.0,0.0,Never hotspot,0,0,0,0.0,0.0,0.0,3,4,2,1,2,3.5,1.5,-2.0,Never hotspot
R036_C044,0,0,0,0,0,0,0.0,0.0,Never hotspot,0,0,0,0.0,0.0,0.0,5,5,6,6,6,5.0,6.0,1.0,Never hotspot
R036_C045,0,0,0,0,0,0,0.0,0.0,Never hotspot,0,0,0,0.0,0.0,0.0,7,0,5,10,3,3.5,6.5,3.0,Never hotspot
R036_C046,0,0,0,0,0,0,0.0,0.0,Never hotspot,0,0,0,0.0,0.0,0.0,21,13,15,15,15,17.0,15.0,-2.0,Never hotspot
R036_C047,0,0,0,0,0,0,0.0,0.0,Never hotspot,0,0,0,0.0,0.0,0.0,19,18,18,16,11,18.5,13.5,-5.0,Never hotspot
R036_C048,0,0,0,0,0,0,0.0,0.0,Never hotspot,0,0,0,0.0,0.0,0.0,14,14,17,9,10,14.0,9.5,-4.5,Never hotspot
R036_C049,0,0,0,0,0,0,0.0,0.0,Never hotspot,0,0,0,0.0,0.0,0.0,10,8,12,11,10,9.0,10.5,1.5,Never hotspot
R036_C050,0,0,0,0,0,0,0.0,0.0,Never hotspot,0,0,0,0.0,0.0,0.0,10,9,14,13,10,9.5,11.5,2.0,Never hotspot
R036_C051,0,0,0,0,0,0,0.0,0.0,Never hotspot,0,0,0,0.0,0.0,0.0,10,17,8,10,7,13.5,8.5,-5.0,Never hotspot
R036_C052,0,0,0,0,0,0,0.0,0.0,Never hotspot,0,0,0,0.0,0.0,0.0,8,16,15,22,26,12.0,24.0,12.0,Never hotspot
R036_C053,0,0,0,0,0,0,0.0,0.0,Never hotspot,0,0,0,0.0,0.0,0.0,19,24,17,23,11,21.5,17.0,-4.5,Never hotspot
R036_C054,0,0,0,0,0,0,0.0,0.0,Never hotspot,0,0,0,0.0,0.0,0.0,3,5,1,5,4,4.0,4.5,0.5,Never hotspot
R036_C055,0,0,0,0,0,0,0.0,0.0,Never hotspot,0,0,0,0.0,0.0,0.0,3,4,3,1,1,3.5,1.0,-2.5,Never hotspot
R036_C056,0,0,0,0,0,0,0.0,0.0,Never hotspot,0,0,0,0.0,0.0,0.0,3,3,5,2,4,3.0,3.0,0.0,Never hotspot
R036_C057,0,0,0,0,0,0,0.0,0.0,Never hotspot,0,0,0,0.0,0.0,0.0,10,29,19,18,19,19.5,18.5,-1.0,Never hotspot
R036_C058,0,0,0,0,0,0,0.0,0.0,Never hotspot,0,0,0,0.0,0.0,0.0,0,1,0,1,1,0.5,1.0,0.5,Never hotspot
R036_C059,0,0,0,0,0,0,0.0,0.0,Never hotspot,0,0,0,0.0,0.0,0.0,6,3,9,1,4,4.5,2.5,-2.0,Never hotspot
R036_C060,0,0,0,0,0,0,0.0,0.0,Never hotspot,0,0,0,0.0,0.0,0.0,4,9,11,8,3,6.5,5.5,-1.0,Never hotspot
R036_C061,0,0,0,0,0,0,0.0,0.0,Never hotspot,0,0,0,0.0,0.0,0.0,2,6,3,5,2,4.0,3.5,-0.5,Never hotspot
R036_C062,0,0,0,0,0,0,0.0,0.0,Never hotspot,0,0,0,0.0,0.0,0.0,2,3,6,4,1,2.5,2.5,0.0,Never hotspot
R036_C063,0,0,0,0,0,0,0.0,0.0,Never hotspot,0,0,0,0.0,0.0,0.0,3,3,3,3,4,3.0,3.5,0.5,Never hotspot
R036_C064,0,0,0,0,0,0,0.0,0.0,Never hotspot,0,0,0,0.0,0.0,0.0,3,5,5,7,4,4.0,5.5,1.5,Never hotspot
R036_C065,0,0,0,0,0,0,0.0,0.0,Never hotspot,0,0,0,0.0,0.0,0.0,1,3,3,3,6,2.0,4.5,2.5,Never hotspot
R036_C066,0,0,0,0,0,0,0.0,0.0,Never hotspot,0,0,0,0.0,0.0,0.0,3,1,0,1,2,2.0,1.5,-0.5,Never hotspot
R036_C067,0,0,0,0,0,0,0.0,0.0,Never hotspot,0,0,0,0.0,0.0,0.0,3,6,3,2,3,4.5,2.5,-2.0,Never hotspot
R036_C068,0,0,0,0,0,0,0.0,0.0,Never hotspot,0,0,0,0.0,0.0,0.0,3,7,10,7,4,5.0,5.5,0.5,Never hotspot
R036_C069,0,0,0,0,0,0,0.0,0.0,Never hotspot,0,0,0,0.0,0.0,0.0,7,12,13,10,15,9.5,12.5,3.0,Never hotspot
R036_C070,0,0,0,0,0,0,0.0,0.0,Never hotspot,0,0,0,0.0,0.0,0.0,6,4,8,6,3,5.0,4.5,-0.5,Never hotspot
R036_C071,0,0,0,0,0,0,0.0,0.0,Never hotspot,0,0,0,0.0,0.0,0.0,5,7,8,9,11,6.0,10.0,4.0,Never hotspot
R036_C072,0,0,0,0,0,0,0.0,0.0,Never hotspot,0,0,0,0.0,0.0,0.0,5,11,9,11,8,8.0,9.5,1.5,Never hotspot
R036_C073,0,0,0,0,0,0,0.0,0.0,Never hotspot,0,0,0,0.0,0.0,0.0,5,6,5,3,4,5.5,3.5,-2.0,Never hotspot
R036_C074,0,0,0,0,0,0,0.0,0.0,Never hotspot,0,0,0,0.0,0.0,0.0,1,4,3,3,1,2.5,2.0,-0.5,Never hotspot
R036_C075,0,0,0,0,0,0,0.0,0.0,Never hotspot,0,0,0,0.0,0.0,0.0,5,10,5,7,1,7.5,4.0,-3.5,Never hotspot
R036_C076,0,0,0,0,0,0,0.0,0.0,Never hotspot,0,0,0,0.0,0.0,0.0,19,10,22,10,13,14.5,11.5,-3.0,Never hotspot
R036_C077,0,0,0,0,0,0,0.0,0.0,Never hotspot,0,0,0,0.0,0.0,0.0,17,16,12,11,8,16.5,9.5,-7.0,Never hotspot
R036_C078,0,0,0,0,0,0,0.0,0.0,Never hotspot,0,0,0,0.0,0.0,0.0,6,6,2,10,2,6.0,6.0,0.0,Never hotspot
R036_C079,0,0,0,0,0,0,0.0,0.0,Never hotspot,0,0,0,0.0,0.0,0.0,7,4,5,9,2,5.5,5.5,0.0,Never hotspot
R036_C080,0,0,0,0,0,0,0.0,0.0,Never hotspot,0,0,0,0.0,0.0,0.0,2,1,2,0,1,1.5,0.5,-1.0,Never hotspot
R036_C081,0,0,0,0,0,0,0.0,0.0,Never hotspot,0,0,0,0.0,0.0,0.0,0,2,0,2,0,1.0,1.0,0.0,Never hotspot
R036_C082,0,0,0,0,0,0,0.0,0.0,Never hotspot,0,0,0,0.0,0.0,0.0,4,2,6,5,3,3.0,4.0,1.0,Never hotspot
R036_C083,1,1,0,0,0,2,0.4,0.4,Repeated hotspot,2,2,0,1.0,0.0,-1.0,33,34,35,30,32,33.5,31.0,-2.5,Declining
R036_C084,1,1,1,1,1,5,1.0,1.0,Persistent hotspot,5,2,2,1.0,1.0,0.0,75,96,126,93,96,85.5,94.5,9.0,Persistent
R036_C085,0,0,0,0,0,0,0.0,0.0,Never hotspot,0,0,0,0.0,0.0,0.0,16,16,15,20,12,16.0,16.0,0.0,Never hotspot
R036_C086,0,0,0,0,0,0,0.0,0.0,Never hotspot,0,0,0,0.0,0.0,0.0,7,10,10,8,6,8.5,7.0,-1.5,Never hotspot
R036_C087,0,0,0,0,0,0,0.0,0.0,Never hotspot,0,0,0,0.0,0.0,0.0,24,28,27,25,21,26.0,23.0,-3.0,Never hotspot
R036_C088,1,0,0,1,0,2,0.4,0.4,Repeated hotspot,1,1,1,0.5,0.5,0.0,42,28,32,37,33,35.0,35.0,0.0,Intermittent
R036_C089,1,1,1,1,1,5,1.0,1.0,Persistent hotspot,5,2,2,1.0,1.0,0.0,74,92,87,72,67,83.0,69.5,-13.5,Persistent
R036_C090,1,1,1,1,1,5,1.0,1.0,Persistent hotspot,5,2,2,1.0,1.0,0.0,155,170,182,179,138,162.5,158.5,-4.0,Persistent
R036_C091,1,1,1,1,1,5,1.0,1.0,Persistent hotspot,5,2,2,1.0,1.0,0.0,145,165,150,131,143,155.0,137.0,-18.0,Persistent
R036_C092,1,1,1,1,1,5,1.0,1.0,Persistent hotspot,5,2,2,1.0,1.0,0.0,278,303,312,329,275,290.5,302.0,11.5,Persistent
R036_C093,1,1,1,1,1,5,1.0,1.0,Persistent hotspot,5,2,2,1.0,1.0,0.0,575,652,623,699,590,613.5,644.5,31.0,Persistent
R036_C094,1,1,1,1,1,5,1.0,1.0,Persistent hotspot,5,2,2,1.0,1.0,0.0,299,260,268,257,264,279.5,260.5,-19.0,Persistent
R036_C095,1,1,1,1,1,5,1.0,1.0,Persistent hotspot,5,2,2,1.0,1.0,0.0,137,144,167,155,127,140.5,141.0,0.5,Persistent
R036_C096,1,1,1,1,1,5,1.0,1.0,Persistent hotspot,5,2,2,1.0,1.0,0.0,39,55,49,56,39,47.0,47.5,0.5,Persistent
R036_C097,1,1,1,1,1,5,1.0,1.0,Persistent hotspot,5,2,2,1.0,1.0,0.0,106,105,121,100,110,105.5,105.0,-0.5,Persistent
R036_C098,1,1,1,1,1,5,1.0,1.0,Persistent hotspot,5,2,2,1.0,1.0,0.0,59,60,63,70,69,59.5,69.5,10.0,Persistent
R036_C099,0,0,0,0,0,0,0.0,0.0,Never hotspot,0,0,0,0.0,0.0,0.0,21,15,27,26,11,18.0,18.5,0.5,Never hotspot
R036_C100,0,0,0,0,1,1,0.2,0.2,Occasional hotspot,1,0,1,0.0,0.5,0.5,26,32,16,32,40,29.0,36.0,7.0,Emerging
R036_C101,1,1,1,0,1,4,0.8,0.8,Persistent hotspot,3,2,1,1.0,0.5,-0.5,42,39,37,28,41,40.5,34.5,-6.0,Persistent
R036_C102,0,1,1,0,1,3,0.6,0.6,Repeated hotspot,2,1,1,0.5,0.5,0.0,26,38,36,30,49,32.0,39.5,7.5,Intermittent
R036_C103,1,0,0,1,0,2,0.4,0.4,Repeated hotspot,1,1,1,0.5,0.5,0.0,44,32,31,52,29,38.0,40.5,2.5,Intermittent
R036_C104,0,0,0,0,0,0,0.0,0.0,Never hotspot,0,0,0,0.0,0.0,0.0,10,22,12,20,17,16.0,18.5,2.5,Never hotspot
R036_C105,0,0,0,0,0,0,0.0,0.0,Never hotspot,0,0,0,0.0,0.0,0.0,0,3,1,3,2,1.5,2.5,1.0,Never hotspot
R037_C024,0,0,0,0,0,0,0.0,0.0,Never hotspot,0,0,0,0.0,0.0,0.0,0,0,0,1,0,0.0,0.5,0.5,Never hotspot
R037_C025,0,0,0,0,0,0,0.0,0.0,Never hotspot,0,0,0,0.0,0.0,0.0,1,0,0,1,1,0.5,1.0,0.5,Never hotspot
R037_C026,0,0,0,0,0,0,0.0,0.0,Never hotspot,0,0,0,0.0,0.0,0.0,1,2,4,2,2,1.5,2.0,0.5,Never hotspot
R037_C027,0,0,0,0,0,0,0.0,0.0,Never hotspot,0,0,0,0.0,0.0,0.0,1,2,0,0,1,1.5,0.5,-1.0,Never hotspot
R037_C028,0,0,0,0,0,0,0.0,0.0,Never hotspot,0,0,0,0.0,0.0,0.0,0,1,1,0,1,0.5,0.5,0.0,Never hotspot
R037_C029,0,0,0,0,0,0,0.0,0.0,Never hotspot,0,0,0,0.0,0.0,0.0,1,1,1,0,3,1.0,1.5,0.5,Never hotspot
R037_C036,0,0,0,0,0,0,0.0,0.0,Never hotspot,0,0,0,0.0,0.0,0.0,0,1,0,0,0,0.5,0.0,-0.5,Never hotspot
R037_C037,0,0,0,0,0,0,0.0,0.0,Never hotspot,0,0,0,0.0,0.0,0.0,21,24,22,28,32,22.5,30.0,7.5,Never hotspot
R037_C038,0,0,0,0,0,0,0.0,0.0,Never hotspot,0,0,0,0.0,0.0,0.0,13,8,11,14,14,10.5,14.0,3.5,Never hotspot
R037_C039,0,0,0,0,0,0,0.0,0.0,Never hotspot,0,0,0,0.0,0.0,0.0,25,31,22,31,23,28.0,27.0,-1.0,Never hotspot
R037_C040,1,0,0,1,0,2,0.4,0.4,Repeated hotspot,1,1,1,0.5,0.5,0.0,51,31,35,35,31,41.0,33.0,-8.0,Intermittent
R037_C041,0,0,0,0,0,0,0.0,0.0,Never hotspot,0,0,0,0.0,0.0,0.0,14,18,16,21,20,16.0,20.5,4.5,Never hotspot
R037_C042,0,0,0,0,0,0,0.0,0.0,Never hotspot,0,0,0,0.0,0.0,0.0,8,17,9,11,8,12.5,9.5,-3.0,Never hotspot
R037_C043,0,0,0,0,0,0,0.0,0.0,Never hotspot,0,0,0,0.0,0.0,0.0,3,0,1,0,0,1.5,0.0,-1.5,Never hotspot
R037_C044,0,0,0,0,0,0,0.0,0.0,Never hotspot,0,0,0,0.0,0.0,0.0,3,0,2,2,3,1.5,2.5,1.0,Never hotspot
R037_C045,0,0,0,0,0,0,0.0,0.0,Never hotspot,0,0,0,0.0,0.0,0.0,8,6,2,5,4,7.0,4.5,-2.5,Never hotspot
R037_C046,0,0,0,0,0,0,0.0,0.0,Never hotspot,0,0,0,0.0,0.0,0.0,7,10,9,11,10,8.5,10.5,2.0,Never hotspot
R037_C047,0,0,0,0,0,0,0.0,0.0,Never hotspot,0,0,0,0.0,0.0,0.0,6,7,4,11,7,6.5,9.0,2.5,Never hotspot
R037_C048,0,0,0,0,0,0,0.0,0.0,Never hotspot,0,0,0,0.0,0.0,0.0,24,31,26,25,11,27.5,18.0,-9.5,Never hotspot
R037_C049,0,0,0,0,0,0,0.0,0.0,Never hotspot,0,0,0,0.0,0.0,0.0,10,18,8,13,13,14.0,13.0,-1.0,Never hotspot
R037_C050,1,1,1,0,1,4,0.8,0.8,Persistent hotspot,3,2,1,1.0,0.5,-0.5,37,39,39,33,36,38.0,34.5,-3.5,Persistent
R037_C051,0,0,0,0,0,0,0.0,0.0,Never hotspot,0,0,0,0.0,0.0,0.0,12,11,13,16,19,11.5,17.5,6.0,Never hotspot
R037_C052,0,0,0,0,0,0,0.0,0.0,Never hotspot,0,0,0,0.0,0.0,0.0,21,28,30,28,21,24.5,24.5,0.0,Never hotspot
R037_C053,0,0,0,0,0,0,0.0,0.0,Never hotspot,0,0,0,0.0,0.0,0.0,3,4,7,8,6,3.5,7.0,3.5,Never hotspot
R037_C054,0,0,0,0,0,0,0.0,0.0,Never hotspot,0,0,0,0.0,0.0,0.0,2,4,0,3,3,3.0,3.0,0.0,Never hotspot
R037_C056,0,0,0,0,0,0,0.0,0.0,Never hotspot,0,0,0,0.0,0.0,0.0,0,1,2,0,1,0.5,0.5,0.0,Never hotspot
R037_C057,0,0,0,0,0,0,0.0,0.0,Never hotspot,0,0,0,0.0,0.0,0.0,2,4,3,4,6,3.0,5.0,2.0,Never hotspot
R037_C058,0,0,0,0,0,0,0.0,0.0,Never hotspot,0,0,0,0.0,0.0,0.0,3,7,4,8,5,5.0,6.5,1.5,Never hotspot
R037_C060,0,0,0,0,0,0,0.0,0.0,Never hotspot,0,0,0,0.0,0.0,0.0,6,5,5,9,2,5.5,5.5,0.0,Never hotspot
R037_C061,0,0,0,0,0,0,0.0,0.0,Never hotspot,0,0,0,0.0,0.0,0.0,8,3,9,6,13,5.5,9.5,4.0,Never hotspot
R037_C062,0,0,0,0,0,0,0.0,0.0,Never hotspot,0,0,0,0.0,0.0,0.0,5,10,10,12,10,7.5,11.0,3.5,Never hotspot
R037_C063,0,0,0,0,0,0,0.0,0.0,Never hotspot,0,0,0,0.0,0.0,0.0,5,7,8,6,5,6.0,5.5,-0.5,Never hotspot
R037_C064,0,0,0,0,0,0,0.0,0.0,Never hotspot,0,0,0,0.0,0.0,0.0,3,5,1,1,5,4.0,3.0,-1.0,Never hotspot
R037_C065,0,0,0,0,0,0,0.0,0.0,Never hotspot,0,0,0,0.0,0.0,0.0,0,4,3,3,4,2.0,3.5,1.5,Never hotspot
R037_C066,0,0,0,0,0,0,0.0,0.0,Never hotspot,0,0,0,0.0,0.0,0.0,7,4,3,6,5,5.5,5.5,0.0,Never hotspot
R037_C067,0,0,0,0,0,0,0.0,0.0,Never hotspot,0,0,0,0.0,0.0,0.0,1,4,5,8,8,2.5,8.0,5.5,Never hotspot
R037_C068,0,0,0,0,0,0,0.0,0.0,Never hotspot,0,0,0,0.0,0.0,0.0,7,11,9,11,9,9.0,10.0,1.0,Never hotspot
R037_C069,0,0,0,0,0,0,0.0,0.0,Never hotspot,0,0,0,0.0,0.0,0.0,2,2,3,0,3,2.0,1.5,-0.5,Never hotspot
R037_C070,0,0,0,0,0,0,0.0,0.0,Never hotspot,0,0,0,0.0,0.0,0.0,2,2,0,1,3,2.0,2.0,0.0,Never hotspot
R037_C071,0,0,0,0,0,0,0.0,0.0,Never hotspot,0,0,0,0.0,0.0,0.0,4,4,2,4,6,4.0,5.0,1.0,Never hotspot
R037_C072,0,0,0,0,0,0,0.0,0.0,Never hotspot,0,0,0,0.0,0.0,0.0,5,3,3,4,3,4.0,3.5,-0.5,Never hotspot
R037_C073,0,0,0,0,0,0,0.0,0.0,Never hotspot,0,0,0,0.0,0.0,0.0,5,5,4,1,7,5.0,4.0,-1.0,Never hotspot
R037_C074,0,0,0,0,0,0,0.0,0.0,Never hotspot,0,0,0,0.0,0.0,0.0,5,4,3,3,2,4.5,2.5,-2.0,Never hotspot
R037_C075,0,0,0,0,0,0,0.0,0.0,Never hotspot,0,0,0,0.0,0.0,0.0,4,5,11,8,7,4.5,7.5,3.0,Never hotspot
R037_C076,1,0,0,0,0,1,0.2,0.2,Occasional hotspot,1,1,0,0.5,0.0,-0.5,36,32,27,28,18,34.0,23.0,-11.0,Declining
R037_C077,0,0,0,0,0,0,0.0,0.0,Never hotspot,0,0,0,0.0,0.0,0.0,11,5,10,12,5,8.0,8.5,0.5,Never hotspot
R037_C078,0,0,0,0,0,0,0.0,0.0,Never hotspot,0,0,0,0.0,0.0,0.0,8,4,12,5,10,6.0,7.5,1.5,Never hotspot
R037_C079,0,0,0,0,0,0,0.0,0.0,Never hotspot,0,0,0,0.0,0.0,0.0,6,5,4,2,0,5.5,1.0,-4.5,Never hotspot
R037_C080,0,0,0,0,0,0,0.0,0.0,Never hotspot,0,0,0,0.0,0.0,0.0,1,1,1,2,2,1.0,2.0,1.0,Never hotspot
R037_C081,0,0,0,0,0,0,0.0,0.0,Never hotspot,0,0,0,0.0,0.0,0.0,6,9,4,6,13,7.5,9.5,2.0,Never hotspot
R037_C082,0,0,0,0,0,0,0.0,0.0,Never hotspot,0,0,0,0.0,0.0,0.0,3,3,7,7,2,3.0,4.5,1.5,Never hotspot
R037_C083,0,0,0,0,0,0,0.0,0.0,Never hotspot,0,0,0,0.0,0.0,0.0,5,5,3,5,3,5.0,4.0,-1.0,Never hotspot
R037_C084,0,0,0,0,0,0,0.0,0.0,Never hotspot,0,0,0,0.0,0.0,0.0,13,12,16,17,16,12.5,16.5,4.0,Never hotspot
R037_C085,0,0,0,0,0,0,0.0,0.0,Never hotspot,0,0,0,0.0,0.0,0.0,6,12,8,3,9,9.0,6.0,-3.0,Never hotspot
R037_C086,0,0,0,0,0,0,0.0,0.0,Never hotspot,0,0,0,0.0,0.0,0.0,17,21,18,27,14,19.0,20.5,1.5,Never hotspot
R037_C087,0,0,0,0,0,0,0.0,0.0,Never hotspot,0,0,0,0.0,0.0,0.0,18,12,14,18,16,15.0,17.0,2.0,Never hotspot
R037_C088,1,0,1,1,1,4,0.8,0.8,Persistent hotspot,3,1,2,0.5,1.0,0.5,33,29,44,54,42,31.0,48.0,17.0,Persistent
R037_C089,1,1,1,1,1,5,1.0,1.0,Persistent hotspot,5,2,2,1.0,1.0,0.0,117,132,141,171,145,124.5,158.0,33.5,Persistent
R037_C090,1,1,1,1,1,5,1.0,1.0,Persistent hotspot,5,2,2,1.0,1.0,0.0,57,47,62,65,57,52.0,61.0,9.0,Persistent
R037_C091,1,1,1,1,1,5,1.0,1.0,Persistent hotspot,5,2,2,1.0,1.0,0.0,56,77,70,73,74,66.5,73.5,7.0,Persistent
R037_C092,1,1,1,1,1,5,1.0,1.0,Persistent hotspot,5,2,2,1.0,1.0,0.0,70,112,123,90,96,91.0,93.0,2.0,Persistent
R037_C093,1,1,1,1,1,5,1.0,1.0,Persistent hotspot,5,2,2,1.0,1.0,0.0,174,188,231,229,216,181.0,222.5,41.5,Persistent
R037_C094,1,1,1,1,1,5,1.0,1.0,Persistent hotspot,5,2,2,1.0,1.0,0.0,188,174,220,186,205,181.0,195.5,14.5,Persistent
R037_C095,1,1,1,1,1,5,1.0,1.0,Persistent hotspot,5,2,2,1.0,1.0,0.0,46,56,67,64,78,51.0,71.0,20.0,Persistent
R037_C096,0,1,1,0,0,2,0.4,0.4,Repeated hotspot,2,1,0,0.5,0.0,-0.5,31,37,36,25,27,34.0,26.0,-8.0,Declining
R037_C097,0,0,0,0,0,0,0.0,0.0,Never hotspot,0,0,0,0.0,0.0,0.0,11,8,14,14,11,9.5,12.5,3.0,Never hotspot
R037_C098,0,0,0,0,0,0,0.0,0.0,Never hotspot,0,0,0,0.0,0.0,0.0,16,21,18,16,14,18.5,15.0,-3.5,Never hotspot
R037_C099,1,0,0,0,0,1,0.2,0.2,Occasional hotspot,1,1,0,0.5,0.0,-0.5,36,28,28,31,20,32.0,25.5,-6.5,Declining
R037_C100,0,0,0,0,0,0,0.0,0.0,Never hotspot,0,0,0,0.0,0.0,0.0,13,16,17,14,15,14.5,14.5,0.0,Never hotspot
R037_C101,0,0,0,0,0,0,0.0,0.0,Never hotspot,0,0,0,0.0,0.0,0.0,8,6,9,5,5,7.0,5.0,-2.0,Never hotspot
R037_C102,0,0,0,0,0,0,0.0,0.0,Never hotspot,0,0,0,0.0,0.0,0.0,21,15,23,15,27,18.0,21.0,3.0,Never hotspot
R037_C103,0,0,0,0,0,0,0.0,0.0,Never hotspot,0,0,0,0.0,0.0,0.0,6,7,13,15,10,6.5,12.5,6.0,Never hotspot
R037_C104,0,0,0,0,0,0,0.0,0.0,Never hotspot,0,0,0,0.0,0.0,0.0,8,6,7,7,7,7.0,7.0,0.0,Never hotspot
R037_C105,0,0,0,0,0,0,0.0,0.0,Never hotspot,0,0,0,0.0,0.0,0.0,6,10,11,16,12,8.0,14.0,6.0,Never hotspot
R037_C106,0,0,0,0,0,0,0.0,0.0,Never hotspot,0,0,0,0.0,0.0,0.0,0,1,2,5,2,0.5,3.5,3.0,Never hotspot
R038_C024,0,0,0,0,0,0,0.0,0.0,Never hotspot,0,0,0,0.0,0.0,0.0,0,1,2,0,0,0.5,0.0,-0.5,Never hotspot
R038_C025,0,0,0,0,0,0,0.0,0.0,Never hotspot,0,0,0,0.0,0.0,0.0,1,4,3,0,1,2.5,0.5,-2.0,Never hotspot
R038_C026,0,0,0,0,0,0,0.0,0.0,Never hotspot,0,0,0,0.0,0.0,0.0,15,24,29,25,21,19.5,23.0,3.5,Never hotspot
R038_C027,0,0,0,0,0,0,0.0,0.0,Never hotspot,0,0,0,0.0,0.0,0.0,2,3,3,6,10,2.5,8.0,5.5,Never hotspot
R038_C028,0,0,0,0,0,0,0.0,0.0,Never hotspot,0,0,0,0.0,0.0,0.0,3,1,8,5,6,2.0,5.5,3.5,Never hotspot
R038_C029,0,0,0,0,0,0,0.0,0.0,Never hotspot,0,0,0,0.0,0.0,0.0,6,8,10,8,9,7.0,8.5,1.5,Never hotspot
R038_C035,0,0,0,0,0,0,0.0,0.0,Never hotspot,0,0,0,0.0,0.0,0.0,4,5,6,7,5,4.5,6.0,1.5,Never hotspot
R038_C036,0,0,0,0,0,0,0.0,0.0,Never hotspot,0,0,0,0.0,0.0,0.0,13,13,9,18,12,13.0,15.0,2.0,Never hotspot
R038_C037,1,1,0,0,0,2,0.4,0.4,Repeated hotspot,2,2,0,1.0,0.0,-1.0,34,36,23,33,25,35.0,29.0,-6.0,Declining
R038_C038,0,0,0,0,0,0,0.0,0.0,Never hotspot,0,0,0,0.0,0.0,0.0,9,12,11,12,15,10.5,13.5,3.0,Never hotspot
R038_C039,0,0,0,0,0,0,0.0,0.0,Never hotspot,0,0,0,0.0,0.0,0.0,2,2,1,2,1,2.0,1.5,-0.5,Never hotspot
R038_C040,0,0,0,0,0,0,0.0,0.0,Never hotspot,0,0,0,0.0,0.0,0.0,7,4,3,6,2,5.5,4.0,-1.5,Never hotspot
R038_C041,0,0,0,0,0,0,0.0,0.0,Never hotspot,0,0,0,0.0,0.0,0.0,9,11,4,7,6,10.0,6.5,-3.5,Never hotspot
R038_C042,0,0,0,0,0,0,0.0,0.0,Never hotspot,0,0,0,0.0,0.0,0.0,1,2,1,2,1,1.5,1.5,0.0,Never hotspot
R038_C043,0,0,0,0,0,0,0.0,0.0,Never hotspot,0,0,0,0.0,0.0,0.0,1,6,3,1,3,3.5,2.0,-1.5,Never hotspot
R038_C045,0,0,0,0,0,0,0.0,0.0,Never hotspot,0,0,0,0.0,0.0,0.0,1,2,1,3,2,1.5,2.5,1.0,Never hotspot
R038_C046,0,0,0,0,0,0,0.0,0.0,Never hotspot,0,0,0,0.0,0.0,0.0,8,7,11,13,8,7.5,10.5,3.0,Never hotspot
R038_C047,0,0,0,0,0,0,0.0,0.0,Never hotspot,0,0,0,0.0,0.0,0.0,8,16,11,18,9,12.0,13.5,1.5,Never hotspot
R038_C048,0,0,0,0,0,0,0.0,0.0,Never hotspot,0,0,0,0.0,0.0,0.0,6,5,7,5,6,5.5,5.5,0.0,Never hotspot
R038_C049,0,0,0,0,0,0,0.0,0.0,Never hotspot,0,0,0,0.0,0.0,0.0,2,7,2,4,7,4.5,5.5,1.0,Never hotspot
R038_C050,0,0,0,0,0,0,0.0,0.0,Never hotspot,0,0,0,0.0,0.0,0.0,6,9,7,9,8,7.5,8.5,1.0,Never hotspot
R038_C051,0,0,0,0,0,0,0.0,0.0,Never hotspot,0,0,0,0.0,0.0,0.0,11,14,12,10,9,12.5,9.5,-3.0,Never hotspot
R038_C052,0,0,0,0,0,0,0.0,0.0,Never hotspot,0,0,0,0.0,0.0,0.0,14,10,21,9,22,12.0,15.5,3.5,Never hotspot
R038_C053,0,0,0,0,0,0,0.0,0.0,Never hotspot,0,0,0,0.0,0.0,0.0,10,5,5,7,3,7.5,5.0,-2.5,Never hotspot
R038_C054,0,0,0,0,0,0,0.0,0.0,Never hotspot,0,0,0,0.0,0.0,0.0,1,3,7,1,3,2.0,2.0,0.0,Never hotspot
R038_C055,0,0,0,0,0,0,0.0,0.0,Never hotspot,0,0,0,0.0,0.0,0.0,0,3,3,1,2,1.5,1.5,0.0,Never hotspot
R038_C056,0,0,0,0,0,0,0.0,0.0,Never hotspot,0,0,0,0.0,0.0,0.0,0,3,0,1,1,1.5,1.0,-0.5,Never hotspot
R038_C057,0,0,0,0,0,0,0.0,0.0,Never hotspot,0,0,0,0.0,0.0,0.0,1,1,0,1,1,1.0,1.0,0.0,Never hotspot
R038_C058,0,0,0,0,0,0,0.0,0.0,Never hotspot,0,0,0,0.0,0.0,0.0,1,0,6,1,5,0.5,3.0,2.5,Never hotspot
R038_C059,0,0,0,0,0,0,0.0,0.0,Never hotspot,0,0,0,0.0,0.0,0.0,11,7,10,11,11,9.0,11.0,2.0,Never hotspot
R038_C060,0,0,0,0,0,0,0.0,0.0,Never hotspot,0,0,0,0.0,0.0,0.0,0,2,5,0,1,1.0,0.5,-0.5,Never hotspot
R038_C061,0,0,0,0,0,0,0.0,0.0,Never hotspot,0,0,0,0.0,0.0,0.0,8,8,7,7,5,8.0,6.0,-2.0,Never hotspot
R038_C062,0,0,0,0,0,0,0.0,0.0,Never hotspot,0,0,0,0.0,0.0,0.0,12,7,11,8,8,9.5,8.0,-1.5,Never hotspot
R038_C063,0,0,0,0,0,0,0.0,0.0,Never hotspot,0,0,0,0.0,0.0,0.0,17,8,18,16,23,12.5,19.5,7.0,Never hotspot
R038_C064,0,0,0,0,0,0,0.0,0.0,Never hotspot,0,0,0,0.0,0.0,0.0,5,8,20,13,21,6.5,17.0,10.5,Never hotspot
R038_C065,0,0,0,0,0,0,0.0,0.0,Never hotspot,0,0,0,0.0,0.0,0.0,2,2,1,2,5,2.0,3.5,1.5,Never hotspot
R038_C066,0,0,0,0,0,0,0.0,0.0,Never hotspot,0,0,0,0.0,0.0,0.0,2,2,6,2,2,2.0,2.0,0.0,Never hotspot
R038_C067,0,0,0,0,0,0,0.0,0.0,Never hotspot,0,0,0,0.0,0.0,0.0,23,18,18,26,27,20.5,26.5,6.0,Never hotspot
R038_C068,0,0,0,0,0,0,0.0,0.0,Never hotspot,0,0,0,0.0,0.0,0.0,4,0,4,1,3,2.0,2.0,0.0,Never hotspot
R038_C069,0,0,0,0,0,0,0.0,0.0,Never hotspot,0,0,0,0.0,0.0,0.0,3,1,5,2,3,2.0,2.5,0.5,Never hotspot
R038_C070,0,0,0,0,0,0,0.0,0.0,Never hotspot,0,0,0,0.0,0.0,0.0,3,3,2,3,4,3.0,3.5,0.5,Never hotspot
R038_C071,0,0,0,0,0,0,0.0,0.0,Never hotspot,0,0,0,0.0,0.0,0.0,1,4,2,3,5,2.5,4.0,1.5,Never hotspot
R038_C072,0,0,0,0,0,0,0.0,0.0,Never hotspot,0,0,0,0.0,0.0,0.0,1,2,3,3,1,1.5,2.0,0.5,Never hotspot
R038_C073,0,0,0,0,0,0,0.0,0.0,Never hotspot,0,0,0,0.0,0.0,0.0,4,4,4,2,3,4.0,2.5,-1.5,Never hotspot
R038_C074,0,0,0,0,0,0,0.0,0.0,Never hotspot,0,0,0,0.0,0.0,0.0,0,1,0,4,0,0.5,2.0,1.5,Never hotspot
R038_C075,0,0,0,0,0,0,0.0,0.0,Never hotspot,0,0,0,0.0,0.0,0.0,1,1,1,2,1,1.0,1.5,0.5,Never hotspot
R038_C076,0,0,0,0,0,0,0.0,0.0,Never hotspot,0,0,0,0.0,0.0,0.0,7,3,7,4,6,5.0,5.0,0.0,Never hotspot
R038_C077,1,1,1,1,1,5,1.0,1.0,Persistent hotspot,5,2,2,1.0,1.0,0.0,57,73,70,68,53,65.0,60.5,-4.5,Persistent
R038_C078,0,0,0,0,0,0,0.0,0.0,Never hotspot,0,0,0,0.0,0.0,0.0,19,14,19,18,15,16.5,16.5,0.0,Never hotspot
R038_C079,0,0,0,0,0,0,0.0,0.0,Never hotspot,0,0,0,0.0,0.0,0.0,2,5,3,7,4,3.5,5.5,2.0,Never hotspot
R038_C080,0,0,0,0,0,0,0.0,0.0,Never hotspot,0,0,0,0.0,0.0,0.0,5,4,6,9,7,4.5,8.0,3.5,Never hotspot
R038_C081,0,0,0,0,0,0,0.0,0.0,Never hotspot,0,0,0,0.0,0.0,0.0,4,1,6,1,6,2.5,3.5,1.0,Never hotspot
R038_C082,0,0,0,0,0,0,0.0,0.0,Never hotspot,0,0,0,0.0,0.0,0.0,4,3,7,3,5,3.5,4.0,0.5,Never hotspot
R038_C083,0,0,0,0,0,0,0.0,0.0,Never hotspot,0,0,0,0.0,0.0,0.0,10,3,7,5,9,6.5,7.0,0.5,Never hotspot
R038_C084,0,0,0,0,0,0,0.0,0.0,Never hotspot,0,0,0,0.0,0.0,0.0,7,2,12,11,8,4.5,9.5,5.0,Never hotspot
R038_C085,0,0,0,0,0,0,0.0,0.0,Never hotspot,0,0,0,0.0,0.0,0.0,2,5,5,4,0,3.5,2.0,-1.5,Never hotspot
R038_C086,0,0,0,0,0,0,0.0,0.0,Never hotspot,0,0,0,0.0,0.0,0.0,16,22,26,17,24,19.0,20.5,1.5,Never hotspot
R038_C087,0,0,0,0,0,0,0.0,0.0,Never hotspot,0,0,0,0.0,0.0,0.0,6,6,9,5,6,6.0,5.5,-0.5,Never hotspot
R038_C088,0,0,1,0,0,1,0.2,0.2,Occasional hotspot,1,0,0,0.0,0.0,0.0,22,29,40,32,22,25.5,27.0,1.5,Intermittent
R038_C089,1,1,1,1,1,5,1.0,1.0,Persistent hotspot,5,2,2,1.0,1.0,0.0,55,64,70,73,57,59.5,65.0,5.5,Persistent
R038_C090,1,1,1,1,1,5,1.0,1.0,Persistent hotspot,5,2,2,1.0,1.0,0.0,38,39,36,48,35,38.5,41.5,3.0,Persistent
R038_C091,0,0,1,1,1,3,0.6,0.6,Repeated hotspot,3,0,2,0.0,1.0,1.0,26,31,39,35,44,28.5,39.5,11.0,Emerging
R038_C092,1,1,1,1,1,5,1.0,1.0,Persistent hotspot,5,2,2,1.0,1.0,0.0,40,42,52,36,37,41.0,36.5,-4.5,Persistent
R038_C093,0,0,1,1,1,3,0.6,0.6,Repeated hotspot,3,0,2,0.0,1.0,1.0,31,33,37,41,40,32.0,40.5,8.5,Emerging
R038_C094,1,1,1,1,1,5,1.0,1.0,Persistent hotspot,5,2,2,1.0,1.0,0.0,83,116,115,126,109,99.5,117.5,18.0,Persistent
R038_C095,0,0,0,0,0,0,0.0,0.0,Never hotspot,0,0,0,0.0,0.0,0.0,25,20,14,21,15,22.5,18.0,-4.5,Never hotspot
R038_C096,1,1,1,1,1,5,1.0,1.0,Persistent hotspot,5,2,2,1.0,1.0,0.0,44,56,42,50,43,50.0,46.5,-3.5,Persistent
R038_C097,0,0,0,0,0,0,0.0,0.0,Never hotspot,0,0,0,0.0,0.0,0.0,3,8,6,6,3,5.5,4.5,-1.0,Never hotspot
R038_C098,0,0,0,0,0,0,0.0,0.0,Never hotspot,0,0,0,0.0,0.0,0.0,10,20,14,10,12,15.0,11.0,-4.0,Never hotspot
R038_C099,0,0,0,0,0,0,0.0,0.0,Never hotspot,0,0,0,0.0,0.0,0.0,7,5,4,2,2,6.0,2.0,-4.0,Never hotspot
R038_C100,0,0,0,0,0,0,0.0,0.0,Never hotspot,0,0,0,0.0,0.0,0.0,14,17,17,16,16,15.5,16.0,0.5,Never hotspot
R038_C101,0,0,1,0,1,2,0.4,0.4,Repeated hotspot,1,0,1,0.0,0.5,0.5,25,27,42,33,34,26.0,33.5,7.5,Emerging
R038_C102,0,0,0,0,0,0,0.0,0.0,Never hotspot,0,0,0,0.0,0.0,0.0,5,4,7,17,11,4.5,14.0,9.5,Never hotspot
R038_C103,0,0,0,0,0,0,0.0,0.0,Never hotspot,0,0,0,0.0,0.0,0.0,8,7,6,6,6,7.5,6.0,-1.5,Never hotspot
R038_C104,0,0,0,0,0,0,0.0,0.0,Never hotspot,0,0,0,0.0,0.0,0.0,5,15,4,13,9,10.0,11.0,1.0,Never hotspot
R038_C105,0,0,0,0,0,0,0.0,0.0,Never hotspot,0,0,0,0.0,0.0,0.0,4,8,6,10,6,6.0,8.0,2.0,Never hotspot
R038_C106,0,0,0,0,0,0,0.0,0.0,Never hotspot,0,0,0,0.0,0.0,0.0,1,2,3,4,1,1.5,2.5,1.0,Never hotspot
R038_C107,0,0,0,0,0,0,0.0,0.0,Never hotspot,0,0,0,0.0,0.0,0.0,0,0,0,1,0,0.0,0.5,0.5,Never hotspot
R039_C022,0,0,0,0,0,0,0.0,0.0,Never hotspot,0,0,0,0.0,0.0,0.0,0,0,0,1,0,0.0,0.5,0.5,Never hotspot
R039_C023,0,0,0,0,0,0,0.0,0.0,Never hotspot,0,0,0,0.0,0.0,0.0,1,1,1,0,1,1.0,0.5,-0.5,Never hotspot
R039_C024,0,0,0,0,0,0,0.0,0.0,Never hotspot,0,0,0,0.0,0.0,0.0,9,4,6,0,7,6.5,3.5,-3.0,Never hotspot
R039_C025,0,0,0,0,0,0,0.0,0.0,Never hotspot,0,0,0,0.0,0.0,0.0,19,22,18,10,19,20.5,14.5,-6.0,Never hotspot
R039_C026,0,0,0,0,0,0,0.0,0.0,Never hotspot,0,0,0,0.0,0.0,0.0,6,5,7,15,10,5.5,12.5,7.0,Never hotspot
R039_C027,0,0,0,0,0,0,0.0,0.0,Never hotspot,0,0,0,0.0,0.0,0.0,0,0,1,0,0,0.0,0.0,0.0,Never hotspot
R039_C028,0,0,0,0,0,0,0.0,0.0,Never hotspot,0,0,0,0.0,0.0,0.0,2,3,2,0,3,2.5,1.5,-1.0,Never hotspot
R039_C029,0,0,0,0,0,0,0.0,0.0,Never hotspot,0,0,0,0.0,0.0,0.0,8,9,6,12,5,8.5,8.5,0.0,Never hotspot
R039_C030,0,0,0,0,0,0,0.0,0.0,Never hotspot,0,0,0,0.0,0.0,0.0,0,2,3,4,0,1.0,2.0,1.0,Never hotspot
R039_C031,0,0,0,0,0,0,0.0,0.0,Never hotspot,0,0,0,0.0,0.0,0.0,0,0,0,3,0,0.0,1.5,1.5,Never hotspot
R039_C032,0,0,0,0,0,0,0.0,0.0,Never hotspot,0,0,0,0.0,0.0,0.0,0,0,1,2,0,0.0,1.0,1.0,Never hotspot
R039_C034,0,0,0,0,0,0,0.0,0.0,Never hotspot,0,0,0,0.0,0.0,0.0,0,2,2,2,0,1.0,1.0,0.0,Never hotspot
R039_C035,0,0,0,0,0,0,0.0,0.0,Never hotspot,0,0,0,0.0,0.0,0.0,2,5,5,7,3,3.5,5.0,1.5,Never hotspot
R039_C036,0,0,0,0,0,0,0.0,0.0,Never hotspot,0,0,0,0.0,0.0,0.0,2,1,5,6,5,1.5,5.5,4.0,Never hotspot
R039_C037,0,0,0,0,0,0,0.0,0.0,Never hotspot,0,0,0,0.0,0.0,0.0,2,3,5,3,2,2.5,2.5,0.0,Never hotspot
R039_C038,0,0,0,0,0,0,0.0,0.0,Never hotspot,0,0,0,0.0,0.0,0.0,10,12,5,13,9,11.0,11.0,0.0,Never hotspot
R039_C040,0,0,0,0,0,0,0.0,0.0,Never hotspot,0,0,0,0.0,0.0,0.0,1,0,2,0,0,0.5,0.0,-0.5,Never hotspot
R039_C041,0,0,0,0,0,0,0.0,0.0,Never hotspot,0,0,0,0.0,0.0,0.0,1,3,0,3,1,2.0,2.0,0.0,Never hotspot
R039_C042,0,0,0,0,0,0,0.0,0.0,Never hotspot,0,0,0,0.0,0.0,0.0,6,6,7,8,7,6.0,7.5,1.5,Never hotspot
R039_C043,0,0,0,0,0,0,0.0,0.0,Never hotspot,0,0,0,0.0,0.0,0.0,0,2,0,1,0,1.0,0.5,-0.5,Never hotspot
R039_C044,0,0,0,0,0,0,0.0,0.0,Never hotspot,0,0,0,0.0,0.0,0.0,1,6,5,6,2,3.5,4.0,0.5,Never hotspot
R039_C045,0,0,0,0,0,0,0.0,0.0,Never hotspot,0,0,0,0.0,0.0,0.0,2,2,3,5,1,2.0,3.0,1.0,Never hotspot
R039_C046,0,0,0,0,0,0,0.0,0.0,Never hotspot,0,0,0,0.0,0.0,0.0,5,6,10,3,5,5.5,4.0,-1.5,Never hotspot
R039_C047,0,0,0,0,0,0,0.0,0.0,Never hotspot,0,0,0,0.0,0.0,0.0,20,16,20,23,18,18.0,20.5,2.5,Never hotspot
R039_C048,0,0,0,0,0,0,0.0,0.0,Never hotspot,0,0,0,0.0,0.0,0.0,15,13,10,8,6,14.0,7.0,-7.0,Never hotspot
R039_C049,0,0,0,0,0,0,0.0,0.0,Never hotspot,0,0,0,0.0,0.0,0.0,16,19,15,7,9,17.5,8.0,-9.5,Never hotspot
R039_C050,0,0,0,0,0,0,0.0,0.0,Never hotspot,0,0,0,0.0,0.0,0.0,12,11,16,8,12,11.5,10.0,-1.5,Never hotspot
R039_C051,0,0,0,0,0,0,0.0,0.0,Never hotspot,0,0,0,0.0,0.0,0.0,5,6,4,2,5,5.5,3.5,-2.0,Never hotspot
R039_C052,0,0,0,0,0,0,0.0,0.0,Never hotspot,0,0,0,0.0,0.0,0.0,4,4,4,8,8,4.0,8.0,4.0,Never hotspot
R039_C053,0,0,0,0,0,0,0.0,0.0,Never hotspot,0,0,0,0.0,0.0,0.0,6,5,1,3,5,5.5,4.0,-1.5,Never hotspot
R039_C054,0,0,0,0,0,0,0.0,0.0,Never hotspot,0,0,0,0.0,0.0,0.0,1,3,1,1,1,2.0,1.0,-1.0,Never hotspot
R039_C055,0,0,0,0,0,0,0.0,0.0,Never hotspot,0,0,0,0.0,0.0,0.0,1,9,5,3,7,5.0,5.0,0.0,Never hotspot
R039_C056,0,0,0,0,0,0,0.0,0.0,Never hotspot,0,0,0,0.0,0.0,0.0,0,2,0,1,2,1.0,1.5,0.5,Never hotspot
R039_C057,0,0,0,0,0,0,0.0,0.0,Never hotspot,0,0,0,0.0,0.0,0.0,0,1,2,1,2,0.5,1.5,1.0,Never hotspot
R039_C058,0,0,0,0,0,0,0.0,0.0,Never hotspot,0,0,0,0.0,0.0,0.0,5,3,4,7,3,4.0,5.0,1.0,Never hotspot
R039_C059,0,0,0,0,0,0,0.0,0.0,Never hotspot,0,0,0,0.0,0.0,0.0,4,7,7,8,8,5.5,8.0,2.5,Never hotspot
R039_C060,0,0,0,0,0,0,0.0,0.0,Never hotspot,0,0,0,0.0,0.0,0.0,2,3,6,5,5,2.5,5.0,2.5,Never hotspot
R039_C061,0,0,0,0,0,0,0.0,0.0,Never hotspot,0,0,0,0.0,0.0,0.0,1,0,1,2,0,0.5,1.0,0.5,Never hotspot
R039_C062,0,0,0,0,0,0,0.0,0.0,Never hotspot,0,0,0,0.0,0.0,0.0,10,22,27,11,17,16.0,14.0,-2.0,Never hotspot
R039_C063,0,0,0,0,0,0,0.0,0.0,Never hotspot,0,0,0,0.0,0.0,0.0,13,8,17,25,16,10.5,20.5,10.0,Never hotspot
R039_C064,0,0,0,0,0,0,0.0,0.0,Never hotspot,0,0,0,0.0,0.0,0.0,8,14,12,13,9,11.0,11.0,0.0,Never hotspot
R039_C065,0,0,0,0,0,0,0.0,0.0,Never hotspot,0,0,0,0.0,0.0,0.0,2,3,2,4,5,2.5,4.5,2.0,Never hotspot
R039_C066,0,0,0,0,0,0,0.0,0.0,Never hotspot,0,0,0,0.0,0.0,0.0,2,1,3,1,3,1.5,2.0,0.5,Never hotspot
R039_C067,0,0,0,0,0,0,0.0,0.0,Never hotspot,0,0,0,0.0,0.0,0.0,3,2,5,8,3,2.5,5.5,3.0,Never hotspot
R039_C068,0,0,0,0,0,0,0.0,0.0,Never hotspot,0,0,0,0.0,0.0,0.0,4,3,4,5,3,3.5,4.0,0.5,Never hotspot
R039_C069,0,0,0,0,0,0,0.0,0.0,Never hotspot,0,0,0,0.0,0.0,0.0,1,1,3,4,3,1.0,3.5,2.5,Never hotspot
R039_C070,0,0,0,0,0,0,0.0,0.0,Never hotspot,0,0,0,0.0,0.0,0.0,1,1,1,0,0,1.0,0.0,-1.0,Never hotspot
R039_C071,0,0,0,0,0,0,0.0,0.0,Never hotspot,0,0,0,0.0,0.0,0.0,2,2,1,0,1,2.0,0.5,-1.5,Never hotspot
R039_C072,0,0,0,0,0,0,0.0,0.0,Never hotspot,0,0,0,0.0,0.0,0.0,8,12,17,6,10,10.0,8.0,-2.0,Never hotspot
R039_C073,0,0,0,0,0,0,0.0,0.0,Never hotspot,0,0,0,0.0,0.0,0.0,6,10,21,10,9,8.0,9.5,1.5,Never hotspot
R039_C074,0,0,0,0,0,0,0.0,0.0,Never hotspot,0,0,0,0.0,0.0,0.0,5,11,15,6,6,8.0,6.0,-2.0,Never hotspot
R039_C075,0,0,0,0,0,0,0.0,0.0,Never hotspot,0,0,0,0.0,0.0,0.0,5,4,4,5,9,4.5,7.0,2.5,Never hotspot
R039_C076,0,0,0,0,0,0,0.0,0.0,Never hotspot,0,0,0,0.0,0.0,0.0,19,23,24,11,22,21.0,16.5,-4.5,Never hotspot
R039_C077,1,1,1,1,1,5,1.0,1.0,Persistent hotspot,5,2,2,1.0,1.0,0.0,113,140,132,138,162,126.5,150.0,23.5,Persistent
R039_C078,0,0,0,0,1,1,0.2,0.2,Occasional hotspot,1,0,1,0.0,0.5,0.5,28,31,25,27,35,29.5,31.0,1.5,Emerging
R039_C079,0,0,0,0,0,0,0.0,0.0,Never hotspot,0,0,0,0.0,0.0,0.0,11,4,9,8,8,7.5,8.0,0.5,Never hotspot
R039_C080,0,0,0,0,0,0,0.0,0.0,Never hotspot,0,0,0,0.0,0.0,0.0,4,4,8,4,6,4.0,5.0,1.0,Never hotspot
R039_C081,0,0,0,0,0,0,0.0,0.0,Never hotspot,0,0,0,0.0,0.0,0.0,13,9,18,17,11,11.0,14.0,3.0,Never hotspot
R039_C082,0,0,0,0,0,0,0.0,0.0,Never hotspot,0,0,0,0.0,0.0,0.0,1,4,3,7,5,2.5,6.0,3.5,Never hotspot
R039_C083,0,0,0,0,0,0,0.0,0.0,Never hotspot,0,0,0,0.0,0.0,0.0,5,7,7,7,3,6.0,5.0,-1.0,Never hotspot
R039_C084,0,0,0,0,0,0,0.0,0.0,Never hotspot,0,0,0,0.0,0.0,0.0,5,6,10,12,3,5.5,7.5,2.0,Never hotspot
R039_C085,0,0,0,0,0,0,0.0,0.0,Never hotspot,0,0,0,0.0,0.0,0.0,0,1,3,1,1,0.5,1.0,0.5,Never hotspot
R039_C086,0,0,0,0,0,0,0.0,0.0,Never hotspot,0,0,0,0.0,0.0,0.0,14,11,11,15,15,12.5,15.0,2.5,Never hotspot
R039_C087,0,0,0,0,0,0,0.0,0.0,Never hotspot,0,0,0,0.0,0.0,0.0,19,27,28,20,21,23.0,20.5,-2.5,Never hotspot
R039_C088,1,1,1,1,1,5,1.0,1.0,Persistent hotspot,5,2,2,1.0,1.0,0.0,80,113,115,104,90,96.5,97.0,0.5,Persistent
R039_C089,1,1,1,1,1,5,1.0,1.0,Persistent hotspot,5,2,2,1.0,1.0,0.0,47,53,71,61,37,50.0,49.0,-1.0,Persistent
R039_C090,1,1,1,1,1,5,1.0,1.0,Persistent hotspot,5,2,2,1.0,1.0,0.0,47,54,64,59,45,50.5,52.0,1.5,Persistent
R039_C091,1,1,1,1,1,5,1.0,1.0,Persistent hotspot,5,2,2,1.0,1.0,0.0,38,63,61,69,60,50.5,64.5,14.0,Persistent
R039_C092,0,0,0,0,0,0,0.0,0.0,Never hotspot,0,0,0,0.0,0.0,0.0,11,8,5,6,8,9.5,7.0,-2.5,Never hotspot
R039_C093,0,0,0,0,0,0,0.0,0.0,Never hotspot,0,0,0,0.0,0.0,0.0,3,2,5,4,3,2.5,3.5,1.0,Never hotspot
R039_C094,1,1,1,1,1,5,1.0,1.0,Persistent hotspot,5,2,2,1.0,1.0,0.0,36,42,43,39,38,39.0,38.5,-0.5,Persistent
R039_C095,0,0,1,0,1,2,0.4,0.4,Repeated hotspot,1,0,1,0.0,0.5,0.5,23,32,46,30,38,27.5,34.0,6.5,Emerging
R039_C096,1,1,1,1,1,5,1.0,1.0,Persistent hotspot,5,2,2,1.0,1.0,0.0,46,48,54,52,42,47.0,47.0,0.0,Persistent
R039_C097,0,0,0,0,0,0,0.0,0.0,Never hotspot,0,0,0,0.0,0.0,0.0,8,8,10,9,3,8.0,6.0,-2.0,Never hotspot
R039_C098,0,0,0,0,0,0,0.0,0.0,Never hotspot,0,0,0,0.0,0.0,0.0,1,3,0,0,5,2.0,2.5,0.5,Never hotspot
R039_C099,0,0,0,0,0,0,0.0,0.0,Never hotspot,0,0,0,0.0,0.0,0.0,3,4,9,3,5,3.5,4.0,0.5,Never hotspot
R039_C100,1,0,1,1,1,4,0.8,0.8,Persistent hotspot,3,1,2,0.5,1.0,0.5,37,27,40,37,37,32.0,37.0,5.0,Persistent
R039_C101,1,1,1,1,1,5,1.0,1.0,Persistent hotspot,5,2,2,1.0,1.0,0.0,87,104,129,134,103,95.5,118.5,23.0,Persistent
R039_C102,0,0,0,0,0,0,0.0,0.0,Never hotspot,0,0,0,0.0,0.0,0.0,10,9,16,13,14,9.5,13.5,4.0,Never hotspot
R039_C103,0,0,0,0,0,0,0.0,0.0,Never hotspot,0,0,0,0.0,0.0,0.0,14,10,17,16,10,12.0,13.0,1.0,Never hotspot
R039_C104,0,0,0,0,0,0,0.0,0.0,Never hotspot,0,0,0,0.0,0.0,0.0,4,15,13,12,16,9.5,14.0,4.5,Never hotspot
R039_C105,0,0,0,0,0,0,0.0,0.0,Never hotspot,0,0,0,0.0,0.0,0.0,0,2,0,0,0,1.0,0.0,-1.0,Never hotspot
R039_C106,0,0,0,0,0,0,0.0,0.0,Never hotspot,0,0,0,0.0,0.0,0.0,1,1,2,3,1,1.0,2.0,1.0,Never hotspot
R039_C107,0,0,0,0,0,0,0.0,0.0,Never hotspot,0,0,0,0.0,0.0,0.0,0,0,0,0,1,0.0,0.5,0.5,Never hotspot
R040_C023,0,0,0,0,0,0,0.0,0.0,Never hotspot,0,0,0,0.0,0.0,0.0,0,1,0,1,0,0.5,0.5,0.0,Never hotspot
R040_C024,0,0,0,0,0,0,0.0,0.0,Never hotspot,0,0,0,0.0,0.0,0.0,1,1,4,2,3,1.0,2.5,1.5,Never hotspot
R040_C025,0,0,0,0,0,0,0.0,0.0,Never hotspot,0,0,0,0.0,0.0,0.0,13,8,19,9,10,10.5,9.5,-1.0,Never hotspot
R040_C026,0,0,0,0,0,0,0.0,0.0,Never hotspot,0,0,0,0.0,0.0,0.0,7,9,2,5,2,8.0,3.5,-4.5,Never hotspot
R040_C027,0,0,0,0,0,0,0.0,0.0,Never hotspot,0,0,0,0.0,0.0,0.0,1,0,0,0,0,0.5,0.0,-0.5,Never hotspot
R040_C028,0,0,0,0,0,0,0.0,0.0,Never hotspot,0,0,0,0.0,0.0,0.0,2,1,2,6,2,1.5,4.0,2.5,Never hotspot
R040_C029,0,0,0,0,0,0,0.0,0.0,Never hotspot,0,0,0,0.0,0.0,0.0,4,2,3,2,3,3.0,2.5,-0.5,Never hotspot
R040_C030,0,0,0,0,0,0,0.0,0.0,Never hotspot,0,0,0,0.0,0.0,0.0,1,3,5,2,5,2.0,3.5,1.5,Never hotspot
R040_C031,0,0,0,0,0,0,0.0,0.0,Never hotspot,0,0,0,0.0,0.0,0.0,1,2,4,1,2,1.5,1.5,0.0,Never hotspot
R040_C032,0,0,0,0,0,0,0.0,0.0,Never hotspot,0,0,0,0.0,0.0,0.0,3,4,3,1,1,3.5,1.0,-2.5,Never hotspot
R040_C033,0,0,0,0,0,0,0.0,0.0,Never hotspot,0,0,0,0.0,0.0,0.0,0,1,3,0,1,0.5,0.5,0.0,Never hotspot
R040_C034,0,0,0,0,0,0,0.0,0.0,Never hotspot,0,0,0,0.0,0.0,0.0,4,1,2,0,3,2.5,1.5,-1.0,Never hotspot
R040_C035,0,0,0,0,0,0,0.0,0.0,Never hotspot,0,0,0,0.0,0.0,0.0,2,7,4,1,0,4.5,0.5,-4.0,Never hotspot
R040_C036,0,0,0,0,0,0,0.0,0.0,Never hotspot,0,0,0,0.0,0.0,0.0,0,0,2,3,1,0.0,2.0,2.0,Never hotspot
R040_C037,0,0,0,0,0,0,0.0,0.0,Never hotspot,0,0,0,0.0,0.0,0.0,4,9,5,4,5,6.5,4.5,-2.0,Never hotspot
R040_C038,0,0,0,0,0,0,0.0,0.0,Never hotspot,0,0,0,0.0,0.0,0.0,10,8,21,11,17,9.0,14.0,5.0,Never hotspot
R040_C039,0,0,0,0,0,0,0.0,0.0,Never hotspot,0,0,0,0.0,0.0,0.0,19,12,15,12,14,15.5,13.0,-2.5,Never hotspot
R040_C040,0,0,0,0,0,0,0.0,0.0,Never hotspot,0,0,0,0.0,0.0,0.0,6,6,3,7,7,6.0,7.0,1.0,Never hotspot
R040_C041,0,0,0,0,0,0,0.0,0.0,Never hotspot,0,0,0,0.0,0.0,0.0,6,4,2,7,1,5.0,4.0,-1.0,Never hotspot
R040_C042,0,0,0,0,0,0,0.0,0.0,Never hotspot,0,0,0,0.0,0.0,0.0,1,1,3,4,2,1.0,3.0,2.0,Never hotspot
R040_C043,0,0,0,0,0,0,0.0,0.0,Never hotspot,0,0,0,0.0,0.0,0.0,6,4,2,5,6,5.0,5.5,0.5,Never hotspot
R040_C044,0,0,0,0,0,0,0.0,0.0,Never hotspot,0,0,0,0.0,0.0,0.0,1,0,0,0,0,0.5,0.0,-0.5,Never hotspot
R040_C045,0,0,0,0,0,0,0.0,0.0,Never hotspot,0,0,0,0.0,0.0,0.0,3,0,1,1,1,1.5,1.0,-0.5,Never hotspot
R040_C046,0,0,0,0,0,0,0.0,0.0,Never hotspot,0,0,0,0.0,0.0,0.0,0,1,2,0,1,0.5,0.5,0.0,Never hotspot
R040_C047,0,0,0,0,0,0,0.0,0.0,Never hotspot,0,0,0,0.0,0.0,0.0,0,4,0,1,2,2.0,1.5,-0.5,Never hotspot
R040_C049,0,0,0,0,0,0,0.0,0.0,Never hotspot,0,0,0,0.0,0.0,0.0,6,9,10,2,6,7.5,4.0,-3.5,Never hotspot
R040_C050,0,0,0,0,0,0,0.0,0.0,Never hotspot,0,0,0,0.0,0.0,0.0,14,23,14,20,17,18.5,18.5,0.0,Never hotspot
R040_C051,0,0,0,0,0,0,0.0,0.0,Never hotspot,0,0,0,0.0,0.0,0.0,2,3,2,1,1,2.5,1.0,-1.5,Never hotspot
R040_C052,0,0,0,0,0,0,0.0,0.0,Never hotspot,0,0,0,0.0,0.0,0.0,5,7,12,11,10,6.0,10.5,4.5,Never hotspot
R040_C053,0,0,0,0,0,0,0.0,0.0,Never hotspot,0,0,0,0.0,0.0,0.0,7,7,8,4,7,7.0,5.5,-1.5,Never hotspot
R040_C054,0,0,0,0,0,0,0.0,0.0,Never hotspot,0,0,0,0.0,0.0,0.0,0,0,0,1,1,0.0,1.0,1.0,Never hotspot
R040_C055,0,0,0,0,0,0,0.0,0.0,Never hotspot,0,0,0,0.0,0.0,0.0,0,1,0,0,0,0.5,0.0,-0.5,Never hotspot
R040_C056,0,0,0,0,0,0,0.0,0.0,Never hotspot,0,0,0,0.0,0.0,0.0,2,3,1,2,3,2.5,2.5,0.0,Never hotspot
R040_C057,0,0,0,0,0,0,0.0,0.0,Never hotspot,0,0,0,0.0,0.0,0.0,5,9,11,4,10,7.0,7.0,0.0,Never hotspot
R040_C058,0,0,0,0,0,0,0.0,0.0,Never hotspot,0,0,0,0.0,0.0,0.0,9,12,9,8,15,10.5,11.5,1.0,Never hotspot
R040_C059,0,0,0,0,0,0,0.0,0.0,Never hotspot,0,0,0,0.0,0.0,0.0,7,9,7,8,5,8.0,6.5,-1.5,Never hotspot
R040_C060,0,0,0,0,0,0,0.0,0.0,Never hotspot,0,0,0,0.0,0.0,0.0,10,13,17,20,14,11.5,17.0,5.5,Never hotspot
R040_C061,0,0,0,0,0,0,0.0,0.0,Never hotspot,0,0,0,0.0,0.0,0.0,5,2,3,6,5,3.5,5.5,2.0,Never hotspot
R040_C062,0,0,0,0,0,0,0.0,0.0,Never hotspot,0,0,0,0.0,0.0,0.0,7,5,4,2,1,6.0,1.5,-4.5,Never hotspot
R040_C063,0,0,0,1,1,2,0.4,0.4,Repeated hotspot,2,0,2,0.0,1.0,1.0,29,31,27,41,37,30.0,39.0,9.0,Emerging
R040_C064,0,0,0,0,0,0,0.0,0.0,Never hotspot,0,0,0,0.0,0.0,0.0,3,1,8,7,2,2.0,4.5,2.5,Never hotspot
R040_C065,0,0,0,0,0,0,0.0,0.0,Never hotspot,0,0,0,0.0,0.0,0.0,3,8,7,10,14,5.5,12.0,6.5,Never hotspot
R040_C066,0,0,0,0,0,0,0.0,0.0,Never hotspot,0,0,0,0.0,0.0,0.0,4,1,1,4,5,2.5,4.5,2.0,Never hotspot
R040_C067,0,0,0,0,0,0,0.0,0.0,Never hotspot,0,0,0,0.0,0.0,0.0,1,1,0,2,2,1.0,2.0,1.0,Never hotspot
R040_C068,0,0,0,0,0,0,0.0,0.0,Never hotspot,0,0,0,0.0,0.0,0.0,1,1,0,2,1,1.0,1.5,0.5,Never hotspot
R040_C069,0,0,0,0,0,0,0.0,0.0,Never hotspot,0,0,0,0.0,0.0,0.0,4,2,5,4,1,3.0,2.5,-0.5,Never hotspot
R040_C070,0,0,0,0,0,0,0.0,0.0,Never hotspot,0,0,0,0.0,0.0,0.0,2,3,2,5,3,2.5,4.0,1.5,Never hotspot
R040_C071,0,0,0,0,0,0,0.0,0.0,Never hotspot,0,0,0,0.0,0.0,0.0,3,4,4,5,2,3.5,3.5,0.0,Never hotspot
R040_C072,0,0,0,0,0,0,0.0,0.0,Never hotspot,0,0,0,0.0,0.0,0.0,12,4,8,3,8,8.0,5.5,-2.5,Never hotspot
R040_C073,0,0,0,0,0,0,0.0,0.0,Never hotspot,0,0,0,0.0,0.0,0.0,6,8,5,11,5,7.0,8.0,1.0,Never hotspot
R040_C074,0,0,0,0,0,0,0.0,0.0,Never hotspot,0,0,0,0.0,0.0,0.0,5,10,13,13,6,7.5,9.5,2.0,Never hotspot
R040_C075,0,0,0,0,0,0,0.0,0.0,Never hotspot,0,0,0,0.0,0.0,0.0,15,9,17,5,13,12.0,9.0,-3.0,Never hotspot
R040_C076,1,0,0,0,0,1,0.2,0.2,Occasional hotspot,1,1,0,0.5,0.0,-0.5,39,22,29,17,21,30.5,19.0,-11.5,Declining
R040_C077,0,0,0,0,0,0,0.0,0.0,Never hotspot,0,0,0,0.0,0.0,0.0,18,11,12,11,10,14.5,10.5,-4.0,Never hotspot
R040_C078,0,0,0,0,0,0,0.0,0.0,Never hotspot,0,0,0,0.0,0.0,0.0,0,0,3,1,1,0.0,1.0,1.0,Never hotspot
R040_C079,0,0,0,0,0,0,0.0,0.0,Never hotspot,0,0,0,0.0,0.0,0.0,10,3,2,4,4,6.5,4.0,-2.5,Never hotspot
R040_C080,0,0,0,0,0,0,0.0,0.0,Never hotspot,0,0,0,0.0,0.0,0.0,3,3,1,2,1,3.0,1.5,-1.5,Never hotspot
R040_C081,0,0,0,0,0,0,0.0,0.0,Never hotspot,0,0,0,0.0,0.0,0.0,2,4,1,5,3,3.0,4.0,1.0,Never hotspot
R040_C082,0,0,0,0,0,0,0.0,0.0,Never hotspot,0,0,0,0.0,0.0,0.0,11,9,7,10,5,10.0,7.5,-2.5,Never hotspot
R040_C083,1,1,1,1,1,5,1.0,1.0,Persistent hotspot,5,2,2,1.0,1.0,0.0,73,81,95,111,86,77.0,98.5,21.5,Persistent
R040_C084,0,0,0,0,0,0,0.0,0.0,Never hotspot,0,0,0,0.0,0.0,0.0,5,4,9,6,13,4.5,9.5,5.0,Never hotspot
R040_C085,0,0,0,0,0,0,0.0,0.0,Never hotspot,0,0,0,0.0,0.0,0.0,11,11,11,12,10,11.0,11.0,0.0,Never hotspot
R040_C086,0,0,0,0,0,0,0.0,0.0,Never hotspot,0,0,0,0.0,0.0,0.0,1,3,2,4,5,2.0,4.5,2.5,Never hotspot
R040_C087,0,0,0,0,0,0,0.0,0.0,Never hotspot,0,0,0,0.0,0.0,0.0,5,3,4,4,4,4.0,4.0,0.0,Never hotspot
R040_C088,0,0,0,1,0,1,0.2,0.2,Occasional hotspot,1,0,1,0.0,0.5,0.5,18,23,19,35,15,20.5,25.0,4.5,Emerging
R040_C089,0,0,0,0,0,0,0.0,0.0,Never hotspot,0,0,0,0.0,0.0,0.0,15,19,27,19,15,17.0,17.0,0.0,Never hotspot
R040_C090,0,0,0,0,0,0,0.0,0.0,Never hotspot,0,0,0,0.0,0.0,0.0,10,10,11,6,7,10.0,6.5,-3.5,Never hotspot
R040_C091,1,1,1,1,1,5,1.0,1.0,Persistent hotspot,5,2,2,1.0,1.0,0.0,50,53,67,49,48,51.5,48.5,-3.0,Persistent
R040_C092,0,0,0,0,0,0,0.0,0.0,Never hotspot,0,0,0,0.0,0.0,0.0,19,12,25,22,19,15.5,20.5,5.0,Never hotspot
R040_C093,0,0,1,0,0,1,0.2,0.2,Occasional hotspot,1,0,0,0.0,0.0,0.0,30,30,37,21,31,30.0,26.0,-4.0,Intermittent
R040_C094,1,0,0,0,0,1,0.2,0.2,Occasional hotspot,1,1,0,0.5,0.0,-0.5,32,33,27,33,31,32.5,32.0,-0.5,Declining
R040_C095,0,0,0,0,0,0,0.0,0.0,Never hotspot,0,0,0,0.0,0.0,0.0,14,15,16,25,29,14.5,27.0,12.5,Never hotspot
R040_C096,1,1,1,1,1,5,1.0,1.0,Persistent hotspot,5,2,2,1.0,1.0,0.0,43,41,57,45,55,42.0,50.0,8.0,Persistent
R040_C097,0,0,0,0,0,0,0.0,0.0,Never hotspot,0,0,0,0.0,0.0,0.0,7,3,10,10,5,5.0,7.5,2.5,Never hotspot
R040_C098,0,0,0,0,0,0,0.0,0.0,Never hotspot,0,0,0,0.0,0.0,0.0,5,3,6,1,5,4.0,3.0,-1.0,Never hotspot
R040_C099,0,0,0,0,0,0,0.0,0.0,Never hotspot,0,0,0,0.0,0.0,0.0,3,3,2,2,1,3.0,1.5,-1.5,Never hotspot
R040_C100,0,0,0,0,0,0,0.0,0.0,Never hotspot,0,0,0,0.0,0.0,0.0,2,1,2,2,2,1.5,2.0,0.5,Never hotspot
R040_C101,0,0,0,0,0,0,0.0,0.0,Never hotspot,0,0,0,0.0,0.0,0.0,14,17,17,19,20,15.5,19.5,4.0,Never hotspot
R040_C102,0,0,0,0,0,0,0.0,0.0,Never hotspot,0,0,0,0.0,0.0,0.0,21,10,23,13,14,15.5,13.5,-2.0,Never hotspot
R040_C103,1,0,0,0,0,1,0.2,0.2,Occasional hotspot,1,1,0,0.5,0.0,-0.5,32,31,35,27,30,31.5,28.5,-3.0,Declining
R040_C104,0,0,0,0,0,0,0.0,0.0,Never hotspot,0,0,0,0.0,0.0,0.0,5,8,4,10,10,6.5,10.0,3.5,Never hotspot
R040_C105,0,0,0,0,0,0,0.0,0.0,Never hotspot,0,0,0,0.0,0.0,0.0,4,6,7,6,5,5.0,5.5,0.5,Never hotspot
R040_C106,0,0,0,0,0,0,0.0,0.0,Never hotspot,0,0,0,0.0,0.0,0.0,1,0,2,0,2,0.5,1.0,0.5,Never hotspot
R040_C107,0,0,0,0,0,0,0.0,0.0,Never hotspot,0,0,0,0.0,0.0,0.0,15,5,12,7,4,10.0,5.5,-4.5,Never hotspot
R040_C108,0,0,0,0,0,0,0.0,0.0,Never hotspot,0,0,0,0.0,0.0,0.0,0,1,0,0,0,0.5,0.0,-0.5,Never hotspot
R040_C109,0,0,0,0,0,0,0.0,0.0,Never hotspot,0,0,0,0.0,0.0,0.0,2,2,7,2,2,2.0,2.0,0.0,Never hotspot
R040_C110,0,0,0,0,0,0,0.0,0.0,Never hotspot,0,0,0,0.0,0.0,0.0,17,18,19,18,21,17.5,19.5,2.0,Never hotspot
R041_C024,0,0,0,0,0,0,0.0,0.0,Never hotspot,0,0,0,0.0,0.0,0.0,0,1,2,0,0,0.5,0.0,-0.5,Never hotspot
R041_C025,0,0,0,0,0,0,0.0,0.0,Never hotspot,0,0,0,0.0,0.0,0.0,5,4,8,2,5,4.5,3.5,-1.0,Never hotspot
R041_C026,0,0,0,0,0,0,0.0,0.0,Never hotspot,0,0,0,0.0,0.0,0.0,12,20,17,18,21,16.0,19.5,3.5,Never hotspot
R041_C027,0,0,0,0,0,0,0.0,0.0,Never hotspot,0,0,0,0.0,0.0,0.0,1,3,6,2,2,2.0,2.0,0.0,Never hotspot
R041_C028,0,0,0,0,0,0,0.0,0.0,Never hotspot,0,0,0,0.0,0.0,0.0,1,1,2,4,4,1.0,4.0,3.0,Never hotspot
R041_C029,0,0,0,0,0,0,0.0,0.0,Never hotspot,0,0,0,0.0,0.0,0.0,1,4,3,5,3,2.5,4.0,1.5,Never hotspot
R041_C030,0,0,0,0,0,0,0.0,0.0,Never hotspot,0,0,0,0.0,0.0,0.0,1,5,2,3,2,3.0,2.5,-0.5,Never hotspot
R041_C031,0,0,0,0,0,0,0.0,0.0,Never hotspot,0,0,0,0.0,0.0,0.0,1,2,3,3,1,1.5,2.0,0.5,Never hotspot
R041_C032,0,0,0,0,0,0,0.0,0.0,Never hotspot,0,0,0,0.0,0.0,0.0,6,11,7,3,1,8.5,2.0,-6.5,Never hotspot
R041_C033,0,0,0,0,0,0,0.0,0.0,Never hotspot,0,0,0,0.0,0.0,0.0,2,3,2,3,4,2.5,3.5,1.0,Never hotspot
R041_C034,0,0,0,0,0,0,0.0,0.0,Never hotspot,0,0,0,0.0,0.0,0.0,7,10,7,2,8,8.5,5.0,-3.5,Never hotspot
R041_C035,0,0,0,0,0,0,0.0,0.0,Never hotspot,0,0,0,0.0,0.0,0.0,20,20,17,15,10,20.0,12.5,-7.5,Never hotspot
R041_C036,0,0,0,0,0,0,0.0,0.0,Never hotspot,0,0,0,0.0,0.0,0.0,3,5,4,3,8,4.0,5.5,1.5,Never hotspot
R041_C037,0,0,0,0,0,0,0.0,0.0,Never hotspot,0,0,0,0.0,0.0,0.0,7,4,5,4,3,5.5,3.5,-2.0,Never hotspot
R041_C038,0,0,0,0,0,0,0.0,0.0,Never hotspot,0,0,0,0.0,0.0,0.0,3,1,3,2,3,2.0,2.5,0.5,Never hotspot
R041_C039,0,0,0,0,0,0,0.0,0.0,Never hotspot,0,0,0,0.0,0.0,0.0,4,2,3,5,3,3.0,4.0,1.0,Never hotspot
R041_C040,0,0,0,0,0,0,0.0,0.0,Never hotspot,0,0,0,0.0,0.0,0.0,0,1,1,0,0,0.5,0.0,-0.5,Never hotspot
R041_C041,0,0,0,0,0,0,0.0,0.0,Never hotspot,0,0,0,0.0,0.0,0.0,3,3,3,2,0,3.0,1.0,-2.0,Never hotspot
R041_C043,0,0,0,0,0,0,0.0,0.0,Never hotspot,0,0,0,0.0,0.0,0.0,0,1,1,0,1,0.5,0.5,0.0,Never hotspot
R041_C044,0,0,0,0,0,0,0.0,0.0,Never hotspot,0,0,0,0.0,0.0,0.0,0,0,3,0,0,0.0,0.0,0.0,Never hotspot
R041_C045,0,0,0,0,0,0,0.0,0.0,Never hotspot,0,0,0,0.0,0.0,0.0,0,2,1,0,0,1.0,0.0,-1.0,Never hotspot
R041_C046,0,0,0,0,0,0,0.0,0.0,Never hotspot,0,0,0,0.0,0.0,0.0,3,3,5,7,5,3.0,6.0,3.0,Never hotspot
R041_C047,0,0,0,0,0,0,0.0,0.0,Never hotspot,0,0,0,0.0,0.0,0.0,2,1,1,0,0,1.5,0.0,-1.5,Never hotspot
R041_C048,0,0,0,0,0,0,0.0,0.0,Never hotspot,0,0,0,0.0,0.0,0.0,1,0,1,0,0,0.5,0.0,-0.5,Never hotspot
R041_C049,0,0,0,0,0,0,0.0,0.0,Never hotspot,0,0,0,0.0,0.0,0.0,0,1,0,0,0,0.5,0.0,-0.5,Never hotspot
R041_C050,0,0,0,0,0,0,0.0,0.0,Never hotspot,0,0,0,0.0,0.0,0.0,3,6,6,2,4,4.5,3.0,-1.5,Never hotspot
R041_C051,0,0,0,0,0,0,0.0,0.0,Never hotspot,0,0,0,0.0,0.0,0.0,2,2,8,5,4,2.0,4.5,2.5,Never hotspot
R041_C052,0,0,0,0,0,0,0.0,0.0,Never hotspot,0,0,0,0.0,0.0,0.0,1,2,1,2,4,1.5,3.0,1.5,Never hotspot
R041_C053,0,0,0,0,0,0,0.0,0.0,Never hotspot,0,0,0,0.0,0.0,0.0,1,7,4,0,6,4.0,3.0,-1.0,Never hotspot
R041_C055,0,0,0,0,0,0,0.0,0.0,Never hotspot,0,0,0,0.0,0.0,0.0,0,1,0,1,1,0.5,1.0,0.5,Never hotspot
R041_C056,0,0,0,0,0,0,0.0,0.0,Never hotspot,0,0,0,0.0,0.0,0.0,1,1,0,0,0,1.0,0.0,-1.0,Never hotspot
R041_C057,0,0,0,0,0,0,0.0,0.0,Never hotspot,0,0,0,0.0,0.0,0.0,3,1,2,1,1,2.0,1.0,-1.0,Never hotspot
R041_C058,0,0,0,0,0,0,0.0,0.0,Never hotspot,0,0,0,0.0,0.0,0.0,1,6,8,5,11,3.5,8.0,4.5,Never hotspot
R041_C059,0,0,0,0,0,0,0.0,0.0,Never hotspot,0,0,0,0.0,0.0,0.0,3,6,5,18,7,4.5,12.5,8.0,Never hotspot
R041_C060,0,0,0,0,0,0,0.0,0.0,Never hotspot,0,0,0,0.0,0.0,0.0,3,9,10,4,7,6.0,5.5,-0.5,Never hotspot
R041_C061,0,0,0,0,0,0,0.0,0.0,Never hotspot,0,0,0,0.0,0.0,0.0,3,5,1,3,3,4.0,3.0,-1.0,Never hotspot
R041_C062,0,0,0,0,0,0,0.0,0.0,Never hotspot,0,0,0,0.0,0.0,0.0,4,8,4,8,12,6.0,10.0,4.0,Never hotspot
R041_C063,1,1,1,1,1,5,1.0,1.0,Persistent hotspot,5,2,2,1.0,1.0,0.0,94,78,123,141,132,86.0,136.5,50.5,Persistent
R041_C064,0,1,1,1,1,4,0.8,0.8,Persistent hotspot,4,1,2,0.5,1.0,0.5,31,45,53,55,62,38.0,58.5,20.5,Persistent
R041_C065,0,0,0,0,0,0,0.0,0.0,Never hotspot,0,0,0,0.0,0.0,0.0,11,18,20,21,16,14.5,18.5,4.0,Never hotspot
R041_C066,0,0,0,0,0,0,0.0,0.0,Never hotspot,0,0,0,0.0,0.0,0.0,6,6,3,5,6,6.0,5.5,-0.5,Never hotspot
R041_C067,0,0,0,0,0,0,0.0,0.0,Never hotspot,0,0,0,0.0,0.0,0.0,4,6,14,9,4,5.0,6.5,1.5,Never hotspot
R041_C068,0,0,0,0,0,0,0.0,0.0,Never hotspot,0,0,0,0.0,0.0,0.0,1,1,2,2,6,1.0,4.0,3.0,Never hotspot
R041_C069,0,0,0,0,0,0,0.0,0.0,Never hotspot,0,0,0,0.0,0.0,0.0,6,5,3,5,5,5.5,5.0,-0.5,Never hotspot
R041_C070,0,0,0,0,0,0,0.0,0.0,Never hotspot,0,0,0,0.0,0.0,0.0,1,0,0,1,2,0.5,1.5,1.0,Never hotspot
R041_C071,0,0,0,0,0,0,0.0,0.0,Never hotspot,0,0,0,0.0,0.0,0.0,2,1,1,0,1,1.5,0.5,-1.0,Never hotspot
R041_C072,0,0,0,0,0,0,0.0,0.0,Never hotspot,0,0,0,0.0,0.0,0.0,4,3,2,8,1,3.5,4.5,1.0,Never hotspot
R041_C073,0,0,0,0,0,0,0.0,0.0,Never hotspot,0,0,0,0.0,0.0,0.0,3,1,5,2,1,2.0,1.5,-0.5,Never hotspot
R041_C074,0,0,0,0,0,0,0.0,0.0,Never hotspot,0,0,0,0.0,0.0,0.0,5,6,2,5,5,5.5,5.0,-0.5,Never hotspot
R041_C075,0,0,0,0,0,0,0.0,0.0,Never hotspot,0,0,0,0.0,0.0,0.0,6,3,7,3,6,4.5,4.5,0.0,Never hotspot
R041_C076,0,0,0,0,0,0,0.0,0.0,Never hotspot,0,0,0,0.0,0.0,0.0,7,7,8,7,11,7.0,9.0,2.0,Never hotspot
R041_C077,0,0,0,0,0,0,0.0,0.0,Never hotspot,0,0,0,0.0,0.0,0.0,9,10,11,8,7,9.5,7.5,-2.0,Never hotspot
R041_C078,0,0,0,0,0,0,0.0,0.0,Never hotspot,0,0,0,0.0,0.0,0.0,9,8,8,9,8,8.5,8.5,0.0,Never hotspot
R041_C079,0,0,0,0,0,0,0.0,0.0,Never hotspot,0,0,0,0.0,0.0,0.0,4,3,3,3,5,3.5,4.0,0.5,Never hotspot
R041_C080,0,0,0,0,0,0,0.0,0.0,Never hotspot,0,0,0,0.0,0.0,0.0,1,3,3,3,3,2.0,3.0,1.0,Never hotspot
R041_C081,0,0,0,0,0,0,0.0,0.0,Never hotspot,0,0,0,0.0,0.0,0.0,4,3,5,5,1,3.5,3.0,-0.5,Never hotspot
R041_C082,0,0,0,0,0,0,0.0,0.0,Never hotspot,0,0,0,0.0,0.0,0.0,9,12,9,11,9,10.5,10.0,-0.5,Never hotspot
R041_C083,0,0,0,0,0,0,0.0,0.0,Never hotspot,0,0,0,0.0,0.0,0.0,9,11,4,9,8,10.0,8.5,-1.5,Never hotspot
R041_C084,0,0,0,0,0,0,0.0,0.0,Never hotspot,0,0,0,0.0,0.0,0.0,0,2,2,2,2,1.0,2.0,1.0,Never hotspot
R041_C085,0,0,0,0,0,0,0.0,0.0,Never hotspot,0,0,0,0.0,0.0,0.0,3,3,2,7,5,3.0,6.0,3.0,Never hotspot
R041_C086,0,0,0,0,0,0,0.0,0.0,Never hotspot,0,0,0,0.0,0.0,0.0,9,5,8,10,5,7.0,7.5,0.5,Never hotspot
R041_C087,0,0,0,0,0,0,0.0,0.0,Never hotspot,0,0,0,0.0,0.0,0.0,9,6,6,8,9,7.5,8.5,1.0,Never hotspot
R041_C088,1,0,1,1,1,4,0.8,0.8,Persistent hotspot,3,1,2,0.5,1.0,0.5,34,31,48,60,47,32.5,53.5,21.0,Persistent
R041_C089,0,0,0,0,0,0,0.0,0.0,Never hotspot,0,0,0,0.0,0.0,0.0,8,13,13,10,14,10.5,12.0,1.5,Never hotspot
R041_C090,0,0,0,0,0,0,0.0,0.0,Never hotspot,0,0,0,0.0,0.0,0.0,2,0,1,1,4,1.0,2.5,1.5,Never hotspot
R041_C091,0,0,0,0,0,0,0.0,0.0,Never hotspot,0,0,0,0.0,0.0,0.0,16,25,15,15,23,20.5,19.0,-1.5,Never hotspot
R041_C092,0,0,0,0,0,0,0.0,0.0,Never hotspot,0,0,0,0.0,0.0,0.0,3,6,6,5,4,4.5,4.5,0.0,Never hotspot
R041_C093,0,0,0,0,0,0,0.0,0.0,Never hotspot,0,0,0,0.0,0.0,0.0,6,9,13,9,10,7.5,9.5,2.0,Never hotspot
R041_C094,0,0,0,0,0,0,0.0,0.0,Never hotspot,0,0,0,0.0,0.0,0.0,2,11,4,4,7,6.5,5.5,-1.0,Never hotspot
R041_C095,0,0,0,0,0,0,0.0,0.0,Never hotspot,0,0,0,0.0,0.0,0.0,4,2,4,6,4,3.0,5.0,2.0,Never hotspot
R041_C096,0,0,0,0,0,0,0.0,0.0,Never hotspot,0,0,0,0.0,0.0,0.0,11,11,14,21,9,11.0,15.0,4.0,Never hotspot
R041_C097,0,0,0,0,0,0,0.0,0.0,Never hotspot,0,0,0,0.0,0.0,0.0,8,6,11,3,11,7.0,7.0,0.0,Never hotspot
R041_C098,0,0,0,0,0,0,0.0,0.0,Never hotspot,0,0,0,0.0,0.0,0.0,2,3,3,5,3,2.5,4.0,1.5,Never hotspot
R041_C099,0,0,0,0,0,0,0.0,0.0,Never hotspot,0,0,0,0.0,0.0,0.0,0,0,0,2,0,0.0,1.0,1.0,Never hotspot
R041_C100,0,0,0,0,0,0,0.0,0.0,Never hotspot,0,0,0,0.0,0.0,0.0,6,1,7,4,5,3.5,4.5,1.0,Never hotspot
R041_C101,0,0,0,0,0,0,0.0,0.0,Never hotspot,0,0,0,0.0,0.0,0.0,7,8,6,5,4,7.5,4.5,-3.0,Never hotspot
R041_C102,0,0,0,0,0,0,0.0,0.0,Never hotspot,0,0,0,0.0,0.0,0.0,7,4,5,6,6,5.5,6.0,0.5,Never hotspot
R041_C103,0,0,0,0,0,0,0.0,0.0,Never hotspot,0,0,0,0.0,0.0,0.0,16,20,23,17,25,18.0,21.0,3.0,Never hotspot
R041_C104,0,0,0,0,0,0,0.0,0.0,Never hotspot,0,0,0,0.0,0.0,0.0,17,12,15,15,23,14.5,19.0,4.5,Never hotspot
R041_C105,0,0,0,0,0,0,0.0,0.0,Never hotspot,0,0,0,0.0,0.0,0.0,8,6,6,7,3,7.0,5.0,-2.0,Never hotspot
R041_C106,0,0,0,0,0,0,0.0,0.0,Never hotspot,0,0,0,0.0,0.0,0.0,4,2,3,2,3,3.0,2.5,-0.5,Never hotspot
R041_C107,0,0,0,0,0,0,0.0,0.0,Never hotspot,0,0,0,0.0,0.0,0.0,3,0,10,6,7,1.5,6.5,5.0,Never hotspot
R041_C108,0,0,0,0,0,0,0.0,0.0,Never hotspot,0,0,0,0.0,0.0,0.0,4,4,10,4,4,4.0,4.0,0.0,Never hotspot
R041_C109,0,0,0,0,0,0,0.0,0.0,Never hotspot,0,0,0,0.0,0.0,0.0,10,14,11,10,11,12.0,10.5,-1.5,Never hotspot
R041_C110,1,1,1,1,1,5,1.0,1.0,Persistent hotspot,5,2,2,1.0,1.0,0.0,49,69,67,59,59,59.0,59.0,0.0,Persistent
R041_C111,0,0,0,0,0,0,0.0,0.0,Never hotspot,0,0,0,0.0,0.0,0.0,6,5,2,4,6,5.5,5.0,-0.5,Never hotspot
R042_C022,0,0,0,0,0,0,0.0,0.0,Never hotspot,0,0,0,0.0,0.0,0.0,0,1,1,1,0,0.5,0.5,0.0,Never hotspot
R042_C023,0,0,0,0,0,0,0.0,0.0,Never hotspot,0,0,0,0.0,0.0,0.0,1,2,3,3,1,1.5,2.0,0.5,Never hotspot
R042_C024,0,0,0,0,0,0,0.0,0.0,Never hotspot,0,0,0,0.0,0.0,0.0,1,0,1,1,2,0.5,1.5,1.0,Never hotspot
R042_C025,0,0,0,0,0,0,0.0,0.0,Never hotspot,0,0,0,0.0,0.0,0.0,1,0,0,3,0,0.5,1.5,1.0,Never hotspot
R042_C026,0,0,0,0,0,0,0.0,0.0,Never hotspot,0,0,0,0.0,0.0,0.0,2,2,5,4,1,2.0,2.5,0.5,Never hotspot
R042_C027,0,0,0,0,0,0,0.0,0.0,Never hotspot,0,0,0,0.0,0.0,0.0,1,2,0,0,4,1.5,2.0,0.5,Never hotspot
R042_C028,0,0,0,0,0,0,0.0,0.0,Never hotspot,0,0,0,0.0,0.0,0.0,0,0,1,1,0,0.0,0.5,0.5,Never hotspot
R042_C029,0,0,0,0,0,0,0.0,0.0,Never hotspot,0,0,0,0.0,0.0,0.0,2,1,1,2,0,1.5,1.0,-0.5,Never hotspot
R042_C030,0,0,0,0,0,0,0.0,0.0,Never hotspot,0,0,0,0.0,0.0,0.0,0,0,0,0,1,0.0,0.5,0.5,Never hotspot
R042_C032,0,0,0,0,0,0,0.0,0.0,Never hotspot,0,0,0,0.0,0.0,0.0,3,0,1,2,1,1.5,1.5,0.0,Never hotspot
R042_C033,0,0,0,0,0,0,0.0,0.0,Never hotspot,0,0,0,0.0,0.0,0.0,0,2,2,0,1,1.0,0.5,-0.5,Never hotspot
R042_C034,0,0,0,0,0,0,0.0,0.0,Never hotspot,0,0,0,0.0,0.0,0.0,0,0,0,2,6,0.0,4.0,4.0,Never hotspot
R042_C035,0,0,0,0,0,0,0.0,0.0,Never hotspot,0,0,0,0.0,0.0,0.0,10,14,12,15,18,12.0,16.5,4.5,Never hotspot
R042_C036,0,0,0,0,0,0,0.0,0.0,Never hotspot,0,0,0,0.0,0.0,0.0,2,2,3,3,3,2.0,3.0,1.0,Never hotspot
R042_C037,0,0,0,0,0,0,0.0,0.0,Never hotspot,0,0,0,0.0,0.0,0.0,2,3,2,2,1,2.5,1.5,-1.0,Never hotspot
R042_C038,0,0,0,0,0,0,0.0,0.0,Never hotspot,0,0,0,0.0,0.0,0.0,1,0,3,9,5,0.5,7.0,6.5,Never hotspot
R042_C039,0,0,0,0,0,0,0.0,0.0,Never hotspot,0,0,0,0.0,0.0,0.0,6,4,6,5,8,5.0,6.5,1.5,Never hotspot
R042_C040,0,0,0,0,0,0,0.0,0.0,Never hotspot,0,0,0,0.0,0.0,0.0,0,1,1,1,1,0.5,1.0,0.5,Never hotspot
R042_C041,0,0,0,0,0,0,0.0,0.0,Never hotspot,0,0,0,0.0,0.0,0.0,1,2,1,1,1,1.5,1.0,-0.5,Never hotspot
R042_C044,0,0,0,0,0,0,0.0,0.0,Never hotspot,0,0,0,0.0,0.0,0.0,0,0,0,0,1,0.0,0.5,0.5,Never hotspot
R042_C045,0,0,0,0,0,0,0.0,0.0,Never hotspot,0,0,0,0.0,0.0,0.0,0,1,0,1,1,0.5,1.0,0.5,Never hotspot
R042_C046,0,0,0,0,0,0,0.0,0.0,Never hotspot,0,0,0,0.0,0.0,0.0,5,7,4,4,11,6.0,7.5,1.5,Never hotspot
R042_C048,0,0,0,0,0,0,0.0,0.0,Never hotspot,0,0,0,0.0,0.0,0.0,0,0,0,1,0,0.0,0.5,0.5,Never hotspot
R042_C049,0,0,0,0,0,0,0.0,0.0,Never hotspot,0,0,0,0.0,0.0,0.0,1,4,4,3,2,2.5,2.5,0.0,Never hotspot
R042_C050,0,0,0,0,0,0,0.0,0.0,Never hotspot,0,0,0,0.0,0.0,0.0,3,2,5,3,0,2.5,1.5,-1.0,Never hotspot
R042_C052,0,0,0,0,0,0,0.0,0.0,Never hotspot,0,0,0,0.0,0.0,0.0,0,0,0,1,0,0.0,0.5,0.5,Never hotspot
R042_C053,0,0,0,0,0,0,0.0,0.0,Never hotspot,0,0,0,0.0,0.0,0.0,0,1,2,2,0,0.5,1.0,0.5,Never hotspot
R042_C054,0,0,0,0,0,0,0.0,0.0,Never hotspot,0,0,0,0.0,0.0,0.0,0,0,0,1,2,0.0,1.5,1.5,Never hotspot
R042_C055,0,0,0,0,0,0,0.0,0.0,Never hotspot,0,0,0,0.0,0.0,0.0,0,0,0,1,1,0.0,1.0,1.0,Never hotspot
R042_C056,0,0,0,0,0,0,0.0,0.0,Never hotspot,0,0,0,0.0,0.0,0.0,0,2,0,0,2,1.0,1.0,0.0,Never hotspot
R042_C057,0,0,0,0,0,0,0.0,0.0,Never hotspot,0,0,0,0.0,0.0,0.0,1,0,2,4,3,0.5,3.5,3.0,Never hotspot
R042_C058,0,0,0,0,0,0,0.0,0.0,Never hotspot,0,0,0,0.0,0.0,0.0,10,5,10,8,6,7.5,7.0,-0.5,Never hotspot
R042_C059,0,0,0,0,0,0,0.0,0.0,Never hotspot,0,0,0,0.0,0.0,0.0,6,6,2,7,7,6.0,7.0,1.0,Never hotspot
R042_C060,0,0,0,0,0,0,0.0,0.0,Never hotspot,0,0,0,0.0,0.0,0.0,3,1,1,1,4,2.0,2.5,0.5,Never hotspot
R042_C061,0,0,0,0,0,0,0.0,0.0,Never hotspot,0,0,0,0.0,0.0,0.0,1,0,2,1,1,0.5,1.0,0.5,Never hotspot
R042_C062,0,0,0,0,0,0,0.0,0.0,Never hotspot,0,0,0,0.0,0.0,0.0,4,5,3,6,6,4.5,6.0,1.5,Never hotspot
R042_C063,0,0,0,0,0,0,0.0,0.0,Never hotspot,0,0,0,0.0,0.0,0.0,7,10,10,9,9,8.5,9.0,0.5,Never hotspot
R042_C064,0,0,0,1,0,1,0.2,0.2,Occasional hotspot,1,0,1,0.0,0.5,0.5,12,18,31,42,27,15.0,34.5,19.5,Emerging
R042_C065,1,1,1,1,1,5,1.0,1.0,Persistent hotspot,5,2,2,1.0,1.0,0.0,76,73,87,117,111,74.5,114.0,39.5,Persistent
R042_C066,0,0,1,1,1,3,0.6,0.6,Repeated hotspot,3,0,2,0.0,1.0,1.0,30,31,36,39,50,30.5,44.5,14.0,Emerging
R042_C067,0,0,0,0,0,0,0.0,0.0,Never hotspot,0,0,0,0.0,0.0,0.0,2,2,1,3,2,2.0,2.5,0.5,Never hotspot
R042_C068,0,0,0,0,0,0,0.0,0.0,Never hotspot,0,0,0,0.0,0.0,0.0,3,0,6,4,4,1.5,4.0,2.5,Never hotspot
R042_C069,0,0,0,0,0,0,0.0,0.0,Never hotspot,0,0,0,0.0,0.0,0.0,0,4,2,1,4,2.0,2.5,0.5,Never hotspot
R042_C070,0,0,0,0,0,0,0.0,0.0,Never hotspot,0,0,0,0.0,0.0,0.0,11,11,3,6,9,11.0,7.5,-3.5,Never hotspot
R042_C071,0,0,0,0,0,0,0.0,0.0,Never hotspot,0,0,0,0.0,0.0,0.0,2,0,3,0,1,1.0,0.5,-0.5,Never hotspot
R042_C072,0,0,0,0,0,0,0.0,0.0,Never hotspot,0,0,0,0.0,0.0,0.0,1,2,3,2,3,1.5,2.5,1.0,Never hotspot
R042_C073,0,0,0,0,0,0,0.0,0.0,Never hotspot,0,0,0,0.0,0.0,0.0,1,4,3,2,5,2.5,3.5,1.0,Never hotspot
R042_C074,0,0,0,0,0,0,0.0,0.0,Never hotspot,0,0,0,0.0,0.0,0.0,2,5,3,3,3,3.5,3.0,-0.5,Never hotspot
R042_C075,0,0,0,0,0,0,0.0,0.0,Never hotspot,0,0,0,0.0,0.0,0.0,1,2,2,1,1,1.5,1.0,-0.5,Never hotspot
R042_C076,0,0,0,0,0,0,0.0,0.0,Never hotspot,0,0,0,0.0,0.0,0.0,0,3,4,1,2,1.5,1.5,0.0,Never hotspot
R042_C077,0,0,0,0,0,0,0.0,0.0,Never hotspot,0,0,0,0.0,0.0,0.0,3,5,9,1,11,4.0,6.0,2.0,Never hotspot
R042_C078,0,0,1,0,1,2,0.4,0.4,Repeated hotspot,1,0,1,0.0,0.5,0.5,30,27,43,31,38,28.5,34.5,6.0,Emerging
R042_C079,0,0,0,0,0,0,0.0,0.0,Never hotspot,0,0,0,0.0,0.0,0.0,1,4,3,8,1,2.5,4.5,2.0,Never hotspot
R042_C080,0,0,0,0,0,0,0.0,0.0,Never hotspot,0,0,0,0.0,0.0,0.0,1,2,1,1,1,1.5,1.0,-0.5,Never hotspot
R042_C081,0,0,0,0,0,0,0.0,0.0,Never hotspot,0,0,0,0.0,0.0,0.0,1,1,1,1,1,1.0,1.0,0.0,Never hotspot
R042_C082,0,0,0,0,0,0,0.0,0.0,Never hotspot,0,0,0,0.0,0.0,0.0,1,2,1,1,1,1.5,1.0,-0.5,Never hotspot
R042_C083,0,0,0,0,0,0,0.0,0.0,Never hotspot,0,0,0,0.0,0.0,0.0,5,3,2,3,3,4.0,3.0,-1.0,Never hotspot
R042_C084,0,0,0,0,0,0,0.0,0.0,Never hotspot,0,0,0,0.0,0.0,0.0,2,2,6,4,1,2.0,2.5,0.5,Never hotspot
R042_C085,0,0,0,0,0,0,0.0,0.0,Never hotspot,0,0,0,0.0,0.0,0.0,16,28,21,17,25,22.0,21.0,-1.0,Never hotspot
R042_C086,0,0,0,0,0,0,0.0,0.0,Never hotspot,0,0,0,0.0,0.0,0.0,10,12,15,20,14,11.0,17.0,6.0,Never hotspot
R042_C087,1,1,1,1,1,5,1.0,1.0,Persistent hotspot,5,2,2,1.0,1.0,0.0,101,95,124,138,104,98.0,121.0,23.0,Persistent
R042_C088,1,1,1,1,1,5,1.0,1.0,Persistent hotspot,5,2,2,1.0,1.0,0.0,282,281,319,297,299,281.5,298.0,16.5,Persistent
R042_C089,1,1,1,1,1,5,1.0,1.0,Persistent hotspot,5,2,2,1.0,1.0,0.0,42,42,54,50,53,42.0,51.5,9.5,Persistent
R042_C090,0,0,0,0,0,0,0.0,0.0,Never hotspot,0,0,0,0.0,0.0,0.0,0,1,3,1,1,0.5,1.0,0.5,Never hotspot
R042_C091,1,1,1,1,1,5,1.0,1.0,Persistent hotspot,5,2,2,1.0,1.0,0.0,36,51,63,70,49,43.5,59.5,16.0,Persistent
R042_C092,0,0,0,0,0,0,0.0,0.0,Never hotspot,0,0,0,0.0,0.0,0.0,23,20,28,28,27,21.5,27.5,6.0,Never hotspot
R042_C093,0,0,0,0,0,0,0.0,0.0,Never hotspot,0,0,0,0.0,0.0,0.0,1,2,1,3,0,1.5,1.5,0.0,Never hotspot
R042_C094,0,0,0,0,0,0,0.0,0.0,Never hotspot,0,0,0,0.0,0.0,0.0,5,8,6,6,12,6.5,9.0,2.5,Never hotspot
R042_C095,0,0,0,0,0,0,0.0,0.0,Never hotspot,0,0,0,0.0,0.0,0.0,2,3,3,2,8,2.5,5.0,2.5,Never hotspot
R042_C096,0,0,0,0,0,0,0.0,0.0,Never hotspot,0,0,0,0.0,0.0,0.0,29,32,24,33,26,30.5,29.5,-1.0,Never hotspot
R042_C097,0,1,0,1,1,3,0.6,0.6,Repeated hotspot,2,1,2,0.5,1.0,0.5,22,34,27,41,51,28.0,46.0,18.0,Intermittent
R042_C098,0,0,0,0,0,0,0.0,0.0,Never hotspot,0,0,0,0.0,0.0,0.0,9,8,14,15,12,8.5,13.5,5.0,Never hotspot
R042_C099,0,0,0,0,0,0,0.0,0.0,Never hotspot,0,0,0,0.0,0.0,0.0,22,25,17,15,13,23.5,14.0,-9.5,Never hotspot
R042_C100,0,0,0,0,0,0,0.0,0.0,Never hotspot,0,0,0,0.0,0.0,0.0,8,14,6,3,7,11.0,5.0,-6.0,Never hotspot
R042_C101,0,0,0,0,0,0,0.0,0.0,Never hotspot,0,0,0,0.0,0.0,0.0,14,13,14,14,17,13.5,15.5,2.0,Never hotspot
R042_C102,1,1,1,1,1,5,1.0,1.0,Persistent hotspot,5,2,2,1.0,1.0,0.0,40,69,57,48,68,54.5,58.0,3.5,Persistent
R042_C103,0,0,0,0,0,0,0.0,0.0,Never hotspot,0,0,0,0.0,0.0,0.0,10,6,5,1,7,8.0,4.0,-4.0,Never hotspot
R042_C104,0,0,0,0,0,0,0.0,0.0,Never hotspot,0,0,0,0.0,0.0,0.0,13,14,23,17,15,13.5,16.0,2.5,Never hotspot
R042_C105,0,1,0,0,0,1,0.2,0.2,Occasional hotspot,1,1,0,0.5,0.0,-0.5,11,34,29,26,21,22.5,23.5,1.0,Declining
R042_C106,1,1,1,1,1,5,1.0,1.0,Persistent hotspot,5,2,2,1.0,1.0,0.0,42,64,48,56,63,53.0,59.5,6.5,Persistent
R042_C107,1,1,1,1,1,5,1.0,1.0,Persistent hotspot,5,2,2,1.0,1.0,0.0,50,52,45,57,50,51.0,53.5,2.5,Persistent
R042_C108,0,0,0,0,0,0,0.0,0.0,Never hotspot,0,0,0,0.0,0.0,0.0,8,10,17,15,13,9.0,14.0,5.0,Never hotspot
R042_C109,0,0,0,0,0,0,0.0,0.0,Never hotspot,0,0,0,0.0,0.0,0.0,17,14,18,20,20,15.5,20.0,4.5,Never hotspot
R042_C110,0,0,0,0,0,0,0.0,0.0,Never hotspot,0,0,0,0.0,0.0,0.0,10,7,6,9,7,8.5,8.0,-0.5,Never hotspot
R042_C111,0,0,0,0,0,0,0.0,0.0,Never hotspot,0,0,0,0.0,0.0,0.0,15,10,7,10,10,12.5,10.0,-2.5,Never hotspot
R042_C112,0,0,0,0,0,0,0.0,0.0,Never hotspot,0,0,0,0.0,0.0,0.0,4,4,5,3,3,4.0,3.0,-1.0,Never hotspot
R043_C022,0,0,0,0,0,0,0.0,0.0,Never hotspot,0,0,0,0.0,0.0,0.0,0,3,2,2,2,1.5,2.0,0.5,Never hotspot
R043_C025,0,0,0,0,0,0,0.0,0.0,Never hotspot,0,0,0,0.0,0.0,0.0,0,3,0,2,0,1.5,1.0,-0.5,Never hotspot
R043_C026,0,0,0,0,0,0,0.0,0.0,Never hotspot,0,0,0,0.0,0.0,0.0,0,1,1,1,1,0.5,1.0,0.5,Never hotspot
R043_C028,0,0,0,0,0,0,0.0,0.0,Never hotspot,0,0,0,0.0,0.0,0.0,1,0,0,0,0,0.5,0.0,-0.5,Never hotspot
R043_C029,0,0,0,0,0,0,0.0,0.0,Never hotspot,0,0,0,0.0,0.0,0.0,1,2,1,0,1,1.5,0.5,-1.0,Never hotspot
R043_C030,0,0,0,0,0,0,0.0,0.0,Never hotspot,0,0,0,0.0,0.0,0.0,0,0,3,0,0,0.0,0.0,0.0,Never hotspot
R043_C031,0,0,0,0,0,0,0.0,0.0,Never hotspot,0,0,0,0.0,0.0,0.0,1,0,1,1,0,0.5,0.5,0.0,Never hotspot
R043_C032,0,0,0,0,0,0,0.0,0.0,Never hotspot,0,0,0,0.0,0.0,0.0,0,1,1,1,1,0.5,1.0,0.5,Never hotspot
R043_C034,0,0,0,0,0,0,0.0,0.0,Never hotspot,0,0,0,0.0,0.0,0.0,4,1,3,4,2,2.5,3.0,0.5,Never hotspot
R043_C035,0,0,0,0,0,0,0.0,0.0,Never hotspot,0,0,0,0.0,0.0,0.0,5,1,2,2,2,3.0,2.0,-1.0,Never hotspot
R043_C038,0,0,0,0,0,0,0.0,0.0,Never hotspot,0,0,0,0.0,0.0,0.0,1,0,1,0,0,0.5,0.0,-0.5,Never hotspot
R043_C039,0,0,0,0,0,0,0.0,0.0,Never hotspot,0,0,0,0.0,0.0,0.0,0,0,1,1,1,0.0,1.0,1.0,Never hotspot
R043_C040,0,0,0,0,0,0,0.0,0.0,Never hotspot,0,0,0,0.0,0.0,0.0,2,1,2,3,2,1.5,2.5,1.0,Never hotspot
R043_C041,0,0,0,0,0,0,0.0,0.0,Never hotspot,0,0,0,0.0,0.0,0.0,0,0,0,1,3,0.0,2.0,2.0,Never hotspot
R043_C042,0,0,0,0,0,0,0.0,0.0,Never hotspot,0,0,0,0.0,0.0,0.0,0,0,0,1,0,0.0,0.5,0.5,Never hotspot
R043_C043,0,0,0,0,0,0,0.0,0.0,Never hotspot,0,0,0,0.0,0.0,0.0,1,0,0,0,0,0.5,0.0,-0.5,Never hotspot
R043_C044,0,0,0,0,0,0,0.0,0.0,Never hotspot,0,0,0,0.0,0.0,0.0,0,0,4,2,1,0.0,1.5,1.5,Never hotspot
R043_C045,0,0,0,0,0,0,0.0,0.0,Never hotspot,0,0,0,0.0,0.0,0.0,2,3,2,1,0,2.5,0.5,-2.0,Never hotspot
R043_C046,0,0,0,0,0,0,0.0,0.0,Never hotspot,0,0,0,0.0,0.0,0.0,0,1,0,4,3,0.5,3.5,3.0,Never hotspot
R043_C047,0,0,0,0,0,0,0.0,0.0,Never hotspot,0,0,0,0.0,0.0,0.0,4,4,7,12,7,4.0,9.5,5.5,Never hotspot
R043_C048,0,0,0,0,0,0,0.0,0.0,Never hotspot,0,0,0,0.0,0.0,0.0,3,4,3,7,2,3.5,4.5,1.0,Never hotspot
R043_C049,0,0,0,0,0,0,0.0,0.0,Never hotspot,0,0,0,0.0,0.0,0.0,1,0,1,3,3,0.5,3.0,2.5,Never hotspot
R043_C050,0,0,0,0,0,0,0.0,0.0,Never hotspot,0,0,0,0.0,0.0,0.0,0,0,1,1,3,0.0,2.0,2.0,Never hotspot
R043_C052,0,0,0,0,0,0,0.0,0.0,Never hotspot,0,0,0,0.0,0.0,0.0,0,0,1,0,0,0.0,0.0,0.0,Never hotspot
R043_C053,0,0,0,0,0,0,0.0,0.0,Never hotspot,0,0,0,0.0,0.0,0.0,1,0,0,1,0,0.5,0.5,0.0,Never hotspot
R043_C054,0,0,0,0,0,0,0.0,0.0,Never hotspot,0,0,0,0.0,0.0,0.0,2,2,2,5,5,2.0,5.0,3.0,Never hotspot
R043_C055,0,0,0,0,0,0,0.0,0.0,Never hotspot,0,0,0,0.0,0.0,0.0,0,3,2,1,1,1.5,1.0,-0.5,Never hotspot
R043_C056,0,0,0,0,0,0,0.0,0.0,Never hotspot,0,0,0,0.0,0.0,0.0,0,0,0,1,0,0.0,0.5,0.5,Never hotspot
R043_C057,0,0,0,0,0,0,0.0,0.0,Never hotspot,0,0,0,0.0,0.0,0.0,8,7,6,2,5,7.5,3.5,-4.0,Never hotspot
R043_C058,0,0,0,0,0,0,0.0,0.0,Never hotspot,0,0,0,0.0,0.0,0.0,0,2,0,1,2,1.0,1.5,0.5,Never hotspot
R043_C059,0,0,0,0,0,0,0.0,0.0,Never hotspot,0,0,0,0.0,0.0,0.0,9,5,7,11,5,7.0,8.0,1.0,Never hotspot
R043_C060,0,0,0,0,0,0,0.0,0.0,Never hotspot,0,0,0,0.0,0.0,0.0,6,6,2,11,9,6.0,10.0,4.0,Never hotspot
R043_C061,0,0,0,0,0,0,0.0,0.0,Never hotspot,0,0,0,0.0,0.0,0.0,8,1,7,10,8,4.5,9.0,4.5,Never hotspot
R043_C062,0,0,0,0,0,0,0.0,0.0,Never hotspot,0,0,0,0.0,0.0,0.0,2,2,4,3,2,2.0,2.5,0.5,Never hotspot
R043_C063,0,0,0,0,0,0,0.0,0.0,Never hotspot,0,0,0,0.0,0.0,0.0,2,0,2,0,1,1.0,0.5,-0.5,Never hotspot
R043_C064,0,0,0,0,0,0,0.0,0.0,Never hotspot,0,0,0,0.0,0.0,0.0,8,4,9,8,8,6.0,8.0,2.0,Never hotspot
R043_C065,0,0,0,0,0,0,0.0,0.0,Never hotspot,0,0,0,0.0,0.0,0.0,7,6,8,13,12,6.5,12.5,6.0,Never hotspot
R043_C066,0,0,0,0,0,0,0.0,0.0,Never hotspot,0,0,0,0.0,0.0,0.0,8,9,21,15,11,8.5,13.0,4.5,Never hotspot
R043_C067,0,0,0,0,0,0,0.0,0.0,Never hotspot,0,0,0,0.0,0.0,0.0,1,2,5,4,5,1.5,4.5,3.0,Never hotspot
R043_C068,0,0,0,0,0,0,0.0,0.0,Never hotspot,0,0,0,0.0,0.0,0.0,1,1,3,0,2,1.0,1.0,0.0,Never hotspot
R043_C069,0,0,0,0,0,0,0.0,0.0,Never hotspot,0,0,0,0.0,0.0,0.0,0,1,1,5,1,0.5,3.0,2.5,Never hotspot
R043_C070,0,0,0,0,0,0,0.0,0.0,Never hotspot,0,0,0,0.0,0.0,0.0,3,3,5,8,4,3.0,6.0,3.0,Never hotspot
R043_C071,0,0,0,0,0,0,0.0,0.0,Never hotspot,0,0,0,0.0,0.0,0.0,1,1,1,3,1,1.0,2.0,1.0,Never hotspot
R043_C072,0,0,0,0,0,0,0.0,0.0,Never hotspot,0,0,0,0.0,0.0,0.0,2,1,2,2,2,1.5,2.0,0.5,Never hotspot
R043_C073,0,0,0,0,0,0,0.0,0.0,Never hotspot,0,0,0,0.0,0.0,0.0,9,4,5,5,13,6.5,9.0,2.5,Never hotspot
R043_C074,0,0,0,0,0,0,0.0,0.0,Never hotspot,0,0,0,0.0,0.0,0.0,4,2,3,4,4,3.0,4.0,1.0,Never hotspot
R043_C075,0,0,0,0,0,0,0.0,0.0,Never hotspot,0,0,0,0.0,0.0,0.0,1,2,2,2,2,1.5,2.0,0.5,Never hotspot
R043_C076,0,0,0,0,0,0,0.0,0.0,Never hotspot,0,0,0,0.0,0.0,0.0,2,2,2,2,4,2.0,3.0,1.0,Never hotspot
R043_C077,0,0,0,0,0,0,0.0,0.0,Never hotspot,0,0,0,0.0,0.0,0.0,11,9,14,7,13,10.0,10.0,0.0,Never hotspot
R043_C078,0,0,0,0,0,0,0.0,0.0,Never hotspot,0,0,0,0.0,0.0,0.0,2,2,0,3,4,2.0,3.5,1.5,Never hotspot
R043_C079,0,0,0,0,0,0,0.0,0.0,Never hotspot,0,0,0,0.0,0.0,0.0,0,2,0,1,0,1.0,0.5,-0.5,Never hotspot
R043_C080,0,0,0,0,0,0,0.0,0.0,Never hotspot,0,0,0,0.0,0.0,0.0,2,0,3,3,4,1.0,3.5,2.5,Never hotspot
R043_C081,0,0,0,0,0,0,0.0,0.0,Never hotspot,0,0,0,0.0,0.0,0.0,1,0,3,3,3,0.5,3.0,2.5,Never hotspot
R043_C082,0,0,0,0,0,0,0.0,0.0,Never hotspot,0,0,0,0.0,0.0,0.0,7,9,4,4,7,8.0,5.5,-2.5,Never hotspot
R043_C083,0,0,0,0,0,0,0.0,0.0,Never hotspot,0,0,0,0.0,0.0,0.0,3,3,0,1,2,3.0,1.5,-1.5,Never hotspot
R043_C084,0,0,0,0,0,0,0.0,0.0,Never hotspot,0,0,0,0.0,0.0,0.0,5,4,7,7,0,4.5,3.5,-1.0,Never hotspot
R043_C085,0,0,0,1,0,1,0.2,0.2,Occasional hotspot,1,0,1,0.0,0.5,0.5,25,25,25,37,23,25.0,30.0,5.0,Emerging
R043_C086,0,0,0,0,0,0,0.0,0.0,Never hotspot,0,0,0,0.0,0.0,0.0,12,16,12,11,8,14.0,9.5,-4.5,Never hotspot
R043_C087,0,1,1,1,1,4,0.8,0.8,Persistent hotspot,4,1,2,0.5,1.0,0.5,31,47,41,53,42,39.0,47.5,8.5,Persistent
R043_C088,0,0,1,0,0,1,0.2,0.2,Occasional hotspot,1,0,0,0.0,0.0,0.0,25,18,38,17,22,21.5,19.5,-2.0,Intermittent
R043_C089,0,0,0,0,0,0,0.0,0.0,Never hotspot,0,0,0,0.0,0.0,0.0,5,3,10,6,4,4.0,5.0,1.0,Never hotspot
R043_C090,0,0,1,1,1,3,0.6,0.6,Repeated hotspot,3,0,2,0.0,1.0,1.0,25,27,37,43,41,26.0,42.0,16.0,Emerging
R043_C091,1,0,1,1,1,4,0.8,0.8,Persistent hotspot,3,1,2,0.5,1.0,0.5,33,30,45,41,37,31.5,39.0,7.5,Persistent
R043_C092,0,0,0,0,0,0,0.0,0.0,Never hotspot,0,0,0,0.0,0.0,0.0,14,22,10,11,21,18.0,16.0,-2.0,Never hotspot
R043_C093,0,0,0,0,0,0,0.0,0.0,Never hotspot,0,0,0,0.0,0.0,0.0,7,4,5,3,0,5.5,1.5,-4.0,Never hotspot
R043_C094,0,0,0,0,0,0,0.0,0.0,Never hotspot,0,0,0,0.0,0.0,0.0,7,12,14,14,8,9.5,11.0,1.5,Never hotspot
R043_C095,0,0,0,0,0,0,0.0,0.0,Never hotspot,0,0,0,0.0,0.0,0.0,1,1,1,1,2,1.0,1.5,0.5,Never hotspot
R043_C096,0,0,0,0,0,0,0.0,0.0,Never hotspot,0,0,0,0.0,0.0,0.0,3,0,2,0,1,1.5,0.5,-1.0,Never hotspot
R043_C097,0,0,0,0,0,0,0.0,0.0,Never hotspot,0,0,0,0.0,0.0,0.0,11,9,4,10,13,10.0,11.5,1.5,Never hotspot
R043_C098,0,0,0,0,0,0,0.0,0.0,Never hotspot,0,0,0,0.0,0.0,0.0,0,2,0,1,2,1.0,1.5,0.5,Never hotspot
R043_C099,0,0,0,0,0,0,0.0,0.0,Never hotspot,0,0,0,0.0,0.0,0.0,1,4,1,4,2,2.5,3.0,0.5,Never hotspot
R043_C100,0,0,0,0,0,0,0.0,0.0,Never hotspot,0,0,0,0.0,0.0,0.0,2,2,1,0,6,2.0,3.0,1.0,Never hotspot
R043_C101,0,0,0,0,0,0,0.0,0.0,Never hotspot,0,0,0,0.0,0.0,0.0,3,3,4,4,4,3.0,4.0,1.0,Never hotspot
R043_C102,0,0,0,0,0,0,0.0,0.0,Never hotspot,0,0,0,0.0,0.0,0.0,9,10,13,11,9,9.5,10.0,0.5,Never hotspot
R043_C103,0,0,0,0,0,0,0.0,0.0,Never hotspot,0,0,0,0.0,0.0,0.0,3,5,3,1,7,4.0,4.0,0.0,Never hotspot
R043_C104,0,0,0,0,0,0,0.0,0.0,Never hotspot,0,0,0,0.0,0.0,0.0,4,8,9,6,5,6.0,5.5,-0.5,Never hotspot
R043_C105,0,0,0,0,0,0,0.0,0.0,Never hotspot,0,0,0,0.0,0.0,0.0,16,8,14,6,7,12.0,6.5,-5.5,Never hotspot
R043_C106,1,1,1,1,1,5,1.0,1.0,Persistent hotspot,5,2,2,1.0,1.0,0.0,63,66,69,66,75,64.5,70.5,6.0,Persistent
R043_C107,1,1,1,1,1,5,1.0,1.0,Persistent hotspot,5,2,2,1.0,1.0,0.0,51,59,73,41,50,55.0,45.5,-9.5,Persistent
R043_C108,0,0,0,0,0,0,0.0,0.0,Never hotspot,0,0,0,0.0,0.0,0.0,7,10,11,5,2,8.5,3.5,-5.0,Never hotspot
R043_C109,0,0,0,0,0,0,0.0,0.0,Never hotspot,0,0,0,0.0,0.0,0.0,8,5,6,5,4,6.5,4.5,-2.0,Never hotspot
R043_C110,0,0,0,0,0,0,0.0,0.0,Never hotspot,0,0,0,0.0,0.0,0.0,11,3,10,8,6,7.0,7.0,0.0,Never hotspot
R043_C111,0,0,0,0,0,0,0.0,0.0,Never hotspot,0,0,0,0.0,0.0,0.0,1,2,4,1,4,1.5,2.5,1.0,Never hotspot
R044_C023,0,0,0,0,0,0,0.0,0.0,Never hotspot,0,0,0,0.0,0.0,0.0,0,0,1,0,0,0.0,0.0,0.0,Never hotspot
R044_C024,0,0,0,0,0,0,0.0,0.0,Never hotspot,0,0,0,0.0,0.0,0.0,0,1,0,0,2,0.5,1.0,0.5,Never hotspot
R044_C025,0,0,0,0,0,0,0.0,0.0,Never hotspot,0,0,0,0.0,0.0,0.0,5,8,5,8,7,6.5,7.5,1.0,Never hotspot
R044_C026,0,0,0,0,0,0,0.0,0.0,Never hotspot,0,0,0,0.0,0.0,0.0,0,0,1,0,1,0.0,0.5,0.5,Never hotspot
R044_C027,0,0,0,0,0,0,0.0,0.0,Never hotspot,0,0,0,0.0,0.0,0.0,1,0,0,0,0,0.5,0.0,-0.5,Never hotspot
R044_C028,0,0,0,0,0,0,0.0,0.0,Never hotspot,0,0,0,0.0,0.0,0.0,0,0,0,2,2,0.0,2.0,2.0,Never hotspot
R044_C030,0,0,0,0,0,0,0.0,0.0,Never hotspot,0,0,0,0.0,0.0,0.0,2,3,7,3,1,2.5,2.0,-0.5,Never hotspot
R044_C031,0,0,0,0,0,0,0.0,0.0,Never hotspot,0,0,0,0.0,0.0,0.0,1,0,0,1,1,0.5,1.0,0.5,Never hotspot
R044_C032,0,0,0,0,0,0,0.0,0.0,Never hotspot,0,0,0,0.0,0.0,0.0,1,0,2,0,0,0.5,0.0,-0.5,Never hotspot
R044_C033,0,0,0,0,0,0,0.0,0.0,Never hotspot,0,0,0,0.0,0.0,0.0,0,0,3,2,3,0.0,2.5,2.5,Never hotspot
R044_C034,0,0,0,0,0,0,0.0,0.0,Never hotspot,0,0,0,0.0,0.0,0.0,1,0,1,4,4,0.5,4.0,3.5,Never hotspot
R044_C035,0,0,0,0,0,0,0.0,0.0,Never hotspot,0,0,0,0.0,0.0,0.0,2,0,1,0,1,1.0,0.5,-0.5,Never hotspot
R044_C036,0,0,0,0,0,0,0.0,0.0,Never hotspot,0,0,0,0.0,0.0,0.0,0,0,1,3,2,0.0,2.5,2.5,Never hotspot
R044_C039,0,0,0,0,0,0,0.0,0.0,Never hotspot,0,0,0,0.0,0.0,0.0,0,0,0,0,1,0.0,0.5,0.5,Never hotspot
R044_C040,0,0,0,0,0,0,0.0,0.0,Never hotspot,0,0,0,0.0,0.0,0.0,0,1,1,0,0,0.5,0.0,-0.5,Never hotspot
R044_C041,0,0,0,0,0,0,0.0,0.0,Never hotspot,0,0,0,0.0,0.0,0.0,1,2,3,1,4,1.5,2.5,1.0,Never hotspot
R044_C042,0,0,0,0,0,0,0.0,0.0,Never hotspot,0,0,0,0.0,0.0,0.0,3,4,2,5,3,3.5,4.0,0.5,Never hotspot
R044_C043,0,0,0,0,0,0,0.0,0.0,Never hotspot,0,0,0,0.0,0.0,0.0,0,2,2,1,3,1.0,2.0,1.0,Never hotspot
R044_C044,0,0,0,0,0,0,0.0,0.0,Never hotspot,0,0,0,0.0,0.0,0.0,0,1,1,1,0,0.5,0.5,0.0,Never hotspot
R044_C045,0,0,0,0,0,0,0.0,0.0,Never hotspot,0,0,0,0.0,0.0,0.0,0,0,0,0,1,0.0,0.5,0.5,Never hotspot
R044_C047,0,0,0,0,0,0,0.0,0.0,Never hotspot,0,0,0,0.0,0.0,0.0,4,4,1,3,0,4.0,1.5,-2.5,Never hotspot
R044_C048,0,0,0,0,0,0,0.0,0.0,Never hotspot,0,0,0,0.0,0.0,0.0,1,1,0,3,1,1.0,2.0,1.0,Never hotspot
R044_C049,0,0,0,0,0,0,0.0,0.0,Never hotspot,0,0,0,0.0,0.0,0.0,1,2,3,6,4,1.5,5.0,3.5,Never hotspot
R044_C050,0,0,0,0,0,0,0.0,0.0,Never hotspot,0,0,0,0.0,0.0,0.0,0,2,1,4,2,1.0,3.0,2.0,Never hotspot
R044_C052,0,0,0,0,0,0,0.0,0.0,Never hotspot,0,0,0,0.0,0.0,0.0,0,0,0,0,1,0.0,0.5,0.5,Never hotspot
R044_C053,0,0,0,0,0,0,0.0,0.0,Never hotspot,0,0,0,0.0,0.0,0.0,0,1,0,0,0,0.5,0.0,-0.5,Never hotspot
R044_C054,0,0,0,0,0,0,0.0,0.0,Never hotspot,0,0,0,0.0,0.0,0.0,0,1,1,0,0,0.5,0.0,-0.5,Never hotspot
R044_C055,0,0,0,0,0,0,0.0,0.0,Never hotspot,0,0,0,0.0,0.0,0.0,2,1,0,3,3,1.5,3.0,1.5,Never hotspot
R044_C056,0,0,0,0,0,0,0.0,0.0,Never hotspot,0,0,0,0.0,0.0,0.0,4,9,5,6,9,6.5,7.5,1.0,Never hotspot
R044_C057,0,0,0,0,0,0,0.0,0.0,Never hotspot,0,0,0,0.0,0.0,0.0,0,2,3,1,1,1.0,1.0,0.0,Never hotspot
R044_C058,0,0,0,0,0,0,0.0,0.0,Never hotspot,0,0,0,0.0,0.0,0.0,0,1,0,0,0,0.5,0.0,-0.5,Never hotspot
R044_C059,0,0,0,0,0,0,0.0,0.0,Never hotspot,0,0,0,0.0,0.0,0.0,3,0,0,1,1,1.5,1.0,-0.5,Never hotspot
R044_C060,0,0,0,0,0,0,0.0,0.0,Never hotspot,0,0,0,0.0,0.0,0.0,1,1,0,0,2,1.0,1.0,0.0,Never hotspot
R044_C061,0,0,0,0,0,0,0.0,0.0,Never hotspot,0,0,0,0.0,0.0,0.0,1,2,6,2,4,1.5,3.0,1.5,Never hotspot
R044_C062,0,0,0,0,0,0,0.0,0.0,Never hotspot,0,0,0,0.0,0.0,0.0,2,3,5,7,1,2.5,4.0,1.5,Never hotspot
R044_C063,0,0,0,0,0,0,0.0,0.0,Never hotspot,0,0,0,0.0,0.0,0.0,1,1,1,2,2,1.0,2.0,1.0,Never hotspot
R044_C064,0,0,0,0,0,0,0.0,0.0,Never hotspot,0,0,0,0.0,0.0,0.0,8,6,7,8,13,7.0,10.5,3.5,Never hotspot
R044_C065,0,0,0,0,0,0,0.0,0.0,Never hotspot,0,0,0,0.0,0.0,0.0,11,18,13,28,21,14.5,24.5,10.0,Never hotspot
R044_C066,0,0,0,0,0,0,0.0,0.0,Never hotspot,0,0,0,0.0,0.0,0.0,1,4,9,7,10,2.5,8.5,6.0,Never hotspot
R044_C067,0,0,0,0,0,0,0.0,0.0,Never hotspot,0,0,0,0.0,0.0,0.0,2,3,5,3,8,2.5,5.5,3.0,Never hotspot
R044_C068,0,0,0,0,0,0,0.0,0.0,Never hotspot,0,0,0,0.0,0.0,0.0,2,3,3,2,0,2.5,1.0,-1.5,Never hotspot
R044_C069,0,0,0,0,0,0,0.0,0.0,Never hotspot,0,0,0,0.0,0.0,0.0,1,1,0,4,3,1.0,3.5,2.5,Never hotspot
R044_C070,0,0,0,0,0,0,0.0,0.0,Never hotspot,0,0,0,0.0,0.0,0.0,3,1,1,3,3,2.0,3.0,1.0,Never hotspot
R044_C071,0,0,0,0,0,0,0.0,0.0,Never hotspot,0,0,0,0.0,0.0,0.0,7,12,8,9,6,9.5,7.5,-2.0,Never hotspot
R044_C072,0,0,0,0,0,0,0.0,0.0,Never hotspot,0,0,0,0.0,0.0,0.0,1,2,1,3,2,1.5,2.5,1.0,Never hotspot
R044_C073,0,0,0,0,0,0,0.0,0.0,Never hotspot,0,0,0,0.0,0.0,0.0,2,5,2,6,2,3.5,4.0,0.5,Never hotspot
R044_C074,0,0,0,0,0,0,0.0,0.0,Never hotspot,0,0,0,0.0,0.0,0.0,3,3,3,4,1,3.0,2.5,-0.5,Never hotspot
R044_C075,0,0,0,0,0,0,0.0,0.0,Never hotspot,0,0,0,0.0,0.0,0.0,2,2,4,0,2,2.0,1.0,-1.0,Never hotspot
R044_C076,0,0,0,0,0,0,0.0,0.0,Never hotspot,0,0,0,0.0,0.0,0.0,4,3,5,4,4,3.5,4.0,0.5,Never hotspot
R044_C077,0,0,0,0,0,0,0.0,0.0,Never hotspot,0,0,0,0.0,0.0,0.0,5,4,4,1,3,4.5,2.0,-2.5,Never hotspot
R044_C078,0,0,0,0,0,0,0.0,0.0,Never hotspot,0,0,0,0.0,0.0,0.0,2,9,1,9,9,5.5,9.0,3.5,Never hotspot
R044_C079,0,0,0,0,0,0,0.0,0.0,Never hotspot,0,0,0,0.0,0.0,0.0,3,1,2,1,1,2.0,1.0,-1.0,Never hotspot
R044_C080,0,0,0,0,0,0,0.0,0.0,Never hotspot,0,0,0,0.0,0.0,0.0,6,7,8,7,5,6.5,6.0,-0.5,Never hotspot
R044_C081,0,0,0,0,0,0,0.0,0.0,Never hotspot,0,0,0,0.0,0.0,0.0,11,3,5,8,13,7.0,10.5,3.5,Never hotspot
R044_C082,0,0,0,0,0,0,0.0,0.0,Never hotspot,0,0,0,0.0,0.0,0.0,3,6,3,6,0,4.5,3.0,-1.5,Never hotspot
R044_C083,0,0,0,0,0,0,0.0,0.0,Never hotspot,0,0,0,0.0,0.0,0.0,12,17,12,14,17,14.5,15.5,1.0,Never hotspot
R044_C084,1,1,1,1,1,5,1.0,1.0,Persistent hotspot,5,2,2,1.0,1.0,0.0,40,48,39,37,56,44.0,46.5,2.5,Persistent
R044_C085,0,0,0,0,0,0,0.0,0.0,Never hotspot,0,0,0,0.0,0.0,0.0,13,9,7,12,8,11.0,10.0,-1.0,Never hotspot
R044_C086,0,0,0,0,0,0,0.0,0.0,Never hotspot,0,0,0,0.0,0.0,0.0,1,0,3,4,2,0.5,3.0,2.5,Never hotspot
R044_C087,0,0,0,0,0,0,0.0,0.0,Never hotspot,0,0,0,0.0,0.0,0.0,21,17,22,31,16,19.0,23.5,4.5,Never hotspot
R044_C088,0,0,0,0,0,0,0.0,0.0,Never hotspot,0,0,0,0.0,0.0,0.0,9,10,15,12,9,9.5,10.5,1.0,Never hotspot
R044_C089,0,0,0,0,0,0,0.0,0.0,Never hotspot,0,0,0,0.0,0.0,0.0,6,3,0,3,3,4.5,3.0,-1.5,Never hotspot
R044_C090,0,0,0,0,0,0,0.0,0.0,Never hotspot,0,0,0,0.0,0.0,0.0,11,6,15,9,25,8.5,17.0,8.5,Never hotspot
R044_C091,1,1,1,1,1,5,1.0,1.0,Persistent hotspot,5,2,2,1.0,1.0,0.0,37,56,50,43,53,46.5,48.0,1.5,Persistent
R044_C092,0,0,0,0,0,0,0.0,0.0,Never hotspot,0,0,0,0.0,0.0,0.0,6,2,0,5,2,4.0,3.5,-0.5,Never hotspot
R044_C093,0,0,0,0,0,0,0.0,0.0,Never hotspot,0,0,0,0.0,0.0,0.0,0,0,1,2,2,0.0,2.0,2.0,Never hotspot
R044_C094,0,0,0,0,0,0,0.0,0.0,Never hotspot,0,0,0,0.0,0.0,0.0,3,1,0,0,2,2.0,1.0,-1.0,Never hotspot
R044_C095,0,0,0,0,0,0,0.0,0.0,Never hotspot,0,0,0,0.0,0.0,0.0,1,0,0,1,3,0.5,2.0,1.5,Never hotspot
R044_C096,0,0,0,0,0,0,0.0,0.0,Never hotspot,0,0,0,0.0,0.0,0.0,1,2,2,2,3,1.5,2.5,1.0,Never hotspot
R044_C097,0,0,0,0,0,0,0.0,0.0,Never hotspot,0,0,0,0.0,0.0,0.0,6,17,10,8,15,11.5,11.5,0.0,Never hotspot
R044_C098,0,0,0,0,0,0,0.0,0.0,Never hotspot,0,0,0,0.0,0.0,0.0,3,6,9,2,1,4.5,1.5,-3.0,Never hotspot
R044_C099,0,0,0,0,0,0,0.0,0.0,Never hotspot,0,0,0,0.0,0.0,0.0,1,2,3,4,2,1.5,3.0,1.5,Never hotspot
R044_C100,0,0,0,0,0,0,0.0,0.0,Never hotspot,0,0,0,0.0,0.0,0.0,3,2,3,4,2,2.5,3.0,0.5,Never hotspot
R044_C101,0,0,0,0,0,0,0.0,0.0,Never hotspot,0,0,0,0.0,0.0,0.0,1,0,2,1,1,0.5,1.0,0.5,Never hotspot
R044_C102,0,0,0,0,0,0,0.0,0.0,Never hotspot,0,0,0,0.0,0.0,0.0,6,4,8,4,4,5.0,4.0,-1.0,Never hotspot
R044_C103,0,0,0,0,0,0,0.0,0.0,Never hotspot,0,0,0,0.0,0.0,0.0,9,14,15,14,11,11.5,12.5,1.0,Never hotspot
R044_C104,0,0,0,0,0,0,0.0,0.0,Never hotspot,0,0,0,0.0,0.0,0.0,4,0,4,2,1,2.0,1.5,-0.5,Never hotspot
R044_C105,0,0,0,0,0,0,0.0,0.0,Never hotspot,0,0,0,0.0,0.0,0.0,6,4,9,6,2,5.0,4.0,-1.0,Never hotspot
R044_C106,0,0,0,0,0,0,0.0,0.0,Never hotspot,0,0,0,0.0,0.0,0.0,3,5,3,3,1,4.0,2.0,-2.0,Never hotspot
R044_C107,0,0,0,0,0,0,0.0,0.0,Never hotspot,0,0,0,0.0,0.0,0.0,10,8,7,7,10,9.0,8.5,-0.5,Never hotspot
R044_C108,0,0,0,0,0,0,0.0,0.0,Never hotspot,0,0,0,0.0,0.0,0.0,8,7,5,14,7,7.5,10.5,3.0,Never hotspot
R044_C109,0,0,0,0,0,0,0.0,0.0,Never hotspot,0,0,0,0.0,0.0,0.0,8,15,9,11,5,11.5,8.0,-3.5,Never hotspot
R044_C110,0,0,0,0,0,0,0.0,0.0,Never hotspot,0,0,0,0.0,0.0,0.0,1,0,1,1,3,0.5,2.0,1.5,Never hotspot
R044_C111,0,0,0,0,0,0,0.0,0.0,Never hotspot,0,0,0,0.0,0.0,0.0,14,24,18,14,5,19.0,9.5,-9.5,Never hotspot
R044_C112,0,0,0,0,0,0,0.0,0.0,Never hotspot,0,0,0,0.0,0.0,0.0,17,13,20,10,9,15.0,9.5,-5.5,Never hotspot
R044_C113,0,0,0,0,0,0,0.0,0.0,Never hotspot,0,0,0,0.0,0.0,0.0,2,5,2,2,4,3.5,3.0,-0.5,Never hotspot
R045_C025,0,0,0,0,0,0,0.0,0.0,Never hotspot,0,0,0,0.0,0.0,0.0,3,5,2,1,4,4.0,2.5,-1.5,Never hotspot
R045_C026,0,0,0,0,0,0,0.0,0.0,Never hotspot,0,0,0,0.0,0.0,0.0,1,0,3,2,6,0.5,4.0,3.5,Never hotspot
R045_C027,0,0,0,0,0,0,0.0,0.0,Never hotspot,0,0,0,0.0,0.0,0.0,0,2,3,2,3,1.0,2.5,1.5,Never hotspot
R045_C028,0,0,0,0,0,0,0.0,0.0,Never hotspot,0,0,0,0.0,0.0,0.0,5,4,2,0,2,4.5,1.0,-3.5,Never hotspot
R045_C029,0,0,0,0,0,0,0.0,0.0,Never hotspot,0,0,0,0.0,0.0,0.0,8,3,3,0,2,5.5,1.0,-4.5,Never hotspot
R045_C030,0,0,0,0,0,0,0.0,0.0,Never hotspot,0,0,0,0.0,0.0,0.0,0,3,2,0,2,1.5,1.0,-0.5,Never hotspot
R045_C031,0,0,0,0,0,0,0.0,0.0,Never hotspot,0,0,0,0.0,0.0,0.0,0,0,1,1,0,0.0,0.5,0.5,Never hotspot
R045_C032,0,0,0,0,0,0,0.0,0.0,Never hotspot,0,0,0,0.0,0.0,0.0,0,0,1,1,2,0.0,1.5,1.5,Never hotspot
R045_C033,0,0,0,0,0,0,0.0,0.0,Never hotspot,0,0,0,0.0,0.0,0.0,2,1,4,0,2,1.5,1.0,-0.5,Never hotspot
R045_C034,0,0,0,0,0,0,0.0,0.0,Never hotspot,0,0,0,0.0,0.0,0.0,2,5,1,3,1,3.5,2.0,-1.5,Never hotspot
R045_C035,0,0,0,0,0,0,0.0,0.0,Never hotspot,0,0,0,0.0,0.0,0.0,1,4,2,5,3,2.5,4.0,1.5,Never hotspot
R045_C036,0,0,0,0,0,0,0.0,0.0,Never hotspot,0,0,0,0.0,0.0,0.0,3,4,2,2,2,3.5,2.0,-1.5,Never hotspot
R045_C037,0,0,0,0,0,0,0.0,0.0,Never hotspot,0,0,0,0.0,0.0,0.0,0,0,0,0,1,0.0,0.5,0.5,Never hotspot
R045_C038,0,0,0,0,0,0,0.0,0.0,Never hotspot,0,0,0,0.0,0.0,0.0,0,0,0,2,1,0.0,1.5,1.5,Never hotspot
R045_C039,0,0,0,0,0,0,0.0,0.0,Never hotspot,0,0,0,0.0,0.0,0.0,1,0,0,0,0,0.5,0.0,-0.5,Never hotspot
R045_C040,0,0,0,0,0,0,0.0,0.0,Never hotspot,0,0,0,0.0,0.0,0.0,0,1,0,1,3,0.5,2.0,1.5,Never hotspot
R045_C041,0,0,0,0,0,0,0.0,0.0,Never hotspot,0,0,0,0.0,0.0,0.0,0,1,1,0,1,0.5,0.5,0.0,Never hotspot
R045_C042,0,0,0,0,0,0,0.0,0.0,Never hotspot,0,0,0,0.0,0.0,0.0,1,1,1,1,2,1.0,1.5,0.5,Never hotspot
R045_C043,0,0,0,0,0,0,0.0,0.0,Never hotspot,0,0,0,0.0,0.0,0.0,1,0,0,0,0,0.5,0.0,-0.5,Never hotspot
R045_C044,0,0,0,0,0,0,0.0,0.0,Never hotspot,0,0,0,0.0,0.0,0.0,0,1,0,0,0,0.5,0.0,-0.5,Never hotspot
R045_C047,0,0,0,0,0,0,0.0,0.0,Never hotspot,0,0,0,0.0,0.0,0.0,0,0,0,0,2,0.0,1.0,1.0,Never hotspot
R045_C048,0,0,0,0,0,0,0.0,0.0,Never hotspot,0,0,0,0.0,0.0,0.0,0,0,0,0,1,0.0,0.5,0.5,Never hotspot
R045_C049,0,0,0,0,0,0,0.0,0.0,Never hotspot,0,0,0,0.0,0.0,0.0,2,3,4,4,3,2.5,3.5,1.0,Never hotspot
R045_C050,0,0,0,0,0,0,0.0,0.0,Never hotspot,0,0,0,0.0,0.0,0.0,1,2,4,3,2,1.5,2.5,1.0,Never hotspot
R045_C051,0,0,0,0,0,0,0.0,0.0,Never hotspot,0,0,0,0.0,0.0,0.0,0,0,0,1,0,0.0,0.5,0.5,Never hotspot
R045_C052,0,0,0,0,0,0,0.0,0.0,Never hotspot,0,0,0,0.0,0.0,0.0,0,0,0,0,2,0.0,1.0,1.0,Never hotspot
R045_C053,0,0,0,0,0,0,0.0,0.0,Never hotspot,0,0,0,0.0,0.0,0.0,1,0,0,0,0,0.5,0.0,-0.5,Never hotspot
R045_C054,0,0,0,0,0,0,0.0,0.0,Never hotspot,0,0,0,0.0,0.0,0.0,0,0,1,2,1,0.0,1.5,1.5,Never hotspot
R045_C055,0,0,0,0,0,0,0.0,0.0,Never hotspot,0,0,0,0.0,0.0,0.0,3,2,3,1,7,2.5,4.0,1.5,Never hotspot
R045_C056,0,0,0,0,0,0,0.0,0.0,Never hotspot,0,0,0,0.0,0.0,0.0,10,11,13,8,7,10.5,7.5,-3.0,Never hotspot
R045_C057,1,0,0,1,0,2,0.4,0.4,Repeated hotspot,1,1,1,0.5,0.5,0.0,32,33,25,35,33,32.5,34.0,1.5,Intermittent
R045_C058,0,0,0,0,0,0,0.0,0.0,Never hotspot,0,0,0,0.0,0.0,0.0,7,2,2,2,4,4.5,3.0,-1.5,Never hotspot
R045_C059,0,0,0,0,0,0,0.0,0.0,Never hotspot,0,0,0,0.0,0.0,0.0,1,1,1,1,0,1.0,0.5,-0.5,Never hotspot
R045_C060,0,0,0,0,0,0,0.0,0.0,Never hotspot,0,0,0,0.0,0.0,0.0,6,8,3,2,4,7.0,3.0,-4.0,Never hotspot
R045_C061,0,0,0,0,0,0,0.0,0.0,Never hotspot,0,0,0,0.0,0.0,0.0,1,10,5,5,4,5.5,4.5,-1.0,Never hotspot
R045_C062,0,0,0,0,0,0,0.0,0.0,Never hotspot,0,0,0,0.0,0.0,0.0,1,1,4,1,1,1.0,1.0,0.0,Never hotspot
R045_C063,0,0,0,0,0,0,0.0,0.0,Never hotspot,0,0,0,0.0,0.0,0.0,1,1,1,1,2,1.0,1.5,0.5,Never hotspot
R045_C064,0,0,0,0,0,0,0.0,0.0,Never hotspot,0,0,0,0.0,0.0,0.0,1,2,3,6,4,1.5,5.0,3.5,Never hotspot
R045_C065,0,0,0,0,0,0,0.0,0.0,Never hotspot,0,0,0,0.0,0.0,0.0,2,5,11,5,10,3.5,7.5,4.0,Never hotspot
R045_C066,0,0,0,0,0,0,0.0,0.0,Never hotspot,0,0,0,0.0,0.0,0.0,4,3,3,1,2,3.5,1.5,-2.0,Never hotspot
R045_C067,0,0,0,0,0,0,0.0,0.0,Never hotspot,0,0,0,0.0,0.0,0.0,2,7,3,6,4,4.5,5.0,0.5,Never hotspot
R045_C068,0,0,0,0,0,0,0.0,0.0,Never hotspot,0,0,0,0.0,0.0,0.0,5,4,2,5,1,4.5,3.0,-1.5,Never hotspot
R045_C069,0,0,0,0,0,0,0.0,0.0,Never hotspot,0,0,0,0.0,0.0,0.0,5,7,9,13,5,6.0,9.0,3.0,Never hotspot
R045_C070,0,0,0,0,0,0,0.0,0.0,Never hotspot,0,0,0,0.0,0.0,0.0,1,2,2,2,3,1.5,2.5,1.0,Never hotspot
R045_C071,0,0,0,0,0,0,0.0,0.0,Never hotspot,0,0,0,0.0,0.0,0.0,0,3,2,4,3,1.5,3.5,2.0,Never hotspot
R045_C072,0,0,0,0,0,0,0.0,0.0,Never hotspot,0,0,0,0.0,0.0,0.0,0,2,3,0,2,1.0,1.0,0.0,Never hotspot
R045_C073,0,0,0,0,0,0,0.0,0.0,Never hotspot,0,0,0,0.0,0.0,0.0,1,1,1,2,1,1.0,1.5,0.5,Never hotspot
R045_C074,0,0,0,0,0,0,0.0,0.0,Never hotspot,0,0,0,0.0,0.0,0.0,0,1,4,3,4,0.5,3.5,3.0,Never hotspot
R045_C075,0,0,0,0,0,0,0.0,0.0,Never hotspot,0,0,0,0.0,0.0,0.0,15,11,13,7,10,13.0,8.5,-4.5,Never hotspot
R045_C076,0,0,0,0,0,0,0.0,0.0,Never hotspot,0,0,0,0.0,0.0,0.0,7,14,11,10,16,10.5,13.0,2.5,Never hotspot
R045_C077,0,0,0,0,0,0,0.0,0.0,Never hotspot,0,0,0,0.0,0.0,0.0,0,1,4,3,3,0.5,3.0,2.5,Never hotspot
R045_C078,0,0,0,0,0,0,0.0,0.0,Never hotspot,0,0,0,0.0,0.0,0.0,8,14,9,17,16,11.0,16.5,5.5,Never hotspot
R045_C079,0,0,0,0,0,0,0.0,0.0,Never hotspot,0,0,0,0.0,0.0,0.0,3,1,0,2,1,2.0,1.5,-0.5,Never hotspot
R045_C080,0,0,0,0,0,0,0.0,0.0,Never hotspot,0,0,0,0.0,0.0,0.0,1,1,0,6,4,1.0,5.0,4.0,Never hotspot
R045_C081,0,0,0,0,0,0,0.0,0.0,Never hotspot,0,0,0,0.0,0.0,0.0,1,0,0,5,3,0.5,4.0,3.5,Never hotspot
R045_C082,0,0,0,0,0,0,0.0,0.0,Never hotspot,0,0,0,0.0,0.0,0.0,2,3,8,0,3,2.5,1.5,-1.0,Never hotspot
R045_C083,1,1,1,1,1,5,1.0,1.0,Persistent hotspot,5,2,2,1.0,1.0,0.0,64,56,50,44,53,60.0,48.5,-11.5,Persistent
R045_C084,1,1,1,1,1,5,1.0,1.0,Persistent hotspot,5,2,2,1.0,1.0,0.0,91,99,118,99,105,95.0,102.0,7.0,Persistent
R045_C085,0,0,0,0,0,0,0.0,0.0,Never hotspot,0,0,0,0.0,0.0,0.0,26,19,22,27,26,22.5,26.5,4.0,Never hotspot
R045_C086,0,0,0,0,1,1,0.2,0.2,Occasional hotspot,1,0,1,0.0,0.5,0.5,11,18,31,33,35,14.5,34.0,19.5,Emerging
R045_C087,0,0,0,0,0,0,0.0,0.0,Never hotspot,0,0,0,0.0,0.0,0.0,27,12,17,21,25,19.5,23.0,3.5,Never hotspot
R045_C088,0,0,0,0,0,0,0.0,0.0,Never hotspot,0,0,0,0.0,0.0,0.0,12,17,15,19,23,14.5,21.0,6.5,Never hotspot
R045_C089,0,0,0,0,0,0,0.0,0.0,Never hotspot,0,0,0,0.0,0.0,0.0,13,2,10,9,8,7.5,8.5,1.0,Never hotspot
R045_C090,0,0,0,0,0,0,0.0,0.0,Never hotspot,0,0,0,0.0,0.0,0.0,10,17,17,14,13,13.5,13.5,0.0,Never hotspot
R045_C091,0,0,0,0,0,0,0.0,0.0,Never hotspot,0,0,0,0.0,0.0,0.0,13,20,17,21,18,16.5,19.5,3.0,Never hotspot
R045_C092,0,0,0,0,0,0,0.0,0.0,Never hotspot,0,0,0,0.0,0.0,0.0,7,3,6,9,4,5.0,6.5,1.5,Never hotspot
R045_C093,0,0,0,0,0,0,0.0,0.0,Never hotspot,0,0,0,0.0,0.0,0.0,0,2,0,1,2,1.0,1.5,0.5,Never hotspot
R045_C094,0,0,0,0,0,0,0.0,0.0,Never hotspot,0,0,0,0.0,0.0,0.0,4,5,1,4,5,4.5,4.5,0.0,Never hotspot
R045_C095,0,0,0,0,0,0,0.0,0.0,Never hotspot,0,0,0,0.0,0.0,0.0,0,0,0,0,1,0.0,0.5,0.5,Never hotspot
R045_C096,0,0,0,0,0,0,0.0,0.0,Never hotspot,0,0,0,0.0,0.0,0.0,4,0,2,0,0,2.0,0.0,-2.0,Never hotspot
R045_C097,0,0,0,0,0,0,0.0,0.0,Never hotspot,0,0,0,0.0,0.0,0.0,17,16,18,20,24,16.5,22.0,5.5,Never hotspot
R045_C098,0,0,0,0,0,0,0.0,0.0,Never hotspot,0,0,0,0.0,0.0,0.0,0,3,4,7,2,1.5,4.5,3.0,Never hotspot
R045_C099,0,0,0,0,0,0,0.0,0.0,Never hotspot,0,0,0,0.0,0.0,0.0,1,1,3,4,2,1.0,3.0,2.0,Never hotspot
R045_C100,0,0,0,0,0,0,0.0,0.0,Never hotspot,0,0,0,0.0,0.0,0.0,4,0,2,0,2,2.0,1.0,-1.0,Never hotspot
R045_C101,0,0,0,0,0,0,0.0,0.0,Never hotspot,0,0,0,0.0,0.0,0.0,1,0,1,4,2,0.5,3.0,2.5,Never hotspot
R045_C102,0,0,0,0,0,0,0.0,0.0,Never hotspot,0,0,0,0.0,0.0,0.0,4,7,6,1,4,5.5,2.5,-3.0,Never hotspot
R045_C103,0,0,0,0,0,0,0.0,0.0,Never hotspot,0,0,0,0.0,0.0,0.0,6,2,3,8,3,4.0,5.5,1.5,Never hotspot
R045_C104,0,0,0,0,0,0,0.0,0.0,Never hotspot,0,0,0,0.0,0.0,0.0,5,2,2,4,2,3.5,3.0,-0.5,Never hotspot
R045_C105,0,0,0,0,0,0,0.0,0.0,Never hotspot,0,0,0,0.0,0.0,0.0,6,0,6,1,5,3.0,3.0,0.0,Never hotspot
R045_C106,0,0,0,0,0,0,0.0,0.0,Never hotspot,0,0,0,0.0,0.0,0.0,4,5,3,2,4,4.5,3.0,-1.5,Never hotspot
R045_C107,0,0,0,0,0,0,0.0,0.0,Never hotspot,0,0,0,0.0,0.0,0.0,2,0,3,1,2,1.0,1.5,0.5,Never hotspot
R045_C108,0,0,0,0,0,0,0.0,0.0,Never hotspot,0,0,0,0.0,0.0,0.0,9,8,7,8,12,8.5,10.0,1.5,Never hotspot
R045_C109,0,0,0,0,0,0,0.0,0.0,Never hotspot,0,0,0,0.0,0.0,0.0,4,2,7,6,10,3.0,8.0,5.0,Never hotspot
R045_C110,0,0,0,0,0,0,0.0,0.0,Never hotspot,0,0,0,0.0,0.0,0.0,4,4,3,1,2,4.0,1.5,-2.5,Never hotspot
R045_C111,0,0,0,0,0,0,0.0,0.0,Never hotspot,0,0,0,0.0,0.0,0.0,0,2,3,0,6,1.0,3.0,2.0,Never hotspot
R045_C112,0,0,0,0,0,0,0.0,0.0,Never hotspot,0,0,0,0.0,0.0,0.0,22,9,16,13,18,15.5,15.5,0.0,Never hotspot
R045_C113,0,0,0,0,0,0,0.0,0.0,Never hotspot,0,0,0,0.0,0.0,0.0,7,8,2,6,4,7.5,5.0,-2.5,Never hotspot
R046_C028,0,0,0,0,0,0,0.0,0.0,Never hotspot,0,0,0,0.0,0.0,0.0,0,0,0,1,0,0.0,0.5,0.5,Never hotspot
R046_C029,0,0,0,0,0,0,0.0,0.0,Never hotspot,0,0,0,0.0,0.0,0.0,0,0,1,0,0,0.0,0.0,0.0,Never hotspot
R046_C030,0,0,0,0,0,0,0.0,0.0,Never hotspot,0,0,0,0.0,0.0,0.0,3,3,0,3,10,3.0,6.5,3.5,Never hotspot
R046_C031,0,0,0,0,0,0,0.0,0.0,Never hotspot,0,0,0,0.0,0.0,0.0,4,3,2,3,1,3.5,2.0,-1.5,Never hotspot
R046_C032,0,0,0,0,0,0,0.0,0.0,Never hotspot,0,0,0,0.0,0.0,0.0,3,4,4,5,3,3.5,4.0,0.5,Never hotspot
R046_C033,0,0,0,0,0,0,0.0,0.0,Never hotspot,0,0,0,0.0,0.0,0.0,3,4,4,5,5,3.5,5.0,1.5,Never hotspot
R046_C034,0,0,0,0,0,0,0.0,0.0,Never hotspot,0,0,0,0.0,0.0,0.0,2,2,1,1,2,2.0,1.5,-0.5,Never hotspot
R046_C035,0,0,0,0,0,0,0.0,0.0,Never hotspot,0,0,0,0.0,0.0,0.0,2,1,0,3,4,1.5,3.5,2.0,Never hotspot
R046_C036,0,0,0,0,0,0,0.0,0.0,Never hotspot,0,0,0,0.0,0.0,0.0,1,0,0,1,3,0.5,2.0,1.5,Never hotspot
R046_C037,0,0,0,0,0,0,0.0,0.0,Never hotspot,0,0,0,0.0,0.0,0.0,3,2,3,2,3,2.5,2.5,0.0,Never hotspot
R046_C038,0,0,0,0,0,0,0.0,0.0,Never hotspot,0,0,0,0.0,0.0,0.0,0,0,0,1,0,0.0,0.5,0.5,Never hotspot
R046_C039,0,0,0,0,0,0,0.0,0.0,Never hotspot,0,0,0,0.0,0.0,0.0,2,0,3,1,1,1.0,1.0,0.0,Never hotspot
R046_C040,0,0,0,0,0,0,0.0,0.0,Never hotspot,0,0,0,0.0,0.0,0.0,1,0,0,1,1,0.5,1.0,0.5,Never hotspot
R046_C042,0,0,0,0,0,0,0.0,0.0,Never hotspot,0,0,0,0.0,0.0,0.0,1,0,1,0,0,0.5,0.0,-0.5,Never hotspot
R046_C043,0,0,0,0,0,0,0.0,0.0,Never hotspot,0,0,0,0.0,0.0,0.0,1,2,0,4,2,1.5,3.0,1.5,Never hotspot
R046_C044,0,0,0,0,0,0,0.0,0.0,Never hotspot,0,0,0,0.0,0.0,0.0,0,1,0,0,1,0.5,0.5,0.0,Never hotspot
R046_C046,0,0,0,0,0,0,0.0,0.0,Never hotspot,0,0,0,0.0,0.0,0.0,0,0,0,0,2,0.0,1.0,1.0,Never hotspot
R046_C047,0,0,0,0,0,0,0.0,0.0,Never hotspot,0,0,0,0.0,0.0,0.0,0,1,0,2,3,0.5,2.5,2.0,Never hotspot
R046_C048,0,0,0,0,0,0,0.0,0.0,Never hotspot,0,0,0,0.0,0.0,0.0,0,1,4,1,1,0.5,1.0,0.5,Never hotspot
R046_C049,0,0,0,0,0,0,0.0,0.0,Never hotspot,0,0,0,0.0,0.0,0.0,0,0,1,1,0,0.0,0.5,0.5,Never hotspot
R046_C050,0,0,0,0,0,0,0.0,0.0,Never hotspot,0,0,0,0.0,0.0,0.0,1,0,1,1,2,0.5,1.5,1.0,Never hotspot
R046_C051,0,0,0,0,0,0,0.0,0.0,Never hotspot,0,0,0,0.0,0.0,0.0,3,0,0,4,3,1.5,3.5,2.0,Never hotspot
R046_C052,0,0,0,0,0,0,0.0,0.0,Never hotspot,0,0,0,0.0,0.0,0.0,0,1,2,0,1,0.5,0.5,0.0,Never hotspot
R046_C053,0,0,0,0,0,0,0.0,0.0,Never hotspot,0,0,0,0.0,0.0,0.0,0,0,0,0,1,0.0,0.5,0.5,Never hotspot
R046_C054,0,0,0,0,0,0,0.0,0.0,Never hotspot,0,0,0,0.0,0.0,0.0,1,2,3,2,1,1.5,1.5,0.0,Never hotspot
R046_C055,0,0,0,0,0,0,0.0,0.0,Never hotspot,0,0,0,0.0,0.0,0.0,5,4,5,4,7,4.5,5.5,1.0,Never hotspot
R046_C056,0,0,0,0,0,0,0.0,0.0,Never hotspot,0,0,0,0.0,0.0,0.0,16,11,14,15,11,13.5,13.0,-0.5,Never hotspot
R046_C057,0,1,1,1,1,4,0.8,0.8,Persistent hotspot,4,1,2,0.5,1.0,0.5,28,51,53,44,47,39.5,45.5,6.0,Persistent
R046_C058,0,0,0,0,0,0,0.0,0.0,Never hotspot,0,0,0,0.0,0.0,0.0,10,9,4,4,8,9.5,6.0,-3.5,Never hotspot
R046_C059,0,0,0,0,0,0,0.0,0.0,Never hotspot,0,0,0,0.0,0.0,0.0,3,4,6,5,3,3.5,4.0,0.5,Never hotspot
R046_C060,0,0,0,0,0,0,0.0,0.0,Never hotspot,0,0,0,0.0,0.0,0.0,2,1,5,1,2,1.5,1.5,0.0,Never hotspot
R046_C061,0,0,0,0,0,0,0.0,0.0,Never hotspot,0,0,0,0.0,0.0,0.0,2,2,1,1,2,2.0,1.5,-0.5,Never hotspot
R046_C062,0,0,0,0,0,0,0.0,0.0,Never hotspot,0,0,0,0.0,0.0,0.0,8,4,5,5,8,6.0,6.5,0.5,Never hotspot
R046_C063,0,0,0,0,0,0,0.0,0.0,Never hotspot,0,0,0,0.0,0.0,0.0,2,4,2,2,7,3.0,4.5,1.5,Never hotspot
R046_C064,0,0,0,0,0,0,0.0,0.0,Never hotspot,0,0,0,0.0,0.0,0.0,6,8,9,6,6,7.0,6.0,-1.0,Never hotspot
R046_C065,0,0,0,0,0,0,0.0,0.0,Never hotspot,0,0,0,0.0,0.0,0.0,3,2,3,1,4,2.5,2.5,0.0,Never hotspot
R046_C066,0,0,0,0,0,0,0.0,0.0,Never hotspot,0,0,0,0.0,0.0,0.0,1,3,1,1,4,2.0,2.5,0.5,Never hotspot
R046_C067,0,0,0,0,0,0,0.0,0.0,Never hotspot,0,0,0,0.0,0.0,0.0,19,22,24,26,20,20.5,23.0,2.5,Never hotspot
R046_C068,0,0,0,0,0,0,0.0,0.0,Never hotspot,0,0,0,0.0,0.0,0.0,10,13,6,9,4,11.5,6.5,-5.0,Never hotspot
R046_C069,0,0,0,0,0,0,0.0,0.0,Never hotspot,0,0,0,0.0,0.0,0.0,5,5,3,7,11,5.0,9.0,4.0,Never hotspot
R046_C070,0,0,0,0,0,0,0.0,0.0,Never hotspot,0,0,0,0.0,0.0,0.0,2,1,3,5,4,1.5,4.5,3.0,Never hotspot
R046_C071,0,0,0,0,0,0,0.0,0.0,Never hotspot,0,0,0,0.0,0.0,0.0,1,5,4,8,5,3.0,6.5,3.5,Never hotspot
R046_C072,0,0,0,0,0,0,0.0,0.0,Never hotspot,0,0,0,0.0,0.0,0.0,6,9,4,4,6,7.5,5.0,-2.5,Never hotspot
R046_C073,0,0,0,0,0,0,0.0,0.0,Never hotspot,0,0,0,0.0,0.0,0.0,3,1,2,4,1,2.0,2.5,0.5,Never hotspot
R046_C074,0,0,0,0,0,0,0.0,0.0,Never hotspot,0,0,0,0.0,0.0,0.0,3,1,0,2,0,2.0,1.0,-1.0,Never hotspot
R046_C075,0,0,0,0,0,0,0.0,0.0,Never hotspot,0,0,0,0.0,0.0,0.0,12,12,17,16,12,12.0,14.0,2.0,Never hotspot
R046_C076,1,1,0,0,1,3,0.6,0.6,Repeated hotspot,2,2,1,1.0,0.5,-0.5,42,40,29,34,44,41.0,39.0,-2.0,Intermittent
R046_C077,0,0,0,0,0,0,0.0,0.0,Never hotspot,0,0,0,0.0,0.0,0.0,0,1,3,8,6,0.5,7.0,6.5,Never hotspot
R046_C078,0,0,0,0,0,0,0.0,0.0,Never hotspot,0,0,0,0.0,0.0,0.0,0,2,5,4,5,1.0,4.5,3.5,Never hotspot
R046_C079,0,0,0,0,0,0,0.0,0.0,Never hotspot,0,0,0,0.0,0.0,0.0,1,2,1,1,2,1.5,1.5,0.0,Never hotspot
R046_C080,0,0,0,0,0,0,0.0,0.0,Never hotspot,0,0,0,0.0,0.0,0.0,3,4,3,4,2,3.5,3.0,-0.5,Never hotspot
R046_C081,0,0,0,0,0,0,0.0,0.0,Never hotspot,0,0,0,0.0,0.0,0.0,0,2,3,1,2,1.0,1.5,0.5,Never hotspot
R046_C082,0,0,0,0,0,0,0.0,0.0,Never hotspot,0,0,0,0.0,0.0,0.0,12,13,18,12,9,12.5,10.5,-2.0,Never hotspot
R046_C083,0,0,0,0,0,0,0.0,0.0,Never hotspot,0,0,0,0.0,0.0,0.0,23,29,25,26,20,26.0,23.0,-3.0,Never hotspot
R046_C084,1,1,1,1,0,4,0.8,0.8,Persistent hotspot,4,2,1,1.0,0.5,-0.5,32,37,53,37,33,34.5,35.0,0.5,Persistent
R046_C085,0,0,0,0,0,0,0.0,0.0,Never hotspot,0,0,0,0.0,0.0,0.0,1,5,8,5,4,3.0,4.5,1.5,Never hotspot
R046_C086,0,0,0,0,0,0,0.0,0.0,Never hotspot,0,0,0,0.0,0.0,0.0,8,23,17,7,13,15.5,10.0,-5.5,Never hotspot
R046_C087,0,0,0,0,0,0,0.0,0.0,Never hotspot,0,0,0,0.0,0.0,0.0,9,11,13,9,15,10.0,12.0,2.0,Never hotspot
R046_C088,0,0,0,0,0,0,0.0,0.0,Never hotspot,0,0,0,0.0,0.0,0.0,4,7,6,6,9,5.5,7.5,2.0,Never hotspot
R046_C089,0,0,0,0,0,0,0.0,0.0,Never hotspot,0,0,0,0.0,0.0,0.0,3,6,3,3,4,4.5,3.5,-1.0,Never hotspot
R046_C090,0,0,0,0,0,0,0.0,0.0,Never hotspot,0,0,0,0.0,0.0,0.0,16,18,14,14,17,17.0,15.5,-1.5,Never hotspot
R046_C091,0,0,0,0,0,0,0.0,0.0,Never hotspot,0,0,0,0.0,0.0,0.0,17,8,18,17,6,12.5,11.5,-1.0,Never hotspot
R046_C092,0,0,0,0,0,0,0.0,0.0,Never hotspot,0,0,0,0.0,0.0,0.0,2,3,0,1,2,2.5,1.5,-1.0,Never hotspot
R046_C093,0,0,0,0,0,0,0.0,0.0,Never hotspot,0,0,0,0.0,0.0,0.0,8,6,4,10,11,7.0,10.5,3.5,Never hotspot
R046_C094,0,0,0,0,0,0,0.0,0.0,Never hotspot,0,0,0,0.0,0.0,0.0,17,21,17,21,20,19.0,20.5,1.5,Never hotspot
R046_C095,0,0,0,0,0,0,0.0,0.0,Never hotspot,0,0,0,0.0,0.0,0.0,6,8,5,7,6,7.0,6.5,-0.5,Never hotspot
R046_C096,0,0,0,0,0,0,0.0,0.0,Never hotspot,0,0,0,0.0,0.0,0.0,7,1,5,7,5,4.0,6.0,2.0,Never hotspot
R046_C097,0,0,0,0,0,0,0.0,0.0,Never hotspot,0,0,0,0.0,0.0,0.0,2,8,5,3,6,5.0,4.5,-0.5,Never hotspot
R046_C098,0,0,0,0,0,0,0.0,0.0,Never hotspot,0,0,0,0.0,0.0,0.0,4,3,1,1,5,3.5,3.0,-0.5,Never hotspot
R046_C099,0,0,0,0,0,0,0.0,0.0,Never hotspot,0,0,0,0.0,0.0,0.0,0,0,0,1,2,0.0,1.5,1.5,Never hotspot
R046_C100,0,0,0,0,0,0,0.0,0.0,Never hotspot,0,0,0,0.0,0.0,0.0,8,5,1,10,9,6.5,9.5,3.0,Never hotspot
R046_C101,0,0,0,0,0,0,0.0,0.0,Never hotspot,0,0,0,0.0,0.0,0.0,5,2,6,3,0,3.5,1.5,-2.0,Never hotspot
R046_C102,0,0,0,0,0,0,0.0,0.0,Never hotspot,0,0,0,0.0,0.0,0.0,1,2,2,0,2,1.5,1.0,-0.5,Never hotspot
R046_C103,0,0,0,0,0,0,0.0,0.0,Never hotspot,0,0,0,0.0,0.0,0.0,0,1,2,0,2,0.5,1.0,0.5,Never hotspot
R046_C104,0,0,1,0,0,1,0.2,0.2,Occasional hotspot,1,0,0,0.0,0.0,0.0,30,25,36,30,31,27.5,30.5,3.0,Intermittent
R046_C105,0,0,0,0,0,0,0.0,0.0,Never hotspot,0,0,0,0.0,0.0,0.0,7,5,3,1,5,6.0,3.0,-3.0,Never hotspot
R046_C106,0,0,0,0,0,0,0.0,0.0,Never hotspot,0,0,0,0.0,0.0,0.0,3,4,0,3,8,3.5,5.5,2.0,Never hotspot
R046_C107,0,0,0,0,0,0,0.0,0.0,Never hotspot,0,0,0,0.0,0.0,0.0,16,8,15,10,8,12.0,9.0,-3.0,Never hotspot
R046_C108,0,0,0,0,0,0,0.0,0.0,Never hotspot,0,0,0,0.0,0.0,0.0,4,4,9,3,5,4.0,4.0,0.0,Never hotspot
R046_C109,1,1,1,1,1,5,1.0,1.0,Persistent hotspot,5,2,2,1.0,1.0,0.0,35,34,49,37,46,34.5,41.5,7.0,Persistent
R046_C110,1,1,1,1,1,5,1.0,1.0,Persistent hotspot,5,2,2,1.0,1.0,0.0,116,121,143,115,142,118.5,128.5,10.0,Persistent
R046_C111,0,0,0,0,0,0,0.0,0.0,Never hotspot,0,0,0,0.0,0.0,0.0,26,25,25,18,17,25.5,17.5,-8.0,Never hotspot
R046_C112,0,0,0,0,0,0,0.0,0.0,Never hotspot,0,0,0,0.0,0.0,0.0,0,2,0,0,4,1.0,2.0,1.0,Never hotspot
R046_C113,0,0,0,0,0,0,0.0,0.0,Never hotspot,0,0,0,0.0,0.0,0.0,0,0,2,1,0,0.0,0.5,0.5,Never hotspot
R046_C114,0,0,0,0,0,0,0.0,0.0,Never hotspot,0,0,0,0.0,0.0,0.0,0,0,1,0,2,0.0,1.0,1.0,Never hotspot
R047_C030,0,0,0,0,0,0,0.0,0.0,Never hotspot,0,0,0,0.0,0.0,0.0,5,9,6,10,4,7.0,7.0,0.0,Never hotspot
R047_C031,0,0,0,0,0,0,0.0,0.0,Never hotspot,0,0,0,0.0,0.0,0.0,4,5,1,5,3,4.5,4.0,-0.5,Never hotspot
R047_C032,0,0,0,0,0,0,0.0,0.0,Never hotspot,0,0,0,0.0,0.0,0.0,2,6,1,2,6,4.0,4.0,0.0,Never hotspot
R047_C033,0,0,0,0,0,0,0.0,0.0,Never hotspot,0,0,0,0.0,0.0,0.0,2,1,2,0,1,1.5,0.5,-1.0,Never hotspot
R047_C034,0,0,0,0,0,0,0.0,0.0,Never hotspot,0,0,0,0.0,0.0,0.0,1,0,2,3,3,0.5,3.0,2.5,Never hotspot
R047_C035,0,0,0,0,0,0,0.0,0.0,Never hotspot,0,0,0,0.0,0.0,0.0,0,0,3,0,0,0.0,0.0,0.0,Never hotspot
R047_C036,0,0,0,0,0,0,0.0,0.0,Never hotspot,0,0,0,0.0,0.0,0.0,0,0,1,2,1,0.0,1.5,1.5,Never hotspot
R047_C037,0,0,0,0,0,0,0.0,0.0,Never hotspot,0,0,0,0.0,0.0,0.0,3,4,5,1,3,3.5,2.0,-1.5,Never hotspot
R047_C038,0,0,0,0,0,0,0.0,0.0,Never hotspot,0,0,0,0.0,0.0,0.0,6,2,7,2,7,4.0,4.5,0.5,Never hotspot
R047_C039,0,0,0,0,0,0,0.0,0.0,Never hotspot,0,0,0,0.0,0.0,0.0,0,0,0,1,0,0.0,0.5,0.5,Never hotspot
R047_C043,0,0,0,0,0,0,0.0,0.0,Never hotspot,0,0,0,0.0,0.0,0.0,0,0,0,0,1,0.0,0.5,0.5,Never hotspot
R047_C044,0,0,0,0,0,0,0.0,0.0,Never hotspot,0,0,0,0.0,0.0,0.0,1,1,1,0,2,1.0,1.0,0.0,Never hotspot
R047_C045,0,0,0,0,0,0,0.0,0.0,Never hotspot,0,0,0,0.0,0.0,0.0,1,0,0,1,1,0.5,1.0,0.5,Never hotspot
R047_C046,0,0,0,0,0,0,0.0,0.0,Never hotspot,0,0,0,0.0,0.0,0.0,0,2,1,1,1,1.0,1.0,0.0,Never hotspot
R047_C047,0,0,0,0,0,0,0.0,0.0,Never hotspot,0,0,0,0.0,0.0,0.0,0,1,0,0,3,0.5,1.5,1.0,Never hotspot
R047_C048,0,0,0,0,0,0,0.0,0.0,Never hotspot,0,0,0,0.0,0.0,0.0,1,1,2,2,3,1.0,2.5,1.5,Never hotspot
R047_C051,0,0,0,0,0,0,0.0,0.0,Never hotspot,0,0,0,0.0,0.0,0.0,1,0,1,0,0,0.5,0.0,-0.5,Never hotspot
R047_C052,0,0,0,0,0,0,0.0,0.0,Never hotspot,0,0,0,0.0,0.0,0.0,2,1,2,2,1,1.5,1.5,0.0,Never hotspot
R047_C053,0,0,0,0,0,0,0.0,0.0,Never hotspot,0,0,0,0.0,0.0,0.0,2,4,2,2,5,3.0,3.5,0.5,Never hotspot
R047_C054,0,0,0,0,0,0,0.0,0.0,Never hotspot,0,0,0,0.0,0.0,0.0,2,3,2,2,4,2.5,3.0,0.5,Never hotspot
R047_C055,0,0,0,0,0,0,0.0,0.0,Never hotspot,0,0,0,0.0,0.0,0.0,0,1,0,0,0,0.5,0.0,-0.5,Never hotspot
R047_C056,0,0,0,0,0,0,0.0,0.0,Never hotspot,0,0,0,0.0,0.0,0.0,1,1,0,4,2,1.0,3.0,2.0,Never hotspot
R047_C057,0,0,0,0,0,0,0.0,0.0,Never hotspot,0,0,0,0.0,0.0,0.0,5,5,2,4,2,5.0,3.0,-2.0,Never hotspot
R047_C058,0,0,0,0,0,0,0.0,0.0,Never hotspot,0,0,0,0.0,0.0,0.0,2,1,6,2,2,1.5,2.0,0.5,Never hotspot
R047_C059,0,0,0,0,0,0,0.0,0.0,Never hotspot,0,0,0,0.0,0.0,0.0,3,5,3,3,3,4.0,3.0,-1.0,Never hotspot
R047_C060,0,0,0,0,0,0,0.0,0.0,Never hotspot,0,0,0,0.0,0.0,0.0,2,2,2,3,6,2.0,4.5,2.5,Never hotspot
R047_C061,0,0,0,0,0,0,0.0,0.0,Never hotspot,0,0,0,0.0,0.0,0.0,3,1,0,3,3,2.0,3.0,1.0,Never hotspot
R047_C062,0,0,0,0,0,0,0.0,0.0,Never hotspot,0,0,0,0.0,0.0,0.0,30,23,34,25,29,26.5,27.0,0.5,Never hotspot
R047_C063,0,0,0,0,0,0,0.0,0.0,Never hotspot,0,0,0,0.0,0.0,0.0,7,4,6,4,5,5.5,4.5,-1.0,Never hotspot
R047_C064,0,0,0,0,0,0,0.0,0.0,Never hotspot,0,0,0,0.0,0.0,0.0,5,7,11,8,3,6.0,5.5,-0.5,Never hotspot
R047_C065,0,0,0,0,0,0,0.0,0.0,Never hotspot,0,0,0,0.0,0.0,0.0,7,6,2,10,9,6.5,9.5,3.0,Never hotspot
R047_C066,0,0,0,0,0,0,0.0,0.0,Never hotspot,0,0,0,0.0,0.0,0.0,9,7,3,3,3,8.0,3.0,-5.0,Never hotspot
R047_C067,0,0,0,0,0,0,0.0,0.0,Never hotspot,0,0,0,0.0,0.0,0.0,10,4,12,5,3,7.0,4.0,-3.0,Never hotspot
R047_C068,0,0,0,0,0,0,0.0,0.0,Never hotspot,0,0,0,0.0,0.0,0.0,4,3,1,4,4,3.5,4.0,0.5,Never hotspot
R047_C069,0,0,0,0,0,0,0.0,0.0,Never hotspot,0,0,0,0.0,0.0,0.0,3,3,1,1,1,3.0,1.0,-2.0,Never hotspot
R047_C070,0,0,0,0,0,0,0.0,0.0,Never hotspot,0,0,0,0.0,0.0,0.0,3,5,3,2,5,4.0,3.5,-0.5,Never hotspot
R047_C071,0,0,0,0,0,0,0.0,0.0,Never hotspot,0,0,0,0.0,0.0,0.0,2,1,1,1,1,1.5,1.0,-0.5,Never hotspot
R047_C072,0,0,0,0,0,0,0.0,0.0,Never hotspot,0,0,0,0.0,0.0,0.0,2,5,2,8,9,3.5,8.5,5.0,Never hotspot
R047_C073,0,0,0,0,0,0,0.0,0.0,Never hotspot,0,0,0,0.0,0.0,0.0,2,3,2,2,5,2.5,3.5,1.0,Never hotspot
R047_C074,0,0,0,0,0,0,0.0,0.0,Never hotspot,0,0,0,0.0,0.0,0.0,3,2,3,2,4,2.5,3.0,0.5,Never hotspot
R047_C075,0,0,0,0,0,0,0.0,0.0,Never hotspot,0,0,0,0.0,0.0,0.0,5,4,8,7,1,4.5,4.0,-0.5,Never hotspot
R047_C076,0,0,0,0,0,0,0.0,0.0,Never hotspot,0,0,0,0.0,0.0,0.0,1,2,4,6,1,1.5,3.5,2.0,Never hotspot
R047_C077,0,0,0,0,0,0,0.0,0.0,Never hotspot,0,0,0,0.0,0.0,0.0,2,1,0,1,2,1.5,1.5,0.0,Never hotspot
R047_C078,0,0,0,0,0,0,0.0,0.0,Never hotspot,0,0,0,0.0,0.0,0.0,0,0,0,0,1,0.0,0.5,0.5,Never hotspot
R047_C079,0,0,0,0,0,0,0.0,0.0,Never hotspot,0,0,0,0.0,0.0,0.0,2,1,2,0,0,1.5,0.0,-1.5,Never hotspot
R047_C080,0,0,0,0,0,0,0.0,0.0,Never hotspot,0,0,0,0.0,0.0,0.0,10,14,16,18,15,12.0,16.5,4.5,Never hotspot
R047_C081,0,0,0,0,0,0,0.0,0.0,Never hotspot,0,0,0,0.0,0.0,0.0,3,7,3,4,9,5.0,6.5,1.5,Never hotspot
R047_C082,0,0,0,0,0,0,0.0,0.0,Never hotspot,0,0,0,0.0,0.0,0.0,5,2,0,2,3,3.5,2.5,-1.0,Never hotspot
R047_C083,0,0,0,0,0,0,0.0,0.0,Never hotspot,0,0,0,0.0,0.0,0.0,7,15,7,2,6,11.0,4.0,-7.0,Never hotspot
R047_C084,0,0,0,0,0,0,0.0,0.0,Never hotspot,0,0,0,0.0,0.0,0.0,2,3,6,8,2,2.5,5.0,2.5,Never hotspot
R047_C085,0,0,0,0,0,0,0.0,0.0,Never hotspot,0,0,0,0.0,0.0,0.0,2,0,0,3,1,1.0,2.0,1.0,Never hotspot
R047_C086,0,0,0,0,0,0,0.0,0.0,Never hotspot,0,0,0,0.0,0.0,0.0,2,6,2,1,4,4.0,2.5,-1.5,Never hotspot
R047_C087,1,1,1,1,1,5,1.0,1.0,Persistent hotspot,5,2,2,1.0,1.0,0.0,98,77,122,99,104,87.5,101.5,14.0,Persistent
R047_C088,1,1,1,1,1,5,1.0,1.0,Persistent hotspot,5,2,2,1.0,1.0,0.0,48,43,56,70,56,45.5,63.0,17.5,Persistent
R047_C089,0,0,0,0,0,0,0.0,0.0,Never hotspot,0,0,0,0.0,0.0,0.0,4,5,4,7,2,4.5,4.5,0.0,Never hotspot
R047_C090,0,0,0,0,0,0,0.0,0.0,Never hotspot,0,0,0,0.0,0.0,0.0,25,13,27,19,26,19.0,22.5,3.5,Never hotspot
R047_C091,0,0,0,0,0,0,0.0,0.0,Never hotspot,0,0,0,0.0,0.0,0.0,7,6,8,5,9,6.5,7.0,0.5,Never hotspot
R047_C092,0,0,0,0,0,0,0.0,0.0,Never hotspot,0,0,0,0.0,0.0,0.0,1,4,3,3,5,2.5,4.0,1.5,Never hotspot
R047_C093,0,0,0,0,0,0,0.0,0.0,Never hotspot,0,0,0,0.0,0.0,0.0,2,4,2,5,4,3.0,4.5,1.5,Never hotspot
R047_C094,0,0,0,0,0,0,0.0,0.0,Never hotspot,0,0,0,0.0,0.0,0.0,13,6,6,11,3,9.5,7.0,-2.5,Never hotspot
R047_C095,0,0,0,0,0,0,0.0,0.0,Never hotspot,0,0,0,0.0,0.0,0.0,6,1,6,4,8,3.5,6.0,2.5,Never hotspot
R047_C096,0,0,0,0,0,0,0.0,0.0,Never hotspot,0,0,0,0.0,0.0,0.0,12,16,16,25,23,14.0,24.0,10.0,Never hotspot
R047_C097,0,0,0,0,0,0,0.0,0.0,Never hotspot,0,0,0,0.0,0.0,0.0,7,6,9,9,4,6.5,6.5,0.0,Never hotspot
R047_C098,0,0,0,0,0,0,0.0,0.0,Never hotspot,0,0,0,0.0,0.0,0.0,3,6,2,0,5,4.5,2.5,-2.0,Never hotspot
R047_C099,0,0,0,0,0,0,0.0,0.0,Never hotspot,0,0,0,0.0,0.0,0.0,4,6,2,9,3,5.0,6.0,1.0,Never hotspot
R047_C100,0,0,0,0,0,0,0.0,0.0,Never hotspot,0,0,0,0.0,0.0,0.0,13,19,10,15,27,16.0,21.0,5.0,Never hotspot
R047_C101,0,0,0,0,0,0,0.0,0.0,Never hotspot,0,0,0,0.0,0.0,0.0,3,9,3,2,6,6.0,4.0,-2.0,Never hotspot
R047_C102,0,0,0,0,0,0,0.0,0.0,Never hotspot,0,0,0,0.0,0.0,0.0,5,2,2,3,3,3.5,3.0,-0.5,Never hotspot
R047_C103,0,0,0,0,0,0,0.0,0.0,Never hotspot,0,0,0,0.0,0.0,0.0,4,2,7,4,8,3.0,6.0,3.0,Never hotspot
R047_C104,0,0,0,0,0,0,0.0,0.0,Never hotspot,0,0,0,0.0,0.0,0.0,5,8,3,7,8,6.5,7.5,1.0,Never hotspot
R047_C105,0,0,0,0,0,0,0.0,0.0,Never hotspot,0,0,0,0.0,0.0,0.0,2,2,5,3,4,2.0,3.5,1.5,Never hotspot
R047_C106,0,0,0,0,0,0,0.0,0.0,Never hotspot,0,0,0,0.0,0.0,0.0,4,3,3,0,2,3.5,1.0,-2.5,Never hotspot
R047_C107,0,0,0,0,0,0,0.0,0.0,Never hotspot,0,0,0,0.0,0.0,0.0,2,1,1,3,3,1.5,3.0,1.5,Never hotspot
R047_C108,0,0,0,0,0,0,0.0,0.0,Never hotspot,0,0,0,0.0,0.0,0.0,1,1,3,1,5,1.0,3.0,2.0,Never hotspot
R047_C109,0,1,1,0,1,3,0.6,0.6,Repeated hotspot,2,1,1,0.5,0.5,0.0,30,44,47,29,44,37.0,36.5,-0.5,Intermittent
R047_C110,1,1,1,1,1,5,1.0,1.0,Persistent hotspot,5,2,2,1.0,1.0,0.0,50,49,55,43,57,49.5,50.0,0.5,Persistent
R047_C111,0,0,0,0,0,0,0.0,0.0,Never hotspot,0,0,0,0.0,0.0,0.0,20,17,23,17,15,18.5,16.0,-2.5,Never hotspot
R047_C112,0,0,0,0,0,0,0.0,0.0,Never hotspot,0,0,0,0.0,0.0,0.0,13,11,9,10,12,12.0,11.0,-1.0,Never hotspot
R047_C113,0,0,0,0,0,0,0.0,0.0,Never hotspot,0,0,0,0.0,0.0,0.0,1,1,1,2,3,1.0,2.5,1.5,Never hotspot
R047_C114,0,0,0,0,0,0,0.0,0.0,Never hotspot,0,0,0,0.0,0.0,0.0,0,0,0,0,1,0.0,0.5,0.5,Never hotspot
R047_C115,0,0,0,0,0,0,0.0,0.0,Never hotspot,0,0,0,0.0,0.0,0.0,0,0,0,1,0,0.0,0.5,0.5,Never hotspot
R048_C030,0,0,0,0,0,0,0.0,0.0,Never hotspot,0,0,0,0.0,0.0,0.0,0,0,0,0,1,0.0,0.5,0.5,Never hotspot
R048_C031,0,0,0,0,0,0,0.0,0.0,Never hotspot,0,0,0,0.0,0.0,0.0,1,0,0,2,0,0.5,1.0,0.5,Never hotspot
R048_C032,0,0,0,0,0,0,0.0,0.0,Never hotspot,0,0,0,0.0,0.0,0.0,0,2,0,0,1,1.0,0.5,-0.5,Never hotspot
R048_C033,0,0,0,0,0,0,0.0,0.0,Never hotspot,0,0,0,0.0,0.0,0.0,2,3,2,2,3,2.5,2.5,0.0,Never hotspot
R048_C034,0,0,0,0,0,0,0.0,0.0,Never hotspot,0,0,0,0.0,0.0,0.0,3,2,3,3,4,2.5,3.5,1.0,Never hotspot
R048_C035,0,0,0,0,0,0,0.0,0.0,Never hotspot,0,0,0,0.0,0.0,0.0,1,1,1,3,3,1.0,3.0,2.0,Never hotspot
R048_C036,0,0,0,0,0,0,0.0,0.0,Never hotspot,0,0,0,0.0,0.0,0.0,1,1,1,1,0,1.0,0.5,-0.5,Never hotspot
R048_C037,0,0,0,0,0,0,0.0,0.0,Never hotspot,0,0,0,0.0,0.0,0.0,0,3,0,2,6,1.5,4.0,2.5,Never hotspot
R048_C038,0,0,0,0,0,0,0.0,0.0,Never hotspot,0,0,0,0.0,0.0,0.0,1,1,0,1,3,1.0,2.0,1.0,Never hotspot
R048_C039,0,0,0,0,0,0,0.0,0.0,Never hotspot,0,0,0,0.0,0.0,0.0,0,2,0,2,1,1.0,1.5,0.5,Never hotspot
R048_C043,0,0,0,0,0,0,0.0,0.0,Never hotspot,0,0,0,0.0,0.0,0.0,0,0,1,0,1,0.0,0.5,0.5,Never hotspot
R048_C044,0,0,0,0,0,0,0.0,0.0,Never hotspot,0,0,0,0.0,0.0,0.0,0,0,1,0,0,0.0,0.0,0.0,Never hotspot
R048_C045,0,0,0,0,0,0,0.0,0.0,Never hotspot,0,0,0,0.0,0.0,0.0,1,0,1,1,0,0.5,0.5,0.0,Never hotspot
R048_C046,0,0,0,0,0,0,0.0,0.0,Never hotspot,0,0,0,0.0,0.0,0.0,1,0,0,2,0,0.5,1.0,0.5,Never hotspot
R048_C047,0,0,0,0,0,0,0.0,0.0,Never hotspot,0,0,0,0.0,0.0,0.0,3,4,5,7,5,3.5,6.0,2.5,Never hotspot
R048_C048,0,0,0,0,0,0,0.0,0.0,Never hotspot,0,0,0,0.0,0.0,0.0,0,3,3,2,2,1.5,2.0,0.5,Never hotspot
R048_C051,0,0,0,0,0,0,0.0,0.0,Never hotspot,0,0,0,0.0,0.0,0.0,0,2,1,0,1,1.0,0.5,-0.5,Never hotspot
R048_C052,0,0,0,0,0,0,0.0,0.0,Never hotspot,0,0,0,0.0,0.0,0.0,0,0,2,0,1,0.0,0.5,0.5,Never hotspot
R048_C053,0,0,0,0,0,0,0.0,0.0,Never hotspot,0,0,0,0.0,0.0,0.0,1,2,0,3,4,1.5,3.5,2.0,Never hotspot
R048_C054,0,0,0,0,0,0,0.0,0.0,Never hotspot,0,0,0,0.0,0.0,0.0,0,1,2,2,3,0.5,2.5,2.0,Never hotspot
R048_C055,0,0,0,0,0,0,0.0,0.0,Never hotspot,0,0,0,0.0,0.0,0.0,0,4,0,1,0,2.0,0.5,-1.5,Never hotspot
R048_C056,0,0,0,0,0,0,0.0,0.0,Never hotspot,0,0,0,0.0,0.0,0.0,1,0,1,1,0,0.5,0.5,0.0,Never hotspot
R048_C057,0,0,0,0,0,0,0.0,0.0,Never hotspot,0,0,0,0.0,0.0,0.0,0,5,5,6,13,2.5,9.5,7.0,Never hotspot
R048_C058,0,0,0,0,0,0,0.0,0.0,Never hotspot,0,0,0,0.0,0.0,0.0,0,1,0,1,0,0.5,0.5,0.0,Never hotspot
R048_C059,0,0,0,0,0,0,0.0,0.0,Never hotspot,0,0,0,0.0,0.0,0.0,1,4,4,2,4,2.5,3.0,0.5,Never hotspot
R048_C060,0,0,0,0,0,0,0.0,0.0,Never hotspot,0,0,0,0.0,0.0,0.0,4,4,5,5,7,4.0,6.0,2.0,Never hotspot
R048_C061,0,0,0,0,0,0,0.0,0.0,Never hotspot,0,0,0,0.0,0.0,0.0,0,0,1,2,1,0.0,1.5,1.5,Never hotspot
R048_C062,0,0,0,0,0,0,0.0,0.0,Never hotspot,0,0,0,0.0,0.0,0.0,5,5,4,8,4,5.0,6.0,1.0,Never hotspot
R048_C063,0,0,1,0,0,1,0.2,0.2,Occasional hotspot,1,0,0,0.0,0.0,0.0,25,22,41,22,26,23.5,24.0,0.5,Intermittent
R048_C064,0,0,0,0,1,1,0.2,0.2,Occasional hotspot,1,0,1,0.0,0.5,0.5,26,25,35,27,36,25.5,31.5,6.0,Emerging
R048_C065,0,0,0,0,0,0,0.0,0.0,Never hotspot,0,0,0,0.0,0.0,0.0,3,10,2,7,7,6.5,7.0,0.5,Never hotspot
R048_C066,0,0,0,0,0,0,0.0,0.0,Never hotspot,0,0,0,0.0,0.0,0.0,1,0,2,2,0,0.5,1.0,0.5,Never hotspot
R048_C067,0,0,0,0,0,0,0.0,0.0,Never hotspot,0,0,0,0.0,0.0,0.0,0,2,0,0,3,1.0,1.5,0.5,Never hotspot
R048_C068,0,0,0,0,0,0,0.0,0.0,Never hotspot,0,0,0,0.0,0.0,0.0,7,10,9,5,11,8.5,8.0,-0.5,Never hotspot
R048_C069,0,0,0,0,0,0,0.0,0.0,Never hotspot,0,0,0,0.0,0.0,0.0,2,3,7,1,9,2.5,5.0,2.5,Never hotspot
R048_C070,0,0,0,0,0,0,0.0,0.0,Never hotspot,0,0,0,0.0,0.0,0.0,7,10,10,9,10,8.5,9.5,1.0,Never hotspot
R048_C071,0,0,0,0,0,0,0.0,0.0,Never hotspot,0,0,0,0.0,0.0,0.0,6,4,5,9,15,5.0,12.0,7.0,Never hotspot
R048_C072,0,0,0,0,0,0,0.0,0.0,Never hotspot,0,0,0,0.0,0.0,0.0,4,9,7,7,7,6.5,7.0,0.5,Never hotspot
R048_C073,0,0,0,0,0,0,0.0,0.0,Never hotspot,0,0,0,0.0,0.0,0.0,1,5,2,7,4,3.0,5.5,2.5,Never hotspot
R048_C074,0,0,0,0,0,0,0.0,0.0,Never hotspot,0,0,0,0.0,0.0,0.0,1,2,5,3,13,1.5,8.0,6.5,Never hotspot
R048_C075,0,0,0,0,0,0,0.0,0.0,Never hotspot,0,0,0,0.0,0.0,0.0,1,2,1,2,4,1.5,3.0,1.5,Never hotspot
R048_C076,0,0,0,0,0,0,0.0,0.0,Never hotspot,0,0,0,0.0,0.0,0.0,3,1,2,0,0,2.0,0.0,-2.0,Never hotspot
R048_C077,0,0,0,0,0,0,0.0,0.0,Never hotspot,0,0,0,0.0,0.0,0.0,3,3,2,9,4,3.0,6.5,3.5,Never hotspot
R048_C078,0,0,0,0,0,0,0.0,0.0,Never hotspot,0,0,0,0.0,0.0,0.0,1,1,0,0,1,1.0,0.5,-0.5,Never hotspot
R048_C079,0,0,0,0,0,0,0.0,0.0,Never hotspot,0,0,0,0.0,0.0,0.0,1,2,2,0,3,1.5,1.5,0.0,Never hotspot
R048_C080,0,0,0,0,0,0,0.0,0.0,Never hotspot,0,0,0,0.0,0.0,0.0,1,8,6,4,4,4.5,4.0,-0.5,Never hotspot
R048_C081,0,0,0,0,0,0,0.0,0.0,Never hotspot,0,0,0,0.0,0.0,0.0,3,5,5,6,13,4.0,9.5,5.5,Never hotspot
R048_C082,0,0,0,0,0,0,0.0,0.0,Never hotspot,0,0,0,0.0,0.0,0.0,16,11,17,15,20,13.5,17.5,4.0,Never hotspot
R048_C083,0,0,0,0,0,0,0.0,0.0,Never hotspot,0,0,0,0.0,0.0,0.0,4,4,0,1,1,4.0,1.0,-3.0,Never hotspot
R048_C084,0,0,0,0,0,0,0.0,0.0,Never hotspot,0,0,0,0.0,0.0,0.0,11,10,9,4,3,10.5,3.5,-7.0,Never hotspot
R048_C085,0,0,0,0,0,0,0.0,0.0,Never hotspot,0,0,0,0.0,0.0,0.0,3,1,1,2,2,2.0,2.0,0.0,Never hotspot
R048_C086,0,0,0,0,0,0,0.0,0.0,Never hotspot,0,0,0,0.0,0.0,0.0,2,3,5,2,3,2.5,2.5,0.0,Never hotspot
R048_C087,1,1,1,1,0,4,0.8,0.8,Persistent hotspot,4,2,1,1.0,0.5,-0.5,37,35,53,42,33,36.0,37.5,1.5,Persistent
R048_C088,1,1,1,1,0,4,0.8,0.8,Persistent hotspot,4,2,1,1.0,0.5,-0.5,35,38,41,50,29,36.5,39.5,3.0,Persistent
R048_C089,0,0,0,0,0,0,0.0,0.0,Never hotspot,0,0,0,0.0,0.0,0.0,10,13,3,6,7,11.5,6.5,-5.0,Never hotspot
R048_C090,0,0,0,0,0,0,0.0,0.0,Never hotspot,0,0,0,0.0,0.0,0.0,7,10,6,13,4,8.5,8.5,0.0,Never hotspot
R048_C091,0,0,0,0,0,0,0.0,0.0,Never hotspot,0,0,0,0.0,0.0,0.0,7,3,3,4,3,5.0,3.5,-1.5,Never hotspot
R048_C092,0,0,0,0,0,0,0.0,0.0,Never hotspot,0,0,0,0.0,0.0,0.0,0,0,0,1,0,0.0,0.5,0.5,Never hotspot
R048_C093,0,0,0,0,0,0,0.0,0.0,Never hotspot,0,0,0,0.0,0.0,0.0,1,2,0,1,2,1.5,1.5,0.0,Never hotspot
R048_C094,0,0,0,0,0,0,0.0,0.0,Never hotspot,0,0,0,0.0,0.0,0.0,4,1,1,2,2,2.5,2.0,-0.5,Never hotspot
R048_C095,0,0,0,0,0,0,0.0,0.0,Never hotspot,0,0,0,0.0,0.0,0.0,10,11,19,14,15,10.5,14.5,4.0,Never hotspot
R048_C096,0,0,0,0,0,0,0.0,0.0,Never hotspot,0,0,0,0.0,0.0,0.0,11,16,18,18,18,13.5,18.0,4.5,Never hotspot
R048_C097,0,0,0,0,0,0,0.0,0.0,Never hotspot,0,0,0,0.0,0.0,0.0,4,5,4,10,8,4.5,9.0,4.5,Never hotspot
R048_C098,0,0,0,0,0,0,0.0,0.0,Never hotspot,0,0,0,0.0,0.0,0.0,1,4,2,2,3,2.5,2.5,0.0,Never hotspot
R048_C099,0,0,0,0,0,0,0.0,0.0,Never hotspot,0,0,0,0.0,0.0,0.0,0,3,0,2,3,1.5,2.5,1.0,Never hotspot
R048_C100,0,0,0,0,0,0,0.0,0.0,Never hotspot,0,0,0,0.0,0.0,0.0,0,0,0,1,2,0.0,1.5,1.5,Never hotspot
R048_C101,0,0,0,0,0,0,0.0,0.0,Never hotspot,0,0,0,0.0,0.0,0.0,5,4,1,5,3,4.5,4.0,-0.5,Never hotspot
R048_C102,0,0,0,0,0,0,0.0,0.0,Never hotspot,0,0,0,0.0,0.0,0.0,0,0,1,2,3,0.0,2.5,2.5,Never hotspot
R048_C103,0,0,0,0,0,0,0.0,0.0,Never hotspot,0,0,0,0.0,0.0,0.0,2,1,3,0,2,1.5,1.0,-0.5,Never hotspot
R048_C104,0,0,0,0,0,0,0.0,0.0,Never hotspot,0,0,0,0.0,0.0,0.0,2,2,1,1,1,2.0,1.0,-1.0,Never hotspot
R048_C105,0,0,0,0,0,0,0.0,0.0,Never hotspot,0,0,0,0.0,0.0,0.0,2,2,2,2,2,2.0,2.0,0.0,Never hotspot
R048_C106,0,0,0,0,0,0,0.0,0.0,Never hotspot,0,0,0,0.0,0.0,0.0,1,3,4,3,1,2.0,2.0,0.0,Never hotspot
R048_C107,0,0,0,0,0,0,0.0,0.0,Never hotspot,0,0,0,0.0,0.0,0.0,1,0,2,1,0,0.5,0.5,0.0,Never hotspot
R048_C108,0,0,0,0,0,0,0.0,0.0,Never hotspot,0,0,0,0.0,0.0,0.0,3,3,3,6,10,3.0,8.0,5.0,Never hotspot
R048_C109,0,0,0,0,0,0,0.0,0.0,Never hotspot,0,0,0,0.0,0.0,0.0,14,11,11,9,6,12.5,7.5,-5.0,Never hotspot
R048_C110,0,0,0,0,0,0,0.0,0.0,Never hotspot,0,0,0,0.0,0.0,0.0,5,5,5,2,6,5.0,4.0,-1.0,Never hotspot
R048_C111,0,0,0,0,0,0,0.0,0.0,Never hotspot,0,0,0,0.0,0.0,0.0,3,5,7,4,2,4.0,3.0,-1.0,Never hotspot
R048_C112,0,0,0,0,0,0,0.0,0.0,Never hotspot,0,0,0,0.0,0.0,0.0,8,3,14,5,6,5.5,5.5,0.0,Never hotspot
R048_C113,0,0,0,0,0,0,0.0,0.0,Never hotspot,0,0,0,0.0,0.0,0.0,3,1,6,2,7,2.0,4.5,2.5,Never hotspot
R048_C114,0,0,0,0,0,0,0.0,0.0,Never hotspot,0,0,0,0.0,0.0,0.0,2,0,0,2,3,1.0,2.5,1.5,Never hotspot
R048_C115,0,0,0,0,0,0,0.0,0.0,Never hotspot,0,0,0,0.0,0.0,0.0,1,2,1,0,1,1.5,0.5,-1.0,Never hotspot
R049_C034,0,0,0,0,0,0,0.0,0.0,Never hotspot,0,0,0,0.0,0.0,0.0,0,3,1,0,2,1.5,1.0,-0.5,Never hotspot
R049_C035,0,0,0,0,0,0,0.0,0.0,Never hotspot,0,0,0,0.0,0.0,0.0,3,7,6,6,7,5.0,6.5,1.5,Never hotspot
R049_C036,0,0,0,0,0,0,0.0,0.0,Never hotspot,0,0,0,0.0,0.0,0.0,2,1,2,3,3,1.5,3.0,1.5,Never hotspot
R049_C037,0,0,0,0,0,0,0.0,0.0,Never hotspot,0,0,0,0.0,0.0,0.0,0,6,4,5,2,3.0,3.5,0.5,Never hotspot
R049_C038,0,0,0,0,0,0,0.0,0.0,Never hotspot,0,0,0,0.0,0.0,0.0,0,0,0,0,1,0.0,0.5,0.5,Never hotspot
R049_C039,0,0,0,0,0,0,0.0,0.0,Never hotspot,0,0,0,0.0,0.0,0.0,2,1,0,1,4,1.5,2.5,1.0,Never hotspot
R049_C040,0,0,0,0,0,0,0.0,0.0,Never hotspot,0,0,0,0.0,0.0,0.0,0,3,0,1,2,1.5,1.5,0.0,Never hotspot
R049_C041,0,0,0,0,0,0,0.0,0.0,Never hotspot,0,0,0,0.0,0.0,0.0,0,1,1,0,0,0.5,0.0,-0.5,Never hotspot
R049_C046,0,0,0,0,0,0,0.0,0.0,Never hotspot,0,0,0,0.0,0.0,0.0,1,0,0,1,1,0.5,1.0,0.5,Never hotspot
R049_C047,0,0,0,0,0,0,0.0,0.0,Never hotspot,0,0,0,0.0,0.0,0.0,1,0,1,3,3,0.5,3.0,2.5,Never hotspot
R049_C048,0,0,0,0,0,0,0.0,0.0,Never hotspot,0,0,0,0.0,0.0,0.0,1,1,2,0,1,1.0,0.5,-0.5,Never hotspot
R049_C049,0,0,0,0,0,0,0.0,0.0,Never hotspot,0,0,0,0.0,0.0,0.0,0,1,0,0,0,0.5,0.0,-0.5,Never hotspot
R049_C050,0,0,0,0,0,0,0.0,0.0,Never hotspot,0,0,0,0.0,0.0,0.0,4,4,3,2,5,4.0,3.5,-0.5,Never hotspot
R049_C051,0,0,0,0,0,0,0.0,0.0,Never hotspot,0,0,0,0.0,0.0,0.0,1,0,0,1,0,0.5,0.5,0.0,Never hotspot
R049_C052,0,0,0,0,0,0,0.0,0.0,Never hotspot,0,0,0,0.0,0.0,0.0,4,4,3,2,4,4.0,3.0,-1.0,Never hotspot
R049_C053,0,0,0,0,0,0,0.0,0.0,Never hotspot,0,0,0,0.0,0.0,0.0,3,3,7,4,6,3.0,5.0,2.0,Never hotspot
R049_C054,0,0,0,0,0,0,0.0,0.0,Never hotspot,0,0,0,0.0,0.0,0.0,0,1,1,2,1,0.5,1.5,1.0,Never hotspot
R049_C055,0,0,0,0,0,0,0.0,0.0,Never hotspot,0,0,0,0.0,0.0,0.0,3,4,2,6,2,3.5,4.0,0.5,Never hotspot
R049_C056,0,0,0,0,0,0,0.0,0.0,Never hotspot,0,0,0,0.0,0.0,0.0,5,8,10,13,9,6.5,11.0,4.5,Never hotspot
R049_C057,0,0,0,0,0,0,0.0,0.0,Never hotspot,0,0,0,0.0,0.0,0.0,2,5,2,5,5,3.5,5.0,1.5,Never hotspot
R049_C058,0,0,0,0,0,0,0.0,0.0,Never hotspot,0,0,0,0.0,0.0,0.0,0,1,1,2,2,0.5,2.0,1.5,Never hotspot
R049_C059,0,0,0,0,0,0,0.0,0.0,Never hotspot,0,0,0,0.0,0.0,0.0,5,2,4,3,3,3.5,3.0,-0.5,Never hotspot
R049_C060,0,0,0,0,0,0,0.0,0.0,Never hotspot,0,0,0,0.0,0.0,0.0,4,2,1,3,3,3.0,3.0,0.0,Never hotspot
R049_C061,0,0,0,0,0,0,0.0,0.0,Never hotspot,0,0,0,0.0,0.0,0.0,3,5,3,3,1,4.0,2.0,-2.0,Never hotspot
R049_C062,0,0,0,0,0,0,0.0,0.0,Never hotspot,0,0,0,0.0,0.0,0.0,2,3,2,4,4,2.5,4.0,1.5,Never hotspot
R049_C063,0,0,0,0,0,0,0.0,0.0,Never hotspot,0,0,0,0.0,0.0,0.0,20,19,21,16,25,19.5,20.5,1.0,Never hotspot
R049_C064,1,1,1,0,0,3,0.6,0.6,Repeated hotspot,3,2,0,1.0,0.0,-1.0,49,47,39,33,32,48.0,32.5,-15.5,Declining
R049_C065,0,0,0,0,0,0,0.0,0.0,Never hotspot,0,0,0,0.0,0.0,0.0,3,4,1,4,5,3.5,4.5,1.0,Never hotspot
R049_C066,0,0,0,0,0,0,0.0,0.0,Never hotspot,0,0,0,0.0,0.0,0.0,4,3,3,2,1,3.5,1.5,-2.0,Never hotspot
R049_C067,0,0,0,0,0,0,0.0,0.0,Never hotspot,0,0,0,0.0,0.0,0.0,5,2,0,0,1,3.5,0.5,-3.0,Never hotspot
R049_C068,0,0,0,0,0,0,0.0,0.0,Never hotspot,0,0,0,0.0,0.0,0.0,9,12,5,8,14,10.5,11.0,0.5,Never hotspot
R049_C069,0,0,0,0,0,0,0.0,0.0,Never hotspot,0,0,0,0.0,0.0,0.0,6,8,4,5,6,7.0,5.5,-1.5,Never hotspot
R049_C070,0,0,0,0,0,0,0.0,0.0,Never hotspot,0,0,0,0.0,0.0,0.0,15,12,21,17,15,13.5,16.0,2.5,Never hotspot
R049_C071,0,0,0,0,0,0,0.0,0.0,Never hotspot,0,0,0,0.0,0.0,0.0,11,4,10,9,15,7.5,12.0,4.5,Never hotspot
R049_C072,0,0,0,0,0,0,0.0,0.0,Never hotspot,0,0,0,0.0,0.0,0.0,6,7,7,11,5,6.5,8.0,1.5,Never hotspot
R049_C073,0,0,0,0,0,0,0.0,0.0,Never hotspot,0,0,0,0.0,0.0,0.0,8,13,11,12,12,10.5,12.0,1.5,Never hotspot
R049_C074,0,0,0,0,0,0,0.0,0.0,Never hotspot,0,0,0,0.0,0.0,0.0,13,7,6,3,7,10.0,5.0,-5.0,Never hotspot
R049_C075,0,0,0,0,0,0,0.0,0.0,Never hotspot,0,0,0,0.0,0.0,0.0,3,0,2,1,3,1.5,2.0,0.5,Never hotspot
R049_C076,0,0,0,0,0,0,0.0,0.0,Never hotspot,0,0,0,0.0,0.0,0.0,0,0,4,0,3,0.0,1.5,1.5,Never hotspot
R049_C077,0,0,0,0,0,0,0.0,0.0,Never hotspot,0,0,0,0.0,0.0,0.0,4,2,2,2,2,3.0,2.0,-1.0,Never hotspot
R049_C078,0,0,0,0,0,0,0.0,0.0,Never hotspot,0,0,0,0.0,0.0,0.0,0,1,3,1,1,0.5,1.0,0.5,Never hotspot
R049_C079,0,0,0,0,0,0,0.0,0.0,Never hotspot,0,0,0,0.0,0.0,0.0,2,3,6,7,6,2.5,6.5,4.0,Never hotspot
R049_C080,0,0,0,0,0,0,0.0,0.0,Never hotspot,0,0,0,0.0,0.0,0.0,8,9,17,12,12,8.5,12.0,3.5,Never hotspot
R049_C081,1,0,1,1,1,4,0.8,0.8,Persistent hotspot,3,1,2,0.5,1.0,0.5,42,28,52,50,47,35.0,48.5,13.5,Persistent
R049_C082,0,1,1,1,1,4,0.8,0.8,Persistent hotspot,4,1,2,0.5,1.0,0.5,30,35,51,40,58,32.5,49.0,16.5,Persistent
R049_C083,0,0,0,0,0,0,0.0,0.0,Never hotspot,0,0,0,0.0,0.0,0.0,4,2,3,3,4,3.0,3.5,0.5,Never hotspot
R049_C084,0,0,0,0,0,0,0.0,0.0,Never hotspot,0,0,0,0.0,0.0,0.0,5,2,5,0,1,3.5,0.5,-3.0,Never hotspot
R049_C085,0,0,0,0,0,0,0.0,0.0,Never hotspot,0,0,0,0.0,0.0,0.0,6,1,2,2,3,3.5,2.5,-1.0,Never hotspot
R049_C086,0,0,0,0,0,0,0.0,0.0,Never hotspot,0,0,0,0.0,0.0,0.0,1,2,1,5,1,1.5,3.0,1.5,Never hotspot
R049_C087,0,0,0,0,0,0,0.0,0.0,Never hotspot,0,0,0,0.0,0.0,0.0,7,4,5,9,5,5.5,7.0,1.5,Never hotspot
R049_C088,0,0,0,0,0,0,0.0,0.0,Never hotspot,0,0,0,0.0,0.0,0.0,4,2,4,4,3,3.0,3.5,0.5,Never hotspot
R049_C089,0,0,0,0,0,0,0.0,0.0,Never hotspot,0,0,0,0.0,0.0,0.0,0,0,0,0,1,0.0,0.5,0.5,Never hotspot
R049_C090,0,0,0,0,0,0,0.0,0.0,Never hotspot,0,0,0,0.0,0.0,0.0,25,31,22,33,27,28.0,30.0,2.0,Never hotspot
R049_C091,0,0,0,0,0,0,0.0,0.0,Never hotspot,0,0,0,0.0,0.0,0.0,3,1,6,5,4,2.0,4.5,2.5,Never hotspot
R049_C092,0,0,0,0,0,0,0.0,0.0,Never hotspot,0,0,0,0.0,0.0,0.0,8,5,8,8,9,6.5,8.5,2.0,Never hotspot
R049_C093,0,0,0,0,0,0,0.0,0.0,Never hotspot,0,0,0,0.0,0.0,0.0,6,5,17,9,5,5.5,7.0,1.5,Never hotspot
R049_C094,0,0,0,0,0,0,0.0,0.0,Never hotspot,0,0,0,0.0,0.0,0.0,7,12,6,10,10,9.5,10.0,0.5,Never hotspot
R049_C095,1,1,1,1,1,5,1.0,1.0,Persistent hotspot,5,2,2,1.0,1.0,0.0,34,36,57,42,51,35.0,46.5,11.5,Persistent
R049_C096,1,1,1,1,1,5,1.0,1.0,Persistent hotspot,5,2,2,1.0,1.0,0.0,149,181,186,161,144,165.0,152.5,-12.5,Persistent
R049_C097,0,0,0,0,0,0,0.0,0.0,Never hotspot,0,0,0,0.0,0.0,0.0,12,16,11,6,17,14.0,11.5,-2.5,Never hotspot
R049_C098,0,0,0,0,0,0,0.0,0.0,Never hotspot,0,0,0,0.0,0.0,0.0,6,5,4,8,14,5.5,11.0,5.5,Never hotspot
R049_C099,0,0,0,0,0,0,0.0,0.0,Never hotspot,0,0,0,0.0,0.0,0.0,6,2,2,6,4,4.0,5.0,1.0,Never hotspot
R049_C100,0,0,0,0,0,0,0.0,0.0,Never hotspot,0,0,0,0.0,0.0,0.0,0,0,1,0,0,0.0,0.0,0.0,Never hotspot
R049_C101,0,0,0,0,0,0,0.0,0.0,Never hotspot,0,0,0,0.0,0.0,0.0,5,1,0,1,2,3.0,1.5,-1.5,Never hotspot
R049_C102,0,0,0,0,0,0,0.0,0.0,Never hotspot,0,0,0,0.0,0.0,0.0,0,4,2,1,2,2.0,1.5,-0.5,Never hotspot
R049_C103,0,0,0,0,0,0,0.0,0.0,Never hotspot,0,0,0,0.0,0.0,0.0,1,2,4,1,0,1.5,0.5,-1.0,Never hotspot
R049_C104,0,0,0,0,0,0,0.0,0.0,Never hotspot,0,0,0,0.0,0.0,0.0,3,4,6,3,2,3.5,2.5,-1.0,Never hotspot
R049_C105,0,0,0,0,0,0,0.0,0.0,Never hotspot,0,0,0,0.0,0.0,0.0,2,0,2,0,2,1.0,1.0,0.0,Never hotspot
R049_C106,0,0,0,0,0,0,0.0,0.0,Never hotspot,0,0,0,0.0,0.0,0.0,1,3,0,2,0,2.0,1.0,-1.0,Never hotspot
R049_C107,0,0,0,0,0,0,0.0,0.0,Never hotspot,0,0,0,0.0,0.0,0.0,7,8,10,12,7,7.5,9.5,2.0,Never hotspot
R049_C108,0,0,0,0,0,0,0.0,0.0,Never hotspot,0,0,0,0.0,0.0,0.0,20,16,21,13,15,18.0,14.0,-4.0,Never hotspot
R049_C109,0,0,0,0,0,0,0.0,0.0,Never hotspot,0,0,0,0.0,0.0,0.0,5,4,4,1,6,4.5,3.5,-1.0,Never hotspot
R049_C110,0,0,0,0,0,0,0.0,0.0,Never hotspot,0,0,0,0.0,0.0,0.0,2,0,2,6,3,1.0,4.5,3.5,Never hotspot
R049_C111,0,0,0,0,0,0,0.0,0.0,Never hotspot,0,0,0,0.0,0.0,0.0,0,3,2,0,0,1.5,0.0,-1.5,Never hotspot
R049_C112,0,0,0,0,0,0,0.0,0.0,Never hotspot,0,0,0,0.0,0.0,0.0,1,2,0,0,2,1.5,1.0,-0.5,Never hotspot
R049_C113,0,0,0,0,0,0,0.0,0.0,Never hotspot,0,0,0,0.0,0.0,0.0,7,5,4,4,3,6.0,3.5,-2.5,Never hotspot
R049_C114,0,0,0,0,0,0,0.0,0.0,Never hotspot,0,0,0,0.0,0.0,0.0,1,5,1,2,3,3.0,2.5,-0.5,Never hotspot
R049_C115,0,0,0,0,0,0,0.0,0.0,Never hotspot,0,0,0,0.0,0.0,0.0,1,0,2,2,2,0.5,2.0,1.5,Never hotspot
R049_C116,0,0,0,0,0,0,0.0,0.0,Never hotspot,0,0,0,0.0,0.0,0.0,6,1,4,0,3,3.5,1.5,-2.0,Never hotspot
R050_C034,0,0,0,0,0,0,0.0,0.0,Never hotspot,0,0,0,0.0,0.0,0.0,0,1,0,1,0,0.5,0.5,0.0,Never hotspot
R050_C035,0,0,0,0,0,0,0.0,0.0,Never hotspot,0,0,0,0.0,0.0,0.0,0,0,1,0,3,0.0,1.5,1.5,Never hotspot
R050_C036,0,0,0,0,0,0,0.0,0.0,Never hotspot,0,0,0,0.0,0.0,0.0,5,3,2,9,4,4.0,6.5,2.5,Never hotspot
R050_C037,0,0,0,0,0,0,0.0,0.0,Never hotspot,0,0,0,0.0,0.0,0.0,5,3,2,1,6,4.0,3.5,-0.5,Never hotspot
R050_C038,0,0,0,0,0,0,0.0,0.0,Never hotspot,0,0,0,0.0,0.0,0.0,0,1,3,2,0,0.5,1.0,0.5,Never hotspot
R050_C039,0,0,0,0,0,0,0.0,0.0,Never hotspot,0,0,0,0.0,0.0,0.0,1,1,2,0,0,1.0,0.0,-1.0,Never hotspot
R050_C040,0,0,0,0,0,0,0.0,0.0,Never hotspot,0,0,0,0.0,0.0,0.0,0,1,1,0,0,0.5,0.0,-0.5,Never hotspot
R050_C041,0,0,0,0,0,0,0.0,0.0,Never hotspot,0,0,0,0.0,0.0,0.0,1,0,1,0,0,0.5,0.0,-0.5,Never hotspot
R050_C046,0,0,0,0,0,0,0.0,0.0,Never hotspot,0,0,0,0.0,0.0,0.0,0,2,1,1,2,1.0,1.5,0.5,Never hotspot
R050_C047,0,0,0,0,0,0,0.0,0.0,Never hotspot,0,0,0,0.0,0.0,0.0,1,1,3,6,3,1.0,4.5,3.5,Never hotspot
R050_C048,0,0,0,0,0,0,0.0,0.0,Never hotspot,0,0,0,0.0,0.0,0.0,6,10,8,6,5,8.0,5.5,-2.5,Never hotspot
R050_C049,0,0,0,0,0,0,0.0,0.0,Never hotspot,0,0,0,0.0,0.0,0.0,0,2,2,1,1,1.0,1.0,0.0,Never hotspot
R050_C050,0,0,0,0,0,0,0.0,0.0,Never hotspot,0,0,0,0.0,0.0,0.0,0,0,0,0,1,0.0,0.5,0.5,Never hotspot
R050_C051,0,0,0,0,0,0,0.0,0.0,Never hotspot,0,0,0,0.0,0.0,0.0,0,0,2,0,0,0.0,0.0,0.0,Never hotspot
R050_C052,0,0,0,0,0,0,0.0,0.0,Never hotspot,0,0,0,0.0,0.0,0.0,0,1,2,2,0,0.5,1.0,0.5,Never hotspot
R050_C053,0,0,0,0,0,0,0.0,0.0,Never hotspot,0,0,0,0.0,0.0,0.0,0,1,2,2,1,0.5,1.5,1.0,Never hotspot
R050_C054,0,0,0,0,0,0,0.0,0.0,Never hotspot,0,0,0,0.0,0.0,0.0,1,1,1,1,1,1.0,1.0,0.0,Never hotspot
R050_C055,0,0,0,0,0,0,0.0,0.0,Never hotspot,0,0,0,0.0,0.0,0.0,3,2,3,2,5,2.5,3.5,1.0,Never hotspot
R050_C056,0,0,0,0,0,0,0.0,0.0,Never hotspot,0,0,0,0.0,0.0,0.0,0,1,1,3,1,0.5,2.0,1.5,Never hotspot
R050_C057,0,0,0,0,0,0,0.0,0.0,Never hotspot,0,0,0,0.0,0.0,0.0,1,2,6,3,5,1.5,4.0,2.5,Never hotspot
R050_C058,0,0,0,0,0,0,0.0,0.0,Never hotspot,0,0,0,0.0,0.0,0.0,0,0,0,1,0,0.0,0.5,0.5,Never hotspot
R050_C059,0,0,0,0,0,0,0.0,0.0,Never hotspot,0,0,0,0.0,0.0,0.0,0,0,0,1,1,0.0,1.0,1.0,Never hotspot
R050_C060,0,0,0,0,0,0,0.0,0.0,Never hotspot,0,0,0,0.0,0.0,0.0,1,3,1,2,6,2.0,4.0,2.0,Never hotspot
R050_C061,0,0,0,0,0,0,0.0,0.0,Never hotspot,0,0,0,0.0,0.0,0.0,1,0,2,2,1,0.5,1.5,1.0,Never hotspot
R050_C062,0,0,0,0,0,0,0.0,0.0,Never hotspot,0,0,0,0.0,0.0,0.0,3,2,1,1,2,2.5,1.5,-1.0,Never hotspot
R050_C063,0,0,0,0,0,0,0.0,0.0,Never hotspot,0,0,0,0.0,0.0,0.0,10,5,9,6,11,7.5,8.5,1.0,Never hotspot
R050_C064,0,0,0,0,0,0,0.0,0.0,Never hotspot,0,0,0,0.0,0.0,0.0,12,16,19,15,9,14.0,12.0,-2.0,Never hotspot
R050_C065,0,0,0,0,0,0,0.0,0.0,Never hotspot,0,0,0,0.0,0.0,0.0,9,17,10,6,6,13.0,6.0,-7.0,Never hotspot
R050_C066,0,0,0,0,0,0,0.0,0.0,Never hotspot,0,0,0,0.0,0.0,0.0,3,1,1,1,1,2.0,1.0,-1.0,Never hotspot
R050_C067,0,0,0,0,0,0,0.0,0.0,Never hotspot,0,0,0,0.0,0.0,0.0,16,14,13,12,12,15.0,12.0,-3.0,Never hotspot
R050_C068,0,0,0,0,0,0,0.0,0.0,Never hotspot,0,0,0,0.0,0.0,0.0,12,13,16,10,16,12.5,13.0,0.5,Never hotspot
R050_C069,0,0,0,0,0,0,0.0,0.0,Never hotspot,0,0,0,0.0,0.0,0.0,0,0,2,2,1,0.0,1.5,1.5,Never hotspot
R050_C070,0,0,0,0,0,0,0.0,0.0,Never hotspot,0,0,0,0.0,0.0,0.0,2,6,3,6,5,4.0,5.5,1.5,Never hotspot
R050_C071,0,0,0,0,0,0,0.0,0.0,Never hotspot,0,0,0,0.0,0.0,0.0,6,4,2,3,5,5.0,4.0,-1.0,Never hotspot
R050_C072,0,0,0,1,1,2,0.4,0.4,Repeated hotspot,2,0,2,0.0,1.0,1.0,31,26,26,40,43,28.5,41.5,13.0,Emerging
R050_C073,1,0,0,0,1,2,0.4,0.4,Repeated hotspot,1,1,1,0.5,0.5,0.0,36,30,35,30,35,33.0,32.5,-0.5,Intermittent
R050_C074,0,0,0,0,0,0,0.0,0.0,Never hotspot,0,0,0,0.0,0.0,0.0,3,1,5,5,6,2.0,5.5,3.5,Never hotspot
R050_C075,0,0,0,0,0,0,0.0,0.0,Never hotspot,0,0,0,0.0,0.0,0.0,8,12,12,12,11,10.0,11.5,1.5,Never hotspot
R050_C076,0,0,0,0,0,0,0.0,0.0,Never hotspot,0,0,0,0.0,0.0,0.0,3,2,3,4,3,2.5,3.5,1.0,Never hotspot
R050_C077,0,0,0,0,0,0,0.0,0.0,Never hotspot,0,0,0,0.0,0.0,0.0,0,3,2,1,1,1.5,1.0,-0.5,Never hotspot
R050_C078,0,0,0,0,0,0,0.0,0.0,Never hotspot,0,0,0,0.0,0.0,0.0,23,24,27,28,22,23.5,25.0,1.5,Never hotspot
R050_C079,0,0,0,0,0,0,0.0,0.0,Never hotspot,0,0,0,0.0,0.0,0.0,2,10,12,14,12,6.0,13.0,7.0,Never hotspot
R050_C080,0,0,0,0,0,0,0.0,0.0,Never hotspot,0,0,0,0.0,0.0,0.0,2,6,9,5,5,4.0,5.0,1.0,Never hotspot
R050_C081,1,1,1,1,1,5,1.0,1.0,Persistent hotspot,5,2,2,1.0,1.0,0.0,52,74,80,82,57,63.0,69.5,6.5,Persistent
R050_C082,1,1,1,1,1,5,1.0,1.0,Persistent hotspot,5,2,2,1.0,1.0,0.0,146,180,238,218,248,163.0,233.0,70.0,Persistent
R050_C083,0,0,0,1,0,1,0.2,0.2,Occasional hotspot,1,0,1,0.0,0.5,0.5,25,21,32,43,25,23.0,34.0,11.0,Emerging
R050_C084,0,0,0,0,0,0,0.0,0.0,Never hotspot,0,0,0,0.0,0.0,0.0,12,7,3,11,10,9.5,10.5,1.0,Never hotspot
R050_C085,0,0,0,0,0,0,0.0,0.0,Never hotspot,0,0,0,0.0,0.0,0.0,9,7,3,3,5,8.0,4.0,-4.0,Never hotspot
R050_C086,0,0,0,0,0,0,0.0,0.0,Never hotspot,0,0,0,0.0,0.0,0.0,2,3,6,9,4,2.5,6.5,4.0,Never hotspot
R050_C087,0,0,0,0,0,0,0.0,0.0,Never hotspot,0,0,0,0.0,0.0,0.0,6,1,6,1,2,3.5,1.5,-2.0,Never hotspot
R050_C088,0,0,0,0,0,0,0.0,0.0,Never hotspot,0,0,0,0.0,0.0,0.0,2,1,0,0,1,1.5,0.5,-1.0,Never hotspot
R050_C089,0,0,0,0,0,0,0.0,0.0,Never hotspot,0,0,0,0.0,0.0,0.0,3,2,1,7,0,2.5,3.5,1.0,Never hotspot
R050_C090,0,0,0,0,0,0,0.0,0.0,Never hotspot,0,0,0,0.0,0.0,0.0,15,15,24,22,20,15.0,21.0,6.0,Never hotspot
R050_C091,0,0,0,0,0,0,0.0,0.0,Never hotspot,0,0,0,0.0,0.0,0.0,3,2,2,9,5,2.5,7.0,4.5,Never hotspot
R050_C092,0,0,0,0,0,0,0.0,0.0,Never hotspot,0,0,0,0.0,0.0,0.0,9,15,15,12,12,12.0,12.0,0.0,Never hotspot
R050_C093,0,0,0,0,0,0,0.0,0.0,Never hotspot,0,0,0,0.0,0.0,0.0,3,2,3,3,5,2.5,4.0,1.5,Never hotspot
R050_C094,0,0,0,0,0,0,0.0,0.0,Never hotspot,0,0,0,0.0,0.0,0.0,7,11,4,12,9,9.0,10.5,1.5,Never hotspot
R050_C095,0,0,0,1,1,2,0.4,0.4,Repeated hotspot,2,0,2,0.0,1.0,1.0,27,26,33,42,34,26.5,38.0,11.5,Emerging
R050_C096,0,1,1,1,1,4,0.8,0.8,Persistent hotspot,4,1,2,0.5,1.0,0.5,28,49,40,43,34,38.5,38.5,0.0,Persistent
R050_C097,0,0,0,0,0,0,0.0,0.0,Never hotspot,0,0,0,0.0,0.0,0.0,1,2,13,4,4,1.5,4.0,2.5,Never hotspot
R050_C098,0,0,0,0,0,0,0.0,0.0,Never hotspot,0,0,0,0.0,0.0,0.0,5,5,13,9,8,5.0,8.5,3.5,Never hotspot
R050_C099,0,0,0,0,0,0,0.0,0.0,Never hotspot,0,0,0,0.0,0.0,0.0,13,31,18,12,17,22.0,14.5,-7.5,Never hotspot
R050_C100,0,0,0,0,0,0,0.0,0.0,Never hotspot,0,0,0,0.0,0.0,0.0,6,5,3,7,8,5.5,7.5,2.0,Never hotspot
R050_C101,0,0,0,0,0,0,0.0,0.0,Never hotspot,0,0,0,0.0,0.0,0.0,1,0,1,2,1,0.5,1.5,1.0,Never hotspot
R050_C102,0,0,0,0,0,0,0.0,0.0,Never hotspot,0,0,0,0.0,0.0,0.0,3,4,0,0,1,3.5,0.5,-3.0,Never hotspot
R050_C103,0,0,0,0,0,0,0.0,0.0,Never hotspot,0,0,0,0.0,0.0,0.0,13,9,13,10,6,11.0,8.0,-3.0,Never hotspot
R050_C104,0,0,0,0,0,0,0.0,0.0,Never hotspot,0,0,0,0.0,0.0,0.0,27,29,27,26,26,28.0,26.0,-2.0,Never hotspot
R050_C105,0,0,0,0,0,0,0.0,0.0,Never hotspot,0,0,0,0.0,0.0,0.0,5,11,12,12,15,8.0,13.5,5.5,Never hotspot
R050_C106,0,0,0,0,0,0,0.0,0.0,Never hotspot,0,0,0,0.0,0.0,0.0,7,8,10,15,6,7.5,10.5,3.0,Never hotspot
R050_C107,0,0,0,0,0,0,0.0,0.0,Never hotspot,0,0,0,0.0,0.0,0.0,4,8,4,5,5,6.0,5.0,-1.0,Never hotspot
R050_C108,0,0,0,0,0,0,0.0,0.0,Never hotspot,0,0,0,0.0,0.0,0.0,1,6,3,3,4,3.5,3.5,0.0,Never hotspot
R050_C109,0,0,0,0,0,0,0.0,0.0,Never hotspot,0,0,0,0.0,0.0,0.0,4,2,4,5,1,3.0,3.0,0.0,Never hotspot
R050_C110,0,0,0,0,0,0,0.0,0.0,Never hotspot,0,0,0,0.0,0.0,0.0,4,5,3,3,2,4.5,2.5,-2.0,Never hotspot
R050_C111,0,0,0,0,0,0,0.0,0.0,Never hotspot,0,0,0,0.0,0.0,0.0,3,3,5,1,2,3.0,1.5,-1.5,Never hotspot
R050_C112,0,0,0,0,0,0,0.0,0.0,Never hotspot,0,0,0,0.0,0.0,0.0,2,3,4,3,5,2.5,4.0,1.5,Never hotspot
R050_C113,0,0,0,0,0,0,0.0,0.0,Never hotspot,0,0,0,0.0,0.0,0.0,3,4,0,2,3,3.5,2.5,-1.0,Never hotspot
R050_C114,0,0,0,0,0,0,0.0,0.0,Never hotspot,0,0,0,0.0,0.0,0.0,10,8,15,7,9,9.0,8.0,-1.0,Never hotspot
R050_C115,0,0,0,0,0,0,0.0,0.0,Never hotspot,0,0,0,0.0,0.0,0.0,9,5,7,8,12,7.0,10.0,3.0,Never hotspot
R050_C116,0,0,0,0,0,0,0.0,0.0,Never hotspot,0,0,0,0.0,0.0,0.0,1,3,2,1,0,2.0,0.5,-1.5,Never hotspot
R051_C036,0,0,0,0,0,0,0.0,0.0,Never hotspot,0,0,0,0.0,0.0,0.0,1,1,0,1,0,1.0,0.5,-0.5,Never hotspot
R051_C037,0,0,0,0,0,0,0.0,0.0,Never hotspot,0,0,0,0.0,0.0,0.0,0,6,2,3,7,3.0,5.0,2.0,Never hotspot
R051_C038,0,0,0,0,0,0,0.0,0.0,Never hotspot,0,0,0,0.0,0.0,0.0,1,0,1,1,0,0.5,0.5,0.0,Never hotspot
R051_C039,0,0,0,0,0,0,0.0,0.0,Never hotspot,0,0,0,0.0,0.0,0.0,0,1,3,1,2,0.5,1.5,1.0,Never hotspot
R051_C040,0,0,0,0,0,0,0.0,0.0,Never hotspot,0,0,0,0.0,0.0,0.0,0,0,0,0,1,0.0,0.5,0.5,Never hotspot
R051_C041,0,0,0,0,0,0,0.0,0.0,Never hotspot,0,0,0,0.0,0.0,0.0,0,0,0,2,2,0.0,2.0,2.0,Never hotspot
R051_C044,0,0,0,0,0,0,0.0,0.0,Never hotspot,0,0,0,0.0,0.0,0.0,0,0,1,0,0,0.0,0.0,0.0,Never hotspot
R051_C045,0,0,0,0,0,0,0.0,0.0,Never hotspot,0,0,0,0.0,0.0,0.0,1,1,1,1,0,1.0,0.5,-0.5,Never hotspot
R051_C046,0,0,0,0,0,0,0.0,0.0,Never hotspot,0,0,0,0.0,0.0,0.0,1,4,3,4,7,2.5,5.5,3.0,Never hotspot
R051_C047,0,0,0,0,0,0,0.0,0.0,Never hotspot,0,0,0,0.0,0.0,0.0,0,3,2,2,1,1.5,1.5,0.0,Never hotspot
R051_C048,0,0,0,0,0,0,0.0,0.0,Never hotspot,0,0,0,0.0,0.0,0.0,1,3,2,1,1,2.0,1.0,-1.0,Never hotspot
R051_C049,0,0,0,0,0,0,0.0,0.0,Never hotspot,0,0,0,0.0,0.0,0.0,1,2,2,0,1,1.5,0.5,-1.0,Never hotspot
R051_C050,0,0,0,0,0,0,0.0,0.0,Never hotspot,0,0,0,0.0,0.0,0.0,0,0,1,0,0,0.0,0.0,0.0,Never hotspot
R051_C051,0,0,0,0,0,0,0.0,0.0,Never hotspot,0,0,0,0.0,0.0,0.0,0,1,1,0,2,0.5,1.0,0.5,Never hotspot
R051_C052,0,0,0,0,0,0,0.0,0.0,Never hotspot,0,0,0,0.0,0.0,0.0,1,0,5,2,1,0.5,1.5,1.0,Never hotspot
R051_C053,0,0,0,0,0,0,0.0,0.0,Never hotspot,0,0,0,0.0,0.0,0.0,1,0,0,1,0,0.5,0.5,0.0,Never hotspot
R051_C054,0,0,0,0,0,0,0.0,0.0,Never hotspot,0,0,0,0.0,0.0,0.0,0,0,0,1,0,0.0,0.5,0.5,Never hotspot
R051_C055,0,0,0,0,0,0,0.0,0.0,Never hotspot,0,0,0,0.0,0.0,0.0,1,1,3,1,1,1.0,1.0,0.0,Never hotspot
R051_C056,0,0,0,0,0,0,0.0,0.0,Never hotspot,0,0,0,0.0,0.0,0.0,2,4,6,0,1,3.0,0.5,-2.5,Never hotspot
R051_C057,0,0,0,0,0,0,0.0,0.0,Never hotspot,0,0,0,0.0,0.0,0.0,6,5,6,1,3,5.5,2.0,-3.5,Never hotspot
R051_C058,0,0,0,0,0,0,0.0,0.0,Never hotspot,0,0,0,0.0,0.0,0.0,1,2,5,2,2,1.5,2.0,0.5,Never hotspot
R051_C059,0,0,0,0,0,0,0.0,0.0,Never hotspot,0,0,0,0.0,0.0,0.0,2,3,4,3,1,2.5,2.0,-0.5,Never hotspot
R051_C060,0,0,0,0,0,0,0.0,0.0,Never hotspot,0,0,0,0.0,0.0,0.0,0,1,3,2,1,0.5,1.5,1.0,Never hotspot
R051_C061,0,0,0,0,0,0,0.0,0.0,Never hotspot,0,0,0,0.0,0.0,0.0,3,0,3,1,4,1.5,2.5,1.0,Never hotspot
R051_C062,0,0,0,0,0,0,0.0,0.0,Never hotspot,0,0,0,0.0,0.0,0.0,3,3,7,3,5,3.0,4.0,1.0,Never hotspot
R051_C063,0,0,0,0,0,0,0.0,0.0,Never hotspot,0,0,0,0.0,0.0,0.0,4,7,6,5,4,5.5,4.5,-1.0,Never hotspot
R051_C064,0,0,0,0,0,0,0.0,0.0,Never hotspot,0,0,0,0.0,0.0,0.0,1,8,1,2,4,4.5,3.0,-1.5,Never hotspot
R051_C065,0,0,0,0,0,0,0.0,0.0,Never hotspot,0,0,0,0.0,0.0,0.0,10,25,17,17,6,17.5,11.5,-6.0,Never hotspot
R051_C066,0,0,0,0,0,0,0.0,0.0,Never hotspot,0,0,0,0.0,0.0,0.0,13,13,7,17,11,13.0,14.0,1.0,Never hotspot
R051_C067,1,1,0,0,1,3,0.6,0.6,Repeated hotspot,2,2,1,1.0,0.5,-0.5,47,42,28,33,41,44.5,37.0,-7.5,Intermittent
R051_C068,0,1,1,0,0,2,0.4,0.4,Repeated hotspot,2,1,0,0.5,0.0,-0.5,31,40,42,34,31,35.5,32.5,-3.0,Declining
R051_C069,0,0,0,0,0,0,0.0,0.0,Never hotspot,0,0,0,0.0,0.0,0.0,8,1,2,2,5,4.5,3.5,-1.0,Never hotspot
R051_C070,0,0,0,0,0,0,0.0,0.0,Never hotspot,0,0,0,0.0,0.0,0.0,6,5,5,9,9,5.5,9.0,3.5,Never hotspot
R051_C071,0,0,0,0,0,0,0.0,0.0,Never hotspot,0,0,0,0.0,0.0,0.0,9,5,7,6,5,7.0,5.5,-1.5,Never hotspot
R051_C072,0,0,0,0,0,0,0.0,0.0,Never hotspot,0,0,0,0.0,0.0,0.0,13,22,32,27,25,17.5,26.0,8.5,Never hotspot
R051_C073,1,1,1,1,1,5,1.0,1.0,Persistent hotspot,5,2,2,1.0,1.0,0.0,52,50,51,41,45,51.0,43.0,-8.0,Persistent
R051_C074,0,0,0,0,0,0,0.0,0.0,Never hotspot,0,0,0,0.0,0.0,0.0,5,11,2,3,7,8.0,5.0,-3.0,Never hotspot
R051_C075,0,0,0,0,0,0,0.0,0.0,Never hotspot,0,0,0,0.0,0.0,0.0,2,3,9,3,2,2.5,2.5,0.0,Never hotspot
R051_C076,0,0,0,0,0,0,0.0,0.0,Never hotspot,0,0,0,0.0,0.0,0.0,0,0,1,5,4,0.0,4.5,4.5,Never hotspot
R051_C077,0,0,0,0,0,0,0.0,0.0,Never hotspot,0,0,0,0.0,0.0,0.0,7,8,6,3,7,7.5,5.0,-2.5,Never hotspot
R051_C078,0,0,0,0,0,0,0.0,0.0,Never hotspot,0,0,0,0.0,0.0,0.0,4,6,10,13,18,5.0,15.5,10.5,Never hotspot
R051_C079,0,0,0,0,0,0,0.0,0.0,Never hotspot,0,0,0,0.0,0.0,0.0,10,6,8,11,6,8.0,8.5,0.5,Never hotspot
R051_C080,0,0,0,0,0,0,0.0,0.0,Never hotspot,0,0,0,0.0,0.0,0.0,5,0,5,8,6,2.5,7.0,4.5,Never hotspot
R051_C081,0,0,0,0,0,0,0.0,0.0,Never hotspot,0,0,0,0.0,0.0,0.0,3,10,7,7,9,6.5,8.0,1.5,Never hotspot
R051_C082,0,0,0,0,0,0,0.0,0.0,Never hotspot,0,0,0,0.0,0.0,0.0,5,9,11,16,13,7.0,14.5,7.5,Never hotspot
R051_C083,0,0,0,0,0,0,0.0,0.0,Never hotspot,0,0,0,0.0,0.0,0.0,7,4,5,10,8,5.5,9.0,3.5,Never hotspot
R051_C084,1,1,1,1,1,5,1.0,1.0,Persistent hotspot,5,2,2,1.0,1.0,0.0,66,67,66,62,63,66.5,62.5,-4.0,Persistent
R051_C085,0,0,0,0,0,0,0.0,0.0,Never hotspot,0,0,0,0.0,0.0,0.0,31,21,25,30,30,26.0,30.0,4.0,Never hotspot
R051_C086,0,0,0,0,0,0,0.0,0.0,Never hotspot,0,0,0,0.0,0.0,0.0,27,27,31,25,33,27.0,29.0,2.0,Never hotspot
R051_C087,0,0,0,0,0,0,0.0,0.0,Never hotspot,0,0,0,0.0,0.0,0.0,1,0,1,3,0,0.5,1.5,1.0,Never hotspot
R051_C088,0,0,0,0,0,0,0.0,0.0,Never hotspot,0,0,0,0.0,0.0,0.0,1,3,2,3,3,2.0,3.0,1.0,Never hotspot
R051_C089,0,0,0,0,0,0,0.0,0.0,Never hotspot,0,0,0,0.0,0.0,0.0,3,0,4,4,1,1.5,2.5,1.0,Never hotspot
R051_C090,0,0,0,0,0,0,0.0,0.0,Never hotspot,0,0,0,0.0,0.0,0.0,6,8,3,6,4,7.0,5.0,-2.0,Never hotspot
R051_C091,0,0,0,0,0,0,0.0,0.0,Never hotspot,0,0,0,0.0,0.0,0.0,4,6,9,7,3,5.0,5.0,0.0,Never hotspot
R051_C092,0,0,0,0,0,0,0.0,0.0,Never hotspot,0,0,0,0.0,0.0,0.0,4,7,15,7,10,5.5,8.5,3.0,Never hotspot
R051_C093,0,0,0,0,0,0,0.0,0.0,Never hotspot,0,0,0,0.0,0.0,0.0,3,9,11,11,14,6.0,12.5,6.5,Never hotspot
R051_C094,0,0,0,0,0,0,0.0,0.0,Never hotspot,0,0,0,0.0,0.0,0.0,10,12,11,17,10,11.0,13.5,2.5,Never hotspot
R051_C095,0,0,0,0,0,0,0.0,0.0,Never hotspot,0,0,0,0.0,0.0,0.0,2,6,7,3,3,4.0,3.0,-1.0,Never hotspot
R051_C096,0,0,0,0,0,0,0.0,0.0,Never hotspot,0,0,0,0.0,0.0,0.0,14,10,12,10,9,12.0,9.5,-2.5,Never hotspot
R051_C097,0,0,0,0,0,0,0.0,0.0,Never hotspot,0,0,0,0.0,0.0,0.0,0,0,1,1,0,0.0,0.5,0.5,Never hotspot
R051_C098,0,0,0,0,0,0,0.0,0.0,Never hotspot,0,0,0,0.0,0.0,0.0,4,3,7,4,3,3.5,3.5,0.0,Never hotspot
R051_C099,0,0,0,0,0,0,0.0,0.0,Never hotspot,0,0,0,0.0,0.0,0.0,15,16,15,5,15,15.5,10.0,-5.5,Never hotspot
R051_C100,0,0,0,0,0,0,0.0,0.0,Never hotspot,0,0,0,0.0,0.0,0.0,6,7,7,13,6,6.5,9.5,3.0,Never hotspot
R051_C101,0,0,0,0,0,0,0.0,0.0,Never hotspot,0,0,0,0.0,0.0,0.0,5,5,4,5,6,5.0,5.5,0.5,Never hotspot
R051_C102,0,0,0,0,0,0,0.0,0.0,Never hotspot,0,0,0,0.0,0.0,0.0,1,1,4,3,4,1.0,3.5,2.5,Never hotspot
R051_C103,0,0,0,0,0,0,0.0,0.0,Never hotspot,0,0,0,0.0,0.0,0.0,12,17,16,8,8,14.5,8.0,-6.5,Never hotspot
R051_C104,0,0,0,0,0,0,0.0,0.0,Never hotspot,0,0,0,0.0,0.0,0.0,10,12,7,7,10,11.0,8.5,-2.5,Never hotspot
R051_C105,0,0,0,0,0,0,0.0,0.0,Never hotspot,0,0,0,0.0,0.0,0.0,5,4,6,6,9,4.5,7.5,3.0,Never hotspot
R051_C106,0,0,0,0,0,0,0.0,0.0,Never hotspot,0,0,0,0.0,0.0,0.0,0,6,0,4,1,3.0,2.5,-0.5,Never hotspot
R051_C107,0,0,0,0,0,0,0.0,0.0,Never hotspot,0,0,0,0.0,0.0,0.0,2,1,0,0,0,1.5,0.0,-1.5,Never hotspot
R051_C108,0,0,0,0,0,0,0.0,0.0,Never hotspot,0,0,0,0.0,0.0,0.0,1,3,1,2,2,2.0,2.0,0.0,Never hotspot
R051_C109,0,0,0,0,0,0,0.0,0.0,Never hotspot,0,0,0,0.0,0.0,0.0,3,3,3,2,1,3.0,1.5,-1.5,Never hotspot
R051_C110,0,0,0,0,0,0,0.0,0.0,Never hotspot,0,0,0,0.0,0.0,0.0,1,0,1,1,1,0.5,1.0,0.5,Never hotspot
R051_C111,0,0,0,0,0,0,0.0,0.0,Never hotspot,0,0,0,0.0,0.0,0.0,0,0,3,1,1,0.0,1.0,1.0,Never hotspot
R051_C112,0,0,0,0,0,0,0.0,0.0,Never hotspot,0,0,0,0.0,0.0,0.0,1,1,2,1,1,1.0,1.0,0.0,Never hotspot
R051_C113,0,0,0,0,0,0,0.0,0.0,Never hotspot,0,0,0,0.0,0.0,0.0,1,0,2,3,1,0.5,2.0,1.5,Never hotspot
R051_C114,0,0,0,0,0,0,0.0,0.0,Never hotspot,0,0,0,0.0,0.0,0.0,1,4,6,2,3,2.5,2.5,0.0,Never hotspot
R051_C115,0,0,0,0,0,0,0.0,0.0,Never hotspot,0,0,0,0.0,0.0,0.0,1,1,1,5,1,1.0,3.0,2.0,Never hotspot
R051_C116,0,0,0,0,0,0,0.0,0.0,Never hotspot,0,0,0,0.0,0.0,0.0,0,1,0,0,1,0.5,0.5,0.0,Never hotspot
R052_C037,0,0,0,0,0,0,0.0,0.0,Never hotspot,0,0,0,0.0,0.0,0.0,1,1,0,0,2,1.0,1.0,0.0,Never hotspot
R052_C038,0,0,0,0,0,0,0.0,0.0,Never hotspot,0,0,0,0.0,0.0,0.0,1,3,5,2,2,2.0,2.0,0.0,Never hotspot
R052_C039,0,0,0,0,0,0,0.0,0.0,Never hotspot,0,0,0,0.0,0.0,0.0,1,0,1,2,1,0.5,1.5,1.0,Never hotspot
R052_C040,0,0,0,0,0,0,0.0,0.0,Never hotspot,0,0,0,0.0,0.0,0.0,1,3,0,2,3,2.0,2.5,0.5,Never hotspot
R052_C041,0,0,0,0,0,0,0.0,0.0,Never hotspot,0,0,0,0.0,0.0,0.0,0,1,1,0,0,0.5,0.0,-0.5,Never hotspot
R052_C042,0,0,0,0,0,0,0.0,0.0,Never hotspot,0,0,0,0.0,0.0,0.0,1,0,0,1,0,0.5,0.5,0.0,Never hotspot
R052_C043,0,0,0,0,0,0,0.0,0.0,Never hotspot,0,0,0,0.0,0.0,0.0,0,0,1,0,0,0.0,0.0,0.0,Never hotspot
R052_C044,0,0,0,0,0,0,0.0,0.0,Never hotspot,0,0,0,0.0,0.0,0.0,1,1,0,0,0,1.0,0.0,-1.0,Never hotspot
R052_C045,0,0,0,0,0,0,0.0,0.0,Never hotspot,0,0,0,0.0,0.0,0.0,0,2,1,4,2,1.0,3.0,2.0,Never hotspot
R052_C046,0,0,0,0,0,0,0.0,0.0,Never hotspot,0,0,0,0.0,0.0,0.0,0,0,1,0,0,0.0,0.0,0.0,Never hotspot
R052_C047,0,0,0,0,0,0,0.0,0.0,Never hotspot,0,0,0,0.0,0.0,0.0,0,0,0,0,1,0.0,0.5,0.5,Never hotspot
R052_C048,0,0,0,0,0,0,0.0,0.0,Never hotspot,0,0,0,0.0,0.0,0.0,0,1,1,1,1,0.5,1.0,0.5,Never hotspot
R052_C049,0,0,0,0,0,0,0.0,0.0,Never hotspot,0,0,0,0.0,0.0,0.0,3,0,2,3,0,1.5,1.5,0.0,Never hotspot
R052_C050,0,0,0,0,0,0,0.0,0.0,Never hotspot,0,0,0,0.0,0.0,0.0,1,0,0,0,0,0.5,0.0,-0.5,Never hotspot
R052_C051,0,0,0,0,0,0,0.0,0.0,Never hotspot,0,0,0,0.0,0.0,0.0,2,1,1,1,1,1.5,1.0,-0.5,Never hotspot
R052_C052,0,0,0,0,0,0,0.0,0.0,Never hotspot,0,0,0,0.0,0.0,0.0,2,2,3,0,3,2.0,1.5,-0.5,Never hotspot
R052_C053,0,0,0,0,0,0,0.0,0.0,Never hotspot,0,0,0,0.0,0.0,0.0,1,4,0,0,2,2.5,1.0,-1.5,Never hotspot
R052_C054,0,0,0,0,0,0,0.0,0.0,Never hotspot,0,0,0,0.0,0.0,0.0,1,2,3,0,1,1.5,0.5,-1.0,Never hotspot
R052_C055,0,0,0,0,0,0,0.0,0.0,Never hotspot,0,0,0,0.0,0.0,0.0,1,1,2,0,1,1.0,0.5,-0.5,Never hotspot
R052_C057,0,0,0,0,0,0,0.0,0.0,Never hotspot,0,0,0,0.0,0.0,0.0,6,3,6,4,6,4.5,5.0,0.5,Never hotspot
R052_C058,0,0,0,0,0,0,0.0,0.0,Never hotspot,0,0,0,0.0,0.0,0.0,2,1,0,1,1,1.5,1.0,-0.5,Never hotspot
R052_C059,0,0,0,0,0,0,0.0,0.0,Never hotspot,0,0,0,0.0,0.0,0.0,2,0,0,0,0,1.0,0.0,-1.0,Never hotspot
R052_C060,0,0,0,0,0,0,0.0,0.0,Never hotspot,0,0,0,0.0,0.0,0.0,0,0,1,0,0,0.0,0.0,0.0,Never hotspot
R052_C061,0,0,0,0,0,0,0.0,0.0,Never hotspot,0,0,0,0.0,0.0,0.0,2,5,4,1,3,3.5,2.0,-1.5,Never hotspot
R052_C062,0,0,0,0,0,0,0.0,0.0,Never hotspot,0,0,0,0.0,0.0,0.0,9,8,7,8,15,8.5,11.5,3.0,Never hotspot
R052_C063,1,0,0,0,1,2,0.4,0.4,Repeated hotspot,1,1,1,0.5,0.5,0.0,32,28,30,28,34,30.0,31.0,1.0,Intermittent
R052_C064,0,0,0,0,0,0,0.0,0.0,Never hotspot,0,0,0,0.0,0.0,0.0,4,4,10,4,8,4.0,6.0,2.0,Never hotspot
R052_C065,0,0,0,0,0,0,0.0,0.0,Never hotspot,0,0,0,0.0,0.0,0.0,5,11,8,4,8,8.0,6.0,-2.0,Never hotspot
R052_C066,0,1,1,1,0,3,0.6,0.6,Repeated hotspot,3,1,1,0.5,0.5,0.0,31,42,43,36,30,36.5,33.0,-3.5,Intermittent
R052_C067,0,0,0,0,0,0,0.0,0.0,Never hotspot,0,0,0,0.0,0.0,0.0,19,14,8,11,17,16.5,14.0,-2.5,Never hotspot
R052_C068,0,0,0,0,0,0,0.0,0.0,Never hotspot,0,0,0,0.0,0.0,0.0,8,22,15,8,17,15.0,12.5,-2.5,Never hotspot
R052_C069,0,0,0,0,0,0,0.0,0.0,Never hotspot,0,0,0,0.0,0.0,0.0,7,16,11,8,10,11.5,9.0,-2.5,Never hotspot
R052_C070,0,0,0,0,0,0,0.0,0.0,Never hotspot,0,0,0,0.0,0.0,0.0,6,3,5,8,9,4.5,8.5,4.0,Never hotspot
R052_C071,0,0,0,0,0,0,0.0,0.0,Never hotspot,0,0,0,0.0,0.0,0.0,2,3,5,4,1,2.5,2.5,0.0,Never hotspot
R052_C072,0,0,0,0,0,0,0.0,0.0,Never hotspot,0,0,0,0.0,0.0,0.0,14,15,11,22,14,14.5,18.0,3.5,Never hotspot
R052_C073,0,0,0,0,0,0,0.0,0.0,Never hotspot,0,0,0,0.0,0.0,0.0,14,10,11,18,21,12.0,19.5,7.5,Never hotspot
R052_C074,0,0,0,0,0,0,0.0,0.0,Never hotspot,0,0,0,0.0,0.0,0.0,11,10,4,7,10,10.5,8.5,-2.0,Never hotspot
R052_C075,0,0,0,0,0,0,0.0,0.0,Never hotspot,0,0,0,0.0,0.0,0.0,9,7,8,9,16,8.0,12.5,4.5,Never hotspot
R052_C076,0,0,0,0,0,0,0.0,0.0,Never hotspot,0,0,0,0.0,0.0,0.0,20,20,19,28,32,20.0,30.0,10.0,Never hotspot
R052_C077,0,0,0,0,0,0,0.0,0.0,Never hotspot,0,0,0,0.0,0.0,0.0,21,18,16,22,16,19.5,19.0,-0.5,Never hotspot
R052_C078,0,0,0,0,0,0,0.0,0.0,Never hotspot,0,0,0,0.0,0.0,0.0,8,17,23,16,17,12.5,16.5,4.0,Never hotspot
R052_C079,0,0,0,0,0,0,0.0,0.0,Never hotspot,0,0,0,0.0,0.0,0.0,0,5,4,8,5,2.5,6.5,4.0,Never hotspot
R052_C080,0,0,0,0,0,0,0.0,0.0,Never hotspot,0,0,0,0.0,0.0,0.0,1,1,2,2,4,1.0,3.0,2.0,Never hotspot
R052_C081,0,0,0,0,0,0,0.0,0.0,Never hotspot,0,0,0,0.0,0.0,0.0,3,2,0,1,4,2.5,2.5,0.0,Never hotspot
R052_C082,0,0,0,0,0,0,0.0,0.0,Never hotspot,0,0,0,0.0,0.0,0.0,1,4,6,5,9,2.5,7.0,4.5,Never hotspot
R052_C083,0,0,0,0,0,0,0.0,0.0,Never hotspot,0,0,0,0.0,0.0,0.0,1,5,9,15,10,3.0,12.5,9.5,Never hotspot
R052_C084,0,0,0,0,0,0,0.0,0.0,Never hotspot,0,0,0,0.0,0.0,0.0,8,7,15,9,14,7.5,11.5,4.0,Never hotspot
R052_C085,0,0,0,0,0,0,0.0,0.0,Never hotspot,0,0,0,0.0,0.0,0.0,6,15,15,18,22,10.5,20.0,9.5,Never hotspot
R052_C086,0,0,0,0,0,0,0.0,0.0,Never hotspot,0,0,0,0.0,0.0,0.0,13,9,21,13,13,11.0,13.0,2.0,Never hotspot
R052_C087,0,0,0,0,0,0,0.0,0.0,Never hotspot,0,0,0,0.0,0.0,0.0,1,2,2,1,5,1.5,3.0,1.5,Never hotspot
R052_C088,0,0,0,0,0,0,0.0,0.0,Never hotspot,0,0,0,0.0,0.0,0.0,3,3,2,5,4,3.0,4.5,1.5,Never hotspot
R052_C089,0,0,0,0,0,0,0.0,0.0,Never hotspot,0,0,0,0.0,0.0,0.0,3,2,3,10,6,2.5,8.0,5.5,Never hotspot
R052_C090,0,0,0,0,0,0,0.0,0.0,Never hotspot,0,0,0,0.0,0.0,0.0,8,10,12,9,13,9.0,11.0,2.0,Never hotspot
R052_C091,1,1,1,1,1,5,1.0,1.0,Persistent hotspot,5,2,2,1.0,1.0,0.0,37,37,41,50,38,37.0,44.0,7.0,Persistent
R052_C092,0,0,0,0,0,0,0.0,0.0,Never hotspot,0,0,0,0.0,0.0,0.0,7,10,10,18,11,8.5,14.5,6.0,Never hotspot
R052_C093,0,0,0,0,0,0,0.0,0.0,Never hotspot,0,0,0,0.0,0.0,0.0,11,27,20,25,19,19.0,22.0,3.0,Never hotspot
R052_C094,0,0,0,0,0,0,0.0,0.0,Never hotspot,0,0,0,0.0,0.0,0.0,2,5,2,5,4,3.5,4.5,1.0,Never hotspot
R052_C095,0,0,0,0,0,0,0.0,0.0,Never hotspot,0,0,0,0.0,0.0,0.0,2,1,1,3,1,1.5,2.0,0.5,Never hotspot
R052_C096,0,0,0,0,0,0,0.0,0.0,Never hotspot,0,0,0,0.0,0.0,0.0,4,3,6,8,3,3.5,5.5,2.0,Never hotspot
R052_C097,0,0,0,0,0,0,0.0,0.0,Never hotspot,0,0,0,0.0,0.0,0.0,7,2,8,7,5,4.5,6.0,1.5,Never hotspot
R052_C098,0,0,0,0,0,0,0.0,0.0,Never hotspot,0,0,0,0.0,0.0,0.0,6,6,11,10,10,6.0,10.0,4.0,Never hotspot
R052_C099,0,0,0,0,0,0,0.0,0.0,Never hotspot,0,0,0,0.0,0.0,0.0,11,12,13,8,8,11.5,8.0,-3.5,Never hotspot
R052_C100,0,0,0,0,0,0,0.0,0.0,Never hotspot,0,0,0,0.0,0.0,0.0,3,4,6,6,7,3.5,6.5,3.0,Never hotspot
R052_C101,0,0,0,0,0,0,0.0,0.0,Never hotspot,0,0,0,0.0,0.0,0.0,8,14,12,21,22,11.0,21.5,10.5,Never hotspot
R052_C102,0,0,0,0,0,0,0.0,0.0,Never hotspot,0,0,0,0.0,0.0,0.0,3,0,1,0,3,1.5,1.5,0.0,Never hotspot
R052_C103,0,0,0,0,0,0,0.0,0.0,Never hotspot,0,0,0,0.0,0.0,0.0,1,1,2,3,3,1.0,3.0,2.0,Never hotspot
R052_C104,0,0,0,0,0,0,0.0,0.0,Never hotspot,0,0,0,0.0,0.0,0.0,3,2,4,1,3,2.5,2.0,-0.5,Never hotspot
R052_C105,0,0,0,0,0,0,0.0,0.0,Never hotspot,0,0,0,0.0,0.0,0.0,2,2,5,1,2,2.0,1.5,-0.5,Never hotspot
R052_C106,0,0,0,0,0,0,0.0,0.0,Never hotspot,0,0,0,0.0,0.0,0.0,3,4,3,2,12,3.5,7.0,3.5,Never hotspot
R052_C107,0,0,0,0,0,0,0.0,0.0,Never hotspot,0,0,0,0.0,0.0,0.0,3,2,0,0,4,2.5,2.0,-0.5,Never hotspot
R052_C108,0,0,0,0,0,0,0.0,0.0,Never hotspot,0,0,0,0.0,0.0,0.0,0,1,1,1,1,0.5,1.0,0.5,Never hotspot
R052_C109,0,0,0,0,0,0,0.0,0.0,Never hotspot,0,0,0,0.0,0.0,0.0,7,7,4,5,8,7.0,6.5,-0.5,Never hotspot
R052_C110,0,0,0,0,0,0,0.0,0.0,Never hotspot,0,0,0,0.0,0.0,0.0,2,0,1,0,1,1.0,0.5,-0.5,Never hotspot
R052_C111,0,0,0,0,0,0,0.0,0.0,Never hotspot,0,0,0,0.0,0.0,0.0,1,1,1,1,2,1.0,1.5,0.5,Never hotspot
R052_C112,0,0,0,0,0,0,0.0,0.0,Never hotspot,0,0,0,0.0,0.0,0.0,2,1,1,2,0,1.5,1.0,-0.5,Never hotspot
R052_C113,0,0,0,0,0,0,0.0,0.0,Never hotspot,0,0,0,0.0,0.0,0.0,2,0,1,1,2,1.0,1.5,0.5,Never hotspot
R052_C114,0,0,0,0,0,0,0.0,0.0,Never hotspot,0,0,0,0.0,0.0,0.0,1,1,0,2,3,1.0,2.5,1.5,Never hotspot
R052_C115,0,0,0,0,0,0,0.0,0.0,Never hotspot,0,0,0,0.0,0.0,0.0,5,1,6,4,3,3.0,3.5,0.5,Never hotspot
R052_C116,0,0,0,0,0,0,0.0,0.0,Never hotspot,0,0,0,0.0,0.0,0.0,1,1,2,3,2,1.0,2.5,1.5,Never hotspot
R053_C038,0,0,0,0,0,0,0.0,0.0,Never hotspot,0,0,0,0.0,0.0,0.0,4,7,2,8,5,5.5,6.5,1.0,Never hotspot
R053_C039,0,0,0,0,0,0,0.0,0.0,Never hotspot,0,0,0,0.0,0.0,0.0,1,4,5,3,1,2.5,2.0,-0.5,Never hotspot
R053_C040,0,0,0,0,0,0,0.0,0.0,Never hotspot,0,0,0,0.0,0.0,0.0,0,1,2,1,0,0.5,0.5,0.0,Never hotspot
R053_C041,0,0,0,0,0,0,0.0,0.0,Never hotspot,0,0,0,0.0,0.0,0.0,2,0,0,0,2,1.0,1.0,0.0,Never hotspot
R053_C043,0,0,0,0,0,0,0.0,0.0,Never hotspot,0,0,0,0.0,0.0,0.0,0,0,1,0,0,0.0,0.0,0.0,Never hotspot
R053_C044,0,0,0,0,0,0,0.0,0.0,Never hotspot,0,0,0,0.0,0.0,0.0,0,0,1,0,0,0.0,0.0,0.0,Never hotspot
R053_C045,0,0,0,0,0,0,0.0,0.0,Never hotspot,0,0,0,0.0,0.0,0.0,1,2,1,2,2,1.5,2.0,0.5,Never hotspot
R053_C046,0,0,0,0,0,0,0.0,0.0,Never hotspot,0,0,0,0.0,0.0,0.0,0,0,0,1,0,0.0,0.5,0.5,Never hotspot
R053_C048,0,0,0,0,0,0,0.0,0.0,Never hotspot,0,0,0,0.0,0.0,0.0,1,3,1,1,2,2.0,1.5,-0.5,Never hotspot
R053_C051,0,0,0,0,0,0,0.0,0.0,Never hotspot,0,0,0,0.0,0.0,0.0,0,0,0,0,1,0.0,0.5,0.5,Never hotspot
R053_C053,0,0,0,0,0,0,0.0,0.0,Never hotspot,0,0,0,0.0,0.0,0.0,0,0,0,0,1,0.0,0.5,0.5,Never hotspot
R053_C054,0,0,0,0,0,0,0.0,0.0,Never hotspot,0,0,0,0.0,0.0,0.0,0,3,0,0,1,1.5,0.5,-1.0,Never hotspot
R053_C055,0,0,0,0,0,0,0.0,0.0,Never hotspot,0,0,0,0.0,0.0,0.0,0,0,1,0,2,0.0,1.0,1.0,Never hotspot
R053_C056,0,0,0,0,0,0,0.0,0.0,Never hotspot,0,0,0,0.0,0.0,0.0,1,8,0,4,3,4.5,3.5,-1.0,Never hotspot
R053_C057,0,0,0,0,0,0,0.0,0.0,Never hotspot,0,0,0,0.0,0.0,0.0,2,2,4,2,4,2.0,3.0,1.0,Never hotspot
R053_C058,0,0,0,0,0,0,0.0,0.0,Never hotspot,0,0,0,0.0,0.0,0.0,0,2,1,3,2,1.0,2.5,1.5,Never hotspot
R053_C059,0,0,0,0,0,0,0.0,0.0,Never hotspot,0,0,0,0.0,0.0,0.0,2,0,1,0,1,1.0,0.5,-0.5,Never hotspot
R053_C060,0,0,0,0,0,0,0.0,0.0,Never hotspot,0,0,0,0.0,0.0,0.0,4,2,4,3,1,3.0,2.0,-1.0,Never hotspot
R053_C061,0,0,0,0,0,0,0.0,0.0,Never hotspot,0,0,0,0.0,0.0,0.0,1,1,1,2,1,1.0,1.5,0.5,Never hotspot
R053_C062,0,0,0,0,0,0,0.0,0.0,Never hotspot,0,0,0,0.0,0.0,0.0,8,4,6,9,10,6.0,9.5,3.5,Never hotspot
R053_C063,1,1,1,1,1,5,1.0,1.0,Persistent hotspot,5,2,2,1.0,1.0,0.0,58,60,53,42,50,59.0,46.0,-13.0,Persistent
R053_C064,0,0,0,0,0,0,0.0,0.0,Never hotspot,0,0,0,0.0,0.0,0.0,15,16,16,13,11,15.5,12.0,-3.5,Never hotspot
R053_C065,0,0,0,0,0,0,0.0,0.0,Never hotspot,0,0,0,0.0,0.0,0.0,6,6,8,6,3,6.0,4.5,-1.5,Never hotspot
R053_C066,0,0,1,0,0,1,0.2,0.2,Occasional hotspot,1,0,0,0.0,0.0,0.0,22,29,46,33,25,25.5,29.0,3.5,Intermittent
R053_C067,1,1,1,1,1,5,1.0,1.0,Persistent hotspot,5,2,2,1.0,1.0,0.0,93,94,103,88,84,93.5,86.0,-7.5,Persistent
R053_C068,1,1,1,1,1,5,1.0,1.0,Persistent hotspot,5,2,2,1.0,1.0,0.0,54,50,59,51,49,52.0,50.0,-2.0,Persistent
R053_C069,1,1,1,1,1,5,1.0,1.0,Persistent hotspot,5,2,2,1.0,1.0,0.0,41,47,72,64,45,44.0,54.5,10.5,Persistent
R053_C070,0,0,0,0,1,1,0.2,0.2,Occasional hotspot,1,0,1,0.0,0.5,0.5,25,24,32,25,37,24.5,31.0,6.5,Emerging
R053_C071,0,0,0,0,0,0,0.0,0.0,Never hotspot,0,0,0,0.0,0.0,0.0,8,3,9,6,9,5.5,7.5,2.0,Never hotspot
R053_C072,0,0,0,0,0,0,0.0,0.0,Never hotspot,0,0,0,0.0,0.0,0.0,21,26,23,18,31,23.5,24.5,1.0,Never hotspot
R053_C073,1,1,1,1,1,5,1.0,1.0,Persistent hotspot,5,2,2,1.0,1.0,0.0,123,140,138,153,138,131.5,145.5,14.0,Persistent
R053_C074,1,1,1,1,1,5,1.0,1.0,Persistent hotspot,5,2,2,1.0,1.0,0.0,74,74,78,63,59,74.0,61.0,-13.0,Persistent
R053_C075,0,0,0,0,0,0,0.0,0.0,Never hotspot,0,0,0,0.0,0.0,0.0,11,9,13,15,18,10.0,16.5,6.5,Never hotspot
R053_C076,0,0,0,0,0,0,0.0,0.0,Never hotspot,0,0,0,0.0,0.0,0.0,14,11,15,10,19,12.5,14.5,2.0,Never hotspot
R053_C077,1,1,1,1,1,5,1.0,1.0,Persistent hotspot,5,2,2,1.0,1.0,0.0,37,50,52,55,47,43.5,51.0,7.5,Persistent
R053_C078,0,0,0,0,0,0,0.0,0.0,Never hotspot,0,0,0,0.0,0.0,0.0,7,8,5,7,3,7.5,5.0,-2.5,Never hotspot
R053_C079,0,0,0,0,0,0,0.0,0.0,Never hotspot,0,0,0,0.0,0.0,0.0,2,2,3,1,3,2.0,2.0,0.0,Never hotspot
R053_C080,0,0,0,0,0,0,0.0,0.0,Never hotspot,0,0,0,0.0,0.0,0.0,2,6,5,10,6,4.0,8.0,4.0,Never hotspot
R053_C081,0,0,0,0,0,0,0.0,0.0,Never hotspot,0,0,0,0.0,0.0,0.0,7,4,6,3,5,5.5,4.0,-1.5,Never hotspot
R053_C082,0,0,0,0,0,0,0.0,0.0,Never hotspot,0,0,0,0.0,0.0,0.0,5,6,3,2,6,5.5,4.0,-1.5,Never hotspot
R053_C083,0,0,0,0,0,0,0.0,0.0,Never hotspot,0,0,0,0.0,0.0,0.0,6,12,8,8,18,9.0,13.0,4.0,Never hotspot
R053_C084,1,1,1,1,1,5,1.0,1.0,Persistent hotspot,5,2,2,1.0,1.0,0.0,47,71,79,77,78,59.0,77.5,18.5,Persistent
R053_C085,0,0,0,0,0,0,0.0,0.0,Never hotspot,0,0,0,0.0,0.0,0.0,7,9,3,3,7,8.0,5.0,-3.0,Never hotspot
R053_C086,0,0,0,0,0,0,0.0,0.0,Never hotspot,0,0,0,0.0,0.0,0.0,12,6,9,6,7,9.0,6.5,-2.5,Never hotspot
R053_C087,0,0,0,0,0,0,0.0,0.0,Never hotspot,0,0,0,0.0,0.0,0.0,3,5,11,11,12,4.0,11.5,7.5,Never hotspot
R053_C088,0,0,0,0,0,0,0.0,0.0,Never hotspot,0,0,0,0.0,0.0,0.0,6,1,2,1,3,3.5,2.0,-1.5,Never hotspot
R053_C089,0,0,0,0,0,0,0.0,0.0,Never hotspot,0,0,0,0.0,0.0,0.0,1,2,0,1,0,1.5,0.5,-1.0,Never hotspot
R053_C090,0,0,0,0,0,0,0.0,0.0,Never hotspot,0,0,0,0.0,0.0,0.0,5,6,7,6,5,5.5,5.5,0.0,Never hotspot
R053_C091,0,0,0,0,0,0,0.0,0.0,Never hotspot,0,0,0,0.0,0.0,0.0,5,3,4,3,1,4.0,2.0,-2.0,Never hotspot
R053_C092,0,0,0,0,0,0,0.0,0.0,Never hotspot,0,0,0,0.0,0.0,0.0,3,4,7,12,6,3.5,9.0,5.5,Never hotspot
R053_C093,0,0,0,0,0,0,0.0,0.0,Never hotspot,0,0,0,0.0,0.0,0.0,10,8,4,7,10,9.0,8.5,-0.5,Never hotspot
R053_C094,0,0,0,0,0,0,0.0,0.0,Never hotspot,0,0,0,0.0,0.0,0.0,2,6,3,5,2,4.0,3.5,-0.5,Never hotspot
R053_C095,0,0,0,0,0,0,0.0,0.0,Never hotspot,0,0,0,0.0,0.0,0.0,2,1,3,5,3,1.5,4.0,2.5,Never hotspot
R053_C096,0,0,0,0,0,0,0.0,0.0,Never hotspot,0,0,0,0.0,0.0,0.0,8,5,5,13,7,6.5,10.0,3.5,Never hotspot
R053_C097,0,0,0,0,0,0,0.0,0.0,Never hotspot,0,0,0,0.0,0.0,0.0,15,11,12,13,17,13.0,15.0,2.0,Never hotspot
R053_C098,0,0,0,0,0,0,0.0,0.0,Never hotspot,0,0,0,0.0,0.0,0.0,7,1,8,4,4,4.0,4.0,0.0,Never hotspot
R053_C099,0,0,0,0,0,0,0.0,0.0,Never hotspot,0,0,0,0.0,0.0,0.0,0,2,0,2,2,1.0,2.0,1.0,Never hotspot
R053_C100,0,0,0,0,0,0,0.0,0.0,Never hotspot,0,0,0,0.0,0.0,0.0,4,4,1,4,3,4.0,3.5,-0.5,Never hotspot
R053_C101,0,0,0,0,0,0,0.0,0.0,Never hotspot,0,0,0,0.0,0.0,0.0,11,9,13,10,6,10.0,8.0,-2.0,Never hotspot
R053_C102,0,0,0,0,0,0,0.0,0.0,Never hotspot,0,0,0,0.0,0.0,0.0,0,3,2,0,1,1.5,0.5,-1.0,Never hotspot
R053_C103,0,0,0,0,0,0,0.0,0.0,Never hotspot,0,0,0,0.0,0.0,0.0,2,2,3,6,2,2.0,4.0,2.0,Never hotspot
R053_C104,0,0,0,0,0,0,0.0,0.0,Never hotspot,0,0,0,0.0,0.0,0.0,1,4,1,0,3,2.5,1.5,-1.0,Never hotspot
R053_C105,0,0,0,0,0,0,0.0,0.0,Never hotspot,0,0,0,0.0,0.0,0.0,1,2,1,1,1,1.5,1.0,-0.5,Never hotspot
R053_C106,0,0,0,0,0,0,0.0,0.0,Never hotspot,0,0,0,0.0,0.0,0.0,2,1,4,3,1,1.5,2.0,0.5,Never hotspot
R053_C107,0,0,0,0,0,0,0.0,0.0,Never hotspot,0,0,0,0.0,0.0,0.0,2,0,1,2,4,1.0,3.0,2.0,Never hotspot
R053_C108,0,0,0,0,0,0,0.0,0.0,Never hotspot,0,0,0,0.0,0.0,0.0,1,3,2,3,1,2.0,2.0,0.0,Never hotspot
R053_C109,0,0,0,0,0,0,0.0,0.0,Never hotspot,0,0,0,0.0,0.0,0.0,13,13,11,13,16,13.0,14.5,1.5,Never hotspot
R053_C110,0,0,0,0,0,0,0.0,0.0,Never hotspot,0,0,0,0.0,0.0,0.0,5,5,4,5,7,5.0,6.0,1.0,Never hotspot
R053_C111,0,0,0,0,0,0,0.0,0.0,Never hotspot,0,0,0,0.0,0.0,0.0,2,0,1,0,2,1.0,1.0,0.0,Never hotspot
R053_C112,0,0,0,0,0,0,0.0,0.0,Never hotspot,0,0,0,0.0,0.0,0.0,0,0,3,0,2,0.0,1.0,1.0,Never hotspot
R053_C113,0,0,0,0,0,0,0.0,0.0,Never hotspot,0,0,0,0.0,0.0,0.0,0,0,1,0,0,0.0,0.0,0.0,Never hotspot
R053_C114,0,0,0,0,0,0,0.0,0.0,Never hotspot,0,0,0,0.0,0.0,0.0,6,8,2,4,5,7.0,4.5,-2.5,Never hotspot
R053_C115,0,0,0,0,0,0,0.0,0.0,Never hotspot,0,0,0,0.0,0.0,0.0,3,4,5,2,2,3.5,2.0,-1.5,Never hotspot
R053_C116,0,0,0,0,0,0,0.0,0.0,Never hotspot,0,0,0,0.0,0.0,0.0,5,8,7,5,7,6.5,6.0,-0.5,Never hotspot
R053_C117,0,0,0,0,0,0,0.0,0.0,Never hotspot,0,0,0,0.0,0.0,0.0,3,1,2,2,2,2.0,2.0,0.0,Never hotspot
R054_C038,0,0,0,0,0,0,0.0,0.0,Never hotspot,0,0,0,0.0,0.0,0.0,8,17,17,19,16,12.5,17.5,5.0,Never hotspot
R054_C039,0,0,0,0,0,0,0.0,0.0,Never hotspot,0,0,0,0.0,0.0,0.0,12,9,11,12,12,10.5,12.0,1.5,Never hotspot
R054_C040,0,0,0,0,0,0,0.0,0.0,Never hotspot,0,0,0,0.0,0.0,0.0,3,4,2,5,4,3.5,4.5,1.0,Never hotspot
R054_C041,0,0,0,0,0,0,0.0,0.0,Never hotspot,0,0,0,0.0,0.0,0.0,2,0,3,6,1,1.0,3.5,2.5,Never hotspot
R054_C042,0,0,0,0,0,0,0.0,0.0,Never hotspot,0,0,0,0.0,0.0,0.0,2,0,2,4,3,1.0,3.5,2.5,Never hotspot
R054_C043,0,0,0,0,0,0,0.0,0.0,Never hotspot,0,0,0,0.0,0.0,0.0,1,5,0,2,0,3.0,1.0,-2.0,Never hotspot
R054_C044,0,0,0,0,0,0,0.0,0.0,Never hotspot,0,0,0,0.0,0.0,0.0,5,0,0,1,3,2.5,2.0,-0.5,Never hotspot
R054_C045,0,0,0,0,0,0,0.0,0.0,Never hotspot,0,0,0,0.0,0.0,0.0,0,2,0,2,3,1.0,2.5,1.5,Never hotspot
R054_C046,0,0,0,0,0,0,0.0,0.0,Never hotspot,0,0,0,0.0,0.0,0.0,4,5,2,4,1,4.5,2.5,-2.0,Never hotspot
R054_C047,0,0,0,0,0,0,0.0,0.0,Never hotspot,0,0,0,0.0,0.0,0.0,0,0,0,0,1,0.0,0.5,0.5,Never hotspot
R054_C048,0,0,0,0,0,0,0.0,0.0,Never hotspot,0,0,0,0.0,0.0,0.0,3,3,3,3,3,3.0,3.0,0.0,Never hotspot
R054_C049,0,0,0,0,0,0,0.0,0.0,Never hotspot,0,0,0,0.0,0.0,0.0,0,0,1,2,1,0.0,1.5,1.5,Never hotspot
R054_C050,0,0,0,0,0,0,0.0,0.0,Never hotspot,0,0,0,0.0,0.0,0.0,0,0,0,1,0,0.0,0.5,0.5,Never hotspot
R054_C053,0,0,0,0,0,0,0.0,0.0,Never hotspot,0,0,0,0.0,0.0,0.0,0,1,0,1,0,0.5,0.5,0.0,Never hotspot
R054_C054,0,0,0,0,0,0,0.0,0.0,Never hotspot,0,0,0,0.0,0.0,0.0,0,1,1,1,2,0.5,1.5,1.0,Never hotspot
R054_C055,0,0,0,0,0,0,0.0,0.0,Never hotspot,0,0,0,0.0,0.0,0.0,6,5,6,6,3,5.5,4.5,-1.0,Never hotspot
R054_C056,0,0,0,0,0,0,0.0,0.0,Never hotspot,0,0,0,0.0,0.0,0.0,0,0,1,0,0,0.0,0.0,0.0,Never hotspot
R054_C057,0,0,0,0,0,0,0.0,0.0,Never hotspot,0,0,0,0.0,0.0,0.0,0,1,0,0,0,0.5,0.0,-0.5,Never hotspot
R054_C058,0,0,0,0,0,0,0.0,0.0,Never hotspot,0,0,0,0.0,0.0,0.0,0,0,2,1,0,0.0,0.5,0.5,Never hotspot
R054_C059,0,0,0,0,0,0,0.0,0.0,Never hotspot,0,0,0,0.0,0.0,0.0,0,0,0,3,2,0.0,2.5,2.5,Never hotspot
R054_C060,0,0,0,0,0,0,0.0,0.0,Never hotspot,0,0,0,0.0,0.0,0.0,0,1,0,1,0,0.5,0.5,0.0,Never hotspot
R054_C061,0,0,0,0,0,0,0.0,0.0,Never hotspot,0,0,0,0.0,0.0,0.0,1,1,5,1,2,1.0,1.5,0.5,Never hotspot
R054_C062,0,0,0,0,0,0,0.0,0.0,Never hotspot,0,0,0,0.0,0.0,0.0,0,1,3,2,4,0.5,3.0,2.5,Never hotspot
R054_C063,0,0,0,0,0,0,0.0,0.0,Never hotspot,0,0,0,0.0,0.0,0.0,2,1,6,5,4,1.5,4.5,3.0,Never hotspot
R054_C064,0,0,0,0,0,0,0.0,0.0,Never hotspot,0,0,0,0.0,0.0,0.0,23,11,17,17,22,17.0,19.5,2.5,Never hotspot
R054_C065,1,1,1,1,1,5,1.0,1.0,Persistent hotspot,5,2,2,1.0,1.0,0.0,37,55,48,66,58,46.0,62.0,16.0,Persistent
R054_C066,1,1,1,1,1,5,1.0,1.0,Persistent hotspot,5,2,2,1.0,1.0,0.0,36,53,50,62,51,44.5,56.5,12.0,Persistent
R054_C067,1,1,1,1,1,5,1.0,1.0,Persistent hotspot,5,2,2,1.0,1.0,0.0,124,121,150,132,129,122.5,130.5,8.0,Persistent
R054_C068,1,1,1,1,1,5,1.0,1.0,Persistent hotspot,5,2,2,1.0,1.0,0.0,200,255,281,251,281,227.5,266.0,38.5,Persistent
R054_C069,1,1,1,1,1,5,1.0,1.0,Persistent hotspot,5,2,2,1.0,1.0,0.0,137,181,210,191,206,159.0,198.5,39.5,Persistent
R054_C070,0,1,1,1,1,4,0.8,0.8,Persistent hotspot,4,1,2,0.5,1.0,0.5,25,37,49,47,48,31.0,47.5,16.5,Persistent
R054_C071,0,0,0,0,0,0,0.0,0.0,Never hotspot,0,0,0,0.0,0.0,0.0,10,12,10,9,13,11.0,11.0,0.0,Never hotspot
R054_C072,0,0,0,0,0,0,0.0,0.0,Never hotspot,0,0,0,0.0,0.0,0.0,8,7,9,18,11,7.5,14.5,7.0,Never hotspot
R054_C073,1,1,1,1,1,5,1.0,1.0,Persistent hotspot,5,2,2,1.0,1.0,0.0,105,134,117,110,102,119.5,106.0,-13.5,Persistent
R054_C074,1,1,1,1,1,5,1.0,1.0,Persistent hotspot,5,2,2,1.0,1.0,0.0,92,70,82,68,72,81.0,70.0,-11.0,Persistent
R054_C075,0,0,0,0,0,0,0.0,0.0,Never hotspot,0,0,0,0.0,0.0,0.0,9,12,6,7,11,10.5,9.0,-1.5,Never hotspot
R054_C076,0,0,0,0,0,0,0.0,0.0,Never hotspot,0,0,0,0.0,0.0,0.0,5,3,4,0,6,4.0,3.0,-1.0,Never hotspot
R054_C077,0,0,0,0,0,0,0.0,0.0,Never hotspot,0,0,0,0.0,0.0,0.0,17,9,7,13,5,13.0,9.0,-4.0,Never hotspot
R054_C078,0,0,0,0,0,0,0.0,0.0,Never hotspot,0,0,0,0.0,0.0,0.0,3,0,3,4,3,1.5,3.5,2.0,Never hotspot
R054_C079,0,0,0,0,0,0,0.0,0.0,Never hotspot,0,0,0,0.0,0.0,0.0,4,1,3,1,2,2.5,1.5,-1.0,Never hotspot
R054_C080,0,0,0,0,0,0,0.0,0.0,Never hotspot,0,0,0,0.0,0.0,0.0,0,0,0,1,0,0.0,0.5,0.5,Never hotspot
R054_C081,0,0,0,0,0,0,0.0,0.0,Never hotspot,0,0,0,0.0,0.0,0.0,4,0,3,0,2,2.0,1.0,-1.0,Never hotspot
R054_C082,0,0,0,0,0,0,0.0,0.0,Never hotspot,0,0,0,0.0,0.0,0.0,3,9,3,4,2,6.0,3.0,-3.0,Never hotspot
R054_C083,0,0,0,0,0,0,0.0,0.0,Never hotspot,0,0,0,0.0,0.0,0.0,16,14,20,24,14,15.0,19.0,4.0,Never hotspot
R054_C084,0,0,0,0,0,0,0.0,0.0,Never hotspot,0,0,0,0.0,0.0,0.0,14,17,16,19,18,15.5,18.5,3.0,Never hotspot
R054_C085,0,0,0,0,0,0,0.0,0.0,Never hotspot,0,0,0,0.0,0.0,0.0,0,0,0,1,0,0.0,0.5,0.5,Never hotspot
R054_C086,0,0,0,0,0,0,0.0,0.0,Never hotspot,0,0,0,0.0,0.0,0.0,2,3,1,2,1,2.5,1.5,-1.0,Never hotspot
R054_C087,0,0,0,0,0,0,0.0,0.0,Never hotspot,0,0,0,0.0,0.0,0.0,1,0,5,3,3,0.5,3.0,2.5,Never hotspot
R054_C088,0,0,0,0,0,0,0.0,0.0,Never hotspot,0,0,0,0.0,0.0,0.0,1,0,0,0,0,0.5,0.0,-0.5,Never hotspot
R054_C089,0,0,0,0,0,0,0.0,0.0,Never hotspot,0,0,0,0.0,0.0,0.0,0,1,0,1,1,0.5,1.0,0.5,Never hotspot
R054_C090,0,0,0,0,0,0,0.0,0.0,Never hotspot,0,0,0,0.0,0.0,0.0,7,6,10,8,13,6.5,10.5,4.0,Never hotspot
R054_C091,0,0,0,0,0,0,0.0,0.0,Never hotspot,0,0,0,0.0,0.0,0.0,1,2,0,2,0,1.5,1.0,-0.5,Never hotspot
R054_C092,0,0,0,0,0,0,0.0,0.0,Never hotspot,0,0,0,0.0,0.0,0.0,3,8,8,12,8,5.5,10.0,4.5,Never hotspot
R054_C093,0,0,0,0,0,0,0.0,0.0,Never hotspot,0,0,0,0.0,0.0,0.0,5,3,4,10,2,4.0,6.0,2.0,Never hotspot
R054_C094,0,0,0,0,0,0,0.0,0.0,Never hotspot,0,0,0,0.0,0.0,0.0,1,2,3,1,2,1.5,1.5,0.0,Never hotspot
R054_C095,0,0,0,0,0,0,0.0,0.0,Never hotspot,0,0,0,0.0,0.0,0.0,8,4,2,4,4,6.0,4.0,-2.0,Never hotspot
R054_C096,0,0,0,0,0,0,0.0,0.0,Never hotspot,0,0,0,0.0,0.0,0.0,1,0,1,0,1,0.5,0.5,0.0,Never hotspot
R054_C097,0,0,0,0,0,0,0.0,0.0,Never hotspot,0,0,0,0.0,0.0,0.0,11,19,15,21,7,15.0,14.0,-1.0,Never hotspot
R054_C098,0,0,0,0,0,0,0.0,0.0,Never hotspot,0,0,0,0.0,0.0,0.0,6,7,6,6,5,6.5,5.5,-1.0,Never hotspot
R054_C099,0,0,0,0,0,0,0.0,0.0,Never hotspot,0,0,0,0.0,0.0,0.0,2,2,2,1,2,2.0,1.5,-0.5,Never hotspot
R054_C100,0,0,0,0,0,0,0.0,0.0,Never hotspot,0,0,0,0.0,0.0,0.0,0,1,0,0,0,0.5,0.0,-0.5,Never hotspot
R054_C101,0,0,0,0,0,0,0.0,0.0,Never hotspot,0,0,0,0.0,0.0,0.0,3,8,4,3,7,5.5,5.0,-0.5,Never hotspot
R054_C102,0,0,0,0,0,0,0.0,0.0,Never hotspot,0,0,0,0.0,0.0,0.0,1,2,2,2,5,1.5,3.5,2.0,Never hotspot
R054_C103,0,0,0,0,0,0,0.0,0.0,Never hotspot,0,0,0,0.0,0.0,0.0,1,2,5,2,6,1.5,4.0,2.5,Never hotspot
R054_C104,1,1,0,0,1,3,0.6,0.6,Repeated hotspot,2,2,1,1.0,0.5,-0.5,37,34,34,31,35,35.5,33.0,-2.5,Intermittent
R054_C105,0,0,0,0,0,0,0.0,0.0,Never hotspot,0,0,0,0.0,0.0,0.0,1,2,2,2,5,1.5,3.5,2.0,Never hotspot
R054_C106,0,0,0,0,0,0,0.0,0.0,Never hotspot,0,0,0,0.0,0.0,0.0,4,2,2,1,6,3.0,3.5,0.5,Never hotspot
R054_C107,0,0,0,0,0,0,0.0,0.0,Never hotspot,0,0,0,0.0,0.0,0.0,0,3,3,3,5,1.5,4.0,2.5,Never hotspot
R054_C108,0,0,0,0,0,0,0.0,0.0,Never hotspot,0,0,0,0.0,0.0,0.0,2,2,1,2,0,2.0,1.0,-1.0,Never hotspot
R054_C109,0,0,0,0,0,0,0.0,0.0,Never hotspot,0,0,0,0.0,0.0,0.0,1,5,6,4,4,3.0,4.0,1.0,Never hotspot
R054_C110,0,0,0,0,0,0,0.0,0.0,Never hotspot,0,0,0,0.0,0.0,0.0,4,1,3,2,2,2.5,2.0,-0.5,Never hotspot
R054_C111,0,0,0,0,0,0,0.0,0.0,Never hotspot,0,0,0,0.0,0.0,0.0,1,4,12,11,12,2.5,11.5,9.0,Never hotspot
R054_C112,0,0,0,0,0,0,0.0,0.0,Never hotspot,0,0,0,0.0,0.0,0.0,1,1,3,1,3,1.0,2.0,1.0,Never hotspot
R054_C114,0,0,0,0,0,0,0.0,0.0,Never hotspot,0,0,0,0.0,0.0,0.0,1,1,1,0,3,1.0,1.5,0.5,Never hotspot
R054_C115,0,0,0,0,0,0,0.0,0.0,Never hotspot,0,0,0,0.0,0.0,0.0,2,1,0,1,0,1.5,0.5,-1.0,Never hotspot
R054_C116,0,0,0,0,0,0,0.0,0.0,Never hotspot,0,0,0,0.0,0.0,0.0,5,6,4,4,5,5.5,4.5,-1.0,Never hotspot
R055_C038,0,0,0,0,0,0,0.0,0.0,Never hotspot,0,0,0,0.0,0.0,0.0,0,1,0,0,0,0.5,0.0,-0.5,Never hotspot
R055_C039,0,0,0,0,0,0,0.0,0.0,Never hotspot,0,0,0,0.0,0.0,0.0,3,4,1,7,5,3.5,6.0,2.5,Never hotspot
R055_C040,0,0,0,0,0,0,0.0,0.0,Never hotspot,0,0,0,0.0,0.0,0.0,0,0,1,3,0,0.0,1.5,1.5,Never hotspot
R055_C044,0,0,0,0,0,0,0.0,0.0,Never hotspot,0,0,0,0.0,0.0,0.0,0,0,0,1,0,0.0,0.5,0.5,Never hotspot
R055_C045,0,0,0,0,0,0,0.0,0.0,Never hotspot,0,0,0,0.0,0.0,0.0,0,1,1,1,1,0.5,1.0,0.5,Never hotspot
R055_C046,0,0,0,0,0,0,0.0,0.0,Never hotspot,0,0,0,0.0,0.0,0.0,3,2,4,5,2,2.5,3.5,1.0,Never hotspot
R055_C047,0,0,0,0,0,0,0.0,0.0,Never hotspot,0,0,0,0.0,0.0,0.0,2,1,2,3,3,1.5,3.0,1.5,Never hotspot
R055_C048,0,0,0,0,0,0,0.0,0.0,Never hotspot,0,0,0,0.0,0.0,0.0,3,7,2,7,3,5.0,5.0,0.0,Never hotspot
R055_C049,0,0,0,0,0,0,0.0,0.0,Never hotspot,0,0,0,0.0,0.0,0.0,3,3,1,2,3,3.0,2.5,-0.5,Never hotspot
R055_C050,0,0,0,0,0,0,0.0,0.0,Never hotspot,0,0,0,0.0,0.0,0.0,0,0,0,0,1,0.0,0.5,0.5,Never hotspot
R055_C052,0,0,0,0,0,0,0.0,0.0,Never hotspot,0,0,0,0.0,0.0,0.0,0,0,1,0,0,0.0,0.0,0.0,Never hotspot
R055_C053,0,0,0,0,0,0,0.0,0.0,Never hotspot,0,0,0,0.0,0.0,0.0,1,2,3,1,1,1.5,1.0,-0.5,Never hotspot
R055_C054,0,0,0,0,0,0,0.0,0.0,Never hotspot,0,0,0,0.0,0.0,0.0,0,1,1,1,2,0.5,1.5,1.0,Never hotspot
R055_C055,0,0,0,0,0,0,0.0,0.0,Never hotspot,0,0,0,0.0,0.0,0.0,3,3,1,2,0,3.0,1.0,-2.0,Never hotspot
R055_C056,0,0,0,0,0,0,0.0,0.0,Never hotspot,0,0,0,0.0,0.0,0.0,0,0,2,0,0,0.0,0.0,0.0,Never hotspot
R055_C057,0,0,0,0,0,0,0.0,0.0,Never hotspot,0,0,0,0.0,0.0,0.0,1,1,0,1,0,1.0,0.5,-0.5,Never hotspot
R055_C059,0,0,0,0,0,0,0.0,0.0,Never hotspot,0,0,0,0.0,0.0,0.0,1,1,1,0,2,1.0,1.0,0.0,Never hotspot
R055_C060,0,0,0,0,0,0,0.0,0.0,Never hotspot,0,0,0,0.0,0.0,0.0,1,0,1,2,1,0.5,1.5,1.0,Never hotspot
R055_C061,0,0,0,0,0,0,0.0,0.0,Never hotspot,0,0,0,0.0,0.0,0.0,2,2,1,5,2,2.0,3.5,1.5,Never hotspot
R055_C062,0,0,0,0,0,0,0.0,0.0,Never hotspot,0,0,0,0.0,0.0,0.0,0,2,3,0,5,1.0,2.5,1.5,Never hotspot
R055_C063,0,0,0,0,0,0,0.0,0.0,Never hotspot,0,0,0,0.0,0.0,0.0,6,2,4,3,3,4.0,3.0,-1.0,Never hotspot
R055_C064,0,1,1,1,1,4,0.8,0.8,Persistent hotspot,4,1,2,0.5,1.0,0.5,30,37,45,46,38,33.5,42.0,8.5,Persistent
R055_C065,1,1,1,1,1,5,1.0,1.0,Persistent hotspot,5,2,2,1.0,1.0,0.0,92,126,126,129,123,109.0,126.0,17.0,Persistent
R055_C066,1,1,1,1,1,5,1.0,1.0,Persistent hotspot,5,2,2,1.0,1.0,0.0,119,150,154,139,165,134.5,152.0,17.5,Persistent
R055_C067,1,1,1,1,1,5,1.0,1.0,Persistent hotspot,5,2,2,1.0,1.0,0.0,226,307,306,292,322,266.5,307.0,40.5,Persistent
R055_C068,1,1,1,1,1,5,1.0,1.0,Persistent hotspot,5,2,2,1.0,1.0,0.0,443,559,585,551,600,501.0,575.5,74.5,Persistent
R055_C069,1,1,1,1,1,5,1.0,1.0,Persistent hotspot,5,2,2,1.0,1.0,0.0,228,271,297,242,271,249.5,256.5,7.0,Persistent
R055_C070,1,1,1,1,1,5,1.0,1.0,Persistent hotspot,5,2,2,1.0,1.0,0.0,107,110,117,109,104,108.5,106.5,-2.0,Persistent
R055_C071,0,0,0,0,0,0,0.0,0.0,Never hotspot,0,0,0,0.0,0.0,0.0,11,9,10,5,11,10.0,8.0,-2.0,Never hotspot
R055_C072,0,0,0,0,0,0,0.0,0.0,Never hotspot,0,0,0,0.0,0.0,0.0,10,3,11,19,6,6.5,12.5,6.0,Never hotspot
R055_C073,1,0,0,0,1,2,0.4,0.4,Repeated hotspot,1,1,1,0.5,0.5,0.0,37,29,34,31,39,33.0,35.0,2.0,Intermittent
R055_C074,1,1,1,1,1,5,1.0,1.0,Persistent hotspot,5,2,2,1.0,1.0,0.0,36,35,38,41,43,35.5,42.0,6.5,Persistent
R055_C075,0,0,0,0,0,0,0.0,0.0,Never hotspot,0,0,0,0.0,0.0,0.0,3,9,7,8,11,6.0,9.5,3.5,Never hotspot
R055_C076,0,0,0,0,0,0,0.0,0.0,Never hotspot,0,0,0,0.0,0.0,0.0,3,9,7,10,11,6.0,10.5,4.5,Never hotspot
R055_C077,0,0,0,0,0,0,0.0,0.0,Never hotspot,0,0,0,0.0,0.0,0.0,6,10,11,6,6,8.0,6.0,-2.0,Never hotspot
R055_C078,0,0,0,0,0,0,0.0,0.0,Never hotspot,0,0,0,0.0,0.0,0.0,2,3,5,5,2,2.5,3.5,1.0,Never hotspot
R055_C079,0,0,0,0,0,0,0.0,0.0,Never hotspot,0,0,0,0.0,0.0,0.0,0,0,2,0,0,0.0,0.0,0.0,Never hotspot
R055_C080,0,0,0,0,0,0,0.0,0.0,Never hotspot,0,0,0,0.0,0.0,0.0,3,2,0,2,2,2.5,2.0,-0.5,Never hotspot
R055_C081,0,0,0,0,0,0,0.0,0.0,Never hotspot,0,0,0,0.0,0.0,0.0,6,7,9,11,8,6.5,9.5,3.0,Never hotspot
R055_C082,0,0,0,0,0,0,0.0,0.0,Never hotspot,0,0,0,0.0,0.0,0.0,6,0,4,7,7,3.0,7.0,4.0,Never hotspot
R055_C083,0,0,0,0,0,0,0.0,0.0,Never hotspot,0,0,0,0.0,0.0,0.0,2,1,3,2,2,1.5,2.0,0.5,Never hotspot
R055_C084,1,1,1,1,1,5,1.0,1.0,Persistent hotspot,5,2,2,1.0,1.0,0.0,51,63,63,57,57,57.0,57.0,0.0,Persistent
R055_C085,0,0,0,0,0,0,0.0,0.0,Never hotspot,0,0,0,0.0,0.0,0.0,9,9,14,20,17,9.0,18.5,9.5,Never hotspot
R055_C086,0,0,0,0,0,0,0.0,0.0,Never hotspot,0,0,0,0.0,0.0,0.0,0,2,2,0,2,1.0,1.0,0.0,Never hotspot
R055_C087,0,0,0,0,0,0,0.0,0.0,Never hotspot,0,0,0,0.0,0.0,0.0,5,3,12,7,7,4.0,7.0,3.0,Never hotspot
R055_C088,0,0,0,0,0,0,0.0,0.0,Never hotspot,0,0,0,0.0,0.0,0.0,0,0,1,1,0,0.0,0.5,0.5,Never hotspot
R055_C089,0,0,0,0,0,0,0.0,0.0,Never hotspot,0,0,0,0.0,0.0,0.0,1,0,2,1,1,0.5,1.0,0.5,Never hotspot
R055_C090,0,0,0,0,0,0,0.0,0.0,Never hotspot,0,0,0,0.0,0.0,0.0,1,5,3,4,4,3.0,4.0,1.0,Never hotspot
R055_C091,0,0,0,0,0,0,0.0,0.0,Never hotspot,0,0,0,0.0,0.0,0.0,0,0,0,1,1,0.0,1.0,1.0,Never hotspot
R055_C092,0,0,0,0,0,0,0.0,0.0,Never hotspot,0,0,0,0.0,0.0,0.0,7,9,7,6,6,8.0,6.0,-2.0,Never hotspot
R055_C093,0,0,0,0,0,0,0.0,0.0,Never hotspot,0,0,0,0.0,0.0,0.0,3,2,2,3,4,2.5,3.5,1.0,Never hotspot
R055_C094,0,0,0,0,0,0,0.0,0.0,Never hotspot,0,0,0,0.0,0.0,0.0,14,7,7,7,9,10.5,8.0,-2.5,Never hotspot
R055_C095,0,0,0,0,0,0,0.0,0.0,Never hotspot,0,0,0,0.0,0.0,0.0,7,8,5,3,1,7.5,2.0,-5.5,Never hotspot
R055_C096,0,0,0,0,0,0,0.0,0.0,Never hotspot,0,0,0,0.0,0.0,0.0,1,0,1,1,0,0.5,0.5,0.0,Never hotspot
R055_C097,0,0,0,0,0,0,0.0,0.0,Never hotspot,0,0,0,0.0,0.0,0.0,1,1,0,0,1,1.0,0.5,-0.5,Never hotspot
R055_C098,0,0,0,0,0,0,0.0,0.0,Never hotspot,0,0,0,0.0,0.0,0.0,8,9,10,5,8,8.5,6.5,-2.0,Never hotspot
R055_C099,0,0,0,0,0,0,0.0,0.0,Never hotspot,0,0,0,0.0,0.0,0.0,1,0,1,0,4,0.5,2.0,1.5,Never hotspot
R055_C101,0,0,0,0,0,0,0.0,0.0,Never hotspot,0,0,0,0.0,0.0,0.0,1,1,1,1,4,1.0,2.5,1.5,Never hotspot
R055_C102,0,0,0,0,0,0,0.0,0.0,Never hotspot,0,0,0,0.0,0.0,0.0,4,13,15,11,14,8.5,12.5,4.0,Never hotspot
R055_C103,0,0,0,0,0,0,0.0,0.0,Never hotspot,0,0,0,0.0,0.0,0.0,7,3,1,1,5,5.0,3.0,-2.0,Never hotspot
R055_C104,0,0,0,0,0,0,0.0,0.0,Never hotspot,0,0,0,0.0,0.0,0.0,4,1,6,5,10,2.5,7.5,5.0,Never hotspot
R055_C105,0,0,0,0,0,0,0.0,0.0,Never hotspot,0,0,0,0.0,0.0,0.0,1,1,2,1,2,1.0,1.5,0.5,Never hotspot
R055_C106,0,0,0,0,0,0,0.0,0.0,Never hotspot,0,0,0,0.0,0.0,0.0,3,3,1,3,6,3.0,4.5,1.5,Never hotspot
R055_C107,0,0,0,0,0,0,0.0,0.0,Never hotspot,0,0,0,0.0,0.0,0.0,3,4,1,3,0,3.5,1.5,-2.0,Never hotspot
R055_C108,0,0,0,0,0,0,0.0,0.0,Never hotspot,0,0,0,0.0,0.0,0.0,2,7,3,5,3,4.5,4.0,-0.5,Never hotspot
R055_C109,0,0,0,0,0,0,0.0,0.0,Never hotspot,0,0,0,0.0,0.0,0.0,1,1,1,2,4,1.0,3.0,2.0,Never hotspot
R055_C110,0,0,0,0,0,0,0.0,0.0,Never hotspot,0,0,0,0.0,0.0,0.0,2,2,3,3,7,2.0,5.0,3.0,Never hotspot
R055_C111,0,0,0,0,0,0,0.0,0.0,Never hotspot,0,0,0,0.0,0.0,0.0,1,2,0,1,2,1.5,1.5,0.0,Never hotspot
R055_C112,0,0,0,0,0,0,0.0,0.0,Never hotspot,0,0,0,0.0,0.0,0.0,1,0,3,3,2,0.5,2.5,2.0,Never hotspot
R055_C113,0,0,0,0,0,0,0.0,0.0,Never hotspot,0,0,0,0.0,0.0,0.0,5,4,5,8,0,4.5,4.0,-0.5,Never hotspot
R055_C114,0,0,0,0,0,0,0.0,0.0,Never hotspot,0,0,0,0.0,0.0,0.0,2,2,2,3,1,2.0,2.0,0.0,Never hotspot
R055_C115,0,0,0,0,0,0,0.0,0.0,Never hotspot,0,0,0,0.0,0.0,0.0,14,9,15,7,18,11.5,12.5,1.0,Never hotspot
R055_C116,0,0,0,0,0,0,0.0,0.0,Never hotspot,0,0,0,0.0,0.0,0.0,6,3,10,5,4,4.5,4.5,0.0,Never hotspot
R055_C117,0,0,0,0,0,0,0.0,0.0,Never hotspot,0,0,0,0.0,0.0,0.0,14,7,8,8,9,10.5,8.5,-2.0,Never hotspot
R056_C039,0,0,0,0,0,0,0.0,0.0,Never hotspot,0,0,0,0.0,0.0,0.0,1,2,3,1,2,1.5,1.5,0.0,Never hotspot
R056_C040,0,0,0,0,0,0,0.0,0.0,Never hotspot,0,0,0,0.0,0.0,0.0,2,6,6,6,1,4.0,3.5,-0.5,Never hotspot
R056_C044,0,0,0,0,0,0,0.0,0.0,Never hotspot,0,0,0,0.0,0.0,0.0,0,0,1,2,2,0.0,2.0,2.0,Never hotspot
R056_C046,0,0,0,0,0,0,0.0,0.0,Never hotspot,0,0,0,0.0,0.0,0.0,3,2,1,0,0,2.5,0.0,-2.5,Never hotspot
R056_C047,0,0,0,0,0,0,0.0,0.0,Never hotspot,0,0,0,0.0,0.0,0.0,4,5,6,6,7,4.5,6.5,2.0,Never hotspot
R056_C048,0,0,0,0,0,0,0.0,0.0,Never hotspot,0,0,0,0.0,0.0,0.0,6,7,6,5,3,6.5,4.0,-2.5,Never hotspot
R056_C049,0,0,0,0,0,0,0.0,0.0,Never hotspot,0,0,0,0.0,0.0,0.0,7,22,20,17,16,14.5,16.5,2.0,Never hotspot
R056_C050,0,0,0,0,0,0,0.0,0.0,Never hotspot,0,0,0,0.0,0.0,0.0,4,2,3,1,1,3.0,1.0,-2.0,Never hotspot
R056_C051,0,0,0,0,0,0,0.0,0.0,Never hotspot,0,0,0,0.0,0.0,0.0,1,1,0,2,1,1.0,1.5,0.5,Never hotspot
R056_C052,0,0,0,0,0,0,0.0,0.0,Never hotspot,0,0,0,0.0,0.0,0.0,1,0,0,4,3,0.5,3.5,3.0,Never hotspot
R056_C053,0,0,0,0,0,0,0.0,0.0,Never hotspot,0,0,0,0.0,0.0,0.0,1,1,0,3,4,1.0,3.5,2.5,Never hotspot
R056_C055,0,0,0,0,0,0,0.0,0.0,Never hotspot,0,0,0,0.0,0.0,0.0,1,0,1,0,1,0.5,0.5,0.0,Never hotspot
R056_C056,0,0,0,0,0,0,0.0,0.0,Never hotspot,0,0,0,0.0,0.0,0.0,1,7,3,0,3,4.0,1.5,-2.5,Never hotspot
R056_C057,0,0,0,0,0,0,0.0,0.0,Never hotspot,0,0,0,0.0,0.0,0.0,0,1,0,1,0,0.5,0.5,0.0,Never hotspot
R056_C058,0,0,0,0,0,0,0.0,0.0,Never hotspot,0,0,0,0.0,0.0,0.0,2,3,1,0,2,2.5,1.0,-1.5,Never hotspot
R056_C059,0,0,0,0,0,0,0.0,0.0,Never hotspot,0,0,0,0.0,0.0,0.0,1,0,1,2,2,0.5,2.0,1.5,Never hotspot
R056_C060,0,0,0,0,0,0,0.0,0.0,Never hotspot,0,0,0,0.0,0.0,0.0,3,1,1,2,1,2.0,1.5,-0.5,Never hotspot
R056_C061,0,0,0,0,0,0,0.0,0.0,Never hotspot,0,0,0,0.0,0.0,0.0,12,10,4,12,14,11.0,13.0,2.0,Never hotspot
R056_C062,0,0,0,0,0,0,0.0,0.0,Never hotspot,0,0,0,0.0,0.0,0.0,0,2,3,2,3,1.0,2.5,1.5,Never hotspot
R056_C063,0,0,0,0,0,0,0.0,0.0,Never hotspot,0,0,0,0.0,0.0,0.0,5,5,2,1,9,5.0,5.0,0.0,Never hotspot
R056_C064,0,0,0,0,0,0,0.0,0.0,Never hotspot,0,0,0,0.0,0.0,0.0,11,15,6,19,25,13.0,22.0,9.0,Never hotspot
R056_C065,1,1,1,1,1,5,1.0,1.0,Persistent hotspot,5,2,2,1.0,1.0,0.0,91,108,127,119,110,99.5,114.5,15.0,Persistent
R056_C066,1,1,1,1,1,5,1.0,1.0,Persistent hotspot,5,2,2,1.0,1.0,0.0,150,172,163,174,165,161.0,169.5,8.5,Persistent
R056_C067,1,1,1,1,1,5,1.0,1.0,Persistent hotspot,5,2,2,1.0,1.0,0.0,138,149,139,167,154,143.5,160.5,17.0,Persistent
R056_C068,1,1,1,1,1,5,1.0,1.0,Persistent hotspot,5,2,2,1.0,1.0,0.0,159,218,236,215,203,188.5,209.0,20.5,Persistent
R056_C069,1,1,1,1,1,5,1.0,1.0,Persistent hotspot,5,2,2,1.0,1.0,0.0,152,132,172,189,185,142.0,187.0,45.0,Persistent
R056_C070,0,0,0,1,1,2,0.4,0.4,Repeated hotspot,2,0,2,0.0,1.0,1.0,29,27,32,43,36,28.0,39.5,11.5,Emerging
R056_C071,0,0,0,0,0,0,0.0,0.0,Never hotspot,0,0,0,0.0,0.0,0.0,6,10,7,18,12,8.0,15.0,7.0,Never hotspot
R056_C072,0,0,0,0,0,0,0.0,0.0,Never hotspot,0,0,0,0.0,0.0,0.0,10,6,3,10,6,8.0,8.0,0.0,Never hotspot
R056_C073,1,1,0,1,1,4,0.8,0.8,Persistent hotspot,2,2,2,1.0,1.0,0.0,33,37,24,54,53,35.0,53.5,18.5,Persistent
R056_C074,1,1,1,1,1,5,1.0,1.0,Persistent hotspot,5,2,2,1.0,1.0,0.0,60,51,55,81,76,55.5,78.5,23.0,Persistent
R056_C075,0,0,0,1,1,2,0.4,0.4,Repeated hotspot,2,0,2,0.0,1.0,1.0,28,26,30,44,34,27.0,39.0,12.0,Emerging
R056_C076,0,0,0,0,0,0,0.0,0.0,Never hotspot,0,0,0,0.0,0.0,0.0,4,4,7,9,9,4.0,9.0,5.0,Never hotspot
R056_C077,0,0,0,0,0,0,0.0,0.0,Never hotspot,0,0,0,0.0,0.0,0.0,9,8,11,7,4,8.5,5.5,-3.0,Never hotspot
R056_C078,0,0,0,0,0,0,0.0,0.0,Never hotspot,0,0,0,0.0,0.0,0.0,11,7,9,4,5,9.0,4.5,-4.5,Never hotspot
R056_C079,0,0,0,0,0,0,0.0,0.0,Never hotspot,0,0,0,0.0,0.0,0.0,5,3,4,4,4,4.0,4.0,0.0,Never hotspot
R056_C080,0,0,0,0,0,0,0.0,0.0,Never hotspot,0,0,0,0.0,0.0,0.0,6,6,5,7,2,6.0,4.5,-1.5,Never hotspot
R056_C081,0,0,0,0,0,0,0.0,0.0,Never hotspot,0,0,0,0.0,0.0,0.0,2,5,5,5,3,3.5,4.0,0.5,Never hotspot
R056_C082,0,0,0,0,0,0,0.0,0.0,Never hotspot,0,0,0,0.0,0.0,0.0,0,1,1,1,1,0.5,1.0,0.5,Never hotspot
R056_C083,0,0,0,0,0,0,0.0,0.0,Never hotspot,0,0,0,0.0,0.0,0.0,1,0,1,1,0,0.5,0.5,0.0,Never hotspot
R056_C084,0,0,0,0,0,0,0.0,0.0,Never hotspot,0,0,0,0.0,0.0,0.0,6,10,8,8,8,8.0,8.0,0.0,Never hotspot
R056_C085,0,0,0,0,0,0,0.0,0.0,Never hotspot,0,0,0,0.0,0.0,0.0,4,4,2,2,5,4.0,3.5,-0.5,Never hotspot
R056_C086,0,0,0,0,0,0,0.0,0.0,Never hotspot,0,0,0,0.0,0.0,0.0,4,2,3,4,6,3.0,5.0,2.0,Never hotspot
R056_C087,0,0,0,0,0,0,0.0,0.0,Never hotspot,0,0,0,0.0,0.0,0.0,6,1,2,4,4,3.5,4.0,0.5,Never hotspot
R056_C088,0,0,0,0,0,0,0.0,0.0,Never hotspot,0,0,0,0.0,0.0,0.0,5,3,3,4,3,4.0,3.5,-0.5,Never hotspot
R056_C089,0,0,0,0,0,0,0.0,0.0,Never hotspot,0,0,0,0.0,0.0,0.0,9,8,10,14,10,8.5,12.0,3.5,Never hotspot
R056_C090,0,0,0,0,0,0,0.0,0.0,Never hotspot,0,0,0,0.0,0.0,0.0,15,14,35,17,26,14.5,21.5,7.0,Never hotspot
R056_C091,0,0,0,0,0,0,0.0,0.0,Never hotspot,0,0,0,0.0,0.0,0.0,2,3,3,4,6,2.5,5.0,2.5,Never hotspot
R056_C092,0,0,0,0,0,0,0.0,0.0,Never hotspot,0,0,0,0.0,0.0,0.0,3,5,1,0,3,4.0,1.5,-2.5,Never hotspot
R056_C093,0,0,0,0,0,0,0.0,0.0,Never hotspot,0,0,0,0.0,0.0,0.0,3,0,0,2,0,1.5,1.0,-0.5,Never hotspot
R056_C094,0,0,0,0,0,0,0.0,0.0,Never hotspot,0,0,0,0.0,0.0,0.0,4,2,2,0,0,3.0,0.0,-3.0,Never hotspot
R056_C095,0,0,0,0,0,0,0.0,0.0,Never hotspot,0,0,0,0.0,0.0,0.0,8,8,7,7,8,8.0,7.5,-0.5,Never hotspot
R056_C096,0,0,0,0,0,0,0.0,0.0,Never hotspot,0,0,0,0.0,0.0,0.0,0,0,3,3,1,0.0,2.0,2.0,Never hotspot
R056_C097,0,0,0,0,0,0,0.0,0.0,Never hotspot,0,0,0,0.0,0.0,0.0,2,2,2,0,1,2.0,0.5,-1.5,Never hotspot
R056_C098,0,0,0,0,0,0,0.0,0.0,Never hotspot,0,0,0,0.0,0.0,0.0,1,0,0,1,0,0.5,0.5,0.0,Never hotspot
R056_C099,0,0,0,0,0,0,0.0,0.0,Never hotspot,0,0,0,0.0,0.0,0.0,4,4,2,2,2,4.0,2.0,-2.0,Never hotspot
R056_C100,0,0,0,0,0,0,0.0,0.0,Never hotspot,0,0,0,0.0,0.0,0.0,0,0,0,1,1,0.0,1.0,1.0,Never hotspot
R056_C101,0,0,0,0,0,0,0.0,0.0,Never hotspot,0,0,0,0.0,0.0,0.0,3,1,3,1,2,2.0,1.5,-0.5,Never hotspot
R056_C102,0,0,0,0,0,0,0.0,0.0,Never hotspot,0,0,0,0.0,0.0,0.0,3,4,8,3,4,3.5,3.5,0.0,Never hotspot
R056_C103,0,0,0,0,0,0,0.0,0.0,Never hotspot,0,0,0,0.0,0.0,0.0,8,0,3,3,3,4.0,3.0,-1.0,Never hotspot
R056_C105,0,0,0,0,0,0,0.0,0.0,Never hotspot,0,0,0,0.0,0.0,0.0,1,3,3,2,3,2.0,2.5,0.5,Never hotspot
R056_C106,0,0,0,0,0,0,0.0,0.0,Never hotspot,0,0,0,0.0,0.0,0.0,3,3,1,4,2,3.0,3.0,0.0,Never hotspot
R056_C107,0,0,0,0,0,0,0.0,0.0,Never hotspot,0,0,0,0.0,0.0,0.0,5,7,5,3,12,6.0,7.5,1.5,Never hotspot
R056_C108,0,0,0,0,0,0,0.0,0.0,Never hotspot,0,0,0,0.0,0.0,0.0,1,7,5,7,6,4.0,6.5,2.5,Never hotspot
R056_C109,0,0,0,0,0,0,0.0,0.0,Never hotspot,0,0,0,0.0,0.0,0.0,2,2,0,2,3,2.0,2.5,0.5,Never hotspot
R056_C110,0,0,0,0,0,0,0.0,0.0,Never hotspot,0,0,0,0.0,0.0,0.0,3,5,7,6,9,4.0,7.5,3.5,Never hotspot
R056_C111,0,0,0,0,0,0,0.0,0.0,Never hotspot,0,0,0,0.0,0.0,0.0,4,3,7,1,2,3.5,1.5,-2.0,Never hotspot
R056_C112,0,0,0,0,0,0,0.0,0.0,Never hotspot,0,0,0,0.0,0.0,0.0,1,0,0,2,2,0.5,2.0,1.5,Never hotspot
R056_C113,0,0,0,0,0,0,0.0,0.0,Never hotspot,0,0,0,0.0,0.0,0.0,9,3,3,6,1,6.0,3.5,-2.5,Never hotspot
R056_C114,0,0,0,0,0,0,0.0,0.0,Never hotspot,0,0,0,0.0,0.0,0.0,5,5,5,6,4,5.0,5.0,0.0,Never hotspot
R056_C115,0,0,0,0,0,0,0.0,0.0,Never hotspot,0,0,0,0.0,0.0,0.0,15,11,20,15,15,13.0,15.0,2.0,Never hotspot
R056_C116,0,0,0,0,0,0,0.0,0.0,Never hotspot,0,0,0,0.0,0.0,0.0,3,1,1,3,1,2.0,2.0,0.0,Never hotspot
R056_C117,1,1,1,1,1,5,1.0,1.0,Persistent hotspot,5,2,2,1.0,1.0,0.0,61,90,95,62,76,75.5,69.0,-6.5,Persistent
R056_C118,0,0,0,0,0,0,0.0,0.0,Never hotspot,0,0,0,0.0,0.0,0.0,2,6,3,6,3,4.0,4.5,0.5,Never hotspot
R057_C038,0,0,0,0,0,0,0.0,0.0,Never hotspot,0,0,0,0.0,0.0,0.0,0,1,0,1,0,0.5,0.5,0.0,Never hotspot
R057_C039,0,0,0,0,0,0,0.0,0.0,Never hotspot,0,0,0,0.0,0.0,0.0,0,1,1,2,0,0.5,1.0,0.5,Never hotspot
R057_C040,0,0,0,0,0,0,0.0,0.0,Never hotspot,0,0,0,0.0,0.0,0.0,1,0,2,1,0,0.5,0.5,0.0,Never hotspot
R057_C041,0,0,0,0,0,0,0.0,0.0,Never hotspot,0,0,0,0.0,0.0,0.0,0,1,1,0,2,0.5,1.0,0.5,Never hotspot
R057_C042,0,0,0,0,0,0,0.0,0.0,Never hotspot,0,0,0,0.0,0.0,0.0,0,0,0,1,0,0.0,0.5,0.5,Never hotspot
R057_C043,0,0,0,0,0,0,0.0,0.0,Never hotspot,0,0,0,0.0,0.0,0.0,1,1,1,0,0,1.0,0.0,-1.0,Never hotspot
R057_C044,0,0,0,0,0,0,0.0,0.0,Never hotspot,0,0,0,0.0,0.0,0.0,1,0,0,1,0,0.5,0.5,0.0,Never hotspot
R057_C045,0,0,0,0,0,0,0.0,0.0,Never hotspot,0,0,0,0.0,0.0,0.0,0,0,0,1,0,0.0,0.5,0.5,Never hotspot
R057_C046,0,0,0,0,0,0,0.0,0.0,Never hotspot,0,0,0,0.0,0.0,0.0,0,0,2,3,3,0.0,3.0,3.0,Never hotspot
R057_C049,0,0,0,0,0,0,0.0,0.0,Never hotspot,0,0,0,0.0,0.0,0.0,1,4,5,2,1,2.5,1.5,-1.0,Never hotspot
R057_C050,0,0,0,0,0,0,0.0,0.0,Never hotspot,0,0,0,0.0,0.0,0.0,2,2,9,8,2,2.0,5.0,3.0,Never hotspot
R057_C051,0,0,0,0,0,0,0.0,0.0,Never hotspot,0,0,0,0.0,0.0,0.0,3,7,2,2,4,5.0,3.0,-2.0,Never hotspot
R057_C052,0,0,0,0,0,0,0.0,0.0,Never hotspot,0,0,0,0.0,0.0,0.0,1,1,0,3,1,1.0,2.0,1.0,Never hotspot
R057_C053,0,0,0,0,0,0,0.0,0.0,Never hotspot,0,0,0,0.0,0.0,0.0,0,1,0,0,2,0.5,1.0,0.5,Never hotspot
R057_C054,0,0,0,0,0,0,0.0,0.0,Never hotspot,0,0,0,0.0,0.0,0.0,1,1,0,0,0,1.0,0.0,-1.0,Never hotspot
R057_C055,0,0,0,0,0,0,0.0,0.0,Never hotspot,0,0,0,0.0,0.0,0.0,0,0,1,0,0,0.0,0.0,0.0,Never hotspot
R057_C056,0,0,0,0,0,0,0.0,0.0,Never hotspot,0,0,0,0.0,0.0,0.0,2,4,3,2,2,3.0,2.0,-1.0,Never hotspot
R057_C058,0,0,0,0,0,0,0.0,0.0,Never hotspot,0,0,0,0.0,0.0,0.0,3,0,0,1,2,1.5,1.5,0.0,Never hotspot
R057_C059,0,0,0,0,0,0,0.0,0.0,Never hotspot,0,0,0,0.0,0.0,0.0,3,2,3,4,3,2.5,3.5,1.0,Never hotspot
R057_C060,0,0,0,0,0,0,0.0,0.0,Never hotspot,0,0,0,0.0,0.0,0.0,0,0,1,0,4,0.0,2.0,2.0,Never hotspot
R057_C061,0,0,0,0,0,0,0.0,0.0,Never hotspot,0,0,0,0.0,0.0,0.0,1,2,2,1,4,1.5,2.5,1.0,Never hotspot
R057_C062,0,0,0,0,0,0,0.0,0.0,Never hotspot,0,0,0,0.0,0.0,0.0,4,6,11,3,7,5.0,5.0,0.0,Never hotspot
R057_C063,0,0,0,0,0,0,0.0,0.0,Never hotspot,0,0,0,0.0,0.0,0.0,2,2,1,4,7,2.0,5.5,3.5,Never hotspot
R057_C064,0,1,1,1,1,4,0.8,0.8,Persistent hotspot,4,1,2,0.5,1.0,0.5,29,48,49,35,36,38.5,35.5,-3.0,Persistent
R057_C065,1,1,1,1,1,5,1.0,1.0,Persistent hotspot,5,2,2,1.0,1.0,0.0,201,247,228,241,183,224.0,212.0,-12.0,Persistent
R057_C066,1,1,1,1,1,5,1.0,1.0,Persistent hotspot,5,2,2,1.0,1.0,0.0,148,185,180,155,166,166.5,160.5,-6.0,Persistent
R057_C067,1,1,1,1,1,5,1.0,1.0,Persistent hotspot,5,2,2,1.0,1.0,0.0,105,135,157,107,107,120.0,107.0,-13.0,Persistent
R057_C068,1,1,1,1,0,4,0.8,0.8,Persistent hotspot,4,2,1,1.0,0.5,-0.5,39,39,39,45,32,39.0,38.5,-0.5,Persistent
R057_C069,1,1,1,1,1,5,1.0,1.0,Persistent hotspot,5,2,2,1.0,1.0,0.0,42,44,50,53,48,43.0,50.5,7.5,Persistent
R057_C070,0,0,0,0,0,0,0.0,0.0,Never hotspot,0,0,0,0.0,0.0,0.0,8,13,11,7,13,10.5,10.0,-0.5,Never hotspot
R057_C071,0,0,0,0,0,0,0.0,0.0,Never hotspot,0,0,0,0.0,0.0,0.0,14,20,15,15,12,17.0,13.5,-3.5,Never hotspot
R057_C072,0,0,0,0,0,0,0.0,0.0,Never hotspot,0,0,0,0.0,0.0,0.0,10,14,15,14,15,12.0,14.5,2.5,Never hotspot
R057_C073,0,0,0,0,0,0,0.0,0.0,Never hotspot,0,0,0,0.0,0.0,0.0,19,16,19,24,25,17.5,24.5,7.0,Never hotspot
R057_C074,0,0,0,0,0,0,0.0,0.0,Never hotspot,0,0,0,0.0,0.0,0.0,7,6,4,9,11,6.5,10.0,3.5,Never hotspot
R057_C075,0,0,0,0,0,0,0.0,0.0,Never hotspot,0,0,0,0.0,0.0,0.0,14,13,11,14,15,13.5,14.5,1.0,Never hotspot
R057_C076,0,0,0,0,0,0,0.0,0.0,Never hotspot,0,0,0,0.0,0.0,0.0,12,12,9,8,14,12.0,11.0,-1.0,Never hotspot
R057_C077,0,0,0,0,0,0,0.0,0.0,Never hotspot,0,0,0,0.0,0.0,0.0,14,13,8,21,17,13.5,19.0,5.5,Never hotspot
R057_C078,1,1,0,1,1,4,0.8,0.8,Persistent hotspot,2,2,2,1.0,1.0,0.0,38,40,31,55,42,39.0,48.5,9.5,Persistent
R057_C079,0,0,0,0,0,0,0.0,0.0,Never hotspot,0,0,0,0.0,0.0,0.0,17,20,21,14,24,18.5,19.0,0.5,Never hotspot
R057_C080,0,0,0,0,0,0,0.0,0.0,Never hotspot,0,0,0,0.0,0.0,0.0,7,2,5,4,2,4.5,3.0,-1.5,Never hotspot
R057_C081,0,0,0,0,0,0,0.0,0.0,Never hotspot,0,0,0,0.0,0.0,0.0,2,1,4,0,1,1.5,0.5,-1.0,Never hotspot
R057_C082,0,0,0,0,0,0,0.0,0.0,Never hotspot,0,0,0,0.0,0.0,0.0,1,1,2,1,0,1.0,0.5,-0.5,Never hotspot
R057_C083,0,0,0,0,0,0,0.0,0.0,Never hotspot,0,0,0,0.0,0.0,0.0,0,1,0,1,0,0.5,0.5,0.0,Never hotspot
R057_C084,0,0,0,0,0,0,0.0,0.0,Never hotspot,0,0,0,0.0,0.0,0.0,2,2,3,0,3,2.0,1.5,-0.5,Never hotspot
R057_C085,0,0,0,0,0,0,0.0,0.0,Never hotspot,0,0,0,0.0,0.0,0.0,1,0,1,0,0,0.5,0.0,-0.5,Never hotspot
R057_C086,0,0,0,0,0,0,0.0,0.0,Never hotspot,0,0,0,0.0,0.0,0.0,3,1,3,2,4,2.0,3.0,1.0,Never hotspot
R057_C087,0,0,0,0,0,0,0.0,0.0,Never hotspot,0,0,0,0.0,0.0,0.0,1,0,1,1,0,0.5,0.5,0.0,Never hotspot
R057_C088,0,0,0,0,0,0,0.0,0.0,Never hotspot,0,0,0,0.0,0.0,0.0,8,7,11,12,13,7.5,12.5,5.0,Never hotspot
R057_C089,0,0,0,0,0,0,0.0,0.0,Never hotspot,0,0,0,0.0,0.0,0.0,6,15,16,18,15,10.5,16.5,6.0,Never hotspot
R057_C090,1,1,1,1,1,5,1.0,1.0,Persistent hotspot,5,2,2,1.0,1.0,0.0,119,128,147,137,130,123.5,133.5,10.0,Persistent
R057_C091,1,0,0,1,0,2,0.4,0.4,Repeated hotspot,1,1,1,0.5,0.5,0.0,33,32,33,38,31,32.5,34.5,2.0,Intermittent
R057_C092,0,0,0,0,0,0,0.0,0.0,Never hotspot,0,0,0,0.0,0.0,0.0,9,5,10,9,11,7.0,10.0,3.0,Never hotspot
R057_C093,0,0,0,0,0,0,0.0,0.0,Never hotspot,0,0,0,0.0,0.0,0.0,2,2,3,1,2,2.0,1.5,-0.5,Never hotspot
R057_C094,0,0,0,0,0,0,0.0,0.0,Never hotspot,0,0,0,0.0,0.0,0.0,2,2,3,1,1,2.0,1.0,-1.0,Never hotspot
R057_C095,0,0,0,0,0,0,0.0,0.0,Never hotspot,0,0,0,0.0,0.0,0.0,24,26,16,23,23,25.0,23.0,-2.0,Never hotspot
R057_C096,0,0,0,0,0,0,0.0,0.0,Never hotspot,0,0,0,0.0,0.0,0.0,3,3,4,0,2,3.0,1.0,-2.0,Never hotspot
R057_C097,0,0,0,0,0,0,0.0,0.0,Never hotspot,0,0,0,0.0,0.0,0.0,3,2,1,0,5,2.5,2.5,0.0,Never hotspot
R057_C098,0,0,0,0,0,0,0.0,0.0,Never hotspot,0,0,0,0.0,0.0,0.0,0,0,0,1,0,0.0,0.5,0.5,Never hotspot
R057_C099,0,0,0,0,0,0,0.0,0.0,Never hotspot,0,0,0,0.0,0.0,0.0,1,0,4,2,3,0.5,2.5,2.0,Never hotspot
R057_C100,0,0,0,0,0,0,0.0,0.0,Never hotspot,0,0,0,0.0,0.0,0.0,2,1,1,0,3,1.5,1.5,0.0,Never hotspot
R057_C101,0,0,0,0,0,0,0.0,0.0,Never hotspot,0,0,0,0.0,0.0,0.0,5,5,1,3,5,5.0,4.0,-1.0,Never hotspot
R057_C102,0,0,0,0,0,0,0.0,0.0,Never hotspot,0,0,0,0.0,0.0,0.0,2,1,1,2,3,1.5,2.5,1.0,Never hotspot
R057_C103,0,0,0,0,0,0,0.0,0.0,Never hotspot,0,0,0,0.0,0.0,0.0,2,0,2,3,4,1.0,3.5,2.5,Never hotspot
R057_C104,0,0,0,0,0,0,0.0,0.0,Never hotspot,0,0,0,0.0,0.0,0.0,1,2,2,0,2,1.5,1.0,-0.5,Never hotspot
R057_C105,0,0,0,0,0,0,0.0,0.0,Never hotspot,0,0,0,0.0,0.0,0.0,2,5,4,2,6,3.5,4.0,0.5,Never hotspot
R057_C106,0,0,0,0,0,0,0.0,0.0,Never hotspot,0,0,0,0.0,0.0,0.0,3,3,3,2,2,3.0,2.0,-1.0,Never hotspot
R057_C107,0,0,0,0,0,0,0.0,0.0,Never hotspot,0,0,0,0.0,0.0,0.0,10,13,9,5,10,11.5,7.5,-4.0,Never hotspot
R057_C108,0,0,0,0,0,0,0.0,0.0,Never hotspot,0,0,0,0.0,0.0,0.0,10,5,10,5,6,7.5,5.5,-2.0,Never hotspot
R057_C109,0,0,0,0,0,0,0.0,0.0,Never hotspot,0,0,0,0.0,0.0,0.0,3,0,5,0,0,1.5,0.0,-1.5,Never hotspot
R057_C110,0,0,0,0,0,0,0.0,0.0,Never hotspot,0,0,0,0.0,0.0,0.0,4,0,8,3,4,2.0,3.5,1.5,Never hotspot
R057_C111,0,0,0,0,0,0,0.0,0.0,Never hotspot,0,0,0,0.0,0.0,0.0,6,5,4,9,5,5.5,7.0,1.5,Never hotspot
R057_C112,0,0,0,0,0,0,0.0,0.0,Never hotspot,0,0,0,0.0,0.0,0.0,2,3,3,0,4,2.5,2.0,-0.5,Never hotspot
R057_C113,0,0,0,0,0,0,0.0,0.0,Never hotspot,0,0,0,0.0,0.0,0.0,1,0,3,1,1,0.5,1.0,0.5,Never hotspot
R057_C114,0,0,0,0,0,0,0.0,0.0,Never hotspot,0,0,0,0.0,0.0,0.0,10,7,9,6,11,8.5,8.5,0.0,Never hotspot
R057_C115,0,0,0,0,0,0,0.0,0.0,Never hotspot,0,0,0,0.0,0.0,0.0,3,4,1,3,0,3.5,1.5,-2.0,Never hotspot
R057_C116,0,0,0,0,0,0,0.0,0.0,Never hotspot,0,0,0,0.0,0.0,0.0,0,3,2,3,2,1.5,2.5,1.0,Never hotspot
R057_C117,0,0,0,0,0,0,0.0,0.0,Never hotspot,0,0,0,0.0,0.0,0.0,14,18,15,4,20,16.0,12.0,-4.0,Never hotspot
R058_C038,0,0,0,0,0,0,0.0,0.0,Never hotspot,0,0,0,0.0,0.0,0.0,3,1,3,2,0,2.0,1.0,-1.0,Never hotspot
R058_C039,0,0,0,0,0,0,0.0,0.0,Never hotspot,0,0,0,0.0,0.0,0.0,0,2,1,1,0,1.0,0.5,-0.5,Never hotspot
R058_C040,0,0,0,0,0,0,0.0,0.0,Never hotspot,0,0,0,0.0,0.0,0.0,1,1,0,0,0,1.0,0.0,-1.0,Never hotspot
R058_C041,0,0,0,0,0,0,0.0,0.0,Never hotspot,0,0,0,0.0,0.0,0.0,4,2,3,3,3,3.0,3.0,0.0,Never hotspot
R058_C042,0,0,0,0,0,0,0.0,0.0,Never hotspot,0,0,0,0.0,0.0,0.0,3,3,3,0,2,3.0,1.0,-2.0,Never hotspot
R058_C043,0,0,0,0,0,0,0.0,0.0,Never hotspot,0,0,0,0.0,0.0,0.0,2,0,2,0,0,1.0,0.0,-1.0,Never hotspot
R058_C044,0,0,0,0,0,0,0.0,0.0,Never hotspot,0,0,0,0.0,0.0,0.0,1,0,1,0,1,0.5,0.5,0.0,Never hotspot
R058_C045,0,0,0,0,0,0,0.0,0.0,Never hotspot,0,0,0,0.0,0.0,0.0,1,1,4,1,2,1.0,1.5,0.5,Never hotspot
R058_C048,0,0,0,0,0,0,0.0,0.0,Never hotspot,0,0,0,0.0,0.0,0.0,1,1,0,0,1,1.0,0.5,-0.5,Never hotspot
R058_C049,0,0,0,0,0,0,0.0,0.0,Never hotspot,0,0,0,0.0,0.0,0.0,1,1,1,1,1,1.0,1.0,0.0,Never hotspot
R058_C050,0,0,0,0,0,0,0.0,0.0,Never hotspot,0,0,0,0.0,0.0,0.0,2,2,2,3,1,2.0,2.0,0.0,Never hotspot
R058_C051,0,0,0,0,0,0,0.0,0.0,Never hotspot,0,0,0,0.0,0.0,0.0,4,8,7,8,3,6.0,5.5,-0.5,Never hotspot
R058_C052,0,0,0,0,0,0,0.0,0.0,Never hotspot,0,0,0,0.0,0.0,0.0,0,1,1,1,2,0.5,1.5,1.0,Never hotspot
R058_C053,0,0,0,0,0,0,0.0,0.0,Never hotspot,0,0,0,0.0,0.0,0.0,1,0,3,1,1,0.5,1.0,0.5,Never hotspot
R058_C054,0,0,0,0,0,0,0.0,0.0,Never hotspot,0,0,0,0.0,0.0,0.0,0,1,1,1,1,0.5,1.0,0.5,Never hotspot
R058_C056,0,0,0,0,0,0,0.0,0.0,Never hotspot,0,0,0,0.0,0.0,0.0,2,7,3,3,0,4.5,1.5,-3.0,Never hotspot
R058_C057,0,0,0,0,0,0,0.0,0.0,Never hotspot,0,0,0,0.0,0.0,0.0,0,2,2,0,1,1.0,0.5,-0.5,Never hotspot
R058_C058,0,0,0,0,0,0,0.0,0.0,Never hotspot,0,0,0,0.0,0.0,0.0,1,3,1,2,2,2.0,2.0,0.0,Never hotspot
R058_C059,0,0,0,0,0,0,0.0,0.0,Never hotspot,0,0,0,0.0,0.0,0.0,6,3,2,5,3,4.5,4.0,-0.5,Never hotspot
R058_C060,0,0,0,0,0,0,0.0,0.0,Never hotspot,0,0,0,0.0,0.0,0.0,5,8,9,8,11,6.5,9.5,3.0,Never hotspot
R058_C061,0,0,0,0,0,0,0.0,0.0,Never hotspot,0,0,0,0.0,0.0,0.0,10,7,6,11,3,8.5,7.0,-1.5,Never hotspot
R058_C062,0,0,0,0,0,0,0.0,0.0,Never hotspot,0,0,0,0.0,0.0,0.0,1,0,2,2,3,0.5,2.5,2.0,Never hotspot
R058_C063,0,0,0,0,0,0,0.0,0.0,Never hotspot,0,0,0,0.0,0.0,0.0,8,4,0,4,1,6.0,2.5,-3.5,Never hotspot
R058_C064,0,0,0,0,0,0,0.0,0.0,Never hotspot,0,0,0,0.0,0.0,0.0,27,27,19,30,28,27.0,29.0,2.0,Never hotspot
R058_C065,1,1,1,1,1,5,1.0,1.0,Persistent hotspot,5,2,2,1.0,1.0,0.0,72,96,95,94,88,84.0,91.0,7.0,Persistent
R058_C066,1,1,1,1,1,5,1.0,1.0,Persistent hotspot,5,2,2,1.0,1.0,0.0,60,85,61,83,60,72.5,71.5,-1.0,Persistent
R058_C067,1,1,1,1,1,5,1.0,1.0,Persistent hotspot,5,2,2,1.0,1.0,0.0,75,81,79,66,63,78.0,64.5,-13.5,Persistent
R058_C068,0,0,0,0,0,0,0.0,0.0,Never hotspot,0,0,0,0.0,0.0,0.0,22,30,33,27,21,26.0,24.0,-2.0,Never hotspot
R058_C069,0,0,0,0,0,0,0.0,0.0,Never hotspot,0,0,0,0.0,0.0,0.0,3,7,6,7,14,5.0,10.5,5.5,Never hotspot
R058_C070,0,0,0,0,0,0,0.0,0.0,Never hotspot,0,0,0,0.0,0.0,0.0,5,4,5,6,14,4.5,10.0,5.5,Never hotspot
R058_C071,1,1,0,1,1,4,0.8,0.8,Persistent hotspot,2,2,2,1.0,1.0,0.0,38,50,31,35,67,44.0,51.0,7.0,Persistent
R058_C072,0,0,0,0,0,0,0.0,0.0,Never hotspot,0,0,0,0.0,0.0,0.0,14,15,14,22,18,14.5,20.0,5.5,Never hotspot
R058_C073,0,0,0,0,0,0,0.0,0.0,Never hotspot,0,0,0,0.0,0.0,0.0,4,4,0,3,4,4.0,3.5,-0.5,Never hotspot
R058_C074,0,0,0,0,0,0,0.0,0.0,Never hotspot,0,0,0,0.0,0.0,0.0,0,2,2,2,2,1.0,2.0,1.0,Never hotspot
R058_C075,0,0,0,0,0,0,0.0,0.0,Never hotspot,0,0,0,0.0,0.0,0.0,6,2,7,4,9,4.0,6.5,2.5,Never hotspot
R058_C076,0,0,0,0,0,0,0.0,0.0,Never hotspot,0,0,0,0.0,0.0,0.0,6,8,7,6,10,7.0,8.0,1.0,Never hotspot
R058_C077,1,1,0,1,0,3,0.6,0.6,Repeated hotspot,2,2,1,1.0,0.5,-0.5,35,35,23,35,31,35.0,33.0,-2.0,Intermittent
R058_C078,1,1,1,1,1,5,1.0,1.0,Persistent hotspot,5,2,2,1.0,1.0,0.0,189,192,200,225,202,190.5,213.5,23.0,Persistent
R058_C079,1,1,1,1,1,5,1.0,1.0,Persistent hotspot,5,2,2,1.0,1.0,0.0,77,92,70,89,80,84.5,84.5,0.0,Persistent
R058_C080,0,0,0,0,0,0,0.0,0.0,Never hotspot,0,0,0,0.0,0.0,0.0,3,4,4,4,1,3.5,2.5,-1.0,Never hotspot
R058_C081,0,0,0,0,0,0,0.0,0.0,Never hotspot,0,0,0,0.0,0.0,0.0,6,3,8,5,2,4.5,3.5,-1.0,Never hotspot
R058_C082,0,0,0,0,0,0,0.0,0.0,Never hotspot,0,0,0,0.0,0.0,0.0,1,1,2,3,1,1.0,2.0,1.0,Never hotspot
R058_C083,0,0,0,0,0,0,0.0,0.0,Never hotspot,0,0,0,0.0,0.0,0.0,2,3,1,2,2,2.5,2.0,-0.5,Never hotspot
R058_C084,0,0,0,0,0,0,0.0,0.0,Never hotspot,0,0,0,0.0,0.0,0.0,4,3,1,2,2,3.5,2.0,-1.5,Never hotspot
R058_C085,0,0,0,0,0,0,0.0,0.0,Never hotspot,0,0,0,0.0,0.0,0.0,2,3,4,2,0,2.5,1.0,-1.5,Never hotspot
R058_C086,0,0,0,0,0,0,0.0,0.0,Never hotspot,0,0,0,0.0,0.0,0.0,2,3,3,2,5,2.5,3.5,1.0,Never hotspot
R058_C087,0,0,0,0,0,0,0.0,0.0,Never hotspot,0,0,0,0.0,0.0,0.0,5,7,7,8,4,6.0,6.0,0.0,Never hotspot
R058_C088,0,0,0,0,0,0,0.0,0.0,Never hotspot,0,0,0,0.0,0.0,0.0,7,6,4,3,7,6.5,5.0,-1.5,Never hotspot
R058_C089,0,0,0,0,0,0,0.0,0.0,Never hotspot,0,0,0,0.0,0.0,0.0,2,1,2,3,2,1.5,2.5,1.0,Never hotspot
R058_C090,1,1,1,1,1,5,1.0,1.0,Persistent hotspot,5,2,2,1.0,1.0,0.0,86,74,97,79,72,80.0,75.5,-4.5,Persistent
R058_C091,0,0,0,1,0,1,0.2,0.2,Occasional hotspot,1,0,1,0.0,0.5,0.5,23,26,30,35,26,24.5,30.5,6.0,Emerging
R058_C092,0,0,0,0,0,0,0.0,0.0,Never hotspot,0,0,0,0.0,0.0,0.0,6,3,7,6,5,4.5,5.5,1.0,Never hotspot
R058_C093,0,0,0,0,0,0,0.0,0.0,Never hotspot,0,0,0,0.0,0.0,0.0,7,4,5,8,4,5.5,6.0,0.5,Never hotspot
R058_C094,0,0,0,0,0,0,0.0,0.0,Never hotspot,0,0,0,0.0,0.0,0.0,10,9,17,15,5,9.5,10.0,0.5,Never hotspot
R058_C095,0,0,0,0,0,0,0.0,0.0,Never hotspot,0,0,0,0.0,0.0,0.0,2,5,4,1,1,3.5,1.0,-2.5,Never hotspot
R058_C096,0,0,0,0,0,0,0.0,0.0,Never hotspot,0,0,0,0.0,0.0,0.0,1,3,1,1,2,2.0,1.5,-0.5,Never hotspot
R058_C097,0,0,0,0,0,0,0.0,0.0,Never hotspot,0,0,0,0.0,0.0,0.0,7,6,7,6,6,6.5,6.0,-0.5,Never hotspot
R058_C098,0,0,0,0,0,0,0.0,0.0,Never hotspot,0,0,0,0.0,0.0,0.0,5,3,1,3,1,4.0,2.0,-2.0,Never hotspot
R058_C099,0,0,0,0,0,0,0.0,0.0,Never hotspot,0,0,0,0.0,0.0,0.0,4,10,21,13,15,7.0,14.0,7.0,Never hotspot
R058_C100,0,0,0,0,0,0,0.0,0.0,Never hotspot,0,0,0,0.0,0.0,0.0,3,4,5,4,3,3.5,3.5,0.0,Never hotspot
R058_C101,0,0,0,0,0,0,0.0,0.0,Never hotspot,0,0,0,0.0,0.0,0.0,1,1,0,0,2,1.0,1.0,0.0,Never hotspot
R058_C102,0,0,0,0,0,0,0.0,0.0,Never hotspot,0,0,0,0.0,0.0,0.0,1,1,1,1,0,1.0,0.5,-0.5,Never hotspot
R058_C103,0,0,0,0,0,0,0.0,0.0,Never hotspot,0,0,0,0.0,0.0,0.0,1,3,2,1,2,2.0,1.5,-0.5,Never hotspot
R058_C104,0,0,0,0,0,0,0.0,0.0,Never hotspot,0,0,0,0.0,0.0,0.0,3,0,2,3,2,1.5,2.5,1.0,Never hotspot
R058_C105,0,0,0,0,0,0,0.0,0.0,Never hotspot,0,0,0,0.0,0.0,0.0,11,11,10,10,18,11.0,14.0,3.0,Never hotspot
R058_C106,0,0,0,0,0,0,0.0,0.0,Never hotspot,0,0,0,0.0,0.0,0.0,1,4,3,3,2,2.5,2.5,0.0,Never hotspot
R058_C107,0,0,0,0,0,0,0.0,0.0,Never hotspot,0,0,0,0.0,0.0,0.0,3,5,6,8,11,4.0,9.5,5.5,Never hotspot
R058_C108,0,0,0,0,0,0,0.0,0.0,Never hotspot,0,0,0,0.0,0.0,0.0,3,5,6,9,6,4.0,7.5,3.5,Never hotspot
R058_C109,0,0,0,0,0,0,0.0,0.0,Never hotspot,0,0,0,0.0,0.0,0.0,12,17,14,19,18,14.5,18.5,4.0,Never hotspot
R058_C110,0,0,0,0,0,0,0.0,0.0,Never hotspot,0,0,0,0.0,0.0,0.0,4,8,5,4,15,6.0,9.5,3.5,Never hotspot
R058_C111,0,0,0,0,0,0,0.0,0.0,Never hotspot,0,0,0,0.0,0.0,0.0,10,5,14,9,14,7.5,11.5,4.0,Never hotspot
R058_C112,0,0,0,0,0,0,0.0,0.0,Never hotspot,0,0,0,0.0,0.0,0.0,8,10,10,12,11,9.0,11.5,2.5,Never hotspot
R058_C113,0,0,0,0,0,0,0.0,0.0,Never hotspot,0,0,0,0.0,0.0,0.0,1,2,4,5,5,1.5,5.0,3.5,Never hotspot
R058_C114,0,0,0,0,0,0,0.0,0.0,Never hotspot,0,0,0,0.0,0.0,0.0,0,1,1,3,1,0.5,2.0,1.5,Never hotspot
R058_C115,0,0,0,0,0,0,0.0,0.0,Never hotspot,0,0,0,0.0,0.0,0.0,3,1,2,1,1,2.0,1.0,-1.0,Never hotspot
R058_C116,0,0,0,0,0,0,0.0,0.0,Never hotspot,0,0,0,0.0,0.0,0.0,5,4,6,5,6,4.5,5.5,1.0,Never hotspot
R058_C117,1,0,1,0,1,3,0.6,0.6,Repeated hotspot,1,1,1,0.5,0.5,0.0,33,33,36,33,34,33.0,33.5,0.5,Intermittent
R059_C038,0,0,0,0,0,0,0.0,0.0,Never hotspot,0,0,0,0.0,0.0,0.0,0,3,0,1,1,1.5,1.0,-0.5,Never hotspot
R059_C039,0,0,0,0,0,0,0.0,0.0,Never hotspot,0,0,0,0.0,0.0,0.0,0,1,0,0,0,0.5,0.0,-0.5,Never hotspot
R059_C041,0,0,0,0,0,0,0.0,0.0,Never hotspot,0,0,0,0.0,0.0,0.0,1,1,1,0,1,1.0,0.5,-0.5,Never hotspot
R059_C042,0,0,0,0,0,0,0.0,0.0,Never hotspot,0,0,0,0.0,0.0,0.0,1,0,2,1,0,0.5,0.5,0.0,Never hotspot
R059_C043,0,0,0,0,0,0,0.0,0.0,Never hotspot,0,0,0,0.0,0.0,0.0,2,1,0,0,2,1.5,1.0,-0.5,Never hotspot
R059_C047,0,0,0,0,0,0,0.0,0.0,Never hotspot,0,0,0,0.0,0.0,0.0,2,2,2,0,3,2.0,1.5,-0.5,Never hotspot
R059_C048,0,0,0,0,0,0,0.0,0.0,Never hotspot,0,0,0,0.0,0.0,0.0,0,1,2,3,2,0.5,2.5,2.0,Never hotspot
R059_C049,0,0,0,0,0,0,0.0,0.0,Never hotspot,0,0,0,0.0,0.0,0.0,3,6,7,3,6,4.5,4.5,0.0,Never hotspot
R059_C050,0,0,0,0,0,0,0.0,0.0,Never hotspot,0,0,0,0.0,0.0,0.0,1,0,6,2,4,0.5,3.0,2.5,Never hotspot
R059_C051,0,0,0,0,0,0,0.0,0.0,Never hotspot,0,0,0,0.0,0.0,0.0,4,12,14,21,14,8.0,17.5,9.5,Never hotspot
R059_C052,0,0,0,0,0,0,0.0,0.0,Never hotspot,0,0,0,0.0,0.0,0.0,2,2,3,0,1,2.0,0.5,-1.5,Never hotspot
R059_C054,0,0,0,0,0,0,0.0,0.0,Never hotspot,0,0,0,0.0,0.0,0.0,2,3,3,1,1,2.5,1.0,-1.5,Never hotspot
R059_C055,0,0,0,0,0,0,0.0,0.0,Never hotspot,0,0,0,0.0,0.0,0.0,7,3,5,1,4,5.0,2.5,-2.5,Never hotspot
R059_C056,0,0,0,0,0,0,0.0,0.0,Never hotspot,0,0,0,0.0,0.0,0.0,4,11,12,5,11,7.5,8.0,0.5,Never hotspot
R059_C057,0,0,0,0,0,0,0.0,0.0,Never hotspot,0,0,0,0.0,0.0,0.0,2,0,3,3,2,1.0,2.5,1.5,Never hotspot
R059_C058,0,0,0,0,0,0,0.0,0.0,Never hotspot,0,0,0,0.0,0.0,0.0,1,5,2,4,3,3.0,3.5,0.5,Never hotspot
R059_C059,0,0,0,0,0,0,0.0,0.0,Never hotspot,0,0,0,0.0,0.0,0.0,0,0,1,1,5,0.0,3.0,3.0,Never hotspot
R059_C060,0,1,0,0,0,1,0.2,0.2,Occasional hotspot,1,1,0,0.5,0.0,-0.5,28,41,24,22,21,34.5,21.5,-13.0,Declining
R059_C061,0,0,0,0,0,0,0.0,0.0,Never hotspot,0,0,0,0.0,0.0,0.0,17,15,32,24,25,16.0,24.5,8.5,Never hotspot
R059_C062,0,0,0,0,0,0,0.0,0.0,Never hotspot,0,0,0,0.0,0.0,0.0,8,6,6,9,5,7.0,7.0,0.0,Never hotspot
R059_C063,0,0,0,0,0,0,0.0,0.0,Never hotspot,0,0,0,0.0,0.0,0.0,2,3,7,2,6,2.5,4.0,1.5,Never hotspot
R059_C064,0,0,0,0,0,0,0.0,0.0,Never hotspot,0,0,0,0.0,0.0,0.0,4,2,3,7,5,3.0,6.0,3.0,Never hotspot
R059_C065,0,0,0,0,0,0,0.0,0.0,Never hotspot,0,0,0,0.0,0.0,0.0,3,8,5,18,16,5.5,17.0,11.5,Never hotspot
R059_C066,1,0,0,1,1,3,0.6,0.6,Repeated hotspot,2,1,2,0.5,1.0,0.5,32,32,22,36,55,32.0,45.5,13.5,Intermittent
R059_C067,0,0,0,0,0,0,0.0,0.0,Never hotspot,0,0,0,0.0,0.0,0.0,29,27,23,28,29,28.0,28.5,0.5,Never hotspot
R059_C068,0,0,0,0,0,0,0.0,0.0,Never hotspot,0,0,0,0.0,0.0,0.0,10,7,6,15,23,8.5,19.0,10.5,Never hotspot
R059_C069,0,0,0,0,0,0,0.0,0.0,Never hotspot,0,0,0,0.0,0.0,0.0,19,17,14,28,32,18.0,30.0,12.0,Never hotspot
R059_C070,0,0,0,0,0,0,0.0,0.0,Never hotspot,0,0,0,0.0,0.0,0.0,3,5,2,5,6,4.0,5.5,1.5,Never hotspot
R059_C071,0,0,0,0,0,0,0.0,0.0,Never hotspot,0,0,0,0.0,0.0,0.0,1,3,1,4,7,2.0,5.5,3.5,Never hotspot
R059_C072,0,0,0,0,0,0,0.0,0.0,Never hotspot,0,0,0,0.0,0.0,0.0,5,5,6,2,7,5.0,4.5,-0.5,Never hotspot
R059_C073,0,0,0,0,0,0,0.0,0.0,Never hotspot,0,0,0,0.0,0.0,0.0,4,2,1,3,6,3.0,4.5,1.5,Never hotspot
R059_C074,0,0,0,0,0,0,0.0,0.0,Never hotspot,0,0,0,0.0,0.0,0.0,1,0,1,1,0,0.5,0.5,0.0,Never hotspot
R059_C075,0,0,0,0,0,0,0.0,0.0,Never hotspot,0,0,0,0.0,0.0,0.0,4,4,5,5,4,4.0,4.5,0.5,Never hotspot
R059_C076,0,0,0,0,0,0,0.0,0.0,Never hotspot,0,0,0,0.0,0.0,0.0,6,2,6,2,7,4.0,4.5,0.5,Never hotspot
R059_C077,0,0,0,0,0,0,0.0,0.0,Never hotspot,0,0,0,0.0,0.0,0.0,17,14,10,17,13,15.5,15.0,-0.5,Never hotspot
R059_C078,1,1,1,1,1,5,1.0,1.0,Persistent hotspot,5,2,2,1.0,1.0,0.0,136,122,108,135,137,129.0,136.0,7.0,Persistent
R059_C079,1,1,1,1,1,5,1.0,1.0,Persistent hotspot,5,2,2,1.0,1.0,0.0,76,62,79,91,78,69.0,84.5,15.5,Persistent
R059_C080,0,0,0,0,0,0,0.0,0.0,Never hotspot,0,0,0,0.0,0.0,0.0,9,1,5,4,1,5.0,2.5,-2.5,Never hotspot
R059_C081,0,0,0,0,0,0,0.0,0.0,Never hotspot,0,0,0,0.0,0.0,0.0,5,1,5,1,6,3.0,3.5,0.5,Never hotspot
R059_C082,0,0,0,0,0,0,0.0,0.0,Never hotspot,0,0,0,0.0,0.0,0.0,0,1,1,2,1,0.5,1.5,1.0,Never hotspot
R059_C083,0,0,0,0,0,0,0.0,0.0,Never hotspot,0,0,0,0.0,0.0,0.0,2,5,0,2,3,3.5,2.5,-1.0,Never hotspot
R059_C084,0,0,0,0,0,0,0.0,0.0,Never hotspot,0,0,0,0.0,0.0,0.0,4,3,1,7,3,3.5,5.0,1.5,Never hotspot
R059_C085,0,0,0,0,0,0,0.0,0.0,Never hotspot,0,0,0,0.0,0.0,0.0,2,2,2,1,4,2.0,2.5,0.5,Never hotspot
R059_C086,0,0,0,0,0,0,0.0,0.0,Never hotspot,0,0,0,0.0,0.0,0.0,3,3,1,0,1,3.0,0.5,-2.5,Never hotspot
R059_C087,0,0,0,0,0,0,0.0,0.0,Never hotspot,0,0,0,0.0,0.0,0.0,13,26,24,26,28,19.5,27.0,7.5,Never hotspot
R059_C088,0,0,0,0,0,0,0.0,0.0,Never hotspot,0,0,0,0.0,0.0,0.0,2,5,5,4,7,3.5,5.5,2.0,Never hotspot
R059_C089,0,0,0,0,0,0,0.0,0.0,Never hotspot,0,0,0,0.0,0.0,0.0,7,8,9,6,9,7.5,7.5,0.0,Never hotspot
R059_C090,0,0,0,0,0,0,0.0,0.0,Never hotspot,0,0,0,0.0,0.0,0.0,4,9,7,8,9,6.5,8.5,2.0,Never hotspot
R059_C091,0,0,0,0,0,0,0.0,0.0,Never hotspot,0,0,0,0.0,0.0,0.0,10,12,15,11,11,11.0,11.0,0.0,Never hotspot
R059_C092,0,0,0,0,0,0,0.0,0.0,Never hotspot,0,0,0,0.0,0.0,0.0,3,2,3,2,1,2.5,1.5,-1.0,Never hotspot
R059_C093,0,0,0,0,0,0,0.0,0.0,Never hotspot,0,0,0,0.0,0.0,0.0,1,3,3,0,3,2.0,1.5,-0.5,Never hotspot
R059_C094,0,0,0,0,0,0,0.0,0.0,Never hotspot,0,0,0,0.0,0.0,0.0,0,3,2,4,4,1.5,4.0,2.5,Never hotspot
R059_C095,0,0,0,0,0,0,0.0,0.0,Never hotspot,0,0,0,0.0,0.0,0.0,9,14,8,8,14,11.5,11.0,-0.5,Never hotspot
R059_C096,1,1,0,0,1,3,0.6,0.6,Repeated hotspot,2,2,1,1.0,0.5,-0.5,37,49,29,29,42,43.0,35.5,-7.5,Intermittent
R059_C097,0,0,0,0,0,0,0.0,0.0,Never hotspot,0,0,0,0.0,0.0,0.0,1,3,2,3,2,2.0,2.5,0.5,Never hotspot
R059_C098,0,0,0,0,0,0,0.0,0.0,Never hotspot,0,0,0,0.0,0.0,0.0,0,3,0,0,0,1.5,0.0,-1.5,Never hotspot
R059_C099,0,0,0,0,0,0,0.0,0.0,Never hotspot,0,0,0,0.0,0.0,0.0,2,3,6,10,7,2.5,8.5,6.0,Never hotspot
R059_C100,0,0,0,0,0,0,0.0,0.0,Never hotspot,0,0,0,0.0,0.0,0.0,5,1,2,6,3,3.0,4.5,1.5,Never hotspot
R059_C101,0,0,0,0,0,0,0.0,0.0,Never hotspot,0,0,0,0.0,0.0,0.0,5,0,0,4,3,2.5,3.5,1.0,Never hotspot
R059_C102,0,0,0,0,0,0,0.0,0.0,Never hotspot,0,0,0,0.0,0.0,0.0,2,0,1,2,3,1.0,2.5,1.5,Never hotspot
R059_C103,0,0,0,0,0,0,0.0,0.0,Never hotspot,0,0,0,0.0,0.0,0.0,12,14,17,11,11,13.0,11.0,-2.0,Never hotspot
R059_C104,0,0,0,0,0,0,0.0,0.0,Never hotspot,0,0,0,0.0,0.0,0.0,1,4,5,6,4,2.5,5.0,2.5,Never hotspot
R059_C105,0,0,0,0,0,0,0.0,0.0,Never hotspot,0,0,0,0.0,0.0,0.0,2,3,0,1,1,2.5,1.0,-1.5,Never hotspot
R059_C106,0,0,0,0,0,0,0.0,0.0,Never hotspot,0,0,0,0.0,0.0,0.0,4,1,1,2,7,2.5,4.5,2.0,Never hotspot
R059_C107,0,0,0,0,0,0,0.0,0.0,Never hotspot,0,0,0,0.0,0.0,0.0,4,1,3,0,1,2.5,0.5,-2.0,Never hotspot
R059_C108,0,0,0,0,0,0,0.0,0.0,Never hotspot,0,0,0,0.0,0.0,0.0,2,5,9,3,5,3.5,4.0,0.5,Never hotspot
R059_C109,0,0,0,0,0,0,0.0,0.0,Never hotspot,0,0,0,0.0,0.0,0.0,6,4,7,6,5,5.0,5.5,0.5,Never hotspot
R059_C110,1,1,1,1,1,5,1.0,1.0,Persistent hotspot,5,2,2,1.0,1.0,0.0,39,44,67,48,68,41.5,58.0,16.5,Persistent
R059_C111,1,1,1,1,1,5,1.0,1.0,Persistent hotspot,5,2,2,1.0,1.0,0.0,149,165,167,140,189,157.0,164.5,7.5,Persistent
R059_C112,0,0,0,0,0,0,0.0,0.0,Never hotspot,0,0,0,0.0,0.0,0.0,25,25,24,18,29,25.0,23.5,-1.5,Never hotspot
R059_C113,0,0,0,0,0,0,0.0,0.0,Never hotspot,0,0,0,0.0,0.0,0.0,4,12,13,5,10,8.0,7.5,-0.5,Never hotspot
R059_C114,0,0,0,0,0,0,0.0,0.0,Never hotspot,0,0,0,0.0,0.0,0.0,7,8,9,8,6,7.5,7.0,-0.5,Never hotspot
R059_C115,0,0,0,0,0,0,0.0,0.0,Never hotspot,0,0,0,0.0,0.0,0.0,9,7,6,9,6,8.0,7.5,-0.5,Never hotspot
R059_C116,0,0,0,0,0,0,0.0,0.0,Never hotspot,0,0,0,0.0,0.0,0.0,5,3,3,5,6,4.0,5.5,1.5,Never hotspot
R059_C117,1,1,1,1,1,5,1.0,1.0,Persistent hotspot,5,2,2,1.0,1.0,0.0,85,79,89,76,85,82.0,80.5,-1.5,Persistent
R060_C039,0,0,0,0,0,0,0.0,0.0,Never hotspot,0,0,0,0.0,0.0,0.0,1,4,0,1,0,2.5,0.5,-2.0,Never hotspot
R060_C041,0,0,0,0,0,0,0.0,0.0,Never hotspot,0,0,0,0.0,0.0,0.0,2,0,1,1,0,1.0,0.5,-0.5,Never hotspot
R060_C044,0,0,0,0,0,0,0.0,0.0,Never hotspot,0,0,0,0.0,0.0,0.0,2,2,0,1,0,2.0,0.5,-1.5,Never hotspot
R060_C045,0,0,0,0,0,0,0.0,0.0,Never hotspot,0,0,0,0.0,0.0,0.0,0,1,2,1,0,0.5,0.5,0.0,Never hotspot
R060_C046,0,0,0,0,0,0,0.0,0.0,Never hotspot,0,0,0,0.0,0.0,0.0,0,0,1,0,0,0.0,0.0,0.0,Never hotspot
R060_C047,0,0,0,0,0,0,0.0,0.0,Never hotspot,0,0,0,0.0,0.0,0.0,1,1,1,0,3,1.0,1.5,0.5,Never hotspot
R060_C049,0,0,0,0,0,0,0.0,0.0,Never hotspot,0,0,0,0.0,0.0,0.0,1,0,1,2,2,0.5,2.0,1.5,Never hotspot
R060_C050,0,0,0,0,0,0,0.0,0.0,Never hotspot,0,0,0,0.0,0.0,0.0,0,1,0,1,1,0.5,1.0,0.5,Never hotspot
R060_C051,0,0,0,0,0,0,0.0,0.0,Never hotspot,0,0,0,0.0,0.0,0.0,1,4,5,2,3,2.5,2.5,0.0,Never hotspot
R060_C052,0,0,0,0,0,0,0.0,0.0,Never hotspot,0,0,0,0.0,0.0,0.0,7,2,3,1,7,4.5,4.0,-0.5,Never hotspot
R060_C053,0,0,0,0,0,0,0.0,0.0,Never hotspot,0,0,0,0.0,0.0,0.0,2,2,0,4,0,2.0,2.0,0.0,Never hotspot
R060_C054,0,0,0,0,0,0,0.0,0.0,Never hotspot,0,0,0,0.0,0.0,0.0,1,3,0,3,2,2.0,2.5,0.5,Never hotspot
R060_C055,0,0,0,0,0,0,0.0,0.0,Never hotspot,0,0,0,0.0,0.0,0.0,3,7,7,5,5,5.0,5.0,0.0,Never hotspot
R060_C056,1,1,1,0,1,4,0.8,0.8,Persistent hotspot,3,2,1,1.0,0.5,-0.5,46,36,36,28,47,41.0,37.5,-3.5,Persistent
R060_C057,1,1,0,0,0,2,0.4,0.4,Repeated hotspot,2,2,0,1.0,0.0,-1.0,34,38,33,29,23,36.0,26.0,-10.0,Declining
R060_C058,0,0,0,0,0,0,0.0,0.0,Never hotspot,0,0,0,0.0,0.0,0.0,0,0,1,4,4,0.0,4.0,4.0,Never hotspot
R060_C059,0,0,0,0,0,0,0.0,0.0,Never hotspot,0,0,0,0.0,0.0,0.0,13,10,15,15,6,11.5,10.5,-1.0,Never hotspot
R060_C060,1,1,1,1,1,5,1.0,1.0,Persistent hotspot,5,2,2,1.0,1.0,0.0,40,56,59,41,38,48.0,39.5,-8.5,Persistent
R060_C061,0,0,0,0,0,0,0.0,0.0,Never hotspot,0,0,0,0.0,0.0,0.0,13,14,19,13,12,13.5,12.5,-1.0,Never hotspot
R060_C062,0,0,0,0,0,0,0.0,0.0,Never hotspot,0,0,0,0.0,0.0,0.0,5,7,8,2,5,6.0,3.5,-2.5,Never hotspot
R060_C063,0,0,0,0,0,0,0.0,0.0,Never hotspot,0,0,0,0.0,0.0,0.0,2,2,1,2,3,2.0,2.5,0.5,Never hotspot
R060_C064,0,0,0,0,0,0,0.0,0.0,Never hotspot,0,0,0,0.0,0.0,0.0,4,2,1,4,1,3.0,2.5,-0.5,Never hotspot
R060_C065,0,0,0,0,0,0,0.0,0.0,Never hotspot,0,0,0,0.0,0.0,0.0,13,11,9,15,22,12.0,18.5,6.5,Never hotspot
R060_C066,0,0,0,0,1,1,0.2,0.2,Occasional hotspot,1,0,1,0.0,0.5,0.5,29,22,16,22,35,25.5,28.5,3.0,Emerging
R060_C067,0,0,0,0,0,0,0.0,0.0,Never hotspot,0,0,0,0.0,0.0,0.0,12,13,12,11,23,12.5,17.0,4.5,Never hotspot
R060_C068,0,0,0,0,0,0,0.0,0.0,Never hotspot,0,0,0,0.0,0.0,0.0,5,4,2,0,5,4.5,2.5,-2.0,Never hotspot
R060_C069,0,0,0,0,0,0,0.0,0.0,Never hotspot,0,0,0,0.0,0.0,0.0,10,5,5,11,12,7.5,11.5,4.0,Never hotspot
R060_C070,0,0,0,0,0,0,0.0,0.0,Never hotspot,0,0,0,0.0,0.0,0.0,9,6,3,11,9,7.5,10.0,2.5,Never hotspot
R060_C071,0,0,0,0,0,0,0.0,0.0,Never hotspot,0,0,0,0.0,0.0,0.0,0,2,0,0,0,1.0,0.0,-1.0,Never hotspot
R060_C072,0,0,0,0,0,0,0.0,0.0,Never hotspot,0,0,0,0.0,0.0,0.0,5,2,2,4,5,3.5,4.5,1.0,Never hotspot
R060_C073,0,0,0,0,0,0,0.0,0.0,Never hotspot,0,0,0,0.0,0.0,0.0,8,12,11,12,7,10.0,9.5,-0.5,Never hotspot
R060_C074,0,0,0,0,0,0,0.0,0.0,Never hotspot,0,0,0,0.0,0.0,0.0,4,4,4,4,3,4.0,3.5,-0.5,Never hotspot
R060_C075,0,0,0,0,0,0,0.0,0.0,Never hotspot,0,0,0,0.0,0.0,0.0,17,17,18,19,28,17.0,23.5,6.5,Never hotspot
R060_C076,0,0,0,0,0,0,0.0,0.0,Never hotspot,0,0,0,0.0,0.0,0.0,21,8,11,12,12,14.5,12.0,-2.5,Never hotspot
R060_C077,0,0,0,0,0,0,0.0,0.0,Never hotspot,0,0,0,0.0,0.0,0.0,6,7,4,5,9,6.5,7.0,0.5,Never hotspot
R060_C078,0,0,0,0,0,0,0.0,0.0,Never hotspot,0,0,0,0.0,0.0,0.0,13,14,9,9,17,13.5,13.0,-0.5,Never hotspot
R060_C079,0,0,0,0,0,0,0.0,0.0,Never hotspot,0,0,0,0.0,0.0,0.0,17,21,15,15,22,19.0,18.5,-0.5,Never hotspot
R060_C080,0,0,0,0,0,0,0.0,0.0,Never hotspot,0,0,0,0.0,0.0,0.0,2,3,2,1,5,2.5,3.0,0.5,Never hotspot
R060_C081,0,0,0,0,0,0,0.0,0.0,Never hotspot,0,0,0,0.0,0.0,0.0,1,0,3,2,1,0.5,1.5,1.0,Never hotspot
R060_C082,0,0,0,0,0,0,0.0,0.0,Never hotspot,0,0,0,0.0,0.0,0.0,0,0,3,1,1,0.0,1.0,1.0,Never hotspot
R060_C083,0,0,0,0,0,0,0.0,0.0,Never hotspot,0,0,0,0.0,0.0,0.0,0,2,1,1,2,1.0,1.5,0.5,Never hotspot
R060_C084,0,0,0,0,0,0,0.0,0.0,Never hotspot,0,0,0,0.0,0.0,0.0,2,5,1,1,2,3.5,1.5,-2.0,Never hotspot
R060_C085,0,0,0,0,0,0,0.0,0.0,Never hotspot,0,0,0,0.0,0.0,0.0,4,0,1,2,1,2.0,1.5,-0.5,Never hotspot
R060_C086,0,0,0,0,0,0,0.0,0.0,Never hotspot,0,0,0,0.0,0.0,0.0,3,3,0,0,3,3.0,1.5,-1.5,Never hotspot
R060_C087,0,0,0,0,0,0,0.0,0.0,Never hotspot,0,0,0,0.0,0.0,0.0,2,1,1,5,1,1.5,3.0,1.5,Never hotspot
R060_C088,0,0,0,0,0,0,0.0,0.0,Never hotspot,0,0,0,0.0,0.0,0.0,2,3,2,1,2,2.5,1.5,-1.0,Never hotspot
R060_C089,0,0,0,0,0,0,0.0,0.0,Never hotspot,0,0,0,0.0,0.0,0.0,9,11,8,19,19,10.0,19.0,9.0,Never hotspot
R060_C090,0,0,0,0,0,0,0.0,0.0,Never hotspot,0,0,0,0.0,0.0,0.0,4,6,7,1,9,5.0,5.0,0.0,Never hotspot
R060_C091,0,0,0,0,0,0,0.0,0.0,Never hotspot,0,0,0,0.0,0.0,0.0,0,1,2,3,3,0.5,3.0,2.5,Never hotspot
R060_C092,0,0,0,0,0,0,0.0,0.0,Never hotspot,0,0,0,0.0,0.0,0.0,9,3,5,7,2,6.0,4.5,-1.5,Never hotspot
R060_C093,0,0,0,0,0,0,0.0,0.0,Never hotspot,0,0,0,0.0,0.0,0.0,2,4,2,4,5,3.0,4.5,1.5,Never hotspot
R060_C094,0,0,0,0,0,0,0.0,0.0,Never hotspot,0,0,0,0.0,0.0,0.0,0,1,0,1,1,0.5,1.0,0.5,Never hotspot
R060_C095,0,0,0,0,0,0,0.0,0.0,Never hotspot,0,0,0,0.0,0.0,0.0,8,2,3,9,6,5.0,7.5,2.5,Never hotspot
R060_C096,0,0,0,0,0,0,0.0,0.0,Never hotspot,0,0,0,0.0,0.0,0.0,12,7,15,21,20,9.5,20.5,11.0,Never hotspot
R060_C097,0,0,0,0,0,0,0.0,0.0,Never hotspot,0,0,0,0.0,0.0,0.0,4,4,6,6,8,4.0,7.0,3.0,Never hotspot
R060_C098,0,0,0,0,0,0,0.0,0.0,Never hotspot,0,0,0,0.0,0.0,0.0,1,3,1,2,2,2.0,2.0,0.0,Never hotspot
R060_C099,0,0,0,0,0,0,0.0,0.0,Never hotspot,0,0,0,0.0,0.0,0.0,11,6,10,8,5,8.5,6.5,-2.0,Never hotspot
R060_C100,0,0,0,0,0,0,0.0,0.0,Never hotspot,0,0,0,0.0,0.0,0.0,0,0,1,1,1,0.0,1.0,1.0,Never hotspot
R060_C101,0,0,0,0,0,0,0.0,0.0,Never hotspot,0,0,0,0.0,0.0,0.0,1,0,4,5,3,0.5,4.0,3.5,Never hotspot
R060_C102,0,0,0,0,0,0,0.0,0.0,Never hotspot,0,0,0,0.0,0.0,0.0,0,4,1,0,1,2.0,0.5,-1.5,Never hotspot
R060_C103,0,0,0,0,0,0,0.0,0.0,Never hotspot,0,0,0,0.0,0.0,0.0,4,4,3,3,2,4.0,2.5,-1.5,Never hotspot
R060_C104,0,0,0,0,0,0,0.0,0.0,Never hotspot,0,0,0,0.0,0.0,0.0,4,4,4,2,2,4.0,2.0,-2.0,Never hotspot
R060_C105,0,0,0,0,0,0,0.0,0.0,Never hotspot,0,0,0,0.0,0.0,0.0,4,6,3,5,3,5.0,4.0,-1.0,Never hotspot
R060_C106,0,0,0,0,0,0,0.0,0.0,Never hotspot,0,0,0,0.0,0.0,0.0,19,23,17,13,26,21.0,19.5,-1.5,Never hotspot
R060_C107,0,0,0,0,0,0,0.0,0.0,Never hotspot,0,0,0,0.0,0.0,0.0,6,10,4,3,8,8.0,5.5,-2.5,Never hotspot
R060_C108,0,0,0,0,0,0,0.0,0.0,Never hotspot,0,0,0,0.0,0.0,0.0,6,5,13,17,14,5.5,15.5,10.0,Never hotspot
R060_C109,0,0,0,0,0,0,0.0,0.0,Never hotspot,0,0,0,0.0,0.0,0.0,9,5,7,6,5,7.0,5.5,-1.5,Never hotspot
R060_C110,0,0,1,0,0,1,0.2,0.2,Occasional hotspot,1,0,0,0.0,0.0,0.0,23,30,43,29,32,26.5,30.5,4.0,Intermittent
R060_C111,1,1,1,1,1,5,1.0,1.0,Persistent hotspot,5,2,2,1.0,1.0,0.0,74,88,93,67,91,81.0,79.0,-2.0,Persistent
R060_C112,0,0,0,0,0,0,0.0,0.0,Never hotspot,0,0,0,0.0,0.0,0.0,26,23,34,23,28,24.5,25.5,1.0,Never hotspot
R060_C113,0,0,0,0,0,0,0.0,0.0,Never hotspot,0,0,0,0.0,0.0,0.0,6,6,3,8,8,6.0,8.0,2.0,Never hotspot
R060_C114,0,0,0,0,0,0,0.0,0.0,Never hotspot,0,0,0,0.0,0.0,0.0,4,4,5,2,5,4.0,3.5,-0.5,Never hotspot
R060_C115,0,0,0,0,0,0,0.0,0.0,Never hotspot,0,0,0,0.0,0.0,0.0,18,14,8,4,13,16.0,8.5,-7.5,Never hotspot
R060_C116,0,0,0,0,0,0,0.0,0.0,Never hotspot,0,0,0,0.0,0.0,0.0,5,2,2,1,4,3.5,2.5,-1.0,Never hotspot
R060_C117,0,0,0,0,0,0,0.0,0.0,Never hotspot,0,0,0,0.0,0.0,0.0,6,12,14,9,20,9.0,14.5,5.5,Never hotspot
R061_C039,0,0,0,0,0,0,0.0,0.0,Never hotspot,0,0,0,0.0,0.0,0.0,2,4,7,3,3,3.0,3.0,0.0,Never hotspot
R061_C040,0,0,0,0,0,0,0.0,0.0,Never hotspot,0,0,0,0.0,0.0,0.0,1,1,2,0,1,1.0,0.5,-0.5,Never hotspot
R061_C041,0,0,0,0,0,0,0.0,0.0,Never hotspot,0,0,0,0.0,0.0,0.0,3,2,5,2,0,2.5,1.0,-1.5,Never hotspot
R061_C042,0,0,0,0,0,0,0.0,0.0,Never hotspot,0,0,0,0.0,0.0,0.0,1,0,2,4,0,0.5,2.0,1.5,Never hotspot
R061_C043,0,0,0,0,0,0,0.0,0.0,Never hotspot,0,0,0,0.0,0.0,0.0,0,1,3,0,0,0.5,0.0,-0.5,Never hotspot
R061_C048,0,0,0,0,0,0,0.0,0.0,Never hotspot,0,0,0,0.0,0.0,0.0,0,1,0,0,0,0.5,0.0,-0.5,Never hotspot
R061_C049,0,0,0,0,0,0,0.0,0.0,Never hotspot,0,0,0,0.0,0.0,0.0,0,2,1,1,1,1.0,1.0,0.0,Never hotspot
R061_C050,0,0,0,0,0,0,0.0,0.0,Never hotspot,0,0,0,0.0,0.0,0.0,1,1,2,2,5,1.0,3.5,2.5,Never hotspot
R061_C051,0,0,0,0,0,0,0.0,0.0,Never hotspot,0,0,0,0.0,0.0,0.0,0,4,1,3,1,2.0,2.0,0.0,Never hotspot
R061_C052,0,0,0,0,0,0,0.0,0.0,Never hotspot,0,0,0,0.0,0.0,0.0,4,5,4,5,10,4.5,7.5,3.0,Never hotspot
R061_C053,0,0,0,0,0,0,0.0,0.0,Never hotspot,0,0,0,0.0,0.0,0.0,0,0,1,0,4,0.0,2.0,2.0,Never hotspot
R061_C054,0,0,0,0,0,0,0.0,0.0,Never hotspot,0,0,0,0.0,0.0,0.0,2,1,1,1,2,1.5,1.5,0.0,Never hotspot
R061_C055,0,0,0,0,0,0,0.0,0.0,Never hotspot,0,0,0,0.0,0.0,0.0,1,7,1,4,3,4.0,3.5,-0.5,Never hotspot
R061_C056,0,0,0,0,0,0,0.0,0.0,Never hotspot,0,0,0,0.0,0.0,0.0,3,2,6,3,6,2.5,4.5,2.0,Never hotspot
R061_C057,0,0,0,0,0,0,0.0,0.0,Never hotspot,0,0,0,0.0,0.0,0.0,15,16,14,11,15,15.5,13.0,-2.5,Never hotspot
R061_C058,0,0,0,0,0,0,0.0,0.0,Never hotspot,0,0,0,0.0,0.0,0.0,2,3,2,2,3,2.5,2.5,0.0,Never hotspot
R061_C059,0,0,0,0,0,0,0.0,0.0,Never hotspot,0,0,0,0.0,0.0,0.0,4,2,7,2,4,3.0,3.0,0.0,Never hotspot
R061_C060,0,0,0,0,0,0,0.0,0.0,Never hotspot,0,0,0,0.0,0.0,0.0,1,2,3,2,0,1.5,1.0,-0.5,Never hotspot
R061_C061,0,0,0,0,0,0,0.0,0.0,Never hotspot,0,0,0,0.0,0.0,0.0,10,10,10,5,8,10.0,6.5,-3.5,Never hotspot
R061_C062,0,0,0,0,0,0,0.0,0.0,Never hotspot,0,0,0,0.0,0.0,0.0,4,4,9,1,4,4.0,2.5,-1.5,Never hotspot
R061_C063,0,0,0,0,0,0,0.0,0.0,Never hotspot,0,0,0,0.0,0.0,0.0,0,0,0,1,1,0.0,1.0,1.0,Never hotspot
R061_C064,0,0,0,0,0,0,0.0,0.0,Never hotspot,0,0,0,0.0,0.0,0.0,0,1,0,0,0,0.5,0.0,-0.5,Never hotspot
R061_C065,0,0,0,0,0,0,0.0,0.0,Never hotspot,0,0,0,0.0,0.0,0.0,4,3,4,6,11,3.5,8.5,5.0,Never hotspot
R061_C066,0,0,0,0,0,0,0.0,0.0,Never hotspot,0,0,0,0.0,0.0,0.0,1,5,0,4,6,3.0,5.0,2.0,Never hotspot
R061_C067,0,0,0,0,0,0,0.0,0.0,Never hotspot,0,0,0,0.0,0.0,0.0,16,9,9,9,17,12.5,13.0,0.5,Never hotspot
R061_C068,0,0,0,0,0,0,0.0,0.0,Never hotspot,0,0,0,0.0,0.0,0.0,3,5,5,4,11,4.0,7.5,3.5,Never hotspot
R061_C069,0,0,0,0,0,0,0.0,0.0,Never hotspot,0,0,0,0.0,0.0,0.0,0,3,1,1,7,1.5,4.0,2.5,Never hotspot
R061_C070,0,0,0,0,0,0,0.0,0.0,Never hotspot,0,0,0,0.0,0.0,0.0,5,1,0,6,5,3.0,5.5,2.5,Never hotspot
R061_C071,0,0,0,0,0,0,0.0,0.0,Never hotspot,0,0,0,0.0,0.0,0.0,4,9,12,10,11,6.5,10.5,4.0,Never hotspot
R061_C072,0,0,0,0,0,0,0.0,0.0,Never hotspot,0,0,0,0.0,0.0,0.0,23,23,33,24,27,23.0,25.5,2.5,Never hotspot
R061_C073,0,0,0,0,0,0,0.0,0.0,Never hotspot,0,0,0,0.0,0.0,0.0,16,20,29,21,22,18.0,21.5,3.5,Never hotspot
R061_C074,0,0,0,0,0,0,0.0,0.0,Never hotspot,0,0,0,0.0,0.0,0.0,19,19,8,22,19,19.0,20.5,1.5,Never hotspot
R061_C075,0,0,0,0,0,0,0.0,0.0,Never hotspot,0,0,0,0.0,0.0,0.0,10,11,7,7,12,10.5,9.5,-1.0,Never hotspot
R061_C076,0,0,0,0,0,0,0.0,0.0,Never hotspot,0,0,0,0.0,0.0,0.0,21,20,14,7,15,20.5,11.0,-9.5,Never hotspot
R061_C077,1,1,1,0,1,4,0.8,0.8,Persistent hotspot,3,2,1,1.0,0.5,-0.5,32,48,36,33,47,40.0,40.0,0.0,Persistent
R061_C078,0,0,0,0,0,0,0.0,0.0,Never hotspot,0,0,0,0.0,0.0,0.0,10,15,14,14,12,12.5,13.0,0.5,Never hotspot
R061_C079,0,0,0,0,0,0,0.0,0.0,Never hotspot,0,0,0,0.0,0.0,0.0,9,6,7,10,9,7.5,9.5,2.0,Never hotspot
R061_C080,0,0,0,0,0,0,0.0,0.0,Never hotspot,0,0,0,0.0,0.0,0.0,0,2,8,5,6,1.0,5.5,4.5,Never hotspot
R061_C081,0,0,0,0,0,0,0.0,0.0,Never hotspot,0,0,0,0.0,0.0,0.0,13,13,12,10,10,13.0,10.0,-3.0,Never hotspot
R061_C082,0,0,0,0,0,0,0.0,0.0,Never hotspot,0,0,0,0.0,0.0,0.0,12,16,13,8,12,14.0,10.0,-4.0,Never hotspot
R061_C083,0,0,0,0,0,0,0.0,0.0,Never hotspot,0,0,0,0.0,0.0,0.0,3,0,1,2,2,1.5,2.0,0.5,Never hotspot
R061_C084,0,0,0,0,0,0,0.0,0.0,Never hotspot,0,0,0,0.0,0.0,0.0,0,2,1,1,0,1.0,0.5,-0.5,Never hotspot
R061_C085,0,0,0,0,0,0,0.0,0.0,Never hotspot,0,0,0,0.0,0.0,0.0,1,2,10,4,3,1.5,3.5,2.0,Never hotspot
R061_C086,0,0,0,0,0,0,0.0,0.0,Never hotspot,0,0,0,0.0,0.0,0.0,1,1,2,0,2,1.0,1.0,0.0,Never hotspot
R061_C087,0,0,0,0,0,0,0.0,0.0,Never hotspot,0,0,0,0.0,0.0,0.0,0,0,1,3,3,0.0,3.0,3.0,Never hotspot
R061_C088,0,0,0,0,0,0,0.0,0.0,Never hotspot,0,0,0,0.0,0.0,0.0,14,9,8,9,11,11.5,10.0,-1.5,Never hotspot
R061_C089,0,0,0,0,0,0,0.0,0.0,Never hotspot,0,0,0,0.0,0.0,0.0,7,11,8,7,7,9.0,7.0,-2.0,Never hotspot
R061_C090,0,0,0,0,0,0,0.0,0.0,Never hotspot,0,0,0,0.0,0.0,0.0,0,0,0,1,1,0.0,1.0,1.0,Never hotspot
R061_C091,0,0,0,0,0,0,0.0,0.0,Never hotspot,0,0,0,0.0,0.0,0.0,3,7,6,3,4,5.0,3.5,-1.5,Never hotspot
R061_C092,0,0,0,0,0,0,0.0,0.0,Never hotspot,0,0,0,0.0,0.0,0.0,5,4,2,7,5,4.5,6.0,1.5,Never hotspot
R061_C093,0,0,0,0,0,0,0.0,0.0,Never hotspot,0,0,0,0.0,0.0,0.0,5,1,2,1,2,3.0,1.5,-1.5,Never hotspot
R061_C094,0,0,0,0,0,0,0.0,0.0,Never hotspot,0,0,0,0.0,0.0,0.0,0,3,3,1,1,1.5,1.0,-0.5,Never hotspot
R061_C095,0,0,0,0,0,0,0.0,0.0,Never hotspot,0,0,0,0.0,0.0,0.0,11,4,2,1,2,7.5,1.5,-6.0,Never hotspot
R061_C096,0,0,0,0,0,0,0.0,0.0,Never hotspot,0,0,0,0.0,0.0,0.0,4,2,2,1,1,3.0,1.0,-2.0,Never hotspot
R061_C097,0,0,0,0,0,0,0.0,0.0,Never hotspot,0,0,0,0.0,0.0,0.0,5,6,6,6,5,5.5,5.5,0.0,Never hotspot
R061_C098,0,0,0,0,0,0,0.0,0.0,Never hotspot,0,0,0,0.0,0.0,0.0,6,4,4,9,7,5.0,8.0,3.0,Never hotspot
R061_C099,1,1,1,1,1,5,1.0,1.0,Persistent hotspot,5,2,2,1.0,1.0,0.0,33,34,41,54,67,33.5,60.5,27.0,Persistent
R061_C100,0,0,0,0,0,0,0.0,0.0,Never hotspot,0,0,0,0.0,0.0,0.0,8,9,8,7,4,8.5,5.5,-3.0,Never hotspot
R061_C101,0,0,0,0,0,0,0.0,0.0,Never hotspot,0,0,0,0.0,0.0,0.0,6,5,5,4,4,5.5,4.0,-1.5,Never hotspot
R061_C102,0,0,0,0,0,0,0.0,0.0,Never hotspot,0,0,0,0.0,0.0,0.0,3,1,1,0,3,2.0,1.5,-0.5,Never hotspot
R061_C103,0,0,0,0,0,0,0.0,0.0,Never hotspot,0,0,0,0.0,0.0,0.0,2,5,1,4,1,3.5,2.5,-1.0,Never hotspot
R061_C104,0,0,0,0,0,0,0.0,0.0,Never hotspot,0,0,0,0.0,0.0,0.0,1,1,2,0,0,1.0,0.0,-1.0,Never hotspot
R061_C105,0,0,0,0,0,0,0.0,0.0,Never hotspot,0,0,0,0.0,0.0,0.0,0,2,1,0,1,1.0,0.5,-0.5,Never hotspot
R061_C106,0,0,0,0,0,0,0.0,0.0,Never hotspot,0,0,0,0.0,0.0,0.0,2,7,3,1,8,4.5,4.5,0.0,Never hotspot
R061_C107,0,0,0,0,0,0,0.0,0.0,Never hotspot,0,0,0,0.0,0.0,0.0,0,3,2,5,2,1.5,3.5,2.0,Never hotspot
R061_C108,0,0,0,0,0,0,0.0,0.0,Never hotspot,0,0,0,0.0,0.0,0.0,1,1,6,3,6,1.0,4.5,3.5,Never hotspot
R061_C109,0,0,0,0,0,0,0.0,0.0,Never hotspot,0,0,0,0.0,0.0,0.0,5,9,6,9,8,7.0,8.5,1.5,Never hotspot
R061_C110,0,0,0,0,0,0,0.0,0.0,Never hotspot,0,0,0,0.0,0.0,0.0,10,7,13,5,8,8.5,6.5,-2.0,Never hotspot
R061_C111,0,0,0,0,0,0,0.0,0.0,Never hotspot,0,0,0,0.0,0.0,0.0,6,8,7,6,6,7.0,6.0,-1.0,Never hotspot
R061_C112,0,0,0,0,0,0,0.0,0.0,Never hotspot,0,0,0,0.0,0.0,0.0,6,11,11,3,11,8.5,7.0,-1.5,Never hotspot
R061_C113,0,0,0,0,0,0,0.0,0.0,Never hotspot,0,0,0,0.0,0.0,0.0,2,5,4,6,4,3.5,5.0,1.5,Never hotspot
R061_C114,0,0,0,0,0,0,0.0,0.0,Never hotspot,0,0,0,0.0,0.0,0.0,1,3,1,4,1,2.0,2.5,0.5,Never hotspot
R061_C115,0,0,0,0,0,0,0.0,0.0,Never hotspot,0,0,0,0.0,0.0,0.0,12,5,7,6,9,8.5,7.5,-1.0,Never hotspot
R061_C116,0,0,0,0,0,0,0.0,0.0,Never hotspot,0,0,0,0.0,0.0,0.0,7,5,11,9,4,6.0,6.5,0.5,Never hotspot
R061_C117,0,0,0,0,0,0,0.0,0.0,Never hotspot,0,0,0,0.0,0.0,0.0,0,1,1,0,0,0.5,0.0,-0.5,Never hotspot
R062_C038,0,0,0,0,0,0,0.0,0.0,Never hotspot,0,0,0,0.0,0.0,0.0,1,2,2,0,1,1.5,0.5,-1.0,Never hotspot
R062_C041,0,0,0,0,0,0,0.0,0.0,Never hotspot,0,0,0,0.0,0.0,0.0,0,0,0,0,2,0.0,1.0,1.0,Never hotspot
R062_C042,0,0,0,0,0,0,0.0,0.0,Never hotspot,0,0,0,0.0,0.0,0.0,0,1,0,1,0,0.5,0.5,0.0,Never hotspot
R062_C043,0,0,0,0,0,0,0.0,0.0,Never hotspot,0,0,0,0.0,0.0,0.0,0,3,1,0,1,1.5,0.5,-1.0,Never hotspot
R062_C045,0,0,0,0,0,0,0.0,0.0,Never hotspot,0,0,0,0.0,0.0,0.0,1,0,0,0,0,0.5,0.0,-0.5,Never hotspot
R062_C048,0,0,0,0,0,0,0.0,0.0,Never hotspot,0,0,0,0.0,0.0,0.0,0,0,1,0,2,0.0,1.0,1.0,Never hotspot
R062_C049,0,0,0,0,0,0,0.0,0.0,Never hotspot,0,0,0,0.0,0.0,0.0,0,1,3,2,1,0.5,1.5,1.0,Never hotspot
R062_C050,0,0,0,0,0,0,0.0,0.0,Never hotspot,0,0,0,0.0,0.0,0.0,2,4,1,1,3,3.0,2.0,-1.0,Never hotspot
R062_C051,0,0,0,0,0,0,0.0,0.0,Never hotspot,0,0,0,0.0,0.0,0.0,4,4,2,3,8,4.0,5.5,1.5,Never hotspot
R062_C052,0,0,0,0,0,0,0.0,0.0,Never hotspot,0,0,0,0.0,0.0,0.0,6,3,3,7,4,4.5,5.5,1.0,Never hotspot
R062_C053,0,0,0,0,0,0,0.0,0.0,Never hotspot,0,0,0,0.0,0.0,0.0,0,1,2,2,3,0.5,2.5,2.0,Never hotspot
R062_C054,0,0,0,0,0,0,0.0,0.0,Never hotspot,0,0,0,0.0,0.0,0.0,8,2,1,1,1,5.0,1.0,-4.0,Never hotspot
R062_C055,0,0,0,0,0,0,0.0,0.0,Never hotspot,0,0,0,0.0,0.0,0.0,1,1,3,1,1,1.0,1.0,0.0,Never hotspot
R062_C056,0,0,0,0,0,0,0.0,0.0,Never hotspot,0,0,0,0.0,0.0,0.0,0,4,3,3,4,2.0,3.5,1.5,Never hotspot
R062_C057,0,0,0,0,0,0,0.0,0.0,Never hotspot,0,0,0,0.0,0.0,0.0,1,2,4,1,1,1.5,1.0,-0.5,Never hotspot
R062_C058,0,0,0,0,0,0,0.0,0.0,Never hotspot,0,0,0,0.0,0.0,0.0,1,1,7,4,1,1.0,2.5,1.5,Never hotspot
R062_C059,0,0,0,0,0,0,0.0,0.0,Never hotspot,0,0,0,0.0,0.0,0.0,0,1,1,0,1,0.5,0.5,0.0,Never hotspot
R062_C060,0,0,0,0,0,0,0.0,0.0,Never hotspot,0,0,0,0.0,0.0,0.0,1,2,0,1,1,1.5,1.0,-0.5,Never hotspot
R062_C061,0,0,0,0,0,0,0.0,0.0,Never hotspot,0,0,0,0.0,0.0,0.0,2,3,7,6,2,2.5,4.0,1.5,Never hotspot
R062_C062,0,0,0,0,0,0,0.0,0.0,Never hotspot,0,0,0,0.0,0.0,0.0,0,4,2,3,0,2.0,1.5,-0.5,Never hotspot
R062_C063,0,0,0,0,0,0,0.0,0.0,Never hotspot,0,0,0,0.0,0.0,0.0,2,1,1,3,4,1.5,3.5,2.0,Never hotspot
R062_C064,0,0,0,0,0,0,0.0,0.0,Never hotspot,0,0,0,0.0,0.0,0.0,4,5,4,1,4,4.5,2.5,-2.0,Never hotspot
R062_C065,1,0,0,0,1,2,0.4,0.4,Repeated hotspot,1,1,1,0.5,0.5,0.0,33,32,25,23,66,32.5,44.5,12.0,Intermittent
R062_C066,0,0,0,0,0,0,0.0,0.0,Never hotspot,0,0,0,0.0,0.0,0.0,4,7,5,2,9,5.5,5.5,0.0,Never hotspot
R062_C067,0,0,0,0,0,0,0.0,0.0,Never hotspot,0,0,0,0.0,0.0,0.0,3,4,4,5,11,3.5,8.0,4.5,Never hotspot
R062_C068,0,0,0,0,0,0,0.0,0.0,Never hotspot,0,0,0,0.0,0.0,0.0,0,2,2,1,4,1.0,2.5,1.5,Never hotspot
R062_C069,0,0,0,0,0,0,0.0,0.0,Never hotspot,0,0,0,0.0,0.0,0.0,2,0,0,2,2,1.0,2.0,1.0,Never hotspot
R062_C070,0,0,0,0,0,0,0.0,0.0,Never hotspot,0,0,0,0.0,0.0,0.0,4,0,0,2,2,2.0,2.0,0.0,Never hotspot
R062_C071,1,1,0,1,1,4,0.8,0.8,Persistent hotspot,2,2,2,1.0,1.0,0.0,41,38,17,39,78,39.5,58.5,19.0,Persistent
R062_C072,0,0,0,0,1,1,0.2,0.2,Occasional hotspot,1,0,1,0.0,0.5,0.5,18,31,22,24,36,24.5,30.0,5.5,Emerging
R062_C073,0,0,0,0,0,0,0.0,0.0,Never hotspot,0,0,0,0.0,0.0,0.0,9,10,11,11,7,9.5,9.0,-0.5,Never hotspot
R062_C074,0,0,0,0,0,0,0.0,0.0,Never hotspot,0,0,0,0.0,0.0,0.0,2,0,3,2,4,1.0,3.0,2.0,Never hotspot
R062_C075,0,0,0,0,0,0,0.0,0.0,Never hotspot,0,0,0,0.0,0.0,0.0,0,2,4,3,6,1.0,4.5,3.5,Never hotspot
R062_C076,0,0,0,0,0,0,0.0,0.0,Never hotspot,0,0,0,0.0,0.0,0.0,5,5,8,15,9,5.0,12.0,7.0,Never hotspot
R062_C077,0,0,0,0,0,0,0.0,0.0,Never hotspot,0,0,0,0.0,0.0,0.0,17,18,10,25,28,17.5,26.5,9.0,Never hotspot
R062_C078,0,0,0,0,0,0,0.0,0.0,Never hotspot,0,0,0,0.0,0.0,0.0,8,6,1,5,8,7.0,6.5,-0.5,Never hotspot
R062_C079,0,0,0,0,0,0,0.0,0.0,Never hotspot,0,0,0,0.0,0.0,0.0,6,7,4,5,3,6.5,4.0,-2.5,Never hotspot
R062_C080,0,0,0,0,0,0,0.0,0.0,Never hotspot,0,0,0,0.0,0.0,0.0,2,6,7,3,3,4.0,3.0,-1.0,Never hotspot
R062_C081,0,0,0,0,0,0,0.0,0.0,Never hotspot,0,0,0,0.0,0.0,0.0,8,8,5,3,7,8.0,5.0,-3.0,Never hotspot
R062_C082,0,0,0,0,0,0,0.0,0.0,Never hotspot,0,0,0,0.0,0.0,0.0,4,1,7,2,5,2.5,3.5,1.0,Never hotspot
R062_C083,0,0,0,0,0,0,0.0,0.0,Never hotspot,0,0,0,0.0,0.0,0.0,0,1,1,0,1,0.5,0.5,0.0,Never hotspot
R062_C084,0,0,0,0,0,0,0.0,0.0,Never hotspot,0,0,0,0.0,0.0,0.0,0,1,0,2,1,0.5,1.5,1.0,Never hotspot
R062_C085,0,0,0,0,0,0,0.0,0.0,Never hotspot,0,0,0,0.0,0.0,0.0,6,9,10,9,23,7.5,16.0,8.5,Never hotspot
R062_C086,0,0,0,0,0,0,0.0,0.0,Never hotspot,0,0,0,0.0,0.0,0.0,2,1,1,3,3,1.5,3.0,1.5,Never hotspot
R062_C087,0,0,0,0,0,0,0.0,0.0,Never hotspot,0,0,0,0.0,0.0,0.0,7,1,5,3,9,4.0,6.0,2.0,Never hotspot
R062_C088,0,0,0,0,0,0,0.0,0.0,Never hotspot,0,0,0,0.0,0.0,0.0,11,11,10,15,8,11.0,11.5,0.5,Never hotspot
R062_C089,0,0,0,0,0,0,0.0,0.0,Never hotspot,0,0,0,0.0,0.0,0.0,4,4,2,4,4,4.0,4.0,0.0,Never hotspot
R062_C090,0,0,0,0,0,0,0.0,0.0,Never hotspot,0,0,0,0.0,0.0,0.0,5,6,7,7,4,5.5,5.5,0.0,Never hotspot
R062_C091,1,1,0,1,0,3,0.6,0.6,Repeated hotspot,2,2,1,1.0,0.5,-0.5,33,34,26,35,33,33.5,34.0,0.5,Intermittent
R062_C092,0,0,0,0,0,0,0.0,0.0,Never hotspot,0,0,0,0.0,0.0,0.0,30,24,21,26,22,27.0,24.0,-3.0,Never hotspot
R062_C093,0,0,0,0,0,0,0.0,0.0,Never hotspot,0,0,0,0.0,0.0,0.0,14,9,12,11,5,11.5,8.0,-3.5,Never hotspot
R062_C094,0,0,0,0,0,0,0.0,0.0,Never hotspot,0,0,0,0.0,0.0,0.0,9,12,9,11,10,10.5,10.5,0.0,Never hotspot
R062_C095,0,0,0,0,0,0,0.0,0.0,Never hotspot,0,0,0,0.0,0.0,0.0,13,15,19,14,8,14.0,11.0,-3.0,Never hotspot
R062_C096,0,0,0,0,0,0,0.0,0.0,Never hotspot,0,0,0,0.0,0.0,0.0,9,10,7,8,8,9.5,8.0,-1.5,Never hotspot
R062_C097,0,0,0,0,0,0,0.0,0.0,Never hotspot,0,0,0,0.0,0.0,0.0,0,0,0,0,1,0.0,0.5,0.5,Never hotspot
R062_C098,0,0,0,0,0,0,0.0,0.0,Never hotspot,0,0,0,0.0,0.0,0.0,3,3,3,2,2,3.0,2.0,-1.0,Never hotspot
R062_C099,1,0,0,0,1,2,0.4,0.4,Repeated hotspot,1,1,1,0.5,0.5,0.0,32,31,31,26,40,31.5,33.0,1.5,Intermittent
R062_C100,0,0,0,0,0,0,0.0,0.0,Never hotspot,0,0,0,0.0,0.0,0.0,11,6,9,18,12,8.5,15.0,6.5,Never hotspot
R062_C101,0,0,0,0,0,0,0.0,0.0,Never hotspot,0,0,0,0.0,0.0,0.0,1,2,1,1,3,1.5,2.0,0.5,Never hotspot
R062_C102,0,0,0,0,0,0,0.0,0.0,Never hotspot,0,0,0,0.0,0.0,0.0,2,0,2,1,2,1.0,1.5,0.5,Never hotspot
R062_C103,0,0,0,0,0,0,0.0,0.0,Never hotspot,0,0,0,0.0,0.0,0.0,0,0,1,0,0,0.0,0.0,0.0,Never hotspot
R062_C104,0,0,0,0,0,0,0.0,0.0,Never hotspot,0,0,0,0.0,0.0,0.0,5,2,3,2,3,3.5,2.5,-1.0,Never hotspot
R062_C105,0,0,0,0,0,0,0.0,0.0,Never hotspot,0,0,0,0.0,0.0,0.0,2,0,3,3,2,1.0,2.5,1.5,Never hotspot
R062_C106,0,0,0,0,0,0,0.0,0.0,Never hotspot,0,0,0,0.0,0.0,0.0,1,1,4,4,0,1.0,2.0,1.0,Never hotspot
R062_C107,0,0,0,0,0,0,0.0,0.0,Never hotspot,0,0,0,0.0,0.0,0.0,5,2,5,0,2,3.5,1.0,-2.5,Never hotspot
R062_C108,0,0,0,0,0,0,0.0,0.0,Never hotspot,0,0,0,0.0,0.0,0.0,0,2,1,2,4,1.0,3.0,2.0,Never hotspot
R062_C109,0,0,0,0,0,0,0.0,0.0,Never hotspot,0,0,0,0.0,0.0,0.0,4,3,1,2,2,3.5,2.0,-1.5,Never hotspot
R062_C110,0,0,0,0,0,0,0.0,0.0,Never hotspot,0,0,0,0.0,0.0,0.0,8,8,9,3,5,8.0,4.0,-4.0,Never hotspot
R062_C111,0,0,0,0,0,0,0.0,0.0,Never hotspot,0,0,0,0.0,0.0,0.0,2,4,6,3,3,3.0,3.0,0.0,Never hotspot
R062_C112,0,0,0,0,0,0,0.0,0.0,Never hotspot,0,0,0,0.0,0.0,0.0,2,3,7,3,4,2.5,3.5,1.0,Never hotspot
R062_C113,0,0,0,0,0,0,0.0,0.0,Never hotspot,0,0,0,0.0,0.0,0.0,5,6,3,6,9,5.5,7.5,2.0,Never hotspot
R062_C114,0,0,0,0,0,0,0.0,0.0,Never hotspot,0,0,0,0.0,0.0,0.0,5,5,3,2,1,5.0,1.5,-3.5,Never hotspot
R062_C115,0,0,0,0,0,0,0.0,0.0,Never hotspot,0,0,0,0.0,0.0,0.0,0,1,1,2,0,0.5,1.0,0.5,Never hotspot
R062_C116,0,0,0,0,0,0,0.0,0.0,Never hotspot,0,0,0,0.0,0.0,0.0,3,2,1,0,0,2.5,0.0,-2.5,Never hotspot
R063_C030,0,0,0,0,0,0,0.0,0.0,Never hotspot,0,0,0,0.0,0.0,0.0,0,0,1,0,0,0.0,0.0,0.0,Never hotspot
R063_C033,0,0,0,0,0,0,0.0,0.0,Never hotspot,0,0,0,0.0,0.0,0.0,0,2,1,2,0,1.0,1.0,0.0,Never hotspot
R063_C038,0,0,0,0,0,0,0.0,0.0,Never hotspot,0,0,0,0.0,0.0,0.0,0,0,3,1,0,0.0,0.5,0.5,Never hotspot
R063_C041,0,0,0,0,0,0,0.0,0.0,Never hotspot,0,0,0,0.0,0.0,0.0,1,0,0,0,0,0.5,0.0,-0.5,Never hotspot
R063_C043,0,0,0,0,0,0,0.0,0.0,Never hotspot,0,0,0,0.0,0.0,0.0,0,0,1,0,0,0.0,0.0,0.0,Never hotspot
R063_C044,0,0,0,0,0,0,0.0,0.0,Never hotspot,0,0,0,0.0,0.0,0.0,1,1,0,1,0,1.0,0.5,-0.5,Never hotspot
R063_C045,0,0,0,0,0,0,0.0,0.0,Never hotspot,0,0,0,0.0,0.0,0.0,0,0,1,0,0,0.0,0.0,0.0,Never hotspot
R063_C046,0,0,0,0,0,0,0.0,0.0,Never hotspot,0,0,0,0.0,0.0,0.0,1,0,0,1,0,0.5,0.5,0.0,Never hotspot
R063_C047,0,0,0,0,0,0,0.0,0.0,Never hotspot,0,0,0,0.0,0.0,0.0,0,0,1,1,0,0.0,0.5,0.5,Never hotspot
R063_C048,0,0,0,0,0,0,0.0,0.0,Never hotspot,0,0,0,0.0,0.0,0.0,0,0,1,1,1,0.0,1.0,1.0,Never hotspot
R063_C049,0,0,0,0,0,0,0.0,0.0,Never hotspot,0,0,0,0.0,0.0,0.0,1,3,0,1,1,2.0,1.0,-1.0,Never hotspot
R063_C050,0,0,0,0,0,0,0.0,0.0,Never hotspot,0,0,0,0.0,0.0,0.0,0,0,0,0,1,0.0,0.5,0.5,Never hotspot
R063_C051,0,0,0,0,0,0,0.0,0.0,Never hotspot,0,0,0,0.0,0.0,0.0,0,1,0,1,0,0.5,0.5,0.0,Never hotspot
R063_C052,0,0,0,0,0,0,0.0,0.0,Never hotspot,0,0,0,0.0,0.0,0.0,11,7,14,8,11,9.0,9.5,0.5,Never hotspot
R063_C053,0,0,0,0,0,0,0.0,0.0,Never hotspot,0,0,0,0.0,0.0,0.0,4,8,13,9,8,6.0,8.5,2.5,Never hotspot
R063_C054,0,0,0,0,0,0,0.0,0.0,Never hotspot,0,0,0,0.0,0.0,0.0,2,0,1,1,0,1.0,0.5,-0.5,Never hotspot
R063_C055,0,0,0,0,0,0,0.0,0.0,Never hotspot,0,0,0,0.0,0.0,0.0,0,0,1,1,0,0.0,0.5,0.5,Never hotspot
R063_C056,0,0,0,0,0,0,0.0,0.0,Never hotspot,0,0,0,0.0,0.0,0.0,2,3,2,1,0,2.5,0.5,-2.0,Never hotspot
R063_C057,0,0,0,0,0,0,0.0,0.0,Never hotspot,0,0,0,0.0,0.0,0.0,5,1,6,8,5,3.0,6.5,3.5,Never hotspot
R063_C058,0,0,0,0,0,0,0.0,0.0,Never hotspot,0,0,0,0.0,0.0,0.0,0,1,0,1,2,0.5,1.5,1.0,Never hotspot
R063_C059,0,0,0,0,0,0,0.0,0.0,Never hotspot,0,0,0,0.0,0.0,0.0,1,2,3,2,1,1.5,1.5,0.0,Never hotspot
R063_C060,0,0,0,0,0,0,0.0,0.0,Never hotspot,0,0,0,0.0,0.0,0.0,2,4,6,8,1,3.0,4.5,1.5,Never hotspot
R063_C061,0,0,0,0,0,0,0.0,0.0,Never hotspot,0,0,0,0.0,0.0,0.0,0,0,0,1,0,0.0,0.5,0.5,Never hotspot
R063_C062,0,0,0,0,0,0,0.0,0.0,Never hotspot,0,0,0,0.0,0.0,0.0,1,1,0,1,2,1.0,1.5,0.5,Never hotspot
R063_C063,0,0,0,0,0,0,0.0,0.0,Never hotspot,0,0,0,0.0,0.0,0.0,2,2,1,5,7,2.0,6.0,4.0,Never hotspot
R063_C064,0,0,0,0,0,0,0.0,0.0,Never hotspot,0,0,0,0.0,0.0,0.0,6,5,1,8,9,5.5,8.5,3.0,Never hotspot
R063_C065,0,0,0,0,0,0,0.0,0.0,Never hotspot,0,0,0,0.0,0.0,0.0,11,11,13,10,28,11.0,19.0,8.0,Never hotspot
R063_C066,0,0,0,0,0,0,0.0,0.0,Never hotspot,0,0,0,0.0,0.0,0.0,2,2,1,4,8,2.0,6.0,4.0,Never hotspot
R063_C067,0,0,0,0,0,0,0.0,0.0,Never hotspot,0,0,0,0.0,0.0,0.0,2,1,0,1,1,1.5,1.0,-0.5,Never hotspot
R063_C068,0,0,0,0,0,0,0.0,0.0,Never hotspot,0,0,0,0.0,0.0,0.0,2,0,0,2,0,1.0,1.0,0.0,Never hotspot
R063_C069,0,0,0,0,0,0,0.0,0.0,Never hotspot,0,0,0,0.0,0.0,0.0,2,1,0,0,0,1.5,0.0,-1.5,Never hotspot
R063_C070,0,0,0,0,0,0,0.0,0.0,Never hotspot,0,0,0,0.0,0.0,0.0,1,2,1,3,5,1.5,4.0,2.5,Never hotspot
R063_C071,0,0,0,0,0,0,0.0,0.0,Never hotspot,0,0,0,0.0,0.0,0.0,7,5,6,5,5,6.0,5.0,-1.0,Never hotspot
R063_C072,0,0,0,0,0,0,0.0,0.0,Never hotspot,0,0,0,0.0,0.0,0.0,13,23,18,17,23,18.0,20.0,2.0,Never hotspot
R063_C073,0,0,0,0,0,0,0.0,0.0,Never hotspot,0,0,0,0.0,0.0,0.0,2,8,10,10,16,5.0,13.0,8.0,Never hotspot
R063_C074,0,0,0,0,0,0,0.0,0.0,Never hotspot,0,0,0,0.0,0.0,0.0,17,13,20,18,24,15.0,21.0,6.0,Never hotspot
R063_C075,0,0,0,0,0,0,0.0,0.0,Never hotspot,0,0,0,0.0,0.0,0.0,7,13,13,6,11,10.0,8.5,-1.5,Never hotspot
R063_C076,0,0,0,0,0,0,0.0,0.0,Never hotspot,0,0,0,0.0,0.0,0.0,10,18,17,15,17,14.0,16.0,2.0,Never hotspot
R063_C077,0,0,0,0,0,0,0.0,0.0,Never hotspot,0,0,0,0.0,0.0,0.0,5,13,8,6,13,9.0,9.5,0.5,Never hotspot
R063_C078,0,0,0,0,0,0,0.0,0.0,Never hotspot,0,0,0,0.0,0.0,0.0,3,7,6,8,15,5.0,11.5,6.5,Never hotspot
R063_C079,0,0,0,0,0,0,0.0,0.0,Never hotspot,0,0,0,0.0,0.0,0.0,7,7,1,2,3,7.0,2.5,-4.5,Never hotspot
R063_C080,0,0,0,0,0,0,0.0,0.0,Never hotspot,0,0,0,0.0,0.0,0.0,6,8,9,4,7,7.0,5.5,-1.5,Never hotspot
R063_C081,0,0,0,0,0,0,0.0,0.0,Never hotspot,0,0,0,0.0,0.0,0.0,2,0,1,2,3,1.0,2.5,1.5,Never hotspot
R063_C082,0,0,0,0,0,0,0.0,0.0,Never hotspot,0,0,0,0.0,0.0,0.0,1,0,1,1,4,0.5,2.5,2.0,Never hotspot
R063_C083,0,0,0,0,0,0,0.0,0.0,Never hotspot,0,0,0,0.0,0.0,0.0,0,4,2,3,1,2.0,2.0,0.0,Never hotspot
R063_C084,0,0,0,0,0,0,0.0,0.0,Never hotspot,0,0,0,0.0,0.0,0.0,0,1,0,0,0,0.5,0.0,-0.5,Never hotspot
R063_C085,0,0,0,0,0,0,0.0,0.0,Never hotspot,0,0,0,0.0,0.0,0.0,5,5,7,13,11,5.0,12.0,7.0,Never hotspot
R063_C086,0,0,0,0,0,0,0.0,0.0,Never hotspot,0,0,0,0.0,0.0,0.0,0,0,2,1,0,0.0,0.5,0.5,Never hotspot
R063_C088,0,0,0,0,0,0,0.0,0.0,Never hotspot,0,0,0,0.0,0.0,0.0,2,4,5,3,3,3.0,3.0,0.0,Never hotspot
R063_C089,0,0,0,0,0,0,0.0,0.0,Never hotspot,0,0,0,0.0,0.0,0.0,3,2,2,6,3,2.5,4.5,2.0,Never hotspot
R063_C090,0,0,0,0,0,0,0.0,0.0,Never hotspot,0,0,0,0.0,0.0,0.0,2,0,3,2,2,1.0,2.0,1.0,Never hotspot
R063_C091,0,0,0,0,0,0,0.0,0.0,Never hotspot,0,0,0,0.0,0.0,0.0,9,6,4,11,6,7.5,8.5,1.0,Never hotspot
R063_C092,0,0,0,0,0,0,0.0,0.0,Never hotspot,0,0,0,0.0,0.0,0.0,12,2,6,8,7,7.0,7.5,0.5,Never hotspot
R063_C093,0,0,0,0,0,0,0.0,0.0,Never hotspot,0,0,0,0.0,0.0,0.0,10,2,7,4,9,6.0,6.5,0.5,Never hotspot
R063_C094,0,0,0,0,0,0,0.0,0.0,Never hotspot,0,0,0,0.0,0.0,0.0,8,6,8,16,9,7.0,12.5,5.5,Never hotspot
R063_C095,0,0,0,0,0,0,0.0,0.0,Never hotspot,0,0,0,0.0,0.0,0.0,1,1,0,1,2,1.0,1.5,0.5,Never hotspot
R063_C096,0,0,0,0,0,0,0.0,0.0,Never hotspot,0,0,0,0.0,0.0,0.0,0,2,0,1,1,1.0,1.0,0.0,Never hotspot
R063_C099,0,0,0,0,0,0,0.0,0.0,Never hotspot,0,0,0,0.0,0.0,0.0,0,0,0,0,1,0.0,0.5,0.5,Never hotspot
R063_C100,0,0,0,0,0,0,0.0,0.0,Never hotspot,0,0,0,0.0,0.0,0.0,1,4,2,1,1,2.5,1.0,-1.5,Never hotspot
R063_C101,0,0,0,0,0,0,0.0,0.0,Never hotspot,0,0,0,0.0,0.0,0.0,3,4,2,1,3,3.5,2.0,-1.5,Never hotspot
R063_C102,0,0,0,0,0,0,0.0,0.0,Never hotspot,0,0,0,0.0,0.0,0.0,1,4,0,4,1,2.5,2.5,0.0,Never hotspot
R063_C103,0,0,0,0,0,0,0.0,0.0,Never hotspot,0,0,0,0.0,0.0,0.0,0,2,1,2,2,1.0,2.0,1.0,Never hotspot
R063_C104,0,0,0,0,0,0,0.0,0.0,Never hotspot,0,0,0,0.0,0.0,0.0,1,4,2,5,2,2.5,3.5,1.0,Never hotspot
R063_C105,0,0,0,0,0,0,0.0,0.0,Never hotspot,0,0,0,0.0,0.0,0.0,9,8,15,10,9,8.5,9.5,1.0,Never hotspot
R063_C106,0,0,0,0,0,0,0.0,0.0,Never hotspot,0,0,0,0.0,0.0,0.0,5,3,5,4,2,4.0,3.0,-1.0,Never hotspot
R063_C107,0,0,0,0,0,0,0.0,0.0,Never hotspot,0,0,0,0.0,0.0,0.0,1,1,1,5,4,1.0,4.5,3.5,Never hotspot
R063_C108,0,0,0,0,0,0,0.0,0.0,Never hotspot,0,0,0,0.0,0.0,0.0,2,0,0,0,0,1.0,0.0,-1.0,Never hotspot
R063_C109,0,0,0,0,0,0,0.0,0.0,Never hotspot,0,0,0,0.0,0.0,0.0,3,3,0,1,3,3.0,2.0,-1.0,Never hotspot
R063_C110,0,0,0,0,0,0,0.0,0.0,Never hotspot,0,0,0,0.0,0.0,0.0,4,1,7,5,8,2.5,6.5,4.0,Never hotspot
R063_C111,0,0,0,0,0,0,0.0,0.0,Never hotspot,0,0,0,0.0,0.0,0.0,1,6,3,4,1,3.5,2.5,-1.0,Never hotspot
R063_C112,0,0,0,0,0,0,0.0,0.0,Never hotspot,0,0,0,0.0,0.0,0.0,6,4,6,7,5,5.0,6.0,1.0,Never hotspot
R063_C113,0,0,0,0,0,0,0.0,0.0,Never hotspot,0,0,0,0.0,0.0,0.0,3,3,5,4,7,3.0,5.5,2.5,Never hotspot
R063_C114,0,0,0,0,0,0,0.0,0.0,Never hotspot,0,0,0,0.0,0.0,0.0,5,4,7,6,7,4.5,6.5,2.0,Never hotspot
R063_C115,0,0,0,0,0,0,0.0,0.0,Never hotspot,0,0,0,0.0,0.0,0.0,0,1,0,2,2,0.5,2.0,1.5,Never hotspot
R064_C031,0,0,0,0,0,0,0.0,0.0,Never hotspot,0,0,0,0.0,0.0,0.0,0,0,1,0,2,0.0,1.0,1.0,Never hotspot
R064_C032,0,0,0,0,0,0,0.0,0.0,Never hotspot,0,0,0,0.0,0.0,0.0,0,2,1,2,1,1.0,1.5,0.5,Never hotspot
R064_C033,0,0,0,0,0,0,0.0,0.0,Never hotspot,0,0,0,0.0,0.0,0.0,1,1,4,1,1,1.0,1.0,0.0,Never hotspot
R064_C034,0,0,0,0,0,0,0.0,0.0,Never hotspot,0,0,0,0.0,0.0,0.0,2,4,0,2,0,3.0,1.0,-2.0,Never hotspot
R064_C038,0,0,0,0,0,0,0.0,0.0,Never hotspot,0,0,0,0.0,0.0,0.0,1,1,0,0,2,1.0,1.0,0.0,Never hotspot
R064_C039,0,0,0,0,0,0,0.0,0.0,Never hotspot,0,0,0,0.0,0.0,0.0,0,0,1,1,0,0.0,0.5,0.5,Never hotspot
R064_C041,0,0,0,0,0,0,0.0,0.0,Never hotspot,0,0,0,0.0,0.0,0.0,0,0,1,1,0,0.0,0.5,0.5,Never hotspot
R064_C044,0,0,0,0,0,0,0.0,0.0,Never hotspot,0,0,0,0.0,0.0,0.0,1,0,0,1,0,0.5,0.5,0.0,Never hotspot
R064_C045,0,0,0,0,0,0,0.0,0.0,Never hotspot,0,0,0,0.0,0.0,0.0,0,1,0,0,1,0.5,0.5,0.0,Never hotspot
R064_C046,0,0,0,0,0,0,0.0,0.0,Never hotspot,0,0,0,0.0,0.0,0.0,0,0,1,0,0,0.0,0.0,0.0,Never hotspot
R064_C047,0,0,0,0,0,0,0.0,0.0,Never hotspot,0,0,0,0.0,0.0,0.0,2,1,0,1,0,1.5,0.5,-1.0,Never hotspot
R064_C050,0,0,0,0,0,0,0.0,0.0,Never hotspot,0,0,0,0.0,0.0,0.0,0,0,0,1,0,0.0,0.5,0.5,Never hotspot
R064_C051,0,0,0,0,0,0,0.0,0.0,Never hotspot,0,0,0,0.0,0.0,0.0,2,0,0,0,0,1.0,0.0,-1.0,Never hotspot
R064_C052,0,0,0,0,0,0,0.0,0.0,Never hotspot,0,0,0,0.0,0.0,0.0,10,6,7,4,6,8.0,5.0,-3.0,Never hotspot
R064_C053,0,0,0,0,0,0,0.0,0.0,Never hotspot,0,0,0,0.0,0.0,0.0,6,5,17,6,10,5.5,8.0,2.5,Never hotspot
R064_C054,0,0,0,0,0,0,0.0,0.0,Never hotspot,0,0,0,0.0,0.0,0.0,3,1,3,2,0,2.0,1.0,-1.0,Never hotspot
R064_C055,0,0,0,0,0,0,0.0,0.0,Never hotspot,0,0,0,0.0,0.0,0.0,1,0,1,2,3,0.5,2.5,2.0,Never hotspot
R064_C056,0,0,0,0,0,0,0.0,0.0,Never hotspot,0,0,0,0.0,0.0,0.0,2,0,1,1,4,1.0,2.5,1.5,Never hotspot
R064_C057,0,0,0,0,0,0,0.0,0.0,Never hotspot,0,0,0,0.0,0.0,0.0,3,1,4,0,3,2.0,1.5,-0.5,Never hotspot
R064_C058,0,0,0,0,0,0,0.0,0.0,Never hotspot,0,0,0,0.0,0.0,0.0,4,6,3,5,2,5.0,3.5,-1.5,Never hotspot
R064_C059,0,0,0,0,0,0,0.0,0.0,Never hotspot,0,0,0,0.0,0.0,0.0,3,5,8,5,4,4.0,4.5,0.5,Never hotspot
R064_C060,0,0,0,0,0,0,0.0,0.0,Never hotspot,0,0,0,0.0,0.0,0.0,7,7,11,6,11,7.0,8.5,1.5,Never hotspot
R064_C061,0,0,0,0,0,0,0.0,0.0,Never hotspot,0,0,0,0.0,0.0,0.0,0,0,0,1,0,0.0,0.5,0.5,Never hotspot
R064_C062,0,0,0,0,0,0,0.0,0.0,Never hotspot,0,0,0,0.0,0.0,0.0,0,0,1,1,1,0.0,1.0,1.0,Never hotspot
R064_C063,0,0,0,0,0,0,0.0,0.0,Never hotspot,0,0,0,0.0,0.0,0.0,0,2,2,0,5,1.0,2.5,1.5,Never hotspot
R064_C064,0,0,0,0,0,0,0.0,0.0,Never hotspot,0,0,0,0.0,0.0,0.0,5,6,4,6,11,5.5,8.5,3.0,Never hotspot
R064_C065,0,0,0,0,0,0,0.0,0.0,Never hotspot,0,0,0,0.0,0.0,0.0,4,5,5,9,14,4.5,11.5,7.0,Never hotspot
R064_C066,0,0,0,0,0,0,0.0,0.0,Never hotspot,0,0,0,0.0,0.0,0.0,0,0,0,0,1,0.0,0.5,0.5,Never hotspot
R064_C067,0,0,0,0,0,0,0.0,0.0,Never hotspot,0,0,0,0.0,0.0,0.0,0,0,1,1,0,0.0,0.5,0.5,Never hotspot
R064_C068,0,0,0,0,0,0,0.0,0.0,Never hotspot,0,0,0,0.0,0.0,0.0,10,9,9,5,13,9.5,9.0,-0.5,Never hotspot
R064_C069,0,0,0,0,0,0,0.0,0.0,Never hotspot,0,0,0,0.0,0.0,0.0,2,3,3,0,1,2.5,0.5,-2.0,Never hotspot
R064_C070,0,0,0,0,0,0,0.0,0.0,Never hotspot,0,0,0,0.0,0.0,0.0,4,13,13,11,10,8.5,10.5,2.0,Never hotspot
R064_C071,0,0,0,0,0,0,0.0,0.0,Never hotspot,0,0,0,0.0,0.0,0.0,9,9,8,13,6,9.0,9.5,0.5,Never hotspot
R064_C072,0,0,0,0,0,0,0.0,0.0,Never hotspot,0,0,0,0.0,0.0,0.0,12,12,15,13,11,12.0,12.0,0.0,Never hotspot
R064_C073,1,1,1,1,1,5,1.0,1.0,Persistent hotspot,5,2,2,1.0,1.0,0.0,79,93,102,107,82,86.0,94.5,8.5,Persistent
R064_C074,1,1,1,1,1,5,1.0,1.0,Persistent hotspot,5,2,2,1.0,1.0,0.0,136,150,155,120,106,143.0,113.0,-30.0,Persistent
R064_C075,0,0,0,0,0,0,0.0,0.0,Never hotspot,0,0,0,0.0,0.0,0.0,13,11,15,20,25,12.0,22.5,10.5,Never hotspot
R064_C076,1,1,1,1,1,5,1.0,1.0,Persistent hotspot,5,2,2,1.0,1.0,0.0,53,39,53,56,43,46.0,49.5,3.5,Persistent
R064_C077,0,0,0,0,0,0,0.0,0.0,Never hotspot,0,0,0,0.0,0.0,0.0,17,16,16,14,23,16.5,18.5,2.0,Never hotspot
R064_C078,0,0,0,0,0,0,0.0,0.0,Never hotspot,0,0,0,0.0,0.0,0.0,18,23,34,34,27,20.5,30.5,10.0,Never hotspot
R064_C079,0,0,0,0,0,0,0.0,0.0,Never hotspot,0,0,0,0.0,0.0,0.0,9,7,7,8,11,8.0,9.5,1.5,Never hotspot
R064_C080,0,0,0,0,0,0,0.0,0.0,Never hotspot,0,0,0,0.0,0.0,0.0,2,5,2,4,5,3.5,4.5,1.0,Never hotspot
R064_C081,0,0,0,0,0,0,0.0,0.0,Never hotspot,0,0,0,0.0,0.0,0.0,3,4,1,3,0,3.5,1.5,-2.0,Never hotspot
R064_C082,0,0,0,0,0,0,0.0,0.0,Never hotspot,0,0,0,0.0,0.0,0.0,1,1,0,1,0,1.0,0.5,-0.5,Never hotspot
R064_C083,0,0,0,0,0,0,0.0,0.0,Never hotspot,0,0,0,0.0,0.0,0.0,3,1,1,5,4,2.0,4.5,2.5,Never hotspot
R064_C084,0,0,0,0,0,0,0.0,0.0,Never hotspot,0,0,0,0.0,0.0,0.0,4,1,9,10,7,2.5,8.5,6.0,Never hotspot
R064_C085,0,0,0,0,0,0,0.0,0.0,Never hotspot,0,0,0,0.0,0.0,0.0,18,28,29,24,31,23.0,27.5,4.5,Never hotspot
R064_C086,0,0,0,0,0,0,0.0,0.0,Never hotspot,0,0,0,0.0,0.0,0.0,1,3,2,1,1,2.0,1.0,-1.0,Never hotspot
R064_C087,0,0,0,0,0,0,0.0,0.0,Never hotspot,0,0,0,0.0,0.0,0.0,0,2,0,0,0,1.0,0.0,-1.0,Never hotspot
R064_C088,0,0,0,0,0,0,0.0,0.0,Never hotspot,0,0,0,0.0,0.0,0.0,3,3,2,1,5,3.0,3.0,0.0,Never hotspot
R064_C089,0,0,0,0,0,0,0.0,0.0,Never hotspot,0,0,0,0.0,0.0,0.0,1,2,2,4,3,1.5,3.5,2.0,Never hotspot
R064_C091,0,0,0,0,0,0,0.0,0.0,Never hotspot,0,0,0,0.0,0.0,0.0,7,8,1,3,7,7.5,5.0,-2.5,Never hotspot
R064_C092,0,0,0,0,0,0,0.0,0.0,Never hotspot,0,0,0,0.0,0.0,0.0,7,12,9,17,9,9.5,13.0,3.5,Never hotspot
R064_C093,0,0,0,0,0,0,0.0,0.0,Never hotspot,0,0,0,0.0,0.0,0.0,6,5,7,6,7,5.5,6.5,1.0,Never hotspot
R064_C094,0,0,0,0,0,0,0.0,0.0,Never hotspot,0,0,0,0.0,0.0,0.0,1,0,1,0,4,0.5,2.0,1.5,Never hotspot
R064_C100,0,0,0,0,0,0,0.0,0.0,Never hotspot,0,0,0,0.0,0.0,0.0,0,5,3,3,8,2.5,5.5,3.0,Never hotspot
R064_C101,0,0,0,0,0,0,0.0,0.0,Never hotspot,0,0,0,0.0,0.0,0.0,0,1,0,0,0,0.5,0.0,-0.5,Never hotspot
R064_C102,0,0,0,0,0,0,0.0,0.0,Never hotspot,0,0,0,0.0,0.0,0.0,2,1,2,0,2,1.5,1.0,-0.5,Never hotspot
R064_C103,0,0,0,0,0,0,0.0,0.0,Never hotspot,0,0,0,0.0,0.0,0.0,1,2,5,0,2,1.5,1.0,-0.5,Never hotspot
R064_C104,0,0,0,0,0,0,0.0,0.0,Never hotspot,0,0,0,0.0,0.0,0.0,1,1,4,3,1,1.0,2.0,1.0,Never hotspot
R064_C105,0,0,0,0,0,0,0.0,0.0,Never hotspot,0,0,0,0.0,0.0,0.0,9,8,4,7,6,8.5,6.5,-2.0,Never hotspot
R064_C106,0,0,0,0,0,0,0.0,0.0,Never hotspot,0,0,0,0.0,0.0,0.0,1,4,5,1,1,2.5,1.0,-1.5,Never hotspot
R064_C107,0,0,0,0,0,0,0.0,0.0,Never hotspot,0,0,0,0.0,0.0,0.0,2,2,2,1,10,2.0,5.5,3.5,Never hotspot
R064_C108,0,0,0,0,0,0,0.0,0.0,Never hotspot,0,0,0,0.0,0.0,0.0,8,4,4,3,2,6.0,2.5,-3.5,Never hotspot
R064_C109,0,0,0,0,0,0,0.0,0.0,Never hotspot,0,0,0,0.0,0.0,0.0,1,2,4,3,0,1.5,1.5,0.0,Never hotspot
R064_C110,0,0,0,0,0,0,0.0,0.0,Never hotspot,0,0,0,0.0,0.0,0.0,0,1,0,0,0,0.5,0.0,-0.5,Never hotspot
R064_C111,0,0,0,0,0,0,0.0,0.0,Never hotspot,0,0,0,0.0,0.0,0.0,4,6,7,2,2,5.0,2.0,-3.0,Never hotspot
R064_C112,0,0,0,0,0,0,0.0,0.0,Never hotspot,0,0,0,0.0,0.0,0.0,7,9,16,10,10,8.0,10.0,2.0,Never hotspot
R064_C113,0,0,0,0,0,0,0.0,0.0,Never hotspot,0,0,0,0.0,0.0,0.0,2,1,2,3,4,1.5,3.5,2.0,Never hotspot
R064_C114,0,0,0,0,0,0,0.0,0.0,Never hotspot,0,0,0,0.0,0.0,0.0,3,2,1,3,0,2.5,1.5,-1.0,Never hotspot
R065_C031,0,0,0,0,0,0,0.0,0.0,Never hotspot,0,0,0,0.0,0.0,0.0,0,1,0,1,0,0.5,0.5,0.0,Never hotspot
R065_C032,0,0,0,0,0,0,0.0,0.0,Never hotspot,0,0,0,0.0,0.0,0.0,1,1,1,2,0,1.0,1.0,0.0,Never hotspot
R065_C033,0,0,0,0,0,0,0.0,0.0,Never hotspot,0,0,0,0.0,0.0,0.0,2,1,3,0,3,1.5,1.5,0.0,Never hotspot
R065_C034,0,0,0,0,0,0,0.0,0.0,Never hotspot,0,0,0,0.0,0.0,0.0,1,3,7,2,0,2.0,1.0,-1.0,Never hotspot
R065_C035,0,0,0,0,0,0,0.0,0.0,Never hotspot,0,0,0,0.0,0.0,0.0,1,0,0,2,0,0.5,1.0,0.5,Never hotspot
R065_C036,0,0,0,0,0,0,0.0,0.0,Never hotspot,0,0,0,0.0,0.0,0.0,1,4,0,3,2,2.5,2.5,0.0,Never hotspot
R065_C037,0,0,0,0,0,0,0.0,0.0,Never hotspot,0,0,0,0.0,0.0,0.0,0,2,3,1,2,1.0,1.5,0.5,Never hotspot
R065_C038,0,0,0,0,0,0,0.0,0.0,Never hotspot,0,0,0,0.0,0.0,0.0,7,4,2,7,0,5.5,3.5,-2.0,Never hotspot
R065_C039,0,0,0,0,0,0,0.0,0.0,Never hotspot,0,0,0,0.0,0.0,0.0,1,4,3,0,1,2.5,0.5,-2.0,Never hotspot
R065_C040,0,0,0,0,0,0,0.0,0.0,Never hotspot,0,0,0,0.0,0.0,0.0,2,1,0,1,0,1.5,0.5,-1.0,Never hotspot
R065_C041,0,0,0,0,0,0,0.0,0.0,Never hotspot,0,0,0,0.0,0.0,0.0,1,1,0,0,3,1.0,1.5,0.5,Never hotspot
R065_C042,0,0,0,0,0,0,0.0,0.0,Never hotspot,0,0,0,0.0,0.0,0.0,0,0,1,2,1,0.0,1.5,1.5,Never hotspot
R065_C043,0,0,0,0,0,0,0.0,0.0,Never hotspot,0,0,0,0.0,0.0,0.0,0,0,1,0,0,0.0,0.0,0.0,Never hotspot
R065_C045,0,0,0,0,0,0,0.0,0.0,Never hotspot,0,0,0,0.0,0.0,0.0,1,5,4,6,1,3.0,3.5,0.5,Never hotspot
R065_C046,0,0,0,0,0,0,0.0,0.0,Never hotspot,0,0,0,0.0,0.0,0.0,2,4,3,0,2,3.0,1.0,-2.0,Never hotspot
R065_C047,0,0,0,0,0,0,0.0,0.0,Never hotspot,0,0,0,0.0,0.0,0.0,1,1,1,0,1,1.0,0.5,-0.5,Never hotspot
R065_C050,0,0,0,0,0,0,0.0,0.0,Never hotspot,0,0,0,0.0,0.0,0.0,0,0,0,1,0,0.0,0.5,0.5,Never hotspot
R065_C051,0,0,0,0,0,0,0.0,0.0,Never hotspot,0,0,0,0.0,0.0,0.0,0,3,0,1,2,1.5,1.5,0.0,Never hotspot
R065_C052,0,0,0,0,0,0,0.0,0.0,Never hotspot,0,0,0,0.0,0.0,0.0,4,10,8,9,4,7.0,6.5,-0.5,Never hotspot
R065_C053,0,0,0,0,0,0,0.0,0.0,Never hotspot,0,0,0,0.0,0.0,0.0,4,2,2,4,4,3.0,4.0,1.0,Never hotspot
R065_C054,0,0,0,0,0,0,0.0,0.0,Never hotspot,0,0,0,0.0,0.0,0.0,0,3,7,1,1,1.5,1.0,-0.5,Never hotspot
R065_C055,0,0,0,0,0,0,0.0,0.0,Never hotspot,0,0,0,0.0,0.0,0.0,3,1,3,2,1,2.0,1.5,-0.5,Never hotspot
R065_C056,0,0,0,0,0,0,0.0,0.0,Never hotspot,0,0,0,0.0,0.0,0.0,2,0,1,0,3,1.0,1.5,0.5,Never hotspot
R065_C057,0,0,0,0,0,0,0.0,0.0,Never hotspot,0,0,0,0.0,0.0,0.0,2,2,2,2,0,2.0,1.0,-1.0,Never hotspot
R065_C058,0,0,0,0,0,0,0.0,0.0,Never hotspot,0,0,0,0.0,0.0,0.0,5,3,1,4,1,4.0,2.5,-1.5,Never hotspot
R065_C060,0,0,0,0,0,0,0.0,0.0,Never hotspot,0,0,0,0.0,0.0,0.0,1,2,1,2,4,1.5,3.0,1.5,Never hotspot
R065_C061,0,0,0,0,0,0,0.0,0.0,Never hotspot,0,0,0,0.0,0.0,0.0,1,0,2,2,2,0.5,2.0,1.5,Never hotspot
R065_C062,0,0,0,0,0,0,0.0,0.0,Never hotspot,0,0,0,0.0,0.0,0.0,1,1,0,1,8,1.0,4.5,3.5,Never hotspot
R065_C063,0,0,0,0,0,0,0.0,0.0,Never hotspot,0,0,0,0.0,0.0,0.0,2,2,2,3,2,2.0,2.5,0.5,Never hotspot
R065_C064,0,0,0,0,0,0,0.0,0.0,Never hotspot,0,0,0,0.0,0.0,0.0,4,5,3,4,14,4.5,9.0,4.5,Never hotspot
R065_C065,0,0,0,0,0,0,0.0,0.0,Never hotspot,0,0,0,0.0,0.0,0.0,2,5,1,4,15,3.5,9.5,6.0,Never hotspot
R065_C066,0,0,0,0,0,0,0.0,0.0,Never hotspot,0,0,0,0.0,0.0,0.0,2,1,1,3,1,1.5,2.0,0.5,Never hotspot
R065_C067,0,0,0,0,0,0,0.0,0.0,Never hotspot,0,0,0,0.0,0.0,0.0,5,3,3,2,5,4.0,3.5,-0.5,Never hotspot
R065_C068,0,0,0,0,0,0,0.0,0.0,Never hotspot,0,0,0,0.0,0.0,0.0,1,3,3,6,6,2.0,6.0,4.0,Never hotspot
R065_C069,0,0,0,0,0,0,0.0,0.0,Never hotspot,0,0,0,0.0,0.0,0.0,4,1,2,0,1,2.5,0.5,-2.0,Never hotspot
R065_C070,0,0,0,0,0,0,0.0,0.0,Never hotspot,0,0,0,0.0,0.0,0.0,2,0,3,3,1,1.0,2.0,1.0,Never hotspot
R065_C071,0,0,0,0,0,0,0.0,0.0,Never hotspot,0,0,0,0.0,0.0,0.0,1,0,0,3,2,0.5,2.5,2.0,Never hotspot
R065_C072,0,0,0,0,0,0,0.0,0.0,Never hotspot,0,0,0,0.0,0.0,0.0,4,1,3,1,1,2.5,1.0,-1.5,Never hotspot
R065_C073,1,1,1,1,1,5,1.0,1.0,Persistent hotspot,5,2,2,1.0,1.0,0.0,74,119,92,108,85,96.5,96.5,0.0,Persistent
R065_C074,1,1,1,1,1,5,1.0,1.0,Persistent hotspot,5,2,2,1.0,1.0,0.0,134,163,176,179,153,148.5,166.0,17.5,Persistent
R065_C075,0,0,0,0,0,0,0.0,0.0,Never hotspot,0,0,0,0.0,0.0,0.0,11,15,20,14,22,13.0,18.0,5.0,Never hotspot
R065_C076,1,1,1,1,1,5,1.0,1.0,Persistent hotspot,5,2,2,1.0,1.0,0.0,44,54,60,49,43,49.0,46.0,-3.0,Persistent
R065_C077,1,1,1,1,1,5,1.0,1.0,Persistent hotspot,5,2,2,1.0,1.0,0.0,61,73,64,97,107,67.0,102.0,35.0,Persistent
R065_C078,1,1,1,1,1,5,1.0,1.0,Persistent hotspot,5,2,2,1.0,1.0,0.0,150,142,191,173,185,146.0,179.0,33.0,Persistent
R065_C079,0,0,0,0,0,0,0.0,0.0,Never hotspot,0,0,0,0.0,0.0,0.0,20,22,19,17,25,21.0,21.0,0.0,Never hotspot
R065_C080,0,0,0,0,0,0,0.0,0.0,Never hotspot,0,0,0,0.0,0.0,0.0,12,15,14,22,22,13.5,22.0,8.5,Never hotspot
R065_C081,0,0,0,0,0,0,0.0,0.0,Never hotspot,0,0,0,0.0,0.0,0.0,11,10,7,11,4,10.5,7.5,-3.0,Never hotspot
R065_C082,0,0,0,0,0,0,0.0,0.0,Never hotspot,0,0,0,0.0,0.0,0.0,2,3,2,6,2,2.5,4.0,1.5,Never hotspot
R065_C083,0,0,0,0,0,0,0.0,0.0,Never hotspot,0,0,0,0.0,0.0,0.0,3,10,2,2,2,6.5,2.0,-4.5,Never hotspot
R065_C084,0,0,0,0,0,0,0.0,0.0,Never hotspot,0,0,0,0.0,0.0,0.0,12,26,21,28,16,19.0,22.0,3.0,Never hotspot
R065_C085,1,1,1,1,1,5,1.0,1.0,Persistent hotspot,5,2,2,1.0,1.0,0.0,34,54,57,59,42,44.0,50.5,6.5,Persistent
R065_C086,0,0,0,0,0,0,0.0,0.0,Never hotspot,0,0,0,0.0,0.0,0.0,5,2,7,4,2,3.5,3.0,-0.5,Never hotspot
R065_C087,0,0,0,0,0,0,0.0,0.0,Never hotspot,0,0,0,0.0,0.0,0.0,1,5,4,0,1,3.0,0.5,-2.5,Never hotspot
R065_C088,0,0,0,0,0,0,0.0,0.0,Never hotspot,0,0,0,0.0,0.0,0.0,5,9,8,8,1,7.0,4.5,-2.5,Never hotspot
R065_C089,0,0,0,0,0,0,0.0,0.0,Never hotspot,0,0,0,0.0,0.0,0.0,2,3,1,7,6,2.5,6.5,4.0,Never hotspot
R065_C090,0,0,0,0,0,0,0.0,0.0,Never hotspot,0,0,0,0.0,0.0,0.0,1,0,0,0,3,0.5,1.5,1.0,Never hotspot
R065_C091,0,0,0,0,0,0,0.0,0.0,Never hotspot,0,0,0,0.0,0.0,0.0,6,13,4,9,15,9.5,12.0,2.5,Never hotspot
R065_C092,0,0,0,0,0,0,0.0,0.0,Never hotspot,0,0,0,0.0,0.0,0.0,7,8,8,7,7,7.5,7.0,-0.5,Never hotspot
R065_C093,0,0,0,0,0,0,0.0,0.0,Never hotspot,0,0,0,0.0,0.0,0.0,10,16,13,12,14,13.0,13.0,0.0,Never hotspot
R065_C100,0,0,0,0,0,0,0.0,0.0,Never hotspot,0,0,0,0.0,0.0,0.0,5,4,9,10,6,4.5,8.0,3.5,Never hotspot
R065_C101,0,0,0,0,0,0,0.0,0.0,Never hotspot,0,0,0,0.0,0.0,0.0,1,2,1,1,1,1.5,1.0,-0.5,Never hotspot
R065_C102,0,0,0,0,0,0,0.0,0.0,Never hotspot,0,0,0,0.0,0.0,0.0,4,4,4,5,1,4.0,3.0,-1.0,Never hotspot
R065_C103,0,0,0,0,0,0,0.0,0.0,Never hotspot,0,0,0,0.0,0.0,0.0,0,0,1,0,0,0.0,0.0,0.0,Never hotspot
R065_C104,0,0,0,0,0,0,0.0,0.0,Never hotspot,0,0,0,0.0,0.0,0.0,4,3,2,1,1,3.5,1.0,-2.5,Never hotspot
R065_C105,0,0,0,0,0,0,0.0,0.0,Never hotspot,0,0,0,0.0,0.0,0.0,0,2,3,2,4,1.0,3.0,2.0,Never hotspot
R065_C106,0,0,0,0,0,0,0.0,0.0,Never hotspot,0,0,0,0.0,0.0,0.0,0,1,2,1,0,0.5,0.5,0.0,Never hotspot
R065_C107,0,0,0,0,0,0,0.0,0.0,Never hotspot,0,0,0,0.0,0.0,0.0,2,0,4,3,2,1.0,2.5,1.5,Never hotspot
R065_C108,0,0,0,0,0,0,0.0,0.0,Never hotspot,0,0,0,0.0,0.0,0.0,9,8,7,11,6,8.5,8.5,0.0,Never hotspot
R065_C109,0,0,0,0,0,0,0.0,0.0,Never hotspot,0,0,0,0.0,0.0,0.0,1,3,2,2,1,2.0,1.5,-0.5,Never hotspot
R065_C110,0,0,0,0,0,0,0.0,0.0,Never hotspot,0,0,0,0.0,0.0,0.0,2,1,1,0,0,1.5,0.0,-1.5,Never hotspot
R065_C111,0,0,0,0,0,0,0.0,0.0,Never hotspot,0,0,0,0.0,0.0,0.0,5,9,8,5,4,7.0,4.5,-2.5,Never hotspot
R065_C112,0,0,0,0,0,0,0.0,0.0,Never hotspot,0,0,0,0.0,0.0,0.0,1,2,3,4,1,1.5,2.5,1.0,Never hotspot
R065_C113,0,0,0,0,0,0,0.0,0.0,Never hotspot,0,0,0,0.0,0.0,0.0,1,1,1,1,2,1.0,1.5,0.5,Never hotspot
R066_C033,0,0,0,0,0,0,0.0,0.0,Never hotspot,0,0,0,0.0,0.0,0.0,1,0,0,2,0,0.5,1.0,0.5,Never hotspot
R066_C034,0,0,0,0,0,0,0.0,0.0,Never hotspot,0,0,0,0.0,0.0,0.0,3,1,1,0,1,2.0,0.5,-1.5,Never hotspot
R066_C035,0,0,0,0,0,0,0.0,0.0,Never hotspot,0,0,0,0.0,0.0,0.0,1,0,0,0,0,0.5,0.0,-0.5,Never hotspot
R066_C036,0,0,0,0,0,0,0.0,0.0,Never hotspot,0,0,0,0.0,0.0,0.0,1,2,1,0,2,1.5,1.0,-0.5,Never hotspot
R066_C037,0,0,0,0,0,0,0.0,0.0,Never hotspot,0,0,0,0.0,0.0,0.0,2,0,0,0,0,1.0,0.0,-1.0,Never hotspot
R066_C038,0,0,0,0,0,0,0.0,0.0,Never hotspot,0,0,0,0.0,0.0,0.0,0,0,3,1,3,0.0,2.0,2.0,Never hotspot
R066_C039,0,0,0,0,0,0,0.0,0.0,Never hotspot,0,0,0,0.0,0.0,0.0,1,0,0,3,2,0.5,2.5,2.0,Never hotspot
R066_C040,0,0,0,0,0,0,0.0,0.0,Never hotspot,0,0,0,0.0,0.0,0.0,4,0,3,3,1,2.0,2.0,0.0,Never hotspot
R066_C041,0,0,0,0,0,0,0.0,0.0,Never hotspot,0,0,0,0.0,0.0,0.0,0,1,4,1,0,0.5,0.5,0.0,Never hotspot
R066_C043,0,0,0,0,0,0,0.0,0.0,Never hotspot,0,0,0,0.0,0.0,0.0,0,1,0,0,1,0.5,0.5,0.0,Never hotspot
R066_C044,0,0,0,0,0,0,0.0,0.0,Never hotspot,0,0,0,0.0,0.0,0.0,0,1,1,1,0,0.5,0.5,0.0,Never hotspot
R066_C045,0,0,0,0,0,0,0.0,0.0,Never hotspot,0,0,0,0.0,0.0,0.0,0,5,0,1,1,2.5,1.0,-1.5,Never hotspot
R066_C046,0,0,0,0,0,0,0.0,0.0,Never hotspot,0,0,0,0.0,0.0,0.0,0,1,0,0,0,0.5,0.0,-0.5,Never hotspot
R066_C047,0,0,0,0,0,0,0.0,0.0,Never hotspot,0,0,0,0.0,0.0,0.0,0,2,3,5,0,1.0,2.5,1.5,Never hotspot
R066_C048,0,0,0,0,0,0,0.0,0.0,Never hotspot,0,0,0,0.0,0.0,0.0,2,3,3,3,2,2.5,2.5,0.0,Never hotspot
R066_C049,0,0,0,0,0,0,0.0,0.0,Never hotspot,0,0,0,0.0,0.0,0.0,1,0,2,2,0,0.5,1.0,0.5,Never hotspot
R066_C050,0,0,0,0,0,0,0.0,0.0,Never hotspot,0,0,0,0.0,0.0,0.0,3,3,3,4,1,3.0,2.5,-0.5,Never hotspot
R066_C051,0,0,0,0,0,0,0.0,0.0,Never hotspot,0,0,0,0.0,0.0,0.0,7,9,5,12,4,8.0,8.0,0.0,Never hotspot
R066_C052,0,0,0,0,0,0,0.0,0.0,Never hotspot,0,0,0,0.0,0.0,0.0,11,11,9,8,5,11.0,6.5,-4.5,Never hotspot
R066_C053,0,0,0,0,0,0,0.0,0.0,Never hotspot,0,0,0,0.0,0.0,0.0,2,6,4,3,1,4.0,2.0,-2.0,Never hotspot
R066_C054,0,0,0,0,0,0,0.0,0.0,Never hotspot,0,0,0,0.0,0.0,0.0,2,3,1,5,7,2.5,6.0,3.5,Never hotspot
R066_C055,0,0,0,0,0,0,0.0,0.0,Never hotspot,0,0,0,0.0,0.0,0.0,2,3,0,2,0,2.5,1.0,-1.5,Never hotspot
R066_C056,0,0,0,0,0,0,0.0,0.0,Never hotspot,0,0,0,0.0,0.0,0.0,0,2,4,2,0,1.0,1.0,0.0,Never hotspot
R066_C057,0,0,0,0,0,0,0.0,0.0,Never hotspot,0,0,0,0.0,0.0,0.0,10,6,18,8,6,8.0,7.0,-1.0,Never hotspot
R066_C058,0,0,0,0,0,0,0.0,0.0,Never hotspot,0,0,0,0.0,0.0,0.0,4,1,1,2,2,2.5,2.0,-0.5,Never hotspot
R066_C059,0,0,0,0,0,0,0.0,0.0,Never hotspot,0,0,0,0.0,0.0,0.0,1,1,2,4,2,1.0,3.0,2.0,Never hotspot
R066_C060,0,0,0,0,0,0,0.0,0.0,Never hotspot,0,0,0,0.0,0.0,0.0,2,3,3,2,2,2.5,2.0,-0.5,Never hotspot
R066_C061,0,0,0,0,0,0,0.0,0.0,Never hotspot,0,0,0,0.0,0.0,0.0,0,3,2,0,4,1.5,2.0,0.5,Never hotspot
R066_C062,0,0,0,0,0,0,0.0,0.0,Never hotspot,0,0,0,0.0,0.0,0.0,2,0,1,3,4,1.0,3.5,2.5,Never hotspot
R066_C063,0,0,0,0,0,0,0.0,0.0,Never hotspot,0,0,0,0.0,0.0,0.0,7,9,7,6,8,8.0,7.0,-1.0,Never hotspot
R066_C064,1,1,0,1,1,4,0.8,0.8,Persistent hotspot,2,2,2,1.0,1.0,0.0,52,42,19,43,60,47.0,51.5,4.5,Persistent
R066_C065,1,1,0,1,1,4,0.8,0.8,Persistent hotspot,2,2,2,1.0,1.0,0.0,37,41,29,39,59,39.0,49.0,10.0,Persistent
R066_C066,0,0,0,0,0,0,0.0,0.0,Never hotspot,0,0,0,0.0,0.0,0.0,10,6,0,9,16,8.0,12.5,4.5,Never hotspot
R066_C067,0,0,0,0,0,0,0.0,0.0,Never hotspot,0,0,0,0.0,0.0,0.0,5,7,4,9,9,6.0,9.0,3.0,Never hotspot
R066_C068,0,0,0,0,0,0,0.0,0.0,Never hotspot,0,0,0,0.0,0.0,0.0,2,2,0,2,6,2.0,4.0,2.0,Never hotspot
R066_C069,0,0,0,0,0,0,0.0,0.0,Never hotspot,0,0,0,0.0,0.0,0.0,5,1,1,2,2,3.0,2.0,-1.0,Never hotspot
R066_C070,0,0,0,0,0,0,0.0,0.0,Never hotspot,0,0,0,0.0,0.0,0.0,1,5,7,2,1,3.0,1.5,-1.5,Never hotspot
R066_C071,0,0,0,0,0,0,0.0,0.0,Never hotspot,0,0,0,0.0,0.0,0.0,3,2,4,3,7,2.5,5.0,2.5,Never hotspot
R066_C072,0,0,0,0,0,0,0.0,0.0,Never hotspot,0,0,0,0.0,0.0,0.0,2,4,2,3,4,3.0,3.5,0.5,Never hotspot
R066_C073,0,0,0,0,0,0,0.0,0.0,Never hotspot,0,0,0,0.0,0.0,0.0,9,8,12,8,6,8.5,7.0,-1.5,Never hotspot
R066_C074,0,0,0,0,0,0,0.0,0.0,Never hotspot,0,0,0,0.0,0.0,0.0,11,17,20,20,21,14.0,20.5,6.5,Never hotspot
R066_C075,0,0,0,0,0,0,0.0,0.0,Never hotspot,0,0,0,0.0,0.0,0.0,5,9,5,10,6,7.0,8.0,1.0,Never hotspot
R066_C076,1,1,1,1,1,5,1.0,1.0,Persistent hotspot,5,2,2,1.0,1.0,0.0,56,59,68,56,55,57.5,55.5,-2.0,Persistent
R066_C077,1,1,1,1,1,5,1.0,1.0,Persistent hotspot,5,2,2,1.0,1.0,0.0,137,152,142,173,173,144.5,173.0,28.5,Persistent
R066_C078,1,1,1,1,1,5,1.0,1.0,Persistent hotspot,5,2,2,1.0,1.0,0.0,274,348,338,359,383,311.0,371.0,60.0,Persistent
R066_C079,1,1,1,1,1,5,1.0,1.0,Persistent hotspot,5,2,2,1.0,1.0,0.0,47,42,45,40,56,44.5,48.0,3.5,Persistent
R066_C080,0,0,0,0,0,0,0.0,0.0,Never hotspot,0,0,0,0.0,0.0,0.0,17,11,14,11,12,14.0,11.5,-2.5,Never hotspot
R066_C081,0,0,0,0,0,0,0.0,0.0,Never hotspot,0,0,0,0.0,0.0,0.0,9,7,2,3,4,8.0,3.5,-4.5,Never hotspot
R066_C082,0,0,0,0,0,0,0.0,0.0,Never hotspot,0,0,0,0.0,0.0,0.0,3,3,2,1,5,3.0,3.0,0.0,Never hotspot
R066_C083,0,0,0,0,0,0,0.0,0.0,Never hotspot,0,0,0,0.0,0.0,0.0,7,3,3,3,6,5.0,4.5,-0.5,Never hotspot
R066_C084,0,0,0,0,0,0,0.0,0.0,Never hotspot,0,0,0,0.0,0.0,0.0,7,8,18,8,9,7.5,8.5,1.0,Never hotspot
R066_C085,0,0,0,0,0,0,0.0,0.0,Never hotspot,0,0,0,0.0,0.0,0.0,2,4,3,4,4,3.0,4.0,1.0,Never hotspot
R066_C086,0,0,0,0,0,0,0.0,0.0,Never hotspot,0,0,0,0.0,0.0,0.0,3,0,4,4,5,1.5,4.5,3.0,Never hotspot
R066_C087,0,0,0,0,0,0,0.0,0.0,Never hotspot,0,0,0,0.0,0.0,0.0,8,6,6,3,7,7.0,5.0,-2.0,Never hotspot
R066_C088,0,0,0,0,0,0,0.0,0.0,Never hotspot,0,0,0,0.0,0.0,0.0,4,1,1,6,6,2.5,6.0,3.5,Never hotspot
R066_C089,0,0,0,0,0,0,0.0,0.0,Never hotspot,0,0,0,0.0,0.0,0.0,9,3,4,5,5,6.0,5.0,-1.0,Never hotspot
R066_C090,0,0,0,0,0,0,0.0,0.0,Never hotspot,0,0,0,0.0,0.0,0.0,4,2,2,7,6,3.0,6.5,3.5,Never hotspot
R066_C091,0,0,0,0,0,0,0.0,0.0,Never hotspot,0,0,0,0.0,0.0,0.0,5,10,4,12,5,7.5,8.5,1.0,Never hotspot
R066_C092,0,0,0,0,0,0,0.0,0.0,Never hotspot,0,0,0,0.0,0.0,0.0,5,11,14,15,20,8.0,17.5,9.5,Never hotspot
R066_C093,1,1,1,1,1,5,1.0,1.0,Persistent hotspot,5,2,2,1.0,1.0,0.0,71,67,84,119,95,69.0,107.0,38.0,Persistent
R066_C094,0,0,0,0,0,0,0.0,0.0,Never hotspot,0,0,0,0.0,0.0,0.0,2,5,5,5,5,3.5,5.0,1.5,Never hotspot
R066_C100,0,0,0,0,0,0,0.0,0.0,Never hotspot,0,0,0,0.0,0.0,0.0,4,3,2,4,4,3.5,4.0,0.5,Never hotspot
R066_C101,0,0,0,0,0,0,0.0,0.0,Never hotspot,0,0,0,0.0,0.0,0.0,0,1,2,0,0,0.5,0.0,-0.5,Never hotspot
R066_C102,0,0,0,0,0,0,0.0,0.0,Never hotspot,0,0,0,0.0,0.0,0.0,1,1,2,2,1,1.0,1.5,0.5,Never hotspot
R066_C103,0,0,0,0,0,0,0.0,0.0,Never hotspot,0,0,0,0.0,0.0,0.0,0,0,2,2,0,0.0,1.0,1.0,Never hotspot
R066_C104,0,0,0,0,0,0,0.0,0.0,Never hotspot,0,0,0,0.0,0.0,0.0,1,2,0,1,2,1.5,1.5,0.0,Never hotspot
R066_C105,0,0,0,0,0,0,0.0,0.0,Never hotspot,0,0,0,0.0,0.0,0.0,2,7,0,11,3,4.5,7.0,2.5,Never hotspot
R066_C106,0,0,0,0,0,0,0.0,0.0,Never hotspot,0,0,0,0.0,0.0,0.0,0,1,1,0,2,0.5,1.0,0.5,Never hotspot
R066_C107,0,0,0,0,0,0,0.0,0.0,Never hotspot,0,0,0,0.0,0.0,0.0,2,1,6,0,3,1.5,1.5,0.0,Never hotspot
R066_C108,0,0,0,0,0,0,0.0,0.0,Never hotspot,0,0,0,0.0,0.0,0.0,1,1,3,1,3,1.0,2.0,1.0,Never hotspot
R066_C109,0,0,0,0,0,0,0.0,0.0,Never hotspot,0,0,0,0.0,0.0,0.0,7,7,5,2,4,7.0,3.0,-4.0,Never hotspot
R066_C110,0,0,0,0,0,0,0.0,0.0,Never hotspot,0,0,0,0.0,0.0,0.0,13,8,9,14,12,10.5,13.0,2.5,Never hotspot
R066_C111,0,0,0,0,0,0,0.0,0.0,Never hotspot,0,0,0,0.0,0.0,0.0,12,5,7,14,6,8.5,10.0,1.5,Never hotspot
R066_C112,0,0,0,0,0,0,0.0,0.0,Never hotspot,0,0,0,0.0,0.0,0.0,0,0,0,0,1,0.0,0.5,0.5,Never hotspot
R067_C034,0,0,0,0,0,0,0.0,0.0,Never hotspot,0,0,0,0.0,0.0,0.0,0,1,0,0,0,0.5,0.0,-0.5,Never hotspot
R067_C035,0,0,0,0,0,0,0.0,0.0,Never hotspot,0,0,0,0.0,0.0,0.0,0,0,0,1,0,0.0,0.5,0.5,Never hotspot
R067_C036,0,0,0,0,0,0,0.0,0.0,Never hotspot,0,0,0,0.0,0.0,0.0,1,0,1,4,1,0.5,2.5,2.0,Never hotspot
R067_C038,0,0,0,0,0,0,0.0,0.0,Never hotspot,0,0,0,0.0,0.0,0.0,1,1,2,1,0,1.0,0.5,-0.5,Never hotspot
R067_C040,0,0,0,0,0,0,0.0,0.0,Never hotspot,0,0,0,0.0,0.0,0.0,1,3,0,0,1,2.0,0.5,-1.5,Never hotspot
R067_C041,0,0,0,0,0,0,0.0,0.0,Never hotspot,0,0,0,0.0,0.0,0.0,0,0,1,0,0,0.0,0.0,0.0,Never hotspot
R067_C043,0,0,0,0,0,0,0.0,0.0,Never hotspot,0,0,0,0.0,0.0,0.0,1,0,0,0,0,0.5,0.0,-0.5,Never hotspot
R067_C045,0,0,0,0,0,0,0.0,0.0,Never hotspot,0,0,0,0.0,0.0,0.0,0,1,1,0,0,0.5,0.0,-0.5,Never hotspot
R067_C046,0,0,0,0,0,0,0.0,0.0,Never hotspot,0,0,0,0.0,0.0,0.0,0,1,2,2,5,0.5,3.5,3.0,Never hotspot
R067_C047,0,0,0,0,0,0,0.0,0.0,Never hotspot,0,0,0,0.0,0.0,0.0,0,1,0,0,0,0.5,0.0,-0.5,Never hotspot
R067_C048,0,0,0,0,0,0,0.0,0.0,Never hotspot,0,0,0,0.0,0.0,0.0,1,0,0,1,2,0.5,1.5,1.0,Never hotspot
R067_C049,0,0,0,0,0,0,0.0,0.0,Never hotspot,0,0,0,0.0,0.0,0.0,0,3,0,0,2,1.5,1.0,-0.5,Never hotspot
R067_C050,0,0,0,0,0,0,0.0,0.0,Never hotspot,0,0,0,0.0,0.0,0.0,2,3,3,6,4,2.5,5.0,2.5,Never hotspot
R067_C051,0,0,0,0,0,0,0.0,0.0,Never hotspot,0,0,0,0.0,0.0,0.0,0,1,0,0,1,0.5,0.5,0.0,Never hotspot
R067_C052,0,0,0,0,0,0,0.0,0.0,Never hotspot,0,0,0,0.0,0.0,0.0,3,6,7,5,5,4.5,5.0,0.5,Never hotspot
R067_C053,0,0,0,0,0,0,0.0,0.0,Never hotspot,0,0,0,0.0,0.0,0.0,22,17,16,17,16,19.5,16.5,-3.0,Never hotspot
R067_C054,0,0,0,0,0,0,0.0,0.0,Never hotspot,0,0,0,0.0,0.0,0.0,7,10,10,7,10,8.5,8.5,0.0,Never hotspot
R067_C055,0,0,0,0,0,0,0.0,0.0,Never hotspot,0,0,0,0.0,0.0,0.0,0,0,0,1,1,0.0,1.0,1.0,Never hotspot
R067_C056,0,0,0,0,0,0,0.0,0.0,Never hotspot,0,0,0,0.0,0.0,0.0,3,2,4,2,0,2.5,1.0,-1.5,Never hotspot
R067_C057,0,0,0,0,0,0,0.0,0.0,Never hotspot,0,0,0,0.0,0.0,0.0,5,8,8,1,4,6.5,2.5,-4.0,Never hotspot
R067_C058,0,0,0,0,0,0,0.0,0.0,Never hotspot,0,0,0,0.0,0.0,0.0,0,0,1,1,1,0.0,1.0,1.0,Never hotspot
R067_C059,0,0,0,0,0,0,0.0,0.0,Never hotspot,0,0,0,0.0,0.0,0.0,1,3,5,1,5,2.0,3.0,1.0,Never hotspot
R067_C060,0,0,0,0,0,0,0.0,0.0,Never hotspot,0,0,0,0.0,0.0,0.0,4,3,8,5,4,3.5,4.5,1.0,Never hotspot
R067_C061,0,0,0,0,0,0,0.0,0.0,Never hotspot,0,0,0,0.0,0.0,0.0,2,3,0,1,3,2.5,2.0,-0.5,Never hotspot
R067_C062,0,0,0,0,0,0,0.0,0.0,Never hotspot,0,0,0,0.0,0.0,0.0,5,1,4,4,7,3.0,5.5,2.5,Never hotspot
R067_C063,0,0,0,0,0,0,0.0,0.0,Never hotspot,0,0,0,0.0,0.0,0.0,23,10,5,28,32,16.5,30.0,13.5,Never hotspot
R067_C064,1,1,1,1,1,5,1.0,1.0,Persistent hotspot,5,2,2,1.0,1.0,0.0,109,85,45,79,160,97.0,119.5,22.5,Persistent
R067_C065,0,0,0,0,1,1,0.2,0.2,Occasional hotspot,1,0,1,0.0,0.5,0.5,22,12,10,16,35,17.0,25.5,8.5,Emerging
R067_C066,0,0,0,0,0,0,0.0,0.0,Never hotspot,0,0,0,0.0,0.0,0.0,2,5,2,5,5,3.5,5.0,1.5,Never hotspot
R067_C067,0,0,0,0,0,0,0.0,0.0,Never hotspot,0,0,0,0.0,0.0,0.0,1,1,0,0,3,1.0,1.5,0.5,Never hotspot
R067_C068,0,0,0,0,0,0,0.0,0.0,Never hotspot,0,0,0,0.0,0.0,0.0,3,4,1,0,4,3.5,2.0,-1.5,Never hotspot
R067_C069,0,0,0,0,0,0,0.0,0.0,Never hotspot,0,0,0,0.0,0.0,0.0,0,0,1,2,0,0.0,1.0,1.0,Never hotspot
R067_C070,0,0,0,0,0,0,0.0,0.0,Never hotspot,0,0,0,0.0,0.0,0.0,15,11,18,20,9,13.0,14.5,1.5,Never hotspot
R067_C071,0,0,0,0,0,0,0.0,0.0,Never hotspot,0,0,0,0.0,0.0,0.0,0,3,4,2,1,1.5,1.5,0.0,Never hotspot
R067_C072,0,0,0,0,0,0,0.0,0.0,Never hotspot,0,0,0,0.0,0.0,0.0,3,7,9,4,6,5.0,5.0,0.0,Never hotspot
R067_C073,0,0,0,0,0,0,0.0,0.0,Never hotspot,0,0,0,0.0,0.0,0.0,8,9,16,11,9,8.5,10.0,1.5,Never hotspot
R067_C074,0,0,0,0,0,0,0.0,0.0,Never hotspot,0,0,0,0.0,0.0,0.0,19,20,24,15,20,19.5,17.5,-2.0,Never hotspot
R067_C075,0,0,1,0,0,1,0.2,0.2,Occasional hotspot,1,0,0,0.0,0.0,0.0,25,28,38,29,30,26.5,29.5,3.0,Intermittent
R067_C076,1,1,0,0,0,2,0.4,0.4,Repeated hotspot,2,2,0,1.0,0.0,-1.0,32,44,29,26,32,38.0,29.0,-9.0,Declining
R067_C077,1,1,1,1,1,5,1.0,1.0,Persistent hotspot,5,2,2,1.0,1.0,0.0,58,87,80,75,76,72.5,75.5,3.0,Persistent
R067_C078,1,1,1,1,1,5,1.0,1.0,Persistent hotspot,5,2,2,1.0,1.0,0.0,42,38,42,38,50,40.0,44.0,4.0,Persistent
R067_C079,0,0,0,0,0,0,0.0,0.0,Never hotspot,0,0,0,0.0,0.0,0.0,14,11,11,7,11,12.5,9.0,-3.5,Never hotspot
R067_C080,0,0,0,0,0,0,0.0,0.0,Never hotspot,0,0,0,0.0,0.0,0.0,4,7,9,3,7,5.5,5.0,-0.5,Never hotspot
R067_C081,0,0,0,0,0,0,0.0,0.0,Never hotspot,0,0,0,0.0,0.0,0.0,1,3,0,1,2,2.0,1.5,-0.5,Never hotspot
R067_C082,0,0,0,0,0,0,0.0,0.0,Never hotspot,0,0,0,0.0,0.0,0.0,1,6,3,2,4,3.5,3.0,-0.5,Never hotspot
R067_C083,0,0,0,0,0,0,0.0,0.0,Never hotspot,0,0,0,0.0,0.0,0.0,2,8,5,9,12,5.0,10.5,5.5,Never hotspot
R067_C084,0,0,0,0,0,0,0.0,0.0,Never hotspot,0,0,0,0.0,0.0,0.0,0,1,0,0,2,0.5,1.0,0.5,Never hotspot
R067_C085,0,0,0,0,0,0,0.0,0.0,Never hotspot,0,0,0,0.0,0.0,0.0,3,3,4,2,1,3.0,1.5,-1.5,Never hotspot
R067_C086,0,0,0,0,0,0,0.0,0.0,Never hotspot,0,0,0,0.0,0.0,0.0,3,5,4,5,4,4.0,4.5,0.5,Never hotspot
R067_C087,0,0,0,0,0,0,0.0,0.0,Never hotspot,0,0,0,0.0,0.0,0.0,3,2,6,3,8,2.5,5.5,3.0,Never hotspot
R067_C088,0,0,1,1,1,3,0.6,0.6,Repeated hotspot,3,0,2,0.0,1.0,1.0,30,25,38,37,40,27.5,38.5,11.0,Emerging
R067_C089,0,0,0,0,0,0,0.0,0.0,Never hotspot,0,0,0,0.0,0.0,0.0,4,1,3,2,0,2.5,1.0,-1.5,Never hotspot
R067_C090,0,0,0,0,0,0,0.0,0.0,Never hotspot,0,0,0,0.0,0.0,0.0,0,0,0,2,1,0.0,1.5,1.5,Never hotspot
R067_C092,0,0,0,0,0,0,0.0,0.0,Never hotspot,0,0,0,0.0,0.0,0.0,8,5,3,3,3,6.5,3.0,-3.5,Never hotspot
R067_C093,0,0,0,0,0,0,0.0,0.0,Never hotspot,0,0,0,0.0,0.0,0.0,8,9,10,13,9,8.5,11.0,2.5,Never hotspot
R067_C094,0,0,0,0,0,0,0.0,0.0,Never hotspot,0,0,0,0.0,0.0,0.0,3,7,5,5,9,5.0,7.0,2.0,Never hotspot
R067_C095,0,0,0,0,0,0,0.0,0.0,Never hotspot,0,0,0,0.0,0.0,0.0,2,3,1,3,2,2.5,2.5,0.0,Never hotspot
R068_C035,0,0,0,0,0,0,0.0,0.0,Never hotspot,0,0,0,0.0,0.0,0.0,1,0,1,1,1,0.5,1.0,0.5,Never hotspot
R068_C036,0,0,0,0,0,0,0.0,0.0,Never hotspot,0,0,0,0.0,0.0,0.0,4,4,2,3,1,4.0,2.0,-2.0,Never hotspot
R068_C037,0,0,0,0,0,0,0.0,0.0,Never hotspot,0,0,0,0.0,0.0,0.0,0,1,0,1,0,0.5,0.5,0.0,Never hotspot
R068_C038,0,0,0,0,0,0,0.0,0.0,Never hotspot,0,0,0,0.0,0.0,0.0,0,0,1,2,1,0.0,1.5,1.5,Never hotspot
R068_C040,0,0,0,0,0,0,0.0,0.0,Never hotspot,0,0,0,0.0,0.0,0.0,0,1,2,1,1,0.5,1.0,0.5,Never hotspot
R068_C041,0,0,0,0,0,0,0.0,0.0,Never hotspot,0,0,0,0.0,0.0,0.0,1,1,1,1,0,1.0,0.5,-0.5,Never hotspot
R068_C042,0,0,0,0,0,0,0.0,0.0,Never hotspot,0,0,0,0.0,0.0,0.0,0,0,1,0,0,0.0,0.0,0.0,Never hotspot
R068_C043,0,0,0,0,0,0,0.0,0.0,Never hotspot,0,0,0,0.0,0.0,0.0,2,3,3,0,1,2.5,0.5,-2.0,Never hotspot
R068_C044,0,0,0,0,0,0,0.0,0.0,Never hotspot,0,0,0,0.0,0.0,0.0,2,1,2,2,0,1.5,1.0,-0.5,Never hotspot
R068_C045,0,0,0,0,0,0,0.0,0.0,Never hotspot,0,0,0,0.0,0.0,0.0,1,0,0,0,0,0.5,0.0,-0.5,Never hotspot
R068_C046,0,0,0,0,0,0,0.0,0.0,Never hotspot,0,0,0,0.0,0.0,0.0,0,0,1,0,0,0.0,0.0,0.0,Never hotspot
R068_C047,0,0,0,0,0,0,0.0,0.0,Never hotspot,0,0,0,0.0,0.0,0.0,0,1,0,0,0,0.5,0.0,-0.5,Never hotspot
R068_C048,0,0,0,0,0,0,0.0,0.0,Never hotspot,0,0,0,0.0,0.0,0.0,0,2,1,0,0,1.0,0.0,-1.0,Never hotspot
R068_C049,0,0,0,0,0,0,0.0,0.0,Never hotspot,0,0,0,0.0,0.0,0.0,1,1,0,1,3,1.0,2.0,1.0,Never hotspot
R068_C050,0,0,0,0,0,0,0.0,0.0,Never hotspot,0,0,0,0.0,0.0,0.0,0,2,4,0,0,1.0,0.0,-1.0,Never hotspot
R068_C051,0,0,0,0,0,0,0.0,0.0,Never hotspot,0,0,0,0.0,0.0,0.0,2,2,4,5,0,2.0,2.5,0.5,Never hotspot
R068_C052,0,0,0,0,0,0,0.0,0.0,Never hotspot,0,0,0,0.0,0.0,0.0,6,4,12,10,5,5.0,7.5,2.5,Never hotspot
R068_C053,1,1,1,1,0,4,0.8,0.8,Persistent hotspot,4,2,1,1.0,0.5,-0.5,52,59,51,43,30,55.5,36.5,-19.0,Persistent
R068_C054,0,0,0,0,0,0,0.0,0.0,Never hotspot,0,0,0,0.0,0.0,0.0,8,10,9,5,4,9.0,4.5,-4.5,Never hotspot
R068_C055,0,0,0,0,0,0,0.0,0.0,Never hotspot,0,0,0,0.0,0.0,0.0,4,8,4,8,1,6.0,4.5,-1.5,Never hotspot
R068_C056,0,0,0,0,0,0,0.0,0.0,Never hotspot,0,0,0,0.0,0.0,0.0,4,2,3,7,4,3.0,5.5,2.5,Never hotspot
R068_C057,0,0,0,0,0,0,0.0,0.0,Never hotspot,0,0,0,0.0,0.0,0.0,2,3,0,1,3,2.5,2.0,-0.5,Never hotspot
R068_C058,0,0,0,0,0,0,0.0,0.0,Never hotspot,0,0,0,0.0,0.0,0.0,6,7,4,2,4,6.5,3.0,-3.5,Never hotspot
R068_C059,0,0,0,0,0,0,0.0,0.0,Never hotspot,0,0,0,0.0,0.0,0.0,9,11,18,7,11,10.0,9.0,-1.0,Never hotspot
R068_C060,0,1,1,1,1,4,0.8,0.8,Persistent hotspot,4,1,2,0.5,1.0,0.5,22,48,43,48,46,35.0,47.0,12.0,Persistent
R068_C061,0,0,0,0,0,0,0.0,0.0,Never hotspot,0,0,0,0.0,0.0,0.0,26,26,27,29,29,26.0,29.0,3.0,Never hotspot
R068_C062,0,0,0,0,0,0,0.0,0.0,Never hotspot,0,0,0,0.0,0.0,0.0,16,21,16,14,23,18.5,18.5,0.0,Never hotspot
R068_C063,0,0,0,0,0,0,0.0,0.0,Never hotspot,0,0,0,0.0,0.0,0.0,25,25,5,14,18,25.0,16.0,-9.0,Never hotspot
R068_C064,1,1,0,0,1,3,0.6,0.6,Repeated hotspot,2,2,1,1.0,0.5,-0.5,49,45,11,30,72,47.0,51.0,4.0,Intermittent
R068_C065,0,0,0,0,0,0,0.0,0.0,Never hotspot,0,0,0,0.0,0.0,0.0,4,5,1,8,11,4.5,9.5,5.0,Never hotspot
R068_C066,0,0,0,0,0,0,0.0,0.0,Never hotspot,0,0,0,0.0,0.0,0.0,2,6,4,5,4,4.0,4.5,0.5,Never hotspot
R068_C067,0,0,0,0,0,0,0.0,0.0,Never hotspot,0,0,0,0.0,0.0,0.0,2,1,1,0,1,1.5,0.5,-1.0,Never hotspot
R068_C068,0,0,0,0,0,0,0.0,0.0,Never hotspot,0,0,0,0.0,0.0,0.0,2,0,0,2,3,1.0,2.5,1.5,Never hotspot
R068_C069,0,0,0,0,0,0,0.0,0.0,Never hotspot,0,0,0,0.0,0.0,0.0,0,0,0,1,0,0.0,0.5,0.5,Never hotspot
R068_C070,0,0,0,0,0,0,0.0,0.0,Never hotspot,0,0,0,0.0,0.0,0.0,2,8,4,5,3,5.0,4.0,-1.0,Never hotspot
R068_C071,0,0,0,0,0,0,0.0,0.0,Never hotspot,0,0,0,0.0,0.0,0.0,4,1,2,0,3,2.5,1.5,-1.0,Never hotspot
R068_C072,0,0,0,0,0,0,0.0,0.0,Never hotspot,0,0,0,0.0,0.0,0.0,4,7,7,8,8,5.5,8.0,2.5,Never hotspot
R068_C073,0,0,0,0,0,0,0.0,0.0,Never hotspot,0,0,0,0.0,0.0,0.0,8,9,4,5,3,8.5,4.0,-4.5,Never hotspot
R068_C074,0,0,1,0,0,1,0.2,0.2,Occasional hotspot,1,0,0,0.0,0.0,0.0,26,25,44,25,13,25.5,19.0,-6.5,Intermittent
R068_C075,0,1,1,1,1,4,0.8,0.8,Persistent hotspot,4,1,2,0.5,1.0,0.5,27,45,43,36,44,36.0,40.0,4.0,Persistent
R068_C076,0,0,0,0,0,0,0.0,0.0,Never hotspot,0,0,0,0.0,0.0,0.0,24,25,24,31,12,24.5,21.5,-3.0,Never hotspot
R068_C077,0,0,0,0,0,0,0.0,0.0,Never hotspot,0,0,0,0.0,0.0,0.0,20,24,21,16,17,22.0,16.5,-5.5,Never hotspot
R068_C078,0,0,0,0,0,0,0.0,0.0,Never hotspot,0,0,0,0.0,0.0,0.0,13,8,7,10,17,10.5,13.5,3.0,Never hotspot
R068_C079,0,0,0,0,0,0,0.0,0.0,Never hotspot,0,0,0,0.0,0.0,0.0,3,8,5,10,9,5.5,9.5,4.0,Never hotspot
R068_C080,0,0,0,0,0,0,0.0,0.0,Never hotspot,0,0,0,0.0,0.0,0.0,2,5,2,5,2,3.5,3.5,0.0,Never hotspot
R068_C081,0,0,0,0,0,0,0.0,0.0,Never hotspot,0,0,0,0.0,0.0,0.0,1,3,7,9,9,2.0,9.0,7.0,Never hotspot
R068_C082,0,0,0,1,0,1,0.2,0.2,Occasional hotspot,1,0,1,0.0,0.5,0.5,31,27,31,35,29,29.0,32.0,3.0,Emerging
R068_C083,1,1,1,1,1,5,1.0,1.0,Persistent hotspot,5,2,2,1.0,1.0,0.0,32,42,37,56,40,37.0,48.0,11.0,Persistent
R068_C084,0,0,0,0,0,0,0.0,0.0,Never hotspot,0,0,0,0.0,0.0,0.0,2,7,4,1,3,4.5,2.0,-2.5,Never hotspot
R068_C085,0,0,0,0,0,0,0.0,0.0,Never hotspot,0,0,0,0.0,0.0,0.0,2,6,7,4,11,4.0,7.5,3.5,Never hotspot
R068_C086,0,0,0,0,0,0,0.0,0.0,Never hotspot,0,0,0,0.0,0.0,0.0,3,7,4,4,5,5.0,4.5,-0.5,Never hotspot
R068_C087,0,0,0,0,0,0,0.0,0.0,Never hotspot,0,0,0,0.0,0.0,0.0,5,4,5,7,10,4.5,8.5,4.0,Never hotspot
R068_C088,0,0,0,0,0,0,0.0,0.0,Never hotspot,0,0,0,0.0,0.0,0.0,1,5,6,5,6,3.0,5.5,2.5,Never hotspot
R068_C089,0,0,0,0,0,0,0.0,0.0,Never hotspot,0,0,0,0.0,0.0,0.0,7,5,6,7,3,6.0,5.0,-1.0,Never hotspot
R068_C090,0,0,0,0,0,0,0.0,0.0,Never hotspot,0,0,0,0.0,0.0,0.0,4,3,5,4,3,3.5,3.5,0.0,Never hotspot
R068_C091,0,0,0,0,0,0,0.0,0.0,Never hotspot,0,0,0,0.0,0.0,0.0,1,0,0,1,0,0.5,0.5,0.0,Never hotspot
R068_C092,0,0,0,0,0,0,0.0,0.0,Never hotspot,0,0,0,0.0,0.0,0.0,1,3,2,4,5,2.0,4.5,2.5,Never hotspot
R068_C093,0,0,0,0,0,0,0.0,0.0,Never hotspot,0,0,0,0.0,0.0,0.0,2,3,3,1,5,2.5,3.0,0.5,Never hotspot
R068_C094,0,0,0,0,0,0,0.0,0.0,Never hotspot,0,0,0,0.0,0.0,0.0,4,8,7,3,4,6.0,3.5,-2.5,Never hotspot
R068_C095,0,0,0,0,0,0,0.0,0.0,Never hotspot,0,0,0,0.0,0.0,0.0,1,3,4,5,2,2.0,3.5,1.5,Never hotspot
R068_C096,0,0,0,0,0,0,0.0,0.0,Never hotspot,0,0,0,0.0,0.0,0.0,0,1,4,3,2,0.5,2.5,2.0,Never hotspot
R069_C035,0,0,0,0,0,0,0.0,0.0,Never hotspot,0,0,0,0.0,0.0,0.0,0,0,0,0,1,0.0,0.5,0.5,Never hotspot
R069_C036,0,0,0,0,0,0,0.0,0.0,Never hotspot,0,0,0,0.0,0.0,0.0,2,3,2,3,1,2.5,2.0,-0.5,Never hotspot
R069_C037,0,0,0,0,0,0,0.0,0.0,Never hotspot,0,0,0,0.0,0.0,0.0,0,2,2,1,2,1.0,1.5,0.5,Never hotspot
R069_C038,0,0,0,0,0,0,0.0,0.0,Never hotspot,0,0,0,0.0,0.0,0.0,1,0,0,1,0,0.5,0.5,0.0,Never hotspot
R069_C039,0,0,0,0,0,0,0.0,0.0,Never hotspot,0,0,0,0.0,0.0,0.0,0,2,0,1,0,1.0,0.5,-0.5,Never hotspot
R069_C040,0,0,0,0,0,0,0.0,0.0,Never hotspot,0,0,0,0.0,0.0,0.0,0,1,0,2,0,0.5,1.0,0.5,Never hotspot
R069_C041,0,0,0,0,0,0,0.0,0.0,Never hotspot,0,0,0,0.0,0.0,0.0,1,1,0,2,0,1.0,1.0,0.0,Never hotspot
R069_C042,0,0,0,0,0,0,0.0,0.0,Never hotspot,0,0,0,0.0,0.0,0.0,3,0,6,1,2,1.5,1.5,0.0,Never hotspot
R069_C043,0,0,0,0,0,0,0.0,0.0,Never hotspot,0,0,0,0.0,0.0,0.0,0,2,2,3,0,1.0,1.5,0.5,Never hotspot
R069_C046,0,0,0,0,0,0,0.0,0.0,Never hotspot,0,0,0,0.0,0.0,0.0,0,1,1,0,0,0.5,0.0,-0.5,Never hotspot
R069_C048,0,0,0,0,0,0,0.0,0.0,Never hotspot,0,0,0,0.0,0.0,0.0,1,0,0,0,0,0.5,0.0,-0.5,Never hotspot
R069_C049,0,0,0,0,0,0,0.0,0.0,Never hotspot,0,0,0,0.0,0.0,0.0,5,7,8,7,4,6.0,5.5,-0.5,Never hotspot
R069_C050,0,0,0,0,0,0,0.0,0.0,Never hotspot,0,0,0,0.0,0.0,0.0,1,4,3,1,2,2.5,1.5,-1.0,Never hotspot
R069_C051,0,0,0,0,0,0,0.0,0.0,Never hotspot,0,0,0,0.0,0.0,0.0,2,3,2,2,2,2.5,2.0,-0.5,Never hotspot
R069_C052,0,0,0,0,0,0,0.0,0.0,Never hotspot,0,0,0,0.0,0.0,0.0,2,2,0,5,0,2.0,2.5,0.5,Never hotspot
R069_C053,0,0,0,0,0,0,0.0,0.0,Never hotspot,0,0,0,0.0,0.0,0.0,16,7,13,10,8,11.5,9.0,-2.5,Never hotspot
R069_C054,0,0,0,0,0,0,0.0,0.0,Never hotspot,0,0,0,0.0,0.0,0.0,2,4,8,4,4,3.0,4.0,1.0,Never hotspot
R069_C055,0,0,0,0,0,0,0.0,0.0,Never hotspot,0,0,0,0.0,0.0,0.0,1,0,1,1,0,0.5,0.5,0.0,Never hotspot
R069_C056,0,0,0,0,0,0,0.0,0.0,Never hotspot,0,0,0,0.0,0.0,0.0,3,5,8,5,2,4.0,3.5,-0.5,Never hotspot
R069_C057,0,0,0,0,0,0,0.0,0.0,Never hotspot,0,0,0,0.0,0.0,0.0,0,6,1,0,3,3.0,1.5,-1.5,Never hotspot
R069_C058,0,0,0,0,0,0,0.0,0.0,Never hotspot,0,0,0,0.0,0.0,0.0,2,2,10,3,4,2.0,3.5,1.5,Never hotspot
R069_C059,0,0,0,0,0,0,0.0,0.0,Never hotspot,0,0,0,0.0,0.0,0.0,3,3,2,1,0,3.0,0.5,-2.5,Never hotspot
R069_C060,1,1,0,0,1,3,0.6,0.6,Repeated hotspot,2,2,1,1.0,0.5,-0.5,40,36,31,27,36,38.0,31.5,-6.5,Intermittent
R069_C061,1,1,1,1,1,5,1.0,1.0,Persistent hotspot,5,2,2,1.0,1.0,0.0,55,55,48,47,49,55.0,48.0,-7.0,Persistent
R069_C062,0,0,0,0,0,0,0.0,0.0,Never hotspot,0,0,0,0.0,0.0,0.0,8,16,25,14,12,12.0,13.0,1.0,Never hotspot
R069_C063,0,0,0,0,0,0,0.0,0.0,Never hotspot,0,0,0,0.0,0.0,0.0,13,7,16,6,10,10.0,8.0,-2.0,Never hotspot
R069_C064,0,0,0,0,0,0,0.0,0.0,Never hotspot,0,0,0,0.0,0.0,0.0,10,7,5,15,14,8.5,14.5,6.0,Never hotspot
R069_C065,0,0,0,0,0,0,0.0,0.0,Never hotspot,0,0,0,0.0,0.0,0.0,1,1,0,1,4,1.0,2.5,1.5,Never hotspot
R069_C066,0,0,0,0,0,0,0.0,0.0,Never hotspot,0,0,0,0.0,0.0,0.0,20,5,4,13,26,12.5,19.5,7.0,Never hotspot
R069_C067,0,0,0,0,0,0,0.0,0.0,Never hotspot,0,0,0,0.0,0.0,0.0,3,1,2,5,3,2.0,4.0,2.0,Never hotspot
R069_C068,0,0,0,0,0,0,0.0,0.0,Never hotspot,0,0,0,0.0,0.0,0.0,0,2,0,1,1,1.0,1.0,0.0,Never hotspot
R069_C069,0,0,0,0,0,0,0.0,0.0,Never hotspot,0,0,0,0.0,0.0,0.0,2,0,2,3,0,1.0,1.5,0.5,Never hotspot
R069_C070,0,0,0,0,0,0,0.0,0.0,Never hotspot,0,0,0,0.0,0.0,0.0,1,1,2,5,2,1.0,3.5,2.5,Never hotspot
R069_C071,0,0,0,0,0,0,0.0,0.0,Never hotspot,0,0,0,0.0,0.0,0.0,5,0,5,3,8,2.5,5.5,3.0,Never hotspot
R069_C072,0,0,0,0,0,0,0.0,0.0,Never hotspot,0,0,0,0.0,0.0,0.0,10,13,12,18,11,11.5,14.5,3.0,Never hotspot
R069_C073,0,0,0,0,0,0,0.0,0.0,Never hotspot,0,0,0,0.0,0.0,0.0,5,11,10,7,7,8.0,7.0,-1.0,Never hotspot
R069_C074,0,0,0,0,0,0,0.0,0.0,Never hotspot,0,0,0,0.0,0.0,0.0,6,7,8,9,6,6.5,7.5,1.0,Never hotspot
R069_C075,1,0,0,0,0,1,0.2,0.2,Occasional hotspot,1,1,0,0.5,0.0,-0.5,34,33,35,28,23,33.5,25.5,-8.0,Declining
R069_C076,1,1,1,1,1,5,1.0,1.0,Persistent hotspot,5,2,2,1.0,1.0,0.0,70,73,71,70,81,71.5,75.5,4.0,Persistent
R069_C077,1,1,1,1,1,5,1.0,1.0,Persistent hotspot,5,2,2,1.0,1.0,0.0,48,43,58,68,59,45.5,63.5,18.0,Persistent
R069_C078,1,0,0,0,0,1,0.2,0.2,Occasional hotspot,1,1,0,0.5,0.0,-0.5,32,29,31,33,27,30.5,30.0,-0.5,Declining
R069_C079,0,0,0,0,0,0,0.0,0.0,Never hotspot,0,0,0,0.0,0.0,0.0,9,17,10,8,10,13.0,9.0,-4.0,Never hotspot
R069_C080,0,0,0,0,0,0,0.0,0.0,Never hotspot,0,0,0,0.0,0.0,0.0,4,4,7,12,0,4.0,6.0,2.0,Never hotspot
R069_C081,0,0,0,0,0,0,0.0,0.0,Never hotspot,0,0,0,0.0,0.0,0.0,0,5,8,2,5,2.5,3.5,1.0,Never hotspot
R069_C082,0,0,0,0,0,0,0.0,0.0,Never hotspot,0,0,0,0.0,0.0,0.0,8,7,5,7,9,7.5,8.0,0.5,Never hotspot
R069_C083,0,0,0,0,0,0,0.0,0.0,Never hotspot,0,0,0,0.0,0.0,0.0,8,21,23,25,24,14.5,24.5,10.0,Never hotspot
R069_C084,0,0,0,0,0,0,0.0,0.0,Never hotspot,0,0,0,0.0,0.0,0.0,0,1,1,2,0,0.5,1.0,0.5,Never hotspot
R069_C085,0,0,0,0,0,0,0.0,0.0,Never hotspot,0,0,0,0.0,0.0,0.0,2,1,4,3,2,1.5,2.5,1.0,Never hotspot
R069_C086,0,0,0,0,0,0,0.0,0.0,Never hotspot,0,0,0,0.0,0.0,0.0,2,2,3,2,4,2.0,3.0,1.0,Never hotspot
R069_C087,0,0,0,0,0,0,0.0,0.0,Never hotspot,0,0,0,0.0,0.0,0.0,5,4,6,8,6,4.5,7.0,2.5,Never hotspot
R069_C088,0,0,0,0,0,0,0.0,0.0,Never hotspot,0,0,0,0.0,0.0,0.0,1,2,4,7,2,1.5,4.5,3.0,Never hotspot
R069_C089,0,0,0,0,0,0,0.0,0.0,Never hotspot,0,0,0,0.0,0.0,0.0,6,3,7,4,3,4.5,3.5,-1.0,Never hotspot
R069_C090,0,0,0,0,0,0,0.0,0.0,Never hotspot,0,0,0,0.0,0.0,0.0,3,2,3,4,5,2.5,4.5,2.0,Never hotspot
R069_C091,0,0,0,0,0,0,0.0,0.0,Never hotspot,0,0,0,0.0,0.0,0.0,9,10,14,9,14,9.5,11.5,2.0,Never hotspot
R069_C092,0,0,0,0,0,0,0.0,0.0,Never hotspot,0,0,0,0.0,0.0,0.0,2,2,1,1,1,2.0,1.0,-1.0,Never hotspot
R069_C093,0,0,0,0,0,0,0.0,0.0,Never hotspot,0,0,0,0.0,0.0,0.0,4,8,3,3,8,6.0,5.5,-0.5,Never hotspot
R069_C094,0,0,0,0,0,0,0.0,0.0,Never hotspot,0,0,0,0.0,0.0,0.0,1,1,2,1,1,1.0,1.0,0.0,Never hotspot
R069_C095,0,0,0,0,0,0,0.0,0.0,Never hotspot,0,0,0,0.0,0.0,0.0,2,3,2,2,1,2.5,1.5,-1.0,Never hotspot
R069_C096,0,0,0,0,0,0,0.0,0.0,Never hotspot,0,0,0,0.0,0.0,0.0,1,3,7,4,0,2.0,2.0,0.0,Never hotspot
R069_C097,0,0,0,0,0,0,0.0,0.0,Never hotspot,0,0,0,0.0,0.0,0.0,2,1,3,2,3,1.5,2.5,1.0,Never hotspot
R069_C098,0,0,0,0,0,0,0.0,0.0,Never hotspot,0,0,0,0.0,0.0,0.0,1,1,0,0,0,1.0,0.0,-1.0,Never hotspot
R070_C036,0,0,0,0,0,0,0.0,0.0,Never hotspot,0,0,0,0.0,0.0,0.0,5,3,5,8,7,4.0,7.5,3.5,Never hotspot
R070_C037,0,0,0,0,0,0,0.0,0.0,Never hotspot,0,0,0,0.0,0.0,0.0,2,1,3,4,1,1.5,2.5,1.0,Never hotspot
R070_C038,0,0,0,0,0,0,0.0,0.0,Never hotspot,0,0,0,0.0,0.0,0.0,3,1,7,2,2,2.0,2.0,0.0,Never hotspot
R070_C039,0,0,0,0,0,0,0.0,0.0,Never hotspot,0,0,0,0.0,0.0,0.0,0,0,0,0,1,0.0,0.5,0.5,Never hotspot
R070_C042,0,0,0,0,0,0,0.0,0.0,Never hotspot,0,0,0,0.0,0.0,0.0,1,5,0,3,0,3.0,1.5,-1.5,Never hotspot
R070_C043,0,0,0,0,0,0,0.0,0.0,Never hotspot,0,0,0,0.0,0.0,0.0,2,1,1,3,0,1.5,1.5,0.0,Never hotspot
R070_C046,0,0,0,0,0,0,0.0,0.0,Never hotspot,0,0,0,0.0,0.0,0.0,2,2,2,1,1,2.0,1.0,-1.0,Never hotspot
R070_C047,0,0,0,0,0,0,0.0,0.0,Never hotspot,0,0,0,0.0,0.0,0.0,1,2,0,1,1,1.5,1.0,-0.5,Never hotspot
R070_C048,0,0,0,0,0,0,0.0,0.0,Never hotspot,0,0,0,0.0,0.0,0.0,0,1,1,2,1,0.5,1.5,1.0,Never hotspot
R070_C049,0,0,0,0,0,0,0.0,0.0,Never hotspot,0,0,0,0.0,0.0,0.0,3,2,4,1,3,2.5,2.0,-0.5,Never hotspot
R070_C050,0,0,0,0,0,0,0.0,0.0,Never hotspot,0,0,0,0.0,0.0,0.0,2,2,2,0,0,2.0,0.0,-2.0,Never hotspot
R070_C051,0,0,0,0,0,0,0.0,0.0,Never hotspot,0,0,0,0.0,0.0,0.0,9,11,11,12,8,10.0,10.0,0.0,Never hotspot
R070_C052,0,0,0,0,0,0,0.0,0.0,Never hotspot,0,0,0,0.0,0.0,0.0,9,11,21,18,13,10.0,15.5,5.5,Never hotspot
R070_C053,0,0,0,0,0,0,0.0,0.0,Never hotspot,0,0,0,0.0,0.0,0.0,7,18,14,21,8,12.5,14.5,2.0,Never hotspot
R070_C054,0,0,0,0,0,0,0.0,0.0,Never hotspot,0,0,0,0.0,0.0,0.0,16,23,13,26,15,19.5,20.5,1.0,Never hotspot
R070_C055,0,0,0,0,0,0,0.0,0.0,Never hotspot,0,0,0,0.0,0.0,0.0,6,8,8,7,9,7.0,8.0,1.0,Never hotspot
R070_C056,0,0,0,0,0,0,0.0,0.0,Never hotspot,0,0,0,0.0,0.0,0.0,7,14,5,4,7,10.5,5.5,-5.0,Never hotspot
R070_C057,0,0,0,0,0,0,0.0,0.0,Never hotspot,0,0,0,0.0,0.0,0.0,6,3,2,3,4,4.5,3.5,-1.0,Never hotspot
R070_C058,0,0,0,0,0,0,0.0,0.0,Never hotspot,0,0,0,0.0,0.0,0.0,3,8,9,2,8,5.5,5.0,-0.5,Never hotspot
R070_C059,0,0,0,0,0,0,0.0,0.0,Never hotspot,0,0,0,0.0,0.0,0.0,3,2,6,5,4,2.5,4.5,2.0,Never hotspot
R070_C060,0,0,0,0,0,0,0.0,0.0,Never hotspot,0,0,0,0.0,0.0,0.0,6,5,6,2,6,5.5,4.0,-1.5,Never hotspot
R070_C061,0,0,0,0,0,0,0.0,0.0,Never hotspot,0,0,0,0.0,0.0,0.0,10,12,15,14,13,11.0,13.5,2.5,Never hotspot
R070_C062,0,0,0,0,0,0,0.0,0.0,Never hotspot,0,0,0,0.0,0.0,0.0,16,19,27,27,19,17.5,23.0,5.5,Never hotspot
R070_C063,0,0,0,0,0,0,0.0,0.0,Never hotspot,0,0,0,0.0,0.0,0.0,9,10,7,14,12,9.5,13.0,3.5,Never hotspot
R070_C064,0,0,0,0,0,0,0.0,0.0,Never hotspot,0,0,0,0.0,0.0,0.0,17,17,29,16,19,17.0,17.5,0.5,Never hotspot
R070_C065,0,0,0,0,0,0,0.0,0.0,Never hotspot,0,0,0,0.0,0.0,0.0,2,5,3,4,6,3.5,5.0,1.5,Never hotspot
R070_C066,0,0,0,0,0,0,0.0,0.0,Never hotspot,0,0,0,0.0,0.0,0.0,0,0,0,1,0,0.0,0.5,0.5,Never hotspot
R070_C067,0,0,0,0,0,0,0.0,0.0,Never hotspot,0,0,0,0.0,0.0,0.0,2,1,1,1,3,1.5,2.0,0.5,Never hotspot
R070_C068,0,0,0,0,0,0,0.0,0.0,Never hotspot,0,0,0,0.0,0.0,0.0,0,0,1,0,2,0.0,1.0,1.0,Never hotspot
R070_C069,0,0,0,0,0,0,0.0,0.0,Never hotspot,0,0,0,0.0,0.0,0.0,4,2,2,1,4,3.0,2.5,-0.5,Never hotspot
R070_C070,0,0,0,0,0,0,0.0,0.0,Never hotspot,0,0,0,0.0,0.0,0.0,2,3,10,0,4,2.5,2.0,-0.5,Never hotspot
R070_C071,0,0,0,0,0,0,0.0,0.0,Never hotspot,0,0,0,0.0,0.0,0.0,4,4,4,3,5,4.0,4.0,0.0,Never hotspot
R070_C072,0,0,0,0,0,0,0.0,0.0,Never hotspot,0,0,0,0.0,0.0,0.0,9,9,18,24,15,9.0,19.5,10.5,Never hotspot
R070_C073,0,0,0,0,0,0,0.0,0.0,Never hotspot,0,0,0,0.0,0.0,0.0,3,12,13,9,6,7.5,7.5,0.0,Never hotspot
R070_C074,0,0,0,0,0,0,0.0,0.0,Never hotspot,0,0,0,0.0,0.0,0.0,11,12,14,13,16,11.5,14.5,3.0,Never hotspot
R070_C075,0,0,0,0,0,0,0.0,0.0,Never hotspot,0,0,0,0.0,0.0,0.0,16,12,15,17,25,14.0,21.0,7.0,Never hotspot
R070_C076,0,0,0,0,0,0,0.0,0.0,Never hotspot,0,0,0,0.0,0.0,0.0,12,10,17,19,13,11.0,16.0,5.0,Never hotspot
R070_C077,1,1,1,1,1,5,1.0,1.0,Persistent hotspot,5,2,2,1.0,1.0,0.0,91,70,98,99,78,80.5,88.5,8.0,Persistent
R070_C078,1,1,0,1,1,4,0.8,0.8,Persistent hotspot,2,2,2,1.0,1.0,0.0,34,34,32,40,53,34.0,46.5,12.5,Persistent
R070_C079,0,0,0,0,0,0,0.0,0.0,Never hotspot,0,0,0,0.0,0.0,0.0,8,8,7,8,6,8.0,7.0,-1.0,Never hotspot
R070_C080,0,0,0,0,0,0,0.0,0.0,Never hotspot,0,0,0,0.0,0.0,0.0,4,2,1,4,4,3.0,4.0,1.0,Never hotspot
R070_C081,0,0,0,0,0,0,0.0,0.0,Never hotspot,0,0,0,0.0,0.0,0.0,1,1,1,1,5,1.0,3.0,2.0,Never hotspot
R070_C082,0,0,0,0,0,0,0.0,0.0,Never hotspot,0,0,0,0.0,0.0,0.0,3,2,3,6,2,2.5,4.0,1.5,Never hotspot
R070_C083,0,0,0,0,0,0,0.0,0.0,Never hotspot,0,0,0,0.0,0.0,0.0,0,3,4,3,5,1.5,4.0,2.5,Never hotspot
R070_C084,0,0,0,0,0,0,0.0,0.0,Never hotspot,0,0,0,0.0,0.0,0.0,8,6,7,5,7,7.0,6.0,-1.0,Never hotspot
R070_C085,0,0,0,0,0,0,0.0,0.0,Never hotspot,0,0,0,0.0,0.0,0.0,6,11,10,6,9,8.5,7.5,-1.0,Never hotspot
R070_C086,0,0,0,0,0,0,0.0,0.0,Never hotspot,0,0,0,0.0,0.0,0.0,8,7,10,9,10,7.5,9.5,2.0,Never hotspot
R070_C087,0,0,0,0,0,0,0.0,0.0,Never hotspot,0,0,0,0.0,0.0,0.0,6,14,7,13,15,10.0,14.0,4.0,Never hotspot
R070_C088,0,0,0,0,0,0,0.0,0.0,Never hotspot,0,0,0,0.0,0.0,0.0,5,5,12,9,13,5.0,11.0,6.0,Never hotspot
R070_C089,0,0,0,0,0,0,0.0,0.0,Never hotspot,0,0,0,0.0,0.0,0.0,2,1,0,0,3,1.5,1.5,0.0,Never hotspot
R070_C090,0,0,0,0,0,0,0.0,0.0,Never hotspot,0,0,0,0.0,0.0,0.0,4,7,5,6,9,5.5,7.5,2.0,Never hotspot
R070_C091,0,0,0,0,0,0,0.0,0.0,Never hotspot,0,0,0,0.0,0.0,0.0,3,4,11,4,2,3.5,3.0,-0.5,Never hotspot
R070_C092,0,0,0,0,0,0,0.0,0.0,Never hotspot,0,0,0,0.0,0.0,0.0,1,4,4,5,3,2.5,4.0,1.5,Never hotspot
R070_C093,0,0,0,0,0,0,0.0,0.0,Never hotspot,0,0,0,0.0,0.0,0.0,4,2,2,4,3,3.0,3.5,0.5,Never hotspot
R070_C094,0,0,0,0,0,0,0.0,0.0,Never hotspot,0,0,0,0.0,0.0,0.0,4,4,4,0,3,4.0,1.5,-2.5,Never hotspot
R070_C095,0,0,0,0,0,0,0.0,0.0,Never hotspot,0,0,0,0.0,0.0,0.0,1,2,2,1,1,1.5,1.0,-0.5,Never hotspot
R070_C096,0,0,0,0,0,0,0.0,0.0,Never hotspot,0,0,0,0.0,0.0,0.0,1,1,2,2,2,1.0,2.0,1.0,Never hotspot
R070_C097,0,0,0,0,0,0,0.0,0.0,Never hotspot,0,0,0,0.0,0.0,0.0,9,11,12,15,11,10.0,13.0,3.0,Never hotspot
R070_C098,0,0,0,1,1,2,0.4,0.4,Repeated hotspot,2,0,2,0.0,1.0,1.0,29,32,35,41,59,30.5,50.0,19.5,Emerging
R071_C034,0,0,0,0,0,0,0.0,0.0,Never hotspot,0,0,0,0.0,0.0,0.0,0,1,0,1,0,0.5,0.5,0.0,Never hotspot
R071_C035,0,0,0,0,0,0,0.0,0.0,Never hotspot,0,0,0,0.0,0.0,0.0,1,1,1,1,0,1.0,0.5,-0.5,Never hotspot
R071_C036,0,0,0,0,0,0,0.0,0.0,Never hotspot,0,0,0,0.0,0.0,0.0,2,1,2,0,2,1.5,1.0,-0.5,Never hotspot
R071_C037,0,0,0,0,0,0,0.0,0.0,Never hotspot,0,0,0,0.0,0.0,0.0,6,3,6,6,4,4.5,5.0,0.5,Never hotspot
R071_C038,0,0,0,0,0,0,0.0,0.0,Never hotspot,0,0,0,0.0,0.0,0.0,4,3,8,4,5,3.5,4.5,1.0,Never hotspot
R071_C039,0,0,0,0,0,0,0.0,0.0,Never hotspot,0,0,0,0.0,0.0,0.0,6,5,7,5,2,5.5,3.5,-2.0,Never hotspot
R071_C042,0,0,0,0,0,0,0.0,0.0,Never hotspot,0,0,0,0.0,0.0,0.0,1,6,2,1,0,3.5,0.5,-3.0,Never hotspot
R071_C044,0,0,0,0,0,0,0.0,0.0,Never hotspot,0,0,0,0.0,0.0,0.0,0,2,2,0,4,1.0,2.0,1.0,Never hotspot
R071_C045,0,0,0,0,0,0,0.0,0.0,Never hotspot,0,0,0,0.0,0.0,0.0,2,1,0,1,0,1.5,0.5,-1.0,Never hotspot
R071_C046,0,0,0,0,0,0,0.0,0.0,Never hotspot,0,0,0,0.0,0.0,0.0,0,0,0,0,1,0.0,0.5,0.5,Never hotspot
R071_C047,0,0,0,0,0,0,0.0,0.0,Never hotspot,0,0,0,0.0,0.0,0.0,3,4,4,3,1,3.5,2.0,-1.5,Never hotspot
R071_C048,0,0,0,0,0,0,0.0,0.0,Never hotspot,0,0,0,0.0,0.0,0.0,6,5,3,8,4,5.5,6.0,0.5,Never hotspot
R071_C049,0,0,0,0,0,0,0.0,0.0,Never hotspot,0,0,0,0.0,0.0,0.0,1,1,0,0,0,1.0,0.0,-1.0,Never hotspot
R071_C050,0,0,0,0,0,0,0.0,0.0,Never hotspot,0,0,0,0.0,0.0,0.0,0,1,1,1,1,0.5,1.0,0.5,Never hotspot
R071_C051,0,0,0,0,0,0,0.0,0.0,Never hotspot,0,0,0,0.0,0.0,0.0,12,3,9,8,4,7.5,6.0,-1.5,Never hotspot
R071_C052,0,0,0,0,0,0,0.0,0.0,Never hotspot,0,0,0,0.0,0.0,0.0,15,16,13,22,11,15.5,16.5,1.0,Never hotspot
R071_C053,0,0,0,0,0,0,0.0,0.0,Never hotspot,0,0,0,0.0,0.0,0.0,19,19,14,22,22,19.0,22.0,3.0,Never hotspot
R071_C054,0,1,0,0,0,1,0.2,0.2,Occasional hotspot,1,1,0,0.5,0.0,-0.5,26,34,35,30,18,30.0,24.0,-6.0,Declining
R071_C055,1,1,1,1,1,5,1.0,1.0,Persistent hotspot,5,2,2,1.0,1.0,0.0,82,73,82,87,83,77.5,85.0,7.5,Persistent
R071_C056,0,0,0,0,0,0,0.0,0.0,Never hotspot,0,0,0,0.0,0.0,0.0,7,3,11,5,1,5.0,3.0,-2.0,Never hotspot
R071_C057,0,0,0,0,0,0,0.0,0.0,Never hotspot,0,0,0,0.0,0.0,0.0,5,6,7,11,13,5.5,12.0,6.5,Never hotspot
R071_C058,0,0,0,0,0,0,0.0,0.0,Never hotspot,0,0,0,0.0,0.0,0.0,10,7,8,10,12,8.5,11.0,2.5,Never hotspot
R071_C059,0,0,0,0,0,0,0.0,0.0,Never hotspot,0,0,0,0.0,0.0,0.0,12,16,17,20,15,14.0,17.5,3.5,Never hotspot
R071_C060,0,0,0,0,0,0,0.0,0.0,Never hotspot,0,0,0,0.0,0.0,0.0,19,26,25,34,30,22.5,32.0,9.5,Never hotspot
R071_C061,0,0,0,0,0,0,0.0,0.0,Never hotspot,0,0,0,0.0,0.0,0.0,15,24,22,18,19,19.5,18.5,-1.0,Never hotspot
R071_C062,0,0,0,0,0,0,0.0,0.0,Never hotspot,0,0,0,0.0,0.0,0.0,8,14,12,5,14,11.0,9.5,-1.5,Never hotspot
R071_C063,0,0,0,0,0,0,0.0,0.0,Never hotspot,0,0,0,0.0,0.0,0.0,3,4,3,7,1,3.5,4.0,0.5,Never hotspot
R071_C064,0,0,0,0,0,0,0.0,0.0,Never hotspot,0,0,0,0.0,0.0,0.0,8,5,5,8,5,6.5,6.5,0.0,Never hotspot
R071_C065,0,0,0,0,0,0,0.0,0.0,Never hotspot,0,0,0,0.0,0.0,0.0,5,2,0,3,2,3.5,2.5,-1.0,Never hotspot
R071_C066,0,0,0,0,0,0,0.0,0.0,Never hotspot,0,0,0,0.0,0.0,0.0,1,1,3,1,1,1.0,1.0,0.0,Never hotspot
R071_C067,0,0,0,0,0,0,0.0,0.0,Never hotspot,0,0,0,0.0,0.0,0.0,1,3,0,0,1,2.0,0.5,-1.5,Never hotspot
R071_C068,0,0,0,0,0,0,0.0,0.0,Never hotspot,0,0,0,0.0,0.0,0.0,4,0,7,2,3,2.0,2.5,0.5,Never hotspot
R071_C069,0,0,0,0,0,0,0.0,0.0,Never hotspot,0,0,0,0.0,0.0,0.0,1,4,7,8,4,2.5,6.0,3.5,Never hotspot
R071_C070,0,0,0,0,0,0,0.0,0.0,Never hotspot,0,0,0,0.0,0.0,0.0,0,5,1,2,5,2.5,3.5,1.0,Never hotspot
R071_C071,0,0,0,0,0,0,0.0,0.0,Never hotspot,0,0,0,0.0,0.0,0.0,7,9,5,10,8,8.0,9.0,1.0,Never hotspot
R071_C072,0,0,0,0,0,0,0.0,0.0,Never hotspot,0,0,0,0.0,0.0,0.0,8,5,5,5,7,6.5,6.0,-0.5,Never hotspot
R071_C073,0,0,0,0,0,0,0.0,0.0,Never hotspot,0,0,0,0.0,0.0,0.0,8,5,8,14,8,6.5,11.0,4.5,Never hotspot
R071_C074,0,0,0,0,1,1,0.2,0.2,Occasional hotspot,1,0,1,0.0,0.5,0.5,25,29,35,24,35,27.0,29.5,2.5,Emerging
R071_C075,0,0,0,0,0,0,0.0,0.0,Never hotspot,0,0,0,0.0,0.0,0.0,19,20,29,16,22,19.5,19.0,-0.5,Never hotspot
R071_C076,0,1,1,0,0,2,0.4,0.4,Repeated hotspot,2,1,0,0.5,0.0,-0.5,25,39,36,23,24,32.0,23.5,-8.5,Declining
R071_C077,0,0,0,0,0,0,0.0,0.0,Never hotspot,0,0,0,0.0,0.0,0.0,19,14,25,15,18,16.5,16.5,0.0,Never hotspot
R071_C078,0,0,0,0,0,0,0.0,0.0,Never hotspot,0,0,0,0.0,0.0,0.0,13,14,18,22,16,13.5,19.0,5.5,Never hotspot
R071_C079,0,0,0,0,0,0,0.0,0.0,Never hotspot,0,0,0,0.0,0.0,0.0,13,10,10,9,7,11.5,8.0,-3.5,Never hotspot
R071_C080,0,0,0,0,0,0,0.0,0.0,Never hotspot,0,0,0,0.0,0.0,0.0,9,17,18,16,15,13.0,15.5,2.5,Never hotspot
R071_C081,0,0,0,0,0,0,0.0,0.0,Never hotspot,0,0,0,0.0,0.0,0.0,0,1,2,1,1,0.5,1.0,0.5,Never hotspot
R071_C082,0,0,0,0,0,0,0.0,0.0,Never hotspot,0,0,0,0.0,0.0,0.0,2,5,5,4,2,3.5,3.0,-0.5,Never hotspot
R071_C083,0,0,0,0,0,0,0.0,0.0,Never hotspot,0,0,0,0.0,0.0,0.0,3,3,1,1,0,3.0,0.5,-2.5,Never hotspot
R071_C084,0,0,0,0,0,0,0.0,0.0,Never hotspot,0,0,0,0.0,0.0,0.0,2,2,5,0,2,2.0,1.0,-1.0,Never hotspot
R071_C085,1,1,1,1,1,5,1.0,1.0,Persistent hotspot,5,2,2,1.0,1.0,0.0,43,62,46,47,43,52.5,45.0,-7.5,Persistent
R071_C086,1,1,1,1,1,5,1.0,1.0,Persistent hotspot,5,2,2,1.0,1.0,0.0,54,55,56,61,61,54.5,61.0,6.5,Persistent
R071_C087,0,0,0,0,0,0,0.0,0.0,Never hotspot,0,0,0,0.0,0.0,0.0,10,7,8,9,17,8.5,13.0,4.5,Never hotspot
R071_C088,0,0,0,0,0,0,0.0,0.0,Never hotspot,0,0,0,0.0,0.0,0.0,2,0,2,2,3,1.0,2.5,1.5,Never hotspot
R071_C089,0,0,0,0,0,0,0.0,0.0,Never hotspot,0,0,0,0.0,0.0,0.0,2,4,2,6,1,3.0,3.5,0.5,Never hotspot
R071_C090,0,0,0,0,0,0,0.0,0.0,Never hotspot,0,0,0,0.0,0.0,0.0,0,0,2,1,0,0.0,0.5,0.5,Never hotspot
R071_C091,0,0,0,0,0,0,0.0,0.0,Never hotspot,0,0,0,0.0,0.0,0.0,0,3,2,2,0,1.5,1.0,-0.5,Never hotspot
R071_C092,0,0,0,0,0,0,0.0,0.0,Never hotspot,0,0,0,0.0,0.0,0.0,6,14,7,11,12,10.0,11.5,1.5,Never hotspot
R071_C093,0,0,0,0,0,0,0.0,0.0,Never hotspot,0,0,0,0.0,0.0,0.0,4,2,1,6,1,3.0,3.5,0.5,Never hotspot
R071_C094,0,0,0,0,0,0,0.0,0.0,Never hotspot,0,0,0,0.0,0.0,0.0,3,8,3,2,6,5.5,4.0,-1.5,Never hotspot
R071_C095,0,0,0,0,0,0,0.0,0.0,Never hotspot,0,0,0,0.0,0.0,0.0,8,13,15,15,16,10.5,15.5,5.0,Never hotspot
R071_C096,0,0,0,0,0,0,0.0,0.0,Never hotspot,0,0,0,0.0,0.0,0.0,3,9,15,6,10,6.0,8.0,2.0,Never hotspot
R071_C097,0,0,0,0,0,0,0.0,0.0,Never hotspot,0,0,0,0.0,0.0,0.0,3,7,10,9,6,5.0,7.5,2.5,Never hotspot
R071_C098,0,0,0,0,0,0,0.0,0.0,Never hotspot,0,0,0,0.0,0.0,0.0,10,16,18,17,18,13.0,17.5,4.5,Never hotspot
R072_C033,0,0,0,0,0,0,0.0,0.0,Never hotspot,0,0,0,0.0,0.0,0.0,0,1,0,2,0,0.5,1.0,0.5,Never hotspot
R072_C034,0,0,0,0,0,0,0.0,0.0,Never hotspot,0,0,0,0.0,0.0,0.0,1,1,0,0,0,1.0,0.0,-1.0,Never hotspot
R072_C035,0,0,0,0,0,0,0.0,0.0,Never hotspot,0,0,0,0.0,0.0,0.0,1,3,2,1,2,2.0,1.5,-0.5,Never hotspot
R072_C036,0,0,0,0,0,0,0.0,0.0,Never hotspot,0,0,0,0.0,0.0,0.0,2,1,4,2,1,1.5,1.5,0.0,Never hotspot
R072_C037,0,0,0,0,0,0,0.0,0.0,Never hotspot,0,0,0,0.0,0.0,0.0,6,8,8,8,6,7.0,7.0,0.0,Never hotspot
R072_C038,0,0,0,0,0,0,0.0,0.0,Never hotspot,0,0,0,0.0,0.0,0.0,15,12,21,19,9,13.5,14.0,0.5,Never hotspot
R072_C039,0,0,0,0,0,0,0.0,0.0,Never hotspot,0,0,0,0.0,0.0,0.0,3,0,0,1,0,1.5,0.5,-1.0,Never hotspot
R072_C040,0,0,0,0,0,0,0.0,0.0,Never hotspot,0,0,0,0.0,0.0,0.0,1,2,0,0,3,1.5,1.5,0.0,Never hotspot
R072_C042,0,0,0,0,0,0,0.0,0.0,Never hotspot,0,0,0,0.0,0.0,0.0,3,4,2,1,0,3.5,0.5,-3.0,Never hotspot
R072_C043,0,0,0,0,0,0,0.0,0.0,Never hotspot,0,0,0,0.0,0.0,0.0,1,4,2,1,1,2.5,1.0,-1.5,Never hotspot
R072_C044,0,0,0,0,0,0,0.0,0.0,Never hotspot,0,0,0,0.0,0.0,0.0,0,1,0,0,0,0.5,0.0,-0.5,Never hotspot
R072_C045,0,0,0,0,0,0,0.0,0.0,Never hotspot,0,0,0,0.0,0.0,0.0,2,3,4,1,4,2.5,2.5,0.0,Never hotspot
R072_C046,0,0,0,0,0,0,0.0,0.0,Never hotspot,0,0,0,0.0,0.0,0.0,1,0,2,1,0,0.5,0.5,0.0,Never hotspot
R072_C047,0,0,0,0,0,0,0.0,0.0,Never hotspot,0,0,0,0.0,0.0,0.0,7,6,6,8,6,6.5,7.0,0.5,Never hotspot
R072_C048,0,0,0,0,0,0,0.0,0.0,Never hotspot,0,0,0,0.0,0.0,0.0,1,1,2,2,1,1.0,1.5,0.5,Never hotspot
R072_C049,0,0,0,0,0,0,0.0,0.0,Never hotspot,0,0,0,0.0,0.0,0.0,1,2,2,3,1,1.5,2.0,0.5,Never hotspot
R072_C050,0,0,0,0,0,0,0.0,0.0,Never hotspot,0,0,0,0.0,0.0,0.0,4,2,6,5,2,3.0,3.5,0.5,Never hotspot
R072_C051,0,0,0,0,0,0,0.0,0.0,Never hotspot,0,0,0,0.0,0.0,0.0,15,20,13,24,18,17.5,21.0,3.5,Never hotspot
R072_C052,0,0,0,0,0,0,0.0,0.0,Never hotspot,0,0,0,0.0,0.0,0.0,8,7,8,7,2,7.5,4.5,-3.0,Never hotspot
R072_C053,0,0,0,0,0,0,0.0,0.0,Never hotspot,0,0,0,0.0,0.0,0.0,21,11,5,6,16,16.0,11.0,-5.0,Never hotspot
R072_C054,0,0,0,0,0,0,0.0,0.0,Never hotspot,0,0,0,0.0,0.0,0.0,21,24,28,18,22,22.5,20.0,-2.5,Never hotspot
R072_C055,0,0,0,0,0,0,0.0,0.0,Never hotspot,0,0,0,0.0,0.0,0.0,10,22,24,17,20,16.0,18.5,2.5,Never hotspot
R072_C056,0,0,0,0,0,0,0.0,0.0,Never hotspot,0,0,0,0.0,0.0,0.0,8,12,17,5,13,10.0,9.0,-1.0,Never hotspot
R072_C057,0,0,0,0,0,0,0.0,0.0,Never hotspot,0,0,0,0.0,0.0,0.0,3,4,7,4,5,3.5,4.5,1.0,Never hotspot
R072_C058,0,0,0,0,0,0,0.0,0.0,Never hotspot,0,0,0,0.0,0.0,0.0,2,9,8,7,13,5.5,10.0,4.5,Never hotspot
R072_C059,0,0,0,0,0,0,0.0,0.0,Never hotspot,0,0,0,0.0,0.0,0.0,17,21,19,17,28,19.0,22.5,3.5,Never hotspot
R072_C060,1,0,1,0,0,2,0.4,0.4,Repeated hotspot,1,1,0,0.5,0.0,-0.5,35,30,52,32,32,32.5,32.0,-0.5,Declining
R072_C061,0,0,0,0,0,0,0.0,0.0,Never hotspot,0,0,0,0.0,0.0,0.0,3,7,13,2,10,5.0,6.0,1.0,Never hotspot
R072_C062,0,0,0,0,0,0,0.0,0.0,Never hotspot,0,0,0,0.0,0.0,0.0,3,7,7,4,2,5.0,3.0,-2.0,Never hotspot
R072_C063,0,0,0,0,0,0,0.0,0.0,Never hotspot,0,0,0,0.0,0.0,0.0,8,7,7,4,7,7.5,5.5,-2.0,Never hotspot
R072_C064,0,0,0,0,0,0,0.0,0.0,Never hotspot,0,0,0,0.0,0.0,0.0,10,12,17,6,6,11.0,6.0,-5.0,Never hotspot
R072_C065,0,1,1,1,1,4,0.8,0.8,Persistent hotspot,4,1,2,0.5,1.0,0.5,29,49,48,37,39,39.0,38.0,-1.0,Persistent
R072_C066,0,0,0,0,0,0,0.0,0.0,Never hotspot,0,0,0,0.0,0.0,0.0,8,2,4,3,3,5.0,3.0,-2.0,Never hotspot
R072_C067,0,0,0,0,0,0,0.0,0.0,Never hotspot,0,0,0,0.0,0.0,0.0,3,9,13,3,13,6.0,8.0,2.0,Never hotspot
R072_C068,0,1,0,0,0,1,0.2,0.2,Occasional hotspot,1,1,0,0.5,0.0,-0.5,16,40,26,20,22,28.0,21.0,-7.0,Declining
R072_C069,0,0,0,0,0,0,0.0,0.0,Never hotspot,0,0,0,0.0,0.0,0.0,6,6,4,2,2,6.0,2.0,-4.0,Never hotspot
R072_C070,0,0,0,0,0,0,0.0,0.0,Never hotspot,0,0,0,0.0,0.0,0.0,3,0,3,3,3,1.5,3.0,1.5,Never hotspot
R072_C071,0,0,0,0,0,0,0.0,0.0,Never hotspot,0,0,0,0.0,0.0,0.0,6,10,3,11,2,8.0,6.5,-1.5,Never hotspot
R072_C072,0,0,0,0,0,0,0.0,0.0,Never hotspot,0,0,0,0.0,0.0,0.0,7,2,16,9,9,4.5,9.0,4.5,Never hotspot
R072_C073,0,0,0,0,0,0,0.0,0.0,Never hotspot,0,0,0,0.0,0.0,0.0,5,4,4,9,11,4.5,10.0,5.5,Never hotspot
R072_C074,1,1,1,1,1,5,1.0,1.0,Persistent hotspot,5,2,2,1.0,1.0,0.0,56,96,101,104,73,76.0,88.5,12.5,Persistent
R072_C075,0,1,1,1,1,4,0.8,0.8,Persistent hotspot,4,1,2,0.5,1.0,0.5,30,40,38,43,40,35.0,41.5,6.5,Persistent
R072_C076,0,0,0,0,0,0,0.0,0.0,Never hotspot,0,0,0,0.0,0.0,0.0,15,12,16,20,20,13.5,20.0,6.5,Never hotspot
R072_C077,0,0,0,0,0,0,0.0,0.0,Never hotspot,0,0,0,0.0,0.0,0.0,9,11,16,9,6,10.0,7.5,-2.5,Never hotspot
R072_C078,0,0,0,0,0,0,0.0,0.0,Never hotspot,0,0,0,0.0,0.0,0.0,4,11,5,5,9,7.5,7.0,-0.5,Never hotspot
R072_C079,0,0,0,0,0,0,0.0,0.0,Never hotspot,0,0,0,0.0,0.0,0.0,1,7,6,4,3,4.0,3.5,-0.5,Never hotspot
R072_C080,0,0,0,0,0,0,0.0,0.0,Never hotspot,0,0,0,0.0,0.0,0.0,5,4,2,0,6,4.5,3.0,-1.5,Never hotspot
R072_C081,0,0,0,0,0,0,0.0,0.0,Never hotspot,0,0,0,0.0,0.0,0.0,7,7,7,18,12,7.0,15.0,8.0,Never hotspot
R072_C082,0,0,0,0,0,0,0.0,0.0,Never hotspot,0,0,0,0.0,0.0,0.0,2,1,1,0,2,1.5,1.0,-0.5,Never hotspot
R072_C083,0,0,0,0,0,0,0.0,0.0,Never hotspot,0,0,0,0.0,0.0,0.0,2,9,4,2,2,5.5,2.0,-3.5,Never hotspot
R072_C084,0,0,0,0,0,0,0.0,0.0,Never hotspot,0,0,0,0.0,0.0,0.0,2,5,5,8,5,3.5,6.5,3.0,Never hotspot
R072_C085,0,0,0,0,0,0,0.0,0.0,Never hotspot,0,0,0,0.0,0.0,0.0,16,7,10,19,17,11.5,18.0,6.5,Never hotspot
R072_C086,1,1,1,1,1,5,1.0,1.0,Persistent hotspot,5,2,2,1.0,1.0,0.0,119,107,129,120,119,113.0,119.5,6.5,Persistent
R072_C087,0,0,0,0,0,0,0.0,0.0,Never hotspot,0,0,0,0.0,0.0,0.0,15,17,17,16,22,16.0,19.0,3.0,Never hotspot
R072_C088,0,0,0,0,0,0,0.0,0.0,Never hotspot,0,0,0,0.0,0.0,0.0,2,0,0,0,0,1.0,0.0,-1.0,Never hotspot
R072_C089,0,0,0,0,0,0,0.0,0.0,Never hotspot,0,0,0,0.0,0.0,0.0,2,2,1,1,2,2.0,1.5,-0.5,Never hotspot
R072_C090,0,0,0,0,0,0,0.0,0.0,Never hotspot,0,0,0,0.0,0.0,0.0,1,2,2,1,0,1.5,0.5,-1.0,Never hotspot
R072_C091,0,0,0,0,0,0,0.0,0.0,Never hotspot,0,0,0,0.0,0.0,0.0,5,4,2,6,6,4.5,6.0,1.5,Never hotspot
R072_C092,0,0,0,0,0,0,0.0,0.0,Never hotspot,0,0,0,0.0,0.0,0.0,1,3,3,2,2,2.0,2.0,0.0,Never hotspot
R072_C093,0,0,0,0,0,0,0.0,0.0,Never hotspot,0,0,0,0.0,0.0,0.0,1,0,0,1,1,0.5,1.0,0.5,Never hotspot
R072_C094,0,0,0,0,0,0,0.0,0.0,Never hotspot,0,0,0,0.0,0.0,0.0,1,1,0,0,0,1.0,0.0,-1.0,Never hotspot
R072_C095,0,0,0,0,0,0,0.0,0.0,Never hotspot,0,0,0,0.0,0.0,0.0,6,2,4,3,8,4.0,5.5,1.5,Never hotspot
R072_C096,0,0,0,0,0,0,0.0,0.0,Never hotspot,0,0,0,0.0,0.0,0.0,2,2,3,1,0,2.0,0.5,-1.5,Never hotspot
R072_C097,0,0,0,0,0,0,0.0,0.0,Never hotspot,0,0,0,0.0,0.0,0.0,3,3,11,7,4,3.0,5.5,2.5,Never hotspot
R072_C098,0,0,0,0,0,0,0.0,0.0,Never hotspot,0,0,0,0.0,0.0,0.0,5,5,4,5,4,5.0,4.5,-0.5,Never hotspot
R073_C031,0,0,0,0,0,0,0.0,0.0,Never hotspot,0,0,0,0.0,0.0,0.0,0,0,1,0,0,0.0,0.0,0.0,Never hotspot
R073_C032,0,0,0,0,0,0,0.0,0.0,Never hotspot,0,0,0,0.0,0.0,0.0,2,3,1,2,4,2.5,3.0,0.5,Never hotspot
R073_C033,0,0,0,0,0,0,0.0,0.0,Never hotspot,0,0,0,0.0,0.0,0.0,2,3,1,2,2,2.5,2.0,-0.5,Never hotspot
R073_C034,0,0,0,0,0,0,0.0,0.0,Never hotspot,0,0,0,0.0,0.0,0.0,4,0,2,1,4,2.0,2.5,0.5,Never hotspot
R073_C035,0,0,0,0,0,0,0.0,0.0,Never hotspot,0,0,0,0.0,0.0,0.0,2,4,1,3,1,3.0,2.0,-1.0,Never hotspot
R073_C036,0,0,0,0,0,0,0.0,0.0,Never hotspot,0,0,0,0.0,0.0,0.0,1,4,3,4,2,2.5,3.0,0.5,Never hotspot
R073_C037,0,0,0,0,0,0,0.0,0.0,Never hotspot,0,0,0,0.0,0.0,0.0,0,1,2,3,1,0.5,2.0,1.5,Never hotspot
R073_C038,0,0,0,0,0,0,0.0,0.0,Never hotspot,0,0,0,0.0,0.0,0.0,1,1,0,0,2,1.0,1.0,0.0,Never hotspot
R073_C039,0,0,0,0,0,0,0.0,0.0,Never hotspot,0,0,0,0.0,0.0,0.0,1,2,3,2,4,1.5,3.0,1.5,Never hotspot
R073_C040,0,0,0,0,0,0,0.0,0.0,Never hotspot,0,0,0,0.0,0.0,0.0,2,0,1,3,3,1.0,3.0,2.0,Never hotspot
R073_C041,0,0,0,0,0,0,0.0,0.0,Never hotspot,0,0,0,0.0,0.0,0.0,5,3,6,5,2,4.0,3.5,-0.5,Never hotspot
R073_C042,0,0,0,0,0,0,0.0,0.0,Never hotspot,0,0,0,0.0,0.0,0.0,5,10,10,10,9,7.5,9.5,2.0,Never hotspot
R073_C043,0,0,0,0,0,0,0.0,0.0,Never hotspot,0,0,0,0.0,0.0,0.0,16,26,18,17,10,21.0,13.5,-7.5,Never hotspot
R073_C044,0,0,0,0,0,0,0.0,0.0,Never hotspot,0,0,0,0.0,0.0,0.0,8,13,9,8,11,10.5,9.5,-1.0,Never hotspot
R073_C045,0,0,0,0,0,0,0.0,0.0,Never hotspot,0,0,0,0.0,0.0,0.0,13,8,12,11,4,10.5,7.5,-3.0,Never hotspot
R073_C046,0,0,0,0,0,0,0.0,0.0,Never hotspot,0,0,0,0.0,0.0,0.0,13,9,19,12,6,11.0,9.0,-2.0,Never hotspot
R073_C047,0,0,0,0,0,0,0.0,0.0,Never hotspot,0,0,0,0.0,0.0,0.0,7,3,9,9,5,5.0,7.0,2.0,Never hotspot
R073_C048,0,0,0,0,0,0,0.0,0.0,Never hotspot,0,0,0,0.0,0.0,0.0,4,3,4,4,6,3.5,5.0,1.5,Never hotspot
R073_C049,0,0,0,0,0,0,0.0,0.0,Never hotspot,0,0,0,0.0,0.0,0.0,7,6,2,3,4,6.5,3.5,-3.0,Never hotspot
R073_C050,0,0,0,0,0,0,0.0,0.0,Never hotspot,0,0,0,0.0,0.0,0.0,7,13,11,13,5,10.0,9.0,-1.0,Never hotspot
R073_C051,0,0,0,0,0,0,0.0,0.0,Never hotspot,0,0,0,0.0,0.0,0.0,2,3,4,5,0,2.5,2.5,0.0,Never hotspot
R073_C052,0,0,0,0,0,0,0.0,0.0,Never hotspot,0,0,0,0.0,0.0,0.0,6,8,10,12,9,7.0,10.5,3.5,Never hotspot
R073_C053,0,0,0,0,0,0,0.0,0.0,Never hotspot,0,0,0,0.0,0.0,0.0,13,16,12,17,13,14.5,15.0,0.5,Never hotspot
R073_C054,1,1,1,1,1,5,1.0,1.0,Persistent hotspot,5,2,2,1.0,1.0,0.0,42,61,56,52,40,51.5,46.0,-5.5,Persistent
R073_C055,0,0,0,0,0,0,0.0,0.0,Never hotspot,0,0,0,0.0,0.0,0.0,11,18,20,16,24,14.5,20.0,5.5,Never hotspot
R073_C056,0,0,0,0,0,0,0.0,0.0,Never hotspot,0,0,0,0.0,0.0,0.0,4,12,11,6,5,8.0,5.5,-2.5,Never hotspot
R073_C057,0,0,1,1,0,2,0.4,0.4,Repeated hotspot,2,0,1,0.0,0.5,0.5,18,22,39,36,24,20.0,30.0,10.0,Emerging
R073_C058,0,0,0,0,0,0,0.0,0.0,Never hotspot,0,0,0,0.0,0.0,0.0,7,5,5,4,6,6.0,5.0,-1.0,Never hotspot
R073_C059,0,0,0,0,0,0,0.0,0.0,Never hotspot,0,0,0,0.0,0.0,0.0,6,11,8,11,12,8.5,11.5,3.0,Never hotspot
R073_C060,0,0,0,0,0,0,0.0,0.0,Never hotspot,0,0,0,0.0,0.0,0.0,5,6,8,5,2,5.5,3.5,-2.0,Never hotspot
R073_C061,0,0,0,0,0,0,0.0,0.0,Never hotspot,0,0,0,0.0,0.0,0.0,25,19,29,24,24,22.0,24.0,2.0,Never hotspot
R073_C062,0,0,0,0,0,0,0.0,0.0,Never hotspot,0,0,0,0.0,0.0,0.0,17,15,18,15,21,16.0,18.0,2.0,Never hotspot
R073_C063,0,0,0,0,0,0,0.0,0.0,Never hotspot,0,0,0,0.0,0.0,0.0,13,20,11,19,5,16.5,12.0,-4.5,Never hotspot
R073_C064,0,0,0,0,0,0,0.0,0.0,Never hotspot,0,0,0,0.0,0.0,0.0,8,6,11,5,7,7.0,6.0,-1.0,Never hotspot
R073_C065,0,0,0,0,0,0,0.0,0.0,Never hotspot,0,0,0,0.0,0.0,0.0,7,10,9,15,20,8.5,17.5,9.0,Never hotspot
R073_C066,0,0,0,0,0,0,0.0,0.0,Never hotspot,0,0,0,0.0,0.0,0.0,1,2,6,4,6,1.5,5.0,3.5,Never hotspot
R073_C067,0,0,0,0,0,0,0.0,0.0,Never hotspot,0,0,0,0.0,0.0,0.0,1,3,4,2,5,2.0,3.5,1.5,Never hotspot
R073_C068,0,0,0,0,0,0,0.0,0.0,Never hotspot,0,0,0,0.0,0.0,0.0,8,9,8,4,8,8.5,6.0,-2.5,Never hotspot
R073_C069,0,0,0,0,0,0,0.0,0.0,Never hotspot,0,0,0,0.0,0.0,0.0,2,6,4,5,5,4.0,5.0,1.0,Never hotspot
R073_C070,0,0,0,0,0,0,0.0,0.0,Never hotspot,0,0,0,0.0,0.0,0.0,5,3,9,6,11,4.0,8.5,4.5,Never hotspot
R073_C071,0,0,0,0,0,0,0.0,0.0,Never hotspot,0,0,0,0.0,0.0,0.0,6,1,5,5,2,3.5,3.5,0.0,Never hotspot
R073_C072,0,0,0,0,0,0,0.0,0.0,Never hotspot,0,0,0,0.0,0.0,0.0,1,4,6,7,11,2.5,9.0,6.5,Never hotspot
R073_C073,0,0,0,0,0,0,0.0,0.0,Never hotspot,0,0,0,0.0,0.0,0.0,14,8,14,16,2,11.0,9.0,-2.0,Never hotspot
R073_C074,0,0,0,0,0,0,0.0,0.0,Never hotspot,0,0,0,0.0,0.0,0.0,11,13,13,12,21,12.0,16.5,4.5,Never hotspot
R073_C075,0,0,0,0,0,0,0.0,0.0,Never hotspot,0,0,0,0.0,0.0,0.0,11,10,14,16,9,10.5,12.5,2.0,Never hotspot
R073_C076,0,1,0,0,0,1,0.2,0.2,Occasional hotspot,1,1,0,0.5,0.0,-0.5,23,38,25,30,32,30.5,31.0,0.5,Declining
R073_C077,0,0,0,0,0,0,0.0,0.0,Never hotspot,0,0,0,0.0,0.0,0.0,8,9,14,15,10,8.5,12.5,4.0,Never hotspot
R073_C078,1,1,1,1,1,5,1.0,1.0,Persistent hotspot,5,2,2,1.0,1.0,0.0,54,34,45,40,42,44.0,41.0,-3.0,Persistent
R073_C079,0,0,0,0,0,0,0.0,0.0,Never hotspot,0,0,0,0.0,0.0,0.0,9,6,7,4,8,7.5,6.0,-1.5,Never hotspot
R073_C080,0,0,0,0,0,0,0.0,0.0,Never hotspot,0,0,0,0.0,0.0,0.0,7,6,5,15,5,6.5,10.0,3.5,Never hotspot
R073_C081,0,0,0,0,0,0,0.0,0.0,Never hotspot,0,0,0,0.0,0.0,0.0,3,2,5,2,5,2.5,3.5,1.0,Never hotspot
R073_C082,0,0,0,0,0,0,0.0,0.0,Never hotspot,0,0,0,0.0,0.0,0.0,3,1,3,5,2,2.0,3.5,1.5,Never hotspot
R073_C083,0,0,0,0,0,0,0.0,0.0,Never hotspot,0,0,0,0.0,0.0,0.0,2,1,1,0,1,1.5,0.5,-1.0,Never hotspot
R073_C084,0,0,0,0,0,0,0.0,0.0,Never hotspot,0,0,0,0.0,0.0,0.0,8,6,3,9,4,7.0,6.5,-0.5,Never hotspot
R073_C085,0,0,0,0,0,0,0.0,0.0,Never hotspot,0,0,0,0.0,0.0,0.0,0,0,2,1,3,0.0,2.0,2.0,Never hotspot
R073_C086,0,0,0,0,0,0,0.0,0.0,Never hotspot,0,0,0,0.0,0.0,0.0,12,5,16,9,15,8.5,12.0,3.5,Never hotspot
R073_C087,0,0,0,0,0,0,0.0,0.0,Never hotspot,0,0,0,0.0,0.0,0.0,11,11,14,10,12,11.0,11.0,0.0,Never hotspot
R073_C088,0,0,0,0,0,0,0.0,0.0,Never hotspot,0,0,0,0.0,0.0,0.0,4,2,4,3,5,3.0,4.0,1.0,Never hotspot
R073_C089,0,0,0,0,0,0,0.0,0.0,Never hotspot,0,0,0,0.0,0.0,0.0,3,7,1,6,5,5.0,5.5,0.5,Never hotspot
R073_C090,0,0,0,0,0,0,0.0,0.0,Never hotspot,0,0,0,0.0,0.0,0.0,1,2,2,4,5,1.5,4.5,3.0,Never hotspot
R073_C091,0,0,0,0,0,0,0.0,0.0,Never hotspot,0,0,0,0.0,0.0,0.0,0,3,0,1,0,1.5,0.5,-1.0,Never hotspot
R073_C092,0,0,0,0,0,0,0.0,0.0,Never hotspot,0,0,0,0.0,0.0,0.0,3,1,3,1,4,2.0,2.5,0.5,Never hotspot
R073_C093,0,0,0,0,0,0,0.0,0.0,Never hotspot,0,0,0,0.0,0.0,0.0,0,1,2,1,0,0.5,0.5,0.0,Never hotspot
R073_C094,0,0,0,0,0,0,0.0,0.0,Never hotspot,0,0,0,0.0,0.0,0.0,8,6,7,6,10,7.0,8.0,1.0,Never hotspot
R073_C095,0,0,0,0,0,0,0.0,0.0,Never hotspot,0,0,0,0.0,0.0,0.0,3,1,0,1,6,2.0,3.5,1.5,Never hotspot
R073_C096,0,0,0,0,0,0,0.0,0.0,Never hotspot,0,0,0,0.0,0.0,0.0,4,8,7,11,6,6.0,8.5,2.5,Never hotspot
R073_C097,0,0,0,0,0,0,0.0,0.0,Never hotspot,0,0,0,0.0,0.0,0.0,1,1,3,4,1,1.0,2.5,1.5,Never hotspot
R074_C031,0,0,0,0,0,0,0.0,0.0,Never hotspot,0,0,0,0.0,0.0,0.0,4,6,3,6,4,5.0,5.0,0.0,Never hotspot
R074_C032,0,0,0,0,0,0,0.0,0.0,Never hotspot,0,0,0,0.0,0.0,0.0,4,1,2,0,2,2.5,1.0,-1.5,Never hotspot
R074_C033,0,0,0,0,0,0,0.0,0.0,Never hotspot,0,0,0,0.0,0.0,0.0,1,3,1,0,0,2.0,0.0,-2.0,Never hotspot
R074_C034,0,0,0,0,0,0,0.0,0.0,Never hotspot,0,0,0,0.0,0.0,0.0,0,0,0,0,1,0.0,0.5,0.5,Never hotspot
R074_C035,0,0,0,0,0,0,0.0,0.0,Never hotspot,0,0,0,0.0,0.0,0.0,1,0,4,2,1,0.5,1.5,1.0,Never hotspot
R074_C036,0,0,0,0,0,0,0.0,0.0,Never hotspot,0,0,0,0.0,0.0,0.0,0,1,1,0,0,0.5,0.0,-0.5,Never hotspot
R074_C037,0,0,0,0,0,0,0.0,0.0,Never hotspot,0,0,0,0.0,0.0,0.0,5,5,4,0,2,5.0,1.0,-4.0,Never hotspot
R074_C039,0,0,0,0,0,0,0.0,0.0,Never hotspot,0,0,0,0.0,0.0,0.0,0,0,1,0,0,0.0,0.0,0.0,Never hotspot
R074_C042,0,0,0,0,0,0,0.0,0.0,Never hotspot,0,0,0,0.0,0.0,0.0,17,22,24,15,9,19.5,12.0,-7.5,Never hotspot
R074_C043,0,0,0,0,0,0,0.0,0.0,Never hotspot,0,0,0,0.0,0.0,0.0,7,11,9,6,3,9.0,4.5,-4.5,Never hotspot
R074_C046,0,0,0,0,0,0,0.0,0.0,Never hotspot,0,0,0,0.0,0.0,0.0,4,3,8,5,3,3.5,4.0,0.5,Never hotspot
R074_C047,0,1,0,1,0,2,0.4,0.4,Repeated hotspot,1,1,1,0.5,0.5,0.0,26,35,29,44,25,30.5,34.5,4.0,Intermittent
R074_C048,0,0,0,0,0,0,0.0,0.0,Never hotspot,0,0,0,0.0,0.0,0.0,12,20,22,18,11,16.0,14.5,-1.5,Never hotspot
R074_C049,0,0,0,0,0,0,0.0,0.0,Never hotspot,0,0,0,0.0,0.0,0.0,2,5,4,1,3,3.5,2.0,-1.5,Never hotspot
R074_C050,0,0,0,0,0,0,0.0,0.0,Never hotspot,0,0,0,0.0,0.0,0.0,0,1,0,0,2,0.5,1.0,0.5,Never hotspot
R074_C051,0,0,0,0,0,0,0.0,0.0,Never hotspot,0,0,0,0.0,0.0,0.0,1,1,3,1,0,1.0,0.5,-0.5,Never hotspot
R074_C052,0,0,0,0,0,0,0.0,0.0,Never hotspot,0,0,0,0.0,0.0,0.0,21,23,31,18,18,22.0,18.0,-4.0,Never hotspot
R074_C053,1,1,1,1,1,5,1.0,1.0,Persistent hotspot,5,2,2,1.0,1.0,0.0,43,47,39,35,38,45.0,36.5,-8.5,Persistent
R074_C054,0,0,0,0,0,0,0.0,0.0,Never hotspot,0,0,0,0.0,0.0,0.0,7,13,15,14,9,10.0,11.5,1.5,Never hotspot
R074_C055,1,1,1,1,0,4,0.8,0.8,Persistent hotspot,4,2,1,1.0,0.5,-0.5,37,36,39,47,28,36.5,37.5,1.0,Persistent
R074_C056,0,0,0,0,0,0,0.0,0.0,Never hotspot,0,0,0,0.0,0.0,0.0,17,10,13,9,9,13.5,9.0,-4.5,Never hotspot
R074_C057,1,1,1,1,1,5,1.0,1.0,Persistent hotspot,5,2,2,1.0,1.0,0.0,42,47,52,56,48,44.5,52.0,7.5,Persistent
R074_C058,0,0,0,0,0,0,0.0,0.0,Never hotspot,0,0,0,0.0,0.0,0.0,16,20,21,31,20,18.0,25.5,7.5,Never hotspot
R074_C059,0,0,0,0,0,0,0.0,0.0,Never hotspot,0,0,0,0.0,0.0,0.0,12,11,15,19,12,11.5,15.5,4.0,Never hotspot
R074_C060,0,0,0,0,0,0,0.0,0.0,Never hotspot,0,0,0,0.0,0.0,0.0,17,21,16,9,15,19.0,12.0,-7.0,Never hotspot
R074_C061,0,0,0,0,0,0,0.0,0.0,Never hotspot,0,0,0,0.0,0.0,0.0,9,12,16,7,5,10.5,6.0,-4.5,Never hotspot
R074_C062,0,0,0,0,0,0,0.0,0.0,Never hotspot,0,0,0,0.0,0.0,0.0,9,13,6,9,7,11.0,8.0,-3.0,Never hotspot
R074_C063,0,0,0,1,0,1,0.2,0.2,Occasional hotspot,1,0,1,0.0,0.5,0.5,17,20,16,41,26,18.5,33.5,15.0,Emerging
R074_C064,1,0,0,0,0,1,0.2,0.2,Occasional hotspot,1,1,0,0.5,0.0,-0.5,34,31,33,32,26,32.5,29.0,-3.5,Declining
R074_C065,0,0,0,0,0,0,0.0,0.0,Never hotspot,0,0,0,0.0,0.0,0.0,14,9,13,12,20,11.5,16.0,4.5,Never hotspot
R074_C066,0,0,0,0,0,0,0.0,0.0,Never hotspot,0,0,0,0.0,0.0,0.0,10,3,12,11,7,6.5,9.0,2.5,Never hotspot
R074_C067,0,0,0,0,0,0,0.0,0.0,Never hotspot,0,0,0,0.0,0.0,0.0,10,13,13,15,8,11.5,11.5,0.0,Never hotspot
R074_C068,0,0,0,0,0,0,0.0,0.0,Never hotspot,0,0,0,0.0,0.0,0.0,6,10,12,7,5,8.0,6.0,-2.0,Never hotspot
R074_C069,0,0,0,0,0,0,0.0,0.0,Never hotspot,0,0,0,0.0,0.0,0.0,2,6,7,1,2,4.0,1.5,-2.5,Never hotspot
R074_C070,0,0,0,0,0,0,0.0,0.0,Never hotspot,0,0,0,0.0,0.0,0.0,2,5,3,5,2,3.5,3.5,0.0,Never hotspot
R074_C071,0,0,0,0,0,0,0.0,0.0,Never hotspot,0,0,0,0.0,0.0,0.0,4,4,5,4,3,4.0,3.5,-0.5,Never hotspot
R074_C072,0,0,0,0,0,0,0.0,0.0,Never hotspot,0,0,0,0.0,0.0,0.0,11,5,11,13,7,8.0,10.0,2.0,Never hotspot
R074_C073,1,1,1,1,1,5,1.0,1.0,Persistent hotspot,5,2,2,1.0,1.0,0.0,57,74,61,51,58,65.5,54.5,-11.0,Persistent
R074_C074,1,1,1,1,1,5,1.0,1.0,Persistent hotspot,5,2,2,1.0,1.0,0.0,52,61,62,60,69,56.5,64.5,8.0,Persistent
R074_C075,1,1,1,1,1,5,1.0,1.0,Persistent hotspot,5,2,2,1.0,1.0,0.0,55,47,60,37,49,51.0,43.0,-8.0,Persistent
R074_C076,0,0,0,0,0,0,0.0,0.0,Never hotspot,0,0,0,0.0,0.0,0.0,20,28,25,21,26,24.0,23.5,-0.5,Never hotspot
R074_C077,0,0,0,0,0,0,0.0,0.0,Never hotspot,0,0,0,0.0,0.0,0.0,14,7,4,8,12,10.5,10.0,-0.5,Never hotspot
R074_C078,0,0,0,0,0,0,0.0,0.0,Never hotspot,0,0,0,0.0,0.0,0.0,29,23,22,25,25,26.0,25.0,-1.0,Never hotspot
R074_C079,0,0,0,0,0,0,0.0,0.0,Never hotspot,0,0,0,0.0,0.0,0.0,7,7,7,8,9,7.0,8.5,1.5,Never hotspot
R074_C080,0,0,0,0,0,0,0.0,0.0,Never hotspot,0,0,0,0.0,0.0,0.0,10,16,11,13,22,13.0,17.5,4.5,Never hotspot
R074_C081,0,0,0,0,0,0,0.0,0.0,Never hotspot,0,0,0,0.0,0.0,0.0,12,19,18,16,18,15.5,17.0,1.5,Never hotspot
R074_C082,0,0,0,0,0,0,0.0,0.0,Never hotspot,0,0,0,0.0,0.0,0.0,0,2,1,2,2,1.0,2.0,1.0,Never hotspot
R074_C083,0,0,0,0,0,0,0.0,0.0,Never hotspot,0,0,0,0.0,0.0,0.0,0,3,1,5,0,1.5,2.5,1.0,Never hotspot
R074_C084,0,0,0,0,0,0,0.0,0.0,Never hotspot,0,0,0,0.0,0.0,0.0,5,0,2,3,1,2.5,2.0,-0.5,Never hotspot
R074_C085,0,0,0,0,0,0,0.0,0.0,Never hotspot,0,0,0,0.0,0.0,0.0,1,1,0,1,3,1.0,2.0,1.0,Never hotspot
R074_C086,0,0,0,0,0,0,0.0,0.0,Never hotspot,0,0,0,0.0,0.0,0.0,3,3,3,4,3,3.0,3.5,0.5,Never hotspot
R074_C087,0,0,0,0,0,0,0.0,0.0,Never hotspot,0,0,0,0.0,0.0,0.0,2,2,2,5,1,2.0,3.0,1.0,Never hotspot
R074_C088,0,0,0,0,0,0,0.0,0.0,Never hotspot,0,0,0,0.0,0.0,0.0,3,3,2,2,6,3.0,4.0,1.0,Never hotspot
R074_C089,0,0,0,0,0,0,0.0,0.0,Never hotspot,0,0,0,0.0,0.0,0.0,2,2,0,4,1,2.0,2.5,0.5,Never hotspot
R074_C090,0,0,0,0,0,0,0.0,0.0,Never hotspot,0,0,0,0.0,0.0,0.0,4,3,5,5,3,3.5,4.0,0.5,Never hotspot
R074_C091,0,0,0,0,0,0,0.0,0.0,Never hotspot,0,0,0,0.0,0.0,0.0,1,2,0,3,2,1.5,2.5,1.0,Never hotspot
R074_C092,0,0,0,0,0,0,0.0,0.0,Never hotspot,0,0,0,0.0,0.0,0.0,2,1,2,4,6,1.5,5.0,3.5,Never hotspot
R074_C093,0,0,0,0,0,0,0.0,0.0,Never hotspot,0,0,0,0.0,0.0,0.0,6,3,11,2,4,4.5,3.0,-1.5,Never hotspot
R074_C094,0,0,0,0,0,0,0.0,0.0,Never hotspot,0,0,0,0.0,0.0,0.0,3,3,0,3,3,3.0,3.0,0.0,Never hotspot
R074_C095,0,0,0,0,0,0,0.0,0.0,Never hotspot,0,0,0,0.0,0.0,0.0,3,0,3,3,2,1.5,2.5,1.0,Never hotspot
R074_C096,0,0,0,0,0,0,0.0,0.0,Never hotspot,0,0,0,0.0,0.0,0.0,4,6,9,6,6,5.0,6.0,1.0,Never hotspot
R074_C097,0,0,0,0,0,0,0.0,0.0,Never hotspot,0,0,0,0.0,0.0,0.0,7,6,9,8,11,6.5,9.5,3.0,Never hotspot
R075_C033,0,0,0,0,0,0,0.0,0.0,Never hotspot,0,0,0,0.0,0.0,0.0,2,1,3,1,0,1.5,0.5,-1.0,Never hotspot
R075_C035,0,0,0,0,0,0,0.0,0.0,Never hotspot,0,0,0,0.0,0.0,0.0,1,2,0,3,0,1.5,1.5,0.0,Never hotspot
R075_C036,0,0,0,0,0,0,0.0,0.0,Never hotspot,0,0,0,0.0,0.0,0.0,0,0,1,1,3,0.0,2.0,2.0,Never hotspot
R075_C051,0,0,0,0,0,0,0.0,0.0,Never hotspot,0,0,0,0.0,0.0,0.0,24,27,27,24,25,25.5,24.5,-1.0,Never hotspot
R075_C052,1,1,1,1,1,5,1.0,1.0,Persistent hotspot,5,2,2,1.0,1.0,0.0,60,64,86,71,66,62.0,68.5,6.5,Persistent
R075_C053,1,1,1,1,1,5,1.0,1.0,Persistent hotspot,5,2,2,1.0,1.0,0.0,140,134,149,150,120,137.0,135.0,-2.0,Persistent
R075_C054,1,1,1,1,1,5,1.0,1.0,Persistent hotspot,5,2,2,1.0,1.0,0.0,139,200,227,220,181,169.5,200.5,31.0,Persistent
R075_C055,1,1,1,1,1,5,1.0,1.0,Persistent hotspot,5,2,2,1.0,1.0,0.0,72,86,88,101,59,79.0,80.0,1.0,Persistent
R075_C056,1,1,1,0,1,4,0.8,0.8,Persistent hotspot,3,2,1,1.0,0.5,-0.5,39,37,41,32,38,38.0,35.0,-3.0,Persistent
R075_C057,1,1,1,1,1,5,1.0,1.0,Persistent hotspot,5,2,2,1.0,1.0,0.0,56,59,59,50,47,57.5,48.5,-9.0,Persistent
R075_C058,1,1,1,0,0,3,0.6,0.6,Repeated hotspot,3,2,0,1.0,0.0,-1.0,37,44,41,28,33,40.5,30.5,-10.0,Declining
R075_C059,1,1,1,1,1,5,1.0,1.0,Persistent hotspot,5,2,2,1.0,1.0,0.0,85,121,120,113,103,103.0,108.0,5.0,Persistent
R075_C060,0,0,0,0,0,0,0.0,0.0,Never hotspot,0,0,0,0.0,0.0,0.0,22,31,26,26,19,26.5,22.5,-4.0,Never hotspot
R075_C061,0,0,0,0,0,0,0.0,0.0,Never hotspot,0,0,0,0.0,0.0,0.0,13,11,14,8,13,12.0,10.5,-1.5,Never hotspot
R075_C062,1,1,1,1,1,5,1.0,1.0,Persistent hotspot,5,2,2,1.0,1.0,0.0,38,53,52,35,36,45.5,35.5,-10.0,Persistent
R075_C063,1,1,1,1,1,5,1.0,1.0,Persistent hotspot,5,2,2,1.0,1.0,0.0,66,77,83,64,59,71.5,61.5,-10.0,Persistent
R075_C064,1,1,1,1,1,5,1.0,1.0,Persistent hotspot,5,2,2,1.0,1.0,0.0,54,68,64,55,55,61.0,55.0,-6.0,Persistent
R075_C065,0,1,0,0,1,2,0.4,0.4,Repeated hotspot,1,1,1,0.5,0.5,0.0,31,45,33,34,36,38.0,35.0,-3.0,Intermittent
R075_C066,0,0,0,0,0,0,0.0,0.0,Never hotspot,0,0,0,0.0,0.0,0.0,9,6,8,11,7,7.5,9.0,1.5,Never hotspot
R075_C067,0,0,0,0,0,0,0.0,0.0,Never hotspot,0,0,0,0.0,0.0,0.0,12,9,8,9,15,10.5,12.0,1.5,Never hotspot
R075_C068,0,0,0,0,0,0,0.0,0.0,Never hotspot,0,0,0,0.0,0.0,0.0,0,0,0,0,1,0.0,0.5,0.5,Never hotspot
R075_C069,0,0,0,0,0,0,0.0,0.0,Never hotspot,0,0,0,0.0,0.0,0.0,1,1,2,3,1,1.0,2.0,1.0,Never hotspot
R075_C070,0,0,0,0,0,0,0.0,0.0,Never hotspot,0,0,0,0.0,0.0,0.0,4,2,3,2,5,3.0,3.5,0.5,Never hotspot
R075_C071,0,0,0,0,0,0,0.0,0.0,Never hotspot,0,0,0,0.0,0.0,0.0,4,3,4,10,1,3.5,5.5,2.0,Never hotspot
R075_C072,0,0,0,0,0,0,0.0,0.0,Never hotspot,0,0,0,0.0,0.0,0.0,14,7,3,17,6,10.5,11.5,1.0,Never hotspot
R075_C073,1,1,1,1,1,5,1.0,1.0,Persistent hotspot,5,2,2,1.0,1.0,0.0,141,143,141,180,147,142.0,163.5,21.5,Persistent
R075_C074,1,1,1,1,1,5,1.0,1.0,Persistent hotspot,5,2,2,1.0,1.0,0.0,217,193,215,216,189,205.0,202.5,-2.5,Persistent
R075_C075,1,1,1,1,1,5,1.0,1.0,Persistent hotspot,5,2,2,1.0,1.0,0.0,42,48,57,40,40,45.0,40.0,-5.0,Persistent
R075_C076,1,1,1,1,1,5,1.0,1.0,Persistent hotspot,5,2,2,1.0,1.0,0.0,39,45,40,46,44,42.0,45.0,3.0,Persistent
R075_C077,0,0,0,0,0,0,0.0,0.0,Never hotspot,0,0,0,0.0,0.0,0.0,15,20,28,15,18,17.5,16.5,-1.0,Never hotspot
R075_C078,0,0,0,0,0,0,0.0,0.0,Never hotspot,0,0,0,0.0,0.0,0.0,6,11,12,13,14,8.5,13.5,5.0,Never hotspot
R075_C079,0,0,0,0,0,0,0.0,0.0,Never hotspot,0,0,0,0.0,0.0,0.0,6,12,11,8,7,9.0,7.5,-1.5,Never hotspot
R075_C080,0,0,0,0,0,0,0.0,0.0,Never hotspot,0,0,0,0.0,0.0,0.0,4,5,5,6,2,4.5,4.0,-0.5,Never hotspot
R075_C081,0,0,0,0,0,0,0.0,0.0,Never hotspot,0,0,0,0.0,0.0,0.0,0,0,2,1,0,0.0,0.5,0.5,Never hotspot
R075_C082,0,0,0,0,0,0,0.0,0.0,Never hotspot,0,0,0,0.0,0.0,0.0,7,5,7,4,4,6.0,4.0,-2.0,Never hotspot
R075_C083,0,0,0,0,0,0,0.0,0.0,Never hotspot,0,0,0,0.0,0.0,0.0,20,19,14,14,14,19.5,14.0,-5.5,Never hotspot
R075_C084,0,0,0,0,0,0,0.0,0.0,Never hotspot,0,0,0,0.0,0.0,0.0,1,1,1,3,2,1.0,2.5,1.5,Never hotspot
R075_C085,0,0,0,0,0,0,0.0,0.0,Never hotspot,0,0,0,0.0,0.0,0.0,2,0,0,1,2,1.0,1.5,0.5,Never hotspot
R075_C086,0,0,0,0,0,0,0.0,0.0,Never hotspot,0,0,0,0.0,0.0,0.0,4,3,3,2,5,3.5,3.5,0.0,Never hotspot
R075_C087,0,0,0,0,0,0,0.0,0.0,Never hotspot,0,0,0,0.0,0.0,0.0,0,1,0,1,0,0.5,0.5,0.0,Never hotspot
R075_C088,0,0,0,0,0,0,0.0,0.0,Never hotspot,0,0,0,0.0,0.0,0.0,3,3,4,9,4,3.0,6.5,3.5,Never hotspot
R075_C089,0,0,0,0,0,0,0.0,0.0,Never hotspot,0,0,0,0.0,0.0,0.0,7,8,3,3,3,7.5,3.0,-4.5,Never hotspot
R075_C090,0,0,0,0,0,0,0.0,0.0,Never hotspot,0,0,0,0.0,0.0,0.0,3,8,3,7,4,5.5,5.5,0.0,Never hotspot
R075_C091,0,0,0,0,0,0,0.0,0.0,Never hotspot,0,0,0,0.0,0.0,0.0,10,7,2,9,5,8.5,7.0,-1.5,Never hotspot
R075_C092,0,0,0,0,0,0,0.0,0.0,Never hotspot,0,0,0,0.0,0.0,0.0,1,5,3,6,1,3.0,3.5,0.5,Never hotspot
R075_C093,0,1,0,0,0,1,0.2,0.2,Occasional hotspot,1,1,0,0.5,0.0,-0.5,28,35,29,26,21,31.5,23.5,-8.0,Declining
R075_C094,0,0,0,0,0,0,0.0,0.0,Never hotspot,0,0,0,0.0,0.0,0.0,3,1,5,2,1,2.0,1.5,-0.5,Never hotspot
R075_C095,0,0,0,0,0,0,0.0,0.0,Never hotspot,0,0,0,0.0,0.0,0.0,5,4,2,2,4,4.5,3.0,-1.5,Never hotspot
R075_C096,0,0,0,0,0,0,0.0,0.0,Never hotspot,0,0,0,0.0,0.0,0.0,1,2,5,3,1,1.5,2.0,0.5,Never hotspot
R075_C097,0,0,0,0,0,0,0.0,0.0,Never hotspot,0,0,0,0.0,0.0,0.0,4,3,6,2,6,3.5,4.0,0.5,Never hotspot
R076_C033,0,0,0,0,0,0,0.0,0.0,Never hotspot,0,0,0,0.0,0.0,0.0,0,2,0,0,0,1.0,0.0,-1.0,Never hotspot
R076_C034,0,0,0,0,0,0,0.0,0.0,Never hotspot,0,0,0,0.0,0.0,0.0,3,1,0,5,1,2.0,3.0,1.0,Never hotspot
R076_C035,0,0,0,0,0,0,0.0,0.0,Never hotspot,0,0,0,0.0,0.0,0.0,1,1,2,1,1,1.0,1.0,0.0,Never hotspot
R076_C036,0,0,0,0,0,0,0.0,0.0,Never hotspot,0,0,0,0.0,0.0,0.0,0,1,0,0,1,0.5,0.5,0.0,Never hotspot
R076_C051,0,0,0,0,0,0,0.0,0.0,Never hotspot,0,0,0,0.0,0.0,0.0,2,0,3,1,3,1.0,2.0,1.0,Never hotspot
R076_C052,1,1,1,1,1,5,1.0,1.0,Persistent hotspot,5,2,2,1.0,1.0,0.0,33,50,43,42,38,41.5,40.0,-1.5,Persistent
R076_C053,1,1,1,1,1,5,1.0,1.0,Persistent hotspot,5,2,2,1.0,1.0,0.0,117,166,180,159,141,141.5,150.0,8.5,Persistent
R076_C054,1,1,1,1,1,5,1.0,1.0,Persistent hotspot,5,2,2,1.0,1.0,0.0,299,335,373,356,317,317.0,336.5,19.5,Persistent
R076_C055,1,1,1,1,1,5,1.0,1.0,Persistent hotspot,5,2,2,1.0,1.0,0.0,88,81,109,108,102,84.5,105.0,20.5,Persistent
R076_C056,1,1,1,1,1,5,1.0,1.0,Persistent hotspot,5,2,2,1.0,1.0,0.0,45,57,68,64,61,51.0,62.5,11.5,Persistent
R076_C057,1,1,1,1,1,5,1.0,1.0,Persistent hotspot,5,2,2,1.0,1.0,0.0,49,50,53,47,41,49.5,44.0,-5.5,Persistent
R076_C058,0,0,0,0,0,0,0.0,0.0,Never hotspot,0,0,0,0.0,0.0,0.0,28,25,30,24,29,26.5,26.5,0.0,Never hotspot
R076_C059,1,1,1,1,1,5,1.0,1.0,Persistent hotspot,5,2,2,1.0,1.0,0.0,57,64,58,66,49,60.5,57.5,-3.0,Persistent
R076_C060,0,0,0,0,0,0,0.0,0.0,Never hotspot,0,0,0,0.0,0.0,0.0,12,15,17,32,13,13.5,22.5,9.0,Never hotspot
R076_C061,0,0,0,0,0,0,0.0,0.0,Never hotspot,0,0,0,0.0,0.0,0.0,17,18,17,21,16,17.5,18.5,1.0,Never hotspot
R076_C062,1,1,1,1,1,5,1.0,1.0,Persistent hotspot,5,2,2,1.0,1.0,0.0,48,65,54,48,57,56.5,52.5,-4.0,Persistent
R076_C063,1,1,1,1,1,5,1.0,1.0,Persistent hotspot,5,2,2,1.0,1.0,0.0,79,117,95,73,104,98.0,88.5,-9.5,Persistent
R076_C064,1,1,1,1,1,5,1.0,1.0,Persistent hotspot,5,2,2,1.0,1.0,0.0,116,153,135,105,121,134.5,113.0,-21.5,Persistent
R076_C065,1,1,1,1,1,5,1.0,1.0,Persistent hotspot,5,2,2,1.0,1.0,0.0,40,57,54,49,53,48.5,51.0,2.5,Persistent
R076_C066,0,0,0,0,0,0,0.0,0.0,Never hotspot,0,0,0,0.0,0.0,0.0,8,13,11,11,13,10.5,12.0,1.5,Never hotspot
R076_C067,0,1,0,0,0,1,0.2,0.2,Occasional hotspot,1,1,0,0.5,0.0,-0.5,20,36,24,18,21,28.0,19.5,-8.5,Declining
R076_C068,0,0,0,0,0,0,0.0,0.0,Never hotspot,0,0,0,0.0,0.0,0.0,2,12,2,9,7,7.0,8.0,1.0,Never hotspot
R076_C069,0,0,0,0,0,0,0.0,0.0,Never hotspot,0,0,0,0.0,0.0,0.0,1,4,1,2,1,2.5,1.5,-1.0,Never hotspot
R076_C071,0,0,0,0,0,0,0.0,0.0,Never hotspot,0,0,0,0.0,0.0,0.0,1,3,3,1,3,2.0,2.0,0.0,Never hotspot
R076_C072,0,0,0,0,0,0,0.0,0.0,Never hotspot,0,0,0,0.0,0.0,0.0,2,5,3,5,4,3.5,4.5,1.0,Never hotspot
R076_C073,1,1,1,1,1,5,1.0,1.0,Persistent hotspot,5,2,2,1.0,1.0,0.0,52,58,47,62,63,55.0,62.5,7.5,Persistent
R076_C074,1,1,1,1,1,5,1.0,1.0,Persistent hotspot,5,2,2,1.0,1.0,0.0,117,130,108,139,117,123.5,128.0,4.5,Persistent
R076_C075,1,1,1,1,1,5,1.0,1.0,Persistent hotspot,5,2,2,1.0,1.0,0.0,101,87,109,139,98,94.0,118.5,24.5,Persistent
R076_C076,1,1,1,1,1,5,1.0,1.0,Persistent hotspot,5,2,2,1.0,1.0,0.0,42,47,64,54,61,44.5,57.5,13.0,Persistent
R076_C077,0,1,0,0,0,1,0.2,0.2,Occasional hotspot,1,1,0,0.5,0.0,-0.5,26,34,29,18,29,30.0,23.5,-6.5,Declining
R076_C078,0,0,0,0,0,0,0.0,0.0,Never hotspot,0,0,0,0.0,0.0,0.0,3,6,6,7,10,4.5,8.5,4.0,Never hotspot
R076_C079,0,0,0,0,0,0,0.0,0.0,Never hotspot,0,0,0,0.0,0.0,0.0,19,15,24,16,19,17.0,17.5,0.5,Never hotspot
R076_C080,0,0,0,0,0,0,0.0,0.0,Never hotspot,0,0,0,0.0,0.0,0.0,3,9,6,11,6,6.0,8.5,2.5,Never hotspot
R076_C081,0,0,0,0,0,0,0.0,0.0,Never hotspot,0,0,0,0.0,0.0,0.0,1,0,2,4,8,0.5,6.0,5.5,Never hotspot
R076_C082,0,0,0,0,0,0,0.0,0.0,Never hotspot,0,0,0,0.0,0.0,0.0,2,6,9,4,4,4.0,4.0,0.0,Never hotspot
R076_C083,0,0,0,0,0,0,0.0,0.0,Never hotspot,0,0,0,0.0,0.0,0.0,13,14,16,20,14,13.5,17.0,3.5,Never hotspot
R076_C084,0,0,0,0,0,0,0.0,0.0,Never hotspot,0,0,0,0.0,0.0,0.0,2,2,3,1,3,2.0,2.0,0.0,Never hotspot
R076_C085,0,0,0,0,0,0,0.0,0.0,Never hotspot,0,0,0,0.0,0.0,0.0,4,2,3,2,4,3.0,3.0,0.0,Never hotspot
R076_C086,0,0,0,0,0,0,0.0,0.0,Never hotspot,0,0,0,0.0,0.0,0.0,3,2,1,3,5,2.5,4.0,1.5,Never hotspot
R076_C087,0,0,0,0,0,0,0.0,0.0,Never hotspot,0,0,0,0.0,0.0,0.0,2,2,7,3,3,2.0,3.0,1.0,Never hotspot
R076_C088,0,0,0,0,0,0,0.0,0.0,Never hotspot,0,0,0,0.0,0.0,0.0,4,3,1,6,3,3.5,4.5,1.0,Never hotspot
R076_C089,0,0,0,0,0,0,0.0,0.0,Never hotspot,0,0,0,0.0,0.0,0.0,1,3,2,0,5,2.0,2.5,0.5,Never hotspot
R076_C090,0,0,0,0,0,0,0.0,0.0,Never hotspot,0,0,0,0.0,0.0,0.0,2,3,4,4,2,2.5,3.0,0.5,Never hotspot
R076_C091,0,0,0,0,0,0,0.0,0.0,Never hotspot,0,0,0,0.0,0.0,0.0,1,2,2,0,1,1.5,0.5,-1.0,Never hotspot
R076_C092,0,0,0,0,0,0,0.0,0.0,Never hotspot,0,0,0,0.0,0.0,0.0,0,1,3,0,3,0.5,1.5,1.0,Never hotspot
R076_C093,0,0,0,0,0,0,0.0,0.0,Never hotspot,0,0,0,0.0,0.0,0.0,4,5,9,7,4,4.5,5.5,1.0,Never hotspot
R076_C094,0,0,0,0,0,0,0.0,0.0,Never hotspot,0,0,0,0.0,0.0,0.0,1,1,1,2,0,1.0,1.0,0.0,Never hotspot
R076_C095,0,0,0,0,0,0,0.0,0.0,Never hotspot,0,0,0,0.0,0.0,0.0,2,1,1,0,1,1.5,0.5,-1.0,Never hotspot
R076_C096,0,0,0,0,0,0,0.0,0.0,Never hotspot,0,0,0,0.0,0.0,0.0,3,1,1,1,2,2.0,1.5,-0.5,Never hotspot
R077_C053,1,1,1,1,1,5,1.0,1.0,Persistent hotspot,5,2,2,1.0,1.0,0.0,72,92,106,87,78,82.0,82.5,0.5,Persistent
R077_C054,1,1,1,1,1,5,1.0,1.0,Persistent hotspot,5,2,2,1.0,1.0,0.0,98,124,121,127,133,111.0,130.0,19.0,Persistent
R077_C055,1,1,1,1,1,5,1.0,1.0,Persistent hotspot,5,2,2,1.0,1.0,0.0,53,40,70,51,58,46.5,54.5,8.0,Persistent
R077_C056,0,0,0,0,0,0,0.0,0.0,Never hotspot,0,0,0,0.0,0.0,0.0,14,13,28,19,29,13.5,24.0,10.5,Never hotspot
R077_C057,1,1,1,1,1,5,1.0,1.0,Persistent hotspot,5,2,2,1.0,1.0,0.0,59,69,80,71,72,64.0,71.5,7.5,Persistent
R077_C058,1,1,1,1,1,5,1.0,1.0,Persistent hotspot,5,2,2,1.0,1.0,0.0,40,53,42,56,55,46.5,55.5,9.0,Persistent
R077_C059,0,0,0,0,1,1,0.2,0.2,Occasional hotspot,1,0,1,0.0,0.5,0.5,21,30,28,27,36,25.5,31.5,6.0,Emerging
R077_C060,0,0,0,0,0,0,0.0,0.0,Never hotspot,0,0,0,0.0,0.0,0.0,22,20,27,24,24,21.0,24.0,3.0,Never hotspot
R077_C061,0,0,0,0,0,0,0.0,0.0,Never hotspot,0,0,0,0.0,0.0,0.0,13,17,28,11,20,15.0,15.5,0.5,Never hotspot
R077_C062,1,1,1,1,1,5,1.0,1.0,Persistent hotspot,5,2,2,1.0,1.0,0.0,79,88,89,95,87,83.5,91.0,7.5,Persistent
R077_C063,1,1,1,1,1,5,1.0,1.0,Persistent hotspot,5,2,2,1.0,1.0,0.0,188,291,287,278,312,239.5,295.0,55.5,Persistent
R077_C064,1,1,1,1,1,5,1.0,1.0,Persistent hotspot,5,2,2,1.0,1.0,0.0,138,171,173,163,183,154.5,173.0,18.5,Persistent
R077_C065,1,1,1,1,1,5,1.0,1.0,Persistent hotspot,5,2,2,1.0,1.0,0.0,97,118,129,104,121,107.5,112.5,5.0,Persistent
R077_C066,1,1,1,1,1,5,1.0,1.0,Persistent hotspot,5,2,2,1.0,1.0,0.0,32,35,45,42,59,33.5,50.5,17.0,Persistent
R077_C067,0,0,0,0,0,0,0.0,0.0,Never hotspot,0,0,0,0.0,0.0,0.0,13,14,11,13,16,13.5,14.5,1.0,Never hotspot
R077_C068,0,0,0,0,0,0,0.0,0.0,Never hotspot,0,0,0,0.0,0.0,0.0,4,3,6,6,9,3.5,7.5,4.0,Never hotspot
R077_C069,0,0,0,0,0,0,0.0,0.0,Never hotspot,0,0,0,0.0,0.0,0.0,1,1,4,1,0,1.0,0.5,-0.5,Never hotspot
R077_C071,0,0,0,0,0,0,0.0,0.0,Never hotspot,0,0,0,0.0,0.0,0.0,2,2,5,0,2,2.0,1.0,-1.0,Never hotspot
R077_C072,0,0,0,0,0,0,0.0,0.0,Never hotspot,0,0,0,0.0,0.0,0.0,13,3,10,12,9,8.0,10.5,2.5,Never hotspot
R077_C073,0,0,0,0,0,0,0.0,0.0,Never hotspot,0,0,0,0.0,0.0,0.0,22,15,24,34,28,18.5,31.0,12.5,Never hotspot
R077_C074,0,0,0,0,1,1,0.2,0.2,Occasional hotspot,1,0,1,0.0,0.5,0.5,24,21,24,32,38,22.5,35.0,12.5,Emerging
R077_C075,1,1,0,1,1,4,0.8,0.8,Persistent hotspot,2,2,2,1.0,1.0,0.0,43,46,34,47,56,44.5,51.5,7.0,Persistent
R077_C076,0,0,0,1,0,1,0.2,0.2,Occasional hotspot,1,0,1,0.0,0.5,0.5,31,23,23,35,32,27.0,33.5,6.5,Emerging
R077_C077,0,0,0,0,0,0,0.0,0.0,Never hotspot,0,0,0,0.0,0.0,0.0,30,29,28,25,24,29.5,24.5,-5.0,Never hotspot
R077_C078,0,1,0,0,0,1,0.2,0.2,Occasional hotspot,1,1,0,0.5,0.0,-0.5,25,37,30,24,25,31.0,24.5,-6.5,Declining
R077_C079,0,0,0,0,0,0,0.0,0.0,Never hotspot,0,0,0,0.0,0.0,0.0,18,24,22,26,26,21.0,26.0,5.0,Never hotspot
R077_C080,0,0,0,0,0,0,0.0,0.0,Never hotspot,0,0,0,0.0,0.0,0.0,3,2,3,4,4,2.5,4.0,1.5,Never hotspot
R077_C081,0,0,0,0,0,0,0.0,0.0,Never hotspot,0,0,0,0.0,0.0,0.0,0,4,6,4,1,2.0,2.5,0.5,Never hotspot
R077_C082,0,0,0,0,0,0,0.0,0.0,Never hotspot,0,0,0,0.0,0.0,0.0,2,5,8,6,2,3.5,4.0,0.5,Never hotspot
R077_C083,0,0,0,0,0,0,0.0,0.0,Never hotspot,0,0,0,0.0,0.0,0.0,0,0,0,1,1,0.0,1.0,1.0,Never hotspot
R077_C084,0,0,0,0,0,0,0.0,0.0,Never hotspot,0,0,0,0.0,0.0,0.0,3,5,0,2,5,4.0,3.5,-0.5,Never hotspot
R077_C085,0,0,0,0,0,0,0.0,0.0,Never hotspot,0,0,0,0.0,0.0,0.0,5,3,3,4,7,4.0,5.5,1.5,Never hotspot
R077_C086,0,0,0,0,0,0,0.0,0.0,Never hotspot,0,0,0,0.0,0.0,0.0,2,6,4,3,2,4.0,2.5,-1.5,Never hotspot
R077_C087,0,0,0,0,0,0,0.0,0.0,Never hotspot,0,0,0,0.0,0.0,0.0,0,0,0,0,1,0.0,0.5,0.5,Never hotspot
R077_C088,0,0,0,0,0,0,0.0,0.0,Never hotspot,0,0,0,0.0,0.0,0.0,0,5,1,4,4,2.5,4.0,1.5,Never hotspot
R077_C089,0,0,0,0,0,0,0.0,0.0,Never hotspot,0,0,0,0.0,0.0,0.0,2,0,1,0,5,1.0,2.5,1.5,Never hotspot
R077_C090,0,0,0,0,0,0,0.0,0.0,Never hotspot,0,0,0,0.0,0.0,0.0,0,0,1,1,0,0.0,0.5,0.5,Never hotspot
R077_C091,0,0,0,0,0,0,0.0,0.0,Never hotspot,0,0,0,0.0,0.0,0.0,3,2,0,2,0,2.5,1.0,-1.5,Never hotspot
R077_C092,0,0,0,0,0,0,0.0,0.0,Never hotspot,0,0,0,0.0,0.0,0.0,4,6,10,6,10,5.0,8.0,3.0,Never hotspot
R077_C093,0,0,0,0,0,0,0.0,0.0,Never hotspot,0,0,0,0.0,0.0,0.0,5,5,2,4,5,5.0,4.5,-0.5,Never hotspot
R077_C094,0,0,0,0,0,0,0.0,0.0,Never hotspot,0,0,0,0.0,0.0,0.0,2,2,3,7,2,2.0,4.5,2.5,Never hotspot
R077_C095,0,0,0,0,0,0,0.0,0.0,Never hotspot,0,0,0,0.0,0.0,0.0,1,2,1,1,0,1.5,0.5,-1.0,Never hotspot
R078_C052,0,0,0,0,0,0,0.0,0.0,Never hotspot,0,0,0,0.0,0.0,0.0,0,0,0,1,0,0.0,0.5,0.5,Never hotspot
R078_C053,0,0,0,0,0,0,0.0,0.0,Never hotspot,0,0,0,0.0,0.0,0.0,21,18,19,21,19,19.5,20.0,0.5,Never hotspot
R078_C054,0,1,1,1,1,4,0.8,0.8,Persistent hotspot,4,1,2,0.5,1.0,0.5,31,34,50,44,36,32.5,40.0,7.5,Persistent
R078_C055,0,0,0,0,0,0,0.0,0.0,Never hotspot,0,0,0,0.0,0.0,0.0,17,7,17,16,14,12.0,15.0,3.0,Never hotspot
R078_C056,0,0,0,0,0,0,0.0,0.0,Never hotspot,0,0,0,0.0,0.0,0.0,17,13,10,9,9,15.0,9.0,-6.0,Never hotspot
R078_C057,0,0,0,0,0,0,0.0,0.0,Never hotspot,0,0,0,0.0,0.0,0.0,21,20,19,14,28,20.5,21.0,0.5,Never hotspot
R078_C058,0,0,0,0,1,1,0.2,0.2,Occasional hotspot,1,0,1,0.0,0.5,0.5,27,29,32,26,34,28.0,30.0,2.0,Emerging
R078_C059,1,1,0,1,1,4,0.8,0.8,Persistent hotspot,2,2,2,1.0,1.0,0.0,33,38,24,35,43,35.5,39.0,3.5,Persistent
R078_C060,1,1,1,1,1,5,1.0,1.0,Persistent hotspot,5,2,2,1.0,1.0,0.0,44,43,52,38,50,43.5,44.0,0.5,Persistent
R078_C061,1,1,1,1,1,5,1.0,1.0,Persistent hotspot,5,2,2,1.0,1.0,0.0,52,72,54,38,56,62.0,47.0,-15.0,Persistent
R078_C062,1,1,1,1,1,5,1.0,1.0,Persistent hotspot,5,2,2,1.0,1.0,0.0,62,72,63,70,56,67.0,63.0,-4.0,Persistent
R078_C063,1,1,1,1,1,5,1.0,1.0,Persistent hotspot,5,2,2,1.0,1.0,0.0,125,132,107,87,114,128.5,100.5,-28.0,Persistent
R078_C064,1,1,1,1,1,5,1.0,1.0,Persistent hotspot,5,2,2,1.0,1.0,0.0,91,111,90,97,103,101.0,100.0,-1.0,Persistent
R078_C065,1,1,1,1,1,5,1.0,1.0,Persistent hotspot,5,2,2,1.0,1.0,0.0,110,116,95,88,104,113.0,96.0,-17.0,Persistent
R078_C066,0,0,0,0,0,0,0.0,0.0,Never hotspot,0,0,0,0.0,0.0,0.0,11,13,14,17,17,12.0,17.0,5.0,Never hotspot
R078_C067,0,0,0,0,0,0,0.0,0.0,Never hotspot,0,0,0,0.0,0.0,0.0,1,1,0,1,0,1.0,0.5,-0.5,Never hotspot
R078_C068,0,0,0,0,0,0,0.0,0.0,Never hotspot,0,0,0,0.0,0.0,0.0,1,2,0,0,1,1.5,0.5,-1.0,Never hotspot
R078_C069,0,0,0,0,0,0,0.0,0.0,Never hotspot,0,0,0,0.0,0.0,0.0,3,1,1,1,6,2.0,3.5,1.5,Never hotspot
R078_C070,0,0,0,0,0,0,0.0,0.0,Never hotspot,0,0,0,0.0,0.0,0.0,3,6,2,7,8,4.5,7.5,3.0,Never hotspot
R078_C071,0,0,0,0,0,0,0.0,0.0,Never hotspot,0,0,0,0.0,0.0,0.0,10,10,6,12,12,10.0,12.0,2.0,Never hotspot
R078_C072,0,0,0,0,0,0,0.0,0.0,Never hotspot,0,0,0,0.0,0.0,0.0,8,9,15,7,6,8.5,6.5,-2.0,Never hotspot
R078_C073,0,0,0,0,0,0,0.0,0.0,Never hotspot,0,0,0,0.0,0.0,0.0,26,13,21,12,20,19.5,16.0,-3.5,Never hotspot
R078_C074,1,1,1,1,1,5,1.0,1.0,Persistent hotspot,5,2,2,1.0,1.0,0.0,55,43,45,52,57,49.0,54.5,5.5,Persistent
R078_C075,1,1,1,1,1,5,1.0,1.0,Persistent hotspot,5,2,2,1.0,1.0,0.0,46,53,39,41,66,49.5,53.5,4.0,Persistent
R078_C076,0,1,0,1,1,3,0.6,0.6,Repeated hotspot,2,1,2,0.5,1.0,0.5,26,45,32,39,36,35.5,37.5,2.0,Intermittent
R078_C077,0,0,0,0,0,0,0.0,0.0,Never hotspot,0,0,0,0.0,0.0,0.0,14,19,25,16,25,16.5,20.5,4.0,Never hotspot
R078_C078,1,1,1,1,1,5,1.0,1.0,Persistent hotspot,5,2,2,1.0,1.0,0.0,176,164,146,158,150,170.0,154.0,-16.0,Persistent
R078_C079,1,0,0,1,0,2,0.4,0.4,Repeated hotspot,1,1,1,0.5,0.5,0.0,33,32,31,38,28,32.5,33.0,0.5,Intermittent
R078_C080,0,0,0,0,0,0,0.0,0.0,Never hotspot,0,0,0,0.0,0.0,0.0,3,4,8,4,4,3.5,4.0,0.5,Never hotspot
R078_C081,0,0,0,0,0,0,0.0,0.0,Never hotspot,0,0,0,0.0,0.0,0.0,1,1,1,1,0,1.0,0.5,-0.5,Never hotspot
R078_C082,0,0,0,0,0,0,0.0,0.0,Never hotspot,0,0,0,0.0,0.0,0.0,7,3,5,2,2,5.0,2.0,-3.0,Never hotspot
R078_C083,0,0,0,0,0,0,0.0,0.0,Never hotspot,0,0,0,0.0,0.0,0.0,1,1,1,3,1,1.0,2.0,1.0,Never hotspot
R078_C084,0,0,0,0,0,0,0.0,0.0,Never hotspot,0,0,0,0.0,0.0,0.0,8,8,1,6,4,8.0,5.0,-3.0,Never hotspot
R078_C085,0,0,0,0,0,0,0.0,0.0,Never hotspot,0,0,0,0.0,0.0,0.0,4,1,5,4,9,2.5,6.5,4.0,Never hotspot
R078_C086,0,0,0,0,0,0,0.0,0.0,Never hotspot,0,0,0,0.0,0.0,0.0,4,4,1,2,5,4.0,3.5,-0.5,Never hotspot
R078_C087,0,0,0,0,0,0,0.0,0.0,Never hotspot,0,0,0,0.0,0.0,0.0,2,2,1,1,1,2.0,1.0,-1.0,Never hotspot
R078_C088,0,0,0,0,0,0,0.0,0.0,Never hotspot,0,0,0,0.0,0.0,0.0,0,0,1,1,2,0.0,1.5,1.5,Never hotspot
R078_C089,0,0,0,0,0,0,0.0,0.0,Never hotspot,0,0,0,0.0,0.0,0.0,12,9,12,14,7,10.5,10.5,0.0,Never hotspot
R078_C090,0,0,0,0,0,0,0.0,0.0,Never hotspot,0,0,0,0.0,0.0,0.0,3,2,0,1,3,2.5,2.0,-0.5,Never hotspot
R078_C091,0,0,0,0,0,0,0.0,0.0,Never hotspot,0,0,0,0.0,0.0,0.0,1,2,2,2,4,1.5,3.0,1.5,Never hotspot
R078_C092,0,0,0,0,0,0,0.0,0.0,Never hotspot,0,0,0,0.0,0.0,0.0,19,16,18,16,20,17.5,18.0,0.5,Never hotspot
R078_C093,0,0,0,0,0,0,0.0,0.0,Never hotspot,0,0,0,0.0,0.0,0.0,7,5,5,5,9,6.0,7.0,1.0,Never hotspot
R078_C094,0,0,0,0,0,0,0.0,0.0,Never hotspot,0,0,0,0.0,0.0,0.0,2,1,0,1,0,1.5,0.5,-1.0,Never hotspot
R079_C052,0,0,0,0,0,0,0.0,0.0,Never hotspot,0,0,0,0.0,0.0,0.0,5,11,13,10,8,8.0,9.0,1.0,Never hotspot
R079_C053,0,0,0,0,0,0,0.0,0.0,Never hotspot,0,0,0,0.0,0.0,0.0,16,11,13,8,7,13.5,7.5,-6.0,Never hotspot
R079_C054,0,0,0,0,0,0,0.0,0.0,Never hotspot,0,0,0,0.0,0.0,0.0,9,9,9,7,11,9.0,9.0,0.0,Never hotspot
R079_C055,0,0,0,1,0,1,0.2,0.2,Occasional hotspot,1,0,1,0.0,0.5,0.5,25,30,34,38,27,27.5,32.5,5.0,Emerging
R079_C056,0,1,0,0,1,2,0.4,0.4,Repeated hotspot,1,1,1,0.5,0.5,0.0,29,34,24,29,36,31.5,32.5,1.0,Intermittent
R079_C057,0,0,0,0,0,0,0.0,0.0,Never hotspot,0,0,0,0.0,0.0,0.0,15,18,16,14,20,16.5,17.0,0.5,Never hotspot
R079_C058,1,1,1,1,1,5,1.0,1.0,Persistent hotspot,5,2,2,1.0,1.0,0.0,39,47,45,49,52,43.0,50.5,7.5,Persistent
R079_C059,0,0,0,0,0,0,0.0,0.0,Never hotspot,0,0,0,0.0,0.0,0.0,22,19,25,14,17,20.5,15.5,-5.0,Never hotspot
R079_C060,1,1,1,1,1,5,1.0,1.0,Persistent hotspot,5,2,2,1.0,1.0,0.0,43,53,53,54,41,48.0,47.5,-0.5,Persistent
R079_C061,1,1,1,1,1,5,1.0,1.0,Persistent hotspot,5,2,2,1.0,1.0,0.0,141,168,146,124,146,154.5,135.0,-19.5,Persistent
R079_C062,1,1,0,1,1,4,0.8,0.8,Persistent hotspot,2,2,2,1.0,1.0,0.0,33,38,32,45,35,35.5,40.0,4.5,Persistent
R079_C063,1,1,1,1,1,5,1.0,1.0,Persistent hotspot,5,2,2,1.0,1.0,0.0,41,58,48,45,48,49.5,46.5,-3.0,Persistent
R079_C064,1,1,1,1,1,5,1.0,1.0,Persistent hotspot,5,2,2,1.0,1.0,0.0,36,48,40,40,52,42.0,46.0,4.0,Persistent
R079_C065,1,1,1,1,1,5,1.0,1.0,Persistent hotspot,5,2,2,1.0,1.0,0.0,66,80,84,84,70,73.0,77.0,4.0,Persistent
R079_C066,0,0,0,0,0,0,0.0,0.0,Never hotspot,0,0,0,0.0,0.0,0.0,10,21,9,11,15,15.5,13.0,-2.5,Never hotspot
R079_C067,0,0,0,0,0,0,0.0,0.0,Never hotspot,0,0,0,0.0,0.0,0.0,1,0,2,1,3,0.5,2.0,1.5,Never hotspot
R079_C068,0,0,0,0,0,0,0.0,0.0,Never hotspot,0,0,0,0.0,0.0,0.0,0,1,2,2,3,0.5,2.5,2.0,Never hotspot
R079_C069,0,0,0,0,0,0,0.0,0.0,Never hotspot,0,0,0,0.0,0.0,0.0,14,7,12,17,20,10.5,18.5,8.0,Never hotspot
R079_C070,0,0,0,0,0,0,0.0,0.0,Never hotspot,0,0,0,0.0,0.0,0.0,11,16,9,20,14,13.5,17.0,3.5,Never hotspot
R079_C071,0,0,0,0,0,0,0.0,0.0,Never hotspot,0,0,0,0.0,0.0,0.0,2,5,5,5,3,3.5,4.0,0.5,Never hotspot
R079_C072,0,0,0,0,0,0,0.0,0.0,Never hotspot,0,0,0,0.0,0.0,0.0,5,4,9,7,7,4.5,7.0,2.5,Never hotspot
R079_C073,1,1,1,1,1,5,1.0,1.0,Persistent hotspot,5,2,2,1.0,1.0,0.0,61,58,64,69,71,59.5,70.0,10.5,Persistent
R079_C074,1,1,1,1,1,5,1.0,1.0,Persistent hotspot,5,2,2,1.0,1.0,0.0,53,67,59,71,73,60.0,72.0,12.0,Persistent
R079_C075,0,0,0,0,0,0,0.0,0.0,Never hotspot,0,0,0,0.0,0.0,0.0,15,24,8,18,13,19.5,15.5,-4.0,Never hotspot
R079_C076,0,0,0,0,0,0,0.0,0.0,Never hotspot,0,0,0,0.0,0.0,0.0,25,10,7,14,12,17.5,13.0,-4.5,Never hotspot
R079_C077,1,1,1,0,1,4,0.8,0.8,Persistent hotspot,3,2,1,1.0,0.5,-0.5,37,44,37,32,36,40.5,34.0,-6.5,Persistent
R079_C078,1,0,0,0,0,1,0.2,0.2,Occasional hotspot,1,1,0,0.5,0.0,-0.5,34,25,35,27,12,29.5,19.5,-10.0,Declining
R079_C079,0,1,0,1,1,3,0.6,0.6,Repeated hotspot,2,1,2,0.5,1.0,0.5,29,46,27,45,39,37.5,42.0,4.5,Intermittent
R079_C080,0,0,0,0,0,0,0.0,0.0,Never hotspot,0,0,0,0.0,0.0,0.0,12,11,12,13,18,11.5,15.5,4.0,Never hotspot
R079_C081,0,0,0,0,0,0,0.0,0.0,Never hotspot,0,0,0,0.0,0.0,0.0,3,6,11,4,7,4.5,5.5,1.0,Never hotspot
R079_C082,0,0,0,0,0,0,0.0,0.0,Never hotspot,0,0,0,0.0,0.0,0.0,7,13,10,8,11,10.0,9.5,-0.5,Never hotspot
R079_C083,0,0,0,0,0,0,0.0,0.0,Never hotspot,0,0,0,0.0,0.0,0.0,2,3,5,10,2,2.5,6.0,3.5,Never hotspot
R079_C084,1,1,1,1,1,5,1.0,1.0,Persistent hotspot,5,2,2,1.0,1.0,0.0,42,54,58,58,55,48.0,56.5,8.5,Persistent
R079_C085,0,1,0,1,0,2,0.4,0.4,Repeated hotspot,1,1,1,0.5,0.5,0.0,29,42,35,36,30,35.5,33.0,-2.5,Intermittent
R079_C086,0,0,0,0,0,0,0.0,0.0,Never hotspot,0,0,0,0.0,0.0,0.0,19,20,27,20,23,19.5,21.5,2.0,Never hotspot
R079_C087,0,0,0,0,0,0,0.0,0.0,Never hotspot,0,0,0,0.0,0.0,0.0,6,3,2,8,11,4.5,9.5,5.0,Never hotspot
R079_C088,0,0,0,0,0,0,0.0,0.0,Never hotspot,0,0,0,0.0,0.0,0.0,1,1,2,4,1,1.0,2.5,1.5,Never hotspot
R079_C089,0,0,0,0,0,0,0.0,0.0,Never hotspot,0,0,0,0.0,0.0,0.0,1,1,1,2,2,1.0,2.0,1.0,Never hotspot
R079_C090,0,0,0,0,0,0,0.0,0.0,Never hotspot,0,0,0,0.0,0.0,0.0,1,3,3,2,3,2.0,2.5,0.5,Never hotspot
R079_C091,0,0,0,0,0,0,0.0,0.0,Never hotspot,0,0,0,0.0,0.0,0.0,30,25,26,32,27,27.5,29.5,2.0,Never hotspot
R079_C092,1,1,1,1,1,5,1.0,1.0,Persistent hotspot,5,2,2,1.0,1.0,0.0,154,190,182,187,213,172.0,200.0,28.0,Persistent
R079_C093,0,0,1,1,1,3,0.6,0.6,Repeated hotspot,3,0,2,0.0,1.0,1.0,27,23,37,39,36,25.0,37.5,12.5,Emerging
R080_C052,0,0,0,0,0,0,0.0,0.0,Never hotspot,0,0,0,0.0,0.0,0.0,0,1,0,0,0,0.5,0.0,-0.5,Never hotspot
R080_C053,0,0,0,0,0,0,0.0,0.0,Never hotspot,0,0,0,0.0,0.0,0.0,15,22,21,18,21,18.5,19.5,1.0,Never hotspot
R080_C054,0,0,0,0,0,0,0.0,0.0,Never hotspot,0,0,0,0.0,0.0,0.0,9,14,14,8,9,11.5,8.5,-3.0,Never hotspot
R080_C055,0,0,0,0,0,0,0.0,0.0,Never hotspot,0,0,0,0.0,0.0,0.0,17,13,17,17,7,15.0,12.0,-3.0,Never hotspot
R080_C056,0,0,0,0,0,0,0.0,0.0,Never hotspot,0,0,0,0.0,0.0,0.0,10,12,10,9,10,11.0,9.5,-1.5,Never hotspot
R080_C057,0,0,0,0,0,0,0.0,0.0,Never hotspot,0,0,0,0.0,0.0,0.0,8,15,10,11,10,11.5,10.5,-1.0,Never hotspot
R080_C058,0,0,0,0,0,0,0.0,0.0,Never hotspot,0,0,0,0.0,0.0,0.0,15,17,22,15,15,16.0,15.0,-1.0,Never hotspot
R080_C059,1,1,0,0,1,3,0.6,0.6,Repeated hotspot,2,2,1,1.0,0.5,-0.5,41,53,33,32,38,47.0,35.0,-12.0,Intermittent
R080_C060,0,0,0,0,0,0,0.0,0.0,Never hotspot,0,0,0,0.0,0.0,0.0,15,15,19,8,16,15.0,12.0,-3.0,Never hotspot
R080_C061,1,1,1,1,1,5,1.0,1.0,Persistent hotspot,5,2,2,1.0,1.0,0.0,44,64,54,53,55,54.0,54.0,0.0,Persistent
R080_C062,0,0,0,0,0,0,0.0,0.0,Never hotspot,0,0,0,0.0,0.0,0.0,23,19,24,21,19,21.0,20.0,-1.0,Never hotspot
R080_C063,0,1,1,1,1,4,0.8,0.8,Persistent hotspot,4,1,2,0.5,1.0,0.5,30,53,57,48,47,41.5,47.5,6.0,Persistent
R080_C064,1,1,1,1,1,5,1.0,1.0,Persistent hotspot,5,2,2,1.0,1.0,0.0,66,79,82,61,64,72.5,62.5,-10.0,Persistent
R080_C065,1,1,1,1,1,5,1.0,1.0,Persistent hotspot,5,2,2,1.0,1.0,0.0,46,62,48,51,37,54.0,44.0,-10.0,Persistent
R080_C066,0,0,0,0,0,0,0.0,0.0,Never hotspot,0,0,0,0.0,0.0,0.0,4,13,12,15,8,8.5,11.5,3.0,Never hotspot
R080_C067,0,0,0,0,0,0,0.0,0.0,Never hotspot,0,0,0,0.0,0.0,0.0,4,1,6,1,4,2.5,2.5,0.0,Never hotspot
R080_C068,0,0,0,0,0,0,0.0,0.0,Never hotspot,0,0,0,0.0,0.0,0.0,8,18,6,11,7,13.0,9.0,-4.0,Never hotspot
R080_C069,0,0,1,1,0,2,0.4,0.4,Repeated hotspot,2,0,1,0.0,0.5,0.5,19,24,43,40,32,21.5,36.0,14.5,Emerging
R080_C070,0,0,0,0,0,0,0.0,0.0,Never hotspot,0,0,0,0.0,0.0,0.0,8,13,16,17,7,10.5,12.0,1.5,Never hotspot
R080_C071,0,0,0,0,0,0,0.0,0.0,Never hotspot,0,0,0,0.0,0.0,0.0,11,11,12,17,13,11.0,15.0,4.0,Never hotspot
R080_C072,0,0,0,0,0,0,0.0,0.0,Never hotspot,0,0,0,0.0,0.0,0.0,18,10,15,12,10,14.0,11.0,-3.0,Never hotspot
R080_C073,0,0,0,0,0,0,0.0,0.0,Never hotspot,0,0,0,0.0,0.0,0.0,24,16,22,16,11,20.0,13.5,-6.5,Never hotspot
R080_C074,0,0,0,1,1,2,0.4,0.4,Repeated hotspot,2,0,2,0.0,1.0,1.0,20,25,26,36,35,22.5,35.5,13.0,Emerging
R080_C075,0,0,0,0,0,0,0.0,0.0,Never hotspot,0,0,0,0.0,0.0,0.0,23,29,22,32,21,26.0,26.5,0.5,Never hotspot
R080_C076,0,0,0,0,0,0,0.0,0.0,Never hotspot,0,0,0,0.0,0.0,0.0,16,24,28,28,24,20.0,26.0,6.0,Never hotspot
R080_C077,0,0,0,0,0,0,0.0,0.0,Never hotspot,0,0,0,0.0,0.0,0.0,23,17,26,22,17,20.0,19.5,-0.5,Never hotspot
R080_C078,0,0,0,0,0,0,0.0,0.0,Never hotspot,0,0,0,0.0,0.0,0.0,15,12,16,19,18,13.5,18.5,5.0,Never hotspot
R080_C079,0,0,0,0,0,0,0.0,0.0,Never hotspot,0,0,0,0.0,0.0,0.0,7,15,21,8,9,11.0,8.5,-2.5,Never hotspot
R080_C080,0,0,0,0,0,0,0.0,0.0,Never hotspot,0,0,0,0.0,0.0,0.0,31,30,30,32,23,30.5,27.5,-3.0,Never hotspot
R080_C081,0,0,0,0,0,0,0.0,0.0,Never hotspot,0,0,0,0.0,0.0,0.0,0,2,2,1,2,1.0,1.5,0.5,Never hotspot
R080_C082,0,0,0,0,0,0,0.0,0.0,Never hotspot,0,0,0,0.0,0.0,0.0,9,5,11,3,3,7.0,3.0,-4.0,Never hotspot
R080_C083,0,0,0,0,0,0,0.0,0.0,Never hotspot,0,0,0,0.0,0.0,0.0,1,3,5,4,4,2.0,4.0,2.0,Never hotspot
R080_C084,1,1,1,1,1,5,1.0,1.0,Persistent hotspot,5,2,2,1.0,1.0,0.0,65,76,64,96,68,70.5,82.0,11.5,Persistent
R080_C085,0,0,0,0,0,0,0.0,0.0,Never hotspot,0,0,0,0.0,0.0,0.0,7,11,13,13,15,9.0,14.0,5.0,Never hotspot
R080_C086,0,0,0,0,0,0,0.0,0.0,Never hotspot,0,0,0,0.0,0.0,0.0,1,1,0,2,0,1.0,1.0,0.0,Never hotspot
R080_C087,0,0,0,0,0,0,0.0,0.0,Never hotspot,0,0,0,0.0,0.0,0.0,8,5,4,11,1,6.5,6.0,-0.5,Never hotspot
R080_C088,0,0,0,0,0,0,0.0,0.0,Never hotspot,0,0,0,0.0,0.0,0.0,10,11,16,14,7,10.5,10.5,0.0,Never hotspot
R080_C089,0,0,0,0,0,0,0.0,0.0,Never hotspot,0,0,0,0.0,0.0,0.0,11,8,7,8,9,9.5,8.5,-1.0,Never hotspot
R080_C090,0,0,0,0,0,0,0.0,0.0,Never hotspot,0,0,0,0.0,0.0,0.0,13,13,11,12,12,13.0,12.0,-1.0,Never hotspot
R080_C091,0,0,0,0,0,0,0.0,0.0,Never hotspot,0,0,0,0.0,0.0,0.0,19,13,7,12,13,16.0,12.5,-3.5,Never hotspot
R080_C092,1,1,0,0,0,2,0.4,0.4,Repeated hotspot,2,2,0,1.0,0.0,-1.0,37,36,35,33,28,36.5,30.5,-6.0,Declining
R081_C053,1,1,1,1,1,5,1.0,1.0,Persistent hotspot,5,2,2,1.0,1.0,0.0,41,61,64,71,46,51.0,58.5,7.5,Persistent
R081_C054,0,0,0,0,1,1,0.2,0.2,Occasional hotspot,1,0,1,0.0,0.5,0.5,25,29,33,30,34,27.0,32.0,5.0,Emerging
R081_C055,0,0,0,0,0,0,0.0,0.0,Never hotspot,0,0,0,0.0,0.0,0.0,4,2,4,9,3,3.0,6.0,3.0,Never hotspot
R081_C056,0,0,0,0,0,0,0.0,0.0,Never hotspot,0,0,0,0.0,0.0,0.0,7,6,5,6,7,6.5,6.5,0.0,Never hotspot
R081_C057,0,0,0,0,0,0,0.0,0.0,Never hotspot,0,0,0,0.0,0.0,0.0,17,23,15,13,22,20.0,17.5,-2.5,Never hotspot
R081_C058,1,1,1,1,1,5,1.0,1.0,Persistent hotspot,5,2,2,1.0,1.0,0.0,77,72,87,62,70,74.5,66.0,-8.5,Persistent
R081_C059,0,0,0,0,0,0,0.0,0.0,Never hotspot,0,0,0,0.0,0.0,0.0,4,3,6,6,9,3.5,7.5,4.0,Never hotspot
R081_C060,0,0,0,0,0,0,0.0,0.0,Never hotspot,0,0,0,0.0,0.0,0.0,6,6,8,10,11,6.0,10.5,4.5,Never hotspot
R081_C061,0,0,0,0,0,0,0.0,0.0,Never hotspot,0,0,0,0.0,0.0,0.0,2,3,5,9,3,2.5,6.0,3.5,Never hotspot
R081_C062,0,0,0,0,0,0,0.0,0.0,Never hotspot,0,0,0,0.0,0.0,0.0,11,18,15,13,17,14.5,15.0,0.5,Never hotspot
R081_C063,0,0,0,0,0,0,0.0,0.0,Never hotspot,0,0,0,0.0,0.0,0.0,6,1,4,4,4,3.5,4.0,0.5,Never hotspot
R081_C064,0,0,0,0,0,0,0.0,0.0,Never hotspot,0,0,0,0.0,0.0,0.0,9,13,10,5,15,11.0,10.0,-1.0,Never hotspot
R081_C065,0,0,0,0,0,0,0.0,0.0,Never hotspot,0,0,0,0.0,0.0,0.0,11,17,15,10,9,14.0,9.5,-4.5,Never hotspot
R081_C066,0,0,0,0,0,0,0.0,0.0,Never hotspot,0,0,0,0.0,0.0,0.0,2,1,3,0,1,1.5,0.5,-1.0,Never hotspot
R081_C067,0,0,0,0,0,0,0.0,0.0,Never hotspot,0,0,0,0.0,0.0,0.0,7,20,22,27,22,13.5,24.5,11.0,Never hotspot
R081_C068,0,0,0,0,0,0,0.0,0.0,Never hotspot,0,0,0,0.0,0.0,0.0,7,25,28,26,21,16.0,23.5,7.5,Never hotspot
R081_C069,1,1,1,1,1,5,1.0,1.0,Persistent hotspot,5,2,2,1.0,1.0,0.0,120,138,171,162,147,129.0,154.5,25.5,Persistent
R081_C070,1,1,1,1,1,5,1.0,1.0,Persistent hotspot,5,2,2,1.0,1.0,0.0,37,57,77,57,48,47.0,52.5,5.5,Persistent
R081_C071,0,0,0,0,0,0,0.0,0.0,Never hotspot,0,0,0,0.0,0.0,0.0,18,19,22,28,20,18.5,24.0,5.5,Never hotspot
R081_C072,0,0,0,1,0,1,0.2,0.2,Occasional hotspot,1,0,1,0.0,0.5,0.5,22,30,23,41,22,26.0,31.5,5.5,Emerging
R081_C073,1,1,1,1,1,5,1.0,1.0,Persistent hotspot,5,2,2,1.0,1.0,0.0,48,74,65,78,79,61.0,78.5,17.5,Persistent
R081_C074,0,0,0,0,0,0,0.0,0.0,Never hotspot,0,0,0,0.0,0.0,0.0,11,16,25,23,17,13.5,20.0,6.5,Never hotspot
R081_C075,0,0,0,0,0,0,0.0,0.0,Never hotspot,0,0,0,0.0,0.0,0.0,14,21,32,20,26,17.5,23.0,5.5,Never hotspot
R081_C076,0,0,0,0,0,0,0.0,0.0,Never hotspot,0,0,0,0.0,0.0,0.0,9,11,12,10,13,10.0,11.5,1.5,Never hotspot
R081_C077,0,0,0,0,0,0,0.0,0.0,Never hotspot,0,0,0,0.0,0.0,0.0,0,4,2,3,5,2.0,4.0,2.0,Never hotspot
R081_C078,0,0,0,0,0,0,0.0,0.0,Never hotspot,0,0,0,0.0,0.0,0.0,3,4,0,3,2,3.5,2.5,-1.0,Never hotspot
R081_C079,0,0,0,0,0,0,0.0,0.0,Never hotspot,0,0,0,0.0,0.0,0.0,1,0,2,0,1,0.5,0.5,0.0,Never hotspot
R081_C080,0,0,0,0,0,0,0.0,0.0,Never hotspot,0,0,0,0.0,0.0,0.0,6,11,5,10,6,8.5,8.0,-0.5,Never hotspot
R081_C082,0,0,0,0,0,0,0.0,0.0,Never hotspot,0,0,0,0.0,0.0,0.0,2,1,0,1,0,1.5,0.5,-1.0,Never hotspot
R081_C083,0,0,0,0,0,0,0.0,0.0,Never hotspot,0,0,0,0.0,0.0,0.0,5,1,3,3,2,3.0,2.5,-0.5,Never hotspot
R081_C084,0,0,0,0,0,0,0.0,0.0,Never hotspot,0,0,0,0.0,0.0,0.0,4,3,0,0,2,3.5,1.0,-2.5,Never hotspot
R081_C085,0,0,0,0,0,0,0.0,0.0,Never hotspot,0,0,0,0.0,0.0,0.0,6,7,6,4,7,6.5,5.5,-1.0,Never hotspot
R081_C086,0,0,0,0,0,0,0.0,0.0,Never hotspot,0,0,0,0.0,0.0,0.0,1,0,0,1,0,0.5,0.5,0.0,Never hotspot
R081_C087,0,0,0,0,0,0,0.0,0.0,Never hotspot,0,0,0,0.0,0.0,0.0,3,4,4,6,9,3.5,7.5,4.0,Never hotspot
R081_C088,0,0,0,0,0,0,0.0,0.0,Never hotspot,0,0,0,0.0,0.0,0.0,4,4,2,3,4,4.0,3.5,-0.5,Never hotspot
R081_C089,0,0,0,0,0,0,0.0,0.0,Never hotspot,0,0,0,0.0,0.0,0.0,6,9,1,2,5,7.5,3.5,-4.0,Never hotspot
R081_C090,0,0,0,0,0,0,0.0,0.0,Never hotspot,0,0,0,0.0,0.0,0.0,4,7,8,10,2,5.5,6.0,0.5,Never hotspot
R081_C091,0,0,0,0,0,0,0.0,0.0,Never hotspot,0,0,0,0.0,0.0,0.0,0,0,0,0,1,0.0,0.5,0.5,Never hotspot
R081_C092,0,0,0,0,0,0,0.0,0.0,Never hotspot,0,0,0,0.0,0.0,0.0,0,0,0,0,2,0.0,1.0,1.0,Never hotspot
R081_C094,0,0,0,0,0,0,0.0,0.0,Never hotspot,0,0,0,0.0,0.0,0.0,0,0,1,0,0,0.0,0.0,0.0,Never hotspot
R081_C095,0,0,0,0,0,0,0.0,0.0,Never hotspot,0,0,0,0.0,0.0,0.0,1,0,0,0,0,0.5,0.0,-0.5,Never hotspot
R082_C054,0,0,0,0,0,0,0.0,0.0,Never hotspot,0,0,0,0.0,0.0,0.0,4,7,9,5,4,5.5,4.5,-1.0,Never hotspot
R082_C055,0,0,0,0,0,0,0.0,0.0,Never hotspot,0,0,0,0.0,0.0,0.0,3,2,11,7,2,2.5,4.5,2.0,Never hotspot
R082_C056,0,0,0,0,0,0,0.0,0.0,Never hotspot,0,0,0,0.0,0.0,0.0,13,15,19,16,14,14.0,15.0,1.0,Never hotspot
R082_C057,1,1,1,1,1,5,1.0,1.0,Persistent hotspot,5,2,2,1.0,1.0,0.0,41,46,55,51,46,43.5,48.5,5.0,Persistent
R082_C058,1,1,1,1,1,5,1.0,1.0,Persistent hotspot,5,2,2,1.0,1.0,0.0,44,65,59,60,86,54.5,73.0,18.5,Persistent
R082_C059,0,0,0,0,0,0,0.0,0.0,Never hotspot,0,0,0,0.0,0.0,0.0,6,19,15,16,14,12.5,15.0,2.5,Never hotspot
R082_C060,1,1,1,1,1,5,1.0,1.0,Persistent hotspot,5,2,2,1.0,1.0,0.0,49,42,39,40,37,45.5,38.5,-7.0,Persistent
R082_C061,0,0,0,0,0,0,0.0,0.0,Never hotspot,0,0,0,0.0,0.0,0.0,11,14,9,20,14,12.5,17.0,4.5,Never hotspot
R082_C062,0,0,0,0,1,1,0.2,0.2,Occasional hotspot,1,0,1,0.0,0.5,0.5,30,30,30,32,35,30.0,33.5,3.5,Emerging
R082_C063,0,0,0,0,1,1,0.2,0.2,Occasional hotspot,1,0,1,0.0,0.5,0.5,29,30,26,32,34,29.5,33.0,3.5,Emerging
R082_C064,0,0,0,0,0,0,0.0,0.0,Never hotspot,0,0,0,0.0,0.0,0.0,19,22,17,12,12,20.5,12.0,-8.5,Never hotspot
R082_C065,0,0,0,0,0,0,0.0,0.0,Never hotspot,0,0,0,0.0,0.0,0.0,9,14,14,9,11,11.5,10.0,-1.5,Never hotspot
R082_C066,0,0,0,0,0,0,0.0,0.0,Never hotspot,0,0,0,0.0,0.0,0.0,2,2,2,2,1,2.0,1.5,-0.5,Never hotspot
R082_C067,0,0,0,0,0,0,0.0,0.0,Never hotspot,0,0,0,0.0,0.0,0.0,1,11,11,5,6,6.0,5.5,-0.5,Never hotspot
R082_C068,1,1,1,1,1,5,1.0,1.0,Persistent hotspot,5,2,2,1.0,1.0,0.0,40,60,84,66,84,50.0,75.0,25.0,Persistent
R082_C069,1,1,1,1,1,5,1.0,1.0,Persistent hotspot,5,2,2,1.0,1.0,0.0,40,51,70,69,59,45.5,64.0,18.5,Persistent
R082_C070,1,1,1,1,1,5,1.0,1.0,Persistent hotspot,5,2,2,1.0,1.0,0.0,35,52,55,63,44,43.5,53.5,10.0,Persistent
R082_C071,1,1,1,1,1,5,1.0,1.0,Persistent hotspot,5,2,2,1.0,1.0,0.0,97,153,179,160,141,125.0,150.5,25.5,Persistent
R082_C072,1,1,1,1,1,5,1.0,1.0,Persistent hotspot,5,2,2,1.0,1.0,0.0,49,43,51,75,57,46.0,66.0,20.0,Persistent
R082_C073,1,1,1,1,1,5,1.0,1.0,Persistent hotspot,5,2,2,1.0,1.0,0.0,72,93,109,129,124,82.5,126.5,44.0,Persistent
R082_C074,0,0,1,1,1,3,0.6,0.6,Repeated hotspot,3,0,2,0.0,1.0,1.0,19,29,37,42,44,24.0,43.0,19.0,Emerging
R082_C075,0,1,1,1,1,4,0.8,0.8,Persistent hotspot,4,1,2,0.5,1.0,0.5,26,40,77,59,57,33.0,58.0,25.0,Persistent
R082_C076,1,1,1,1,1,5,1.0,1.0,Persistent hotspot,5,2,2,1.0,1.0,0.0,46,64,79,78,78,55.0,78.0,23.0,Persistent
R082_C077,0,0,0,0,0,0,0.0,0.0,Never hotspot,0,0,0,0.0,0.0,0.0,3,7,5,7,4,5.0,5.5,0.5,Never hotspot
R082_C078,0,0,0,0,0,0,0.0,0.0,Never hotspot,0,0,0,0.0,0.0,0.0,2,9,6,7,10,5.5,8.5,3.0,Never hotspot
R082_C079,0,0,0,0,0,0,0.0,0.0,Never hotspot,0,0,0,0.0,0.0,0.0,5,7,6,9,6,6.0,7.5,1.5,Never hotspot
R082_C080,0,0,0,0,0,0,0.0,0.0,Never hotspot,0,0,0,0.0,0.0,0.0,8,6,5,10,7,7.0,8.5,1.5,Never hotspot
R082_C081,0,0,0,0,0,0,0.0,0.0,Never hotspot,0,0,0,0.0,0.0,0.0,29,32,30,26,27,30.5,26.5,-4.0,Never hotspot
R082_C082,0,0,0,0,0,0,0.0,0.0,Never hotspot,0,0,0,0.0,0.0,0.0,3,3,1,1,5,3.0,3.0,0.0,Never hotspot
R082_C083,0,0,0,0,0,0,0.0,0.0,Never hotspot,0,0,0,0.0,0.0,0.0,1,0,0,0,0,0.5,0.0,-0.5,Never hotspot
R082_C084,0,0,0,0,0,0,0.0,0.0,Never hotspot,0,0,0,0.0,0.0,0.0,2,0,0,0,0,1.0,0.0,-1.0,Never hotspot
R082_C085,0,0,0,0,0,0,0.0,0.0,Never hotspot,0,0,0,0.0,0.0,0.0,5,6,3,3,4,5.5,3.5,-2.0,Never hotspot
R082_C086,0,0,0,0,0,0,0.0,0.0,Never hotspot,0,0,0,0.0,0.0,0.0,0,1,3,2,4,0.5,3.0,2.5,Never hotspot
R082_C087,0,0,0,0,0,0,0.0,0.0,Never hotspot,0,0,0,0.0,0.0,0.0,20,15,23,13,10,17.5,11.5,-6.0,Never hotspot
R082_C088,0,0,0,0,0,0,0.0,0.0,Never hotspot,0,0,0,0.0,0.0,0.0,7,11,6,7,5,9.0,6.0,-3.0,Never hotspot
R082_C089,0,0,0,0,0,0,0.0,0.0,Never hotspot,0,0,0,0.0,0.0,0.0,1,1,1,0,0,1.0,0.0,-1.0,Never hotspot
R082_C092,0,0,0,0,0,0,0.0,0.0,Never hotspot,0,0,0,0.0,0.0,0.0,3,4,3,0,0,3.5,0.0,-3.5,Never hotspot
R082_C093,0,0,0,0,0,0,0.0,0.0,Never hotspot,0,0,0,0.0,0.0,0.0,3,0,3,2,1,1.5,1.5,0.0,Never hotspot
R082_C094,0,0,0,0,0,0,0.0,0.0,Never hotspot,0,0,0,0.0,0.0,0.0,0,0,1,2,0,0.0,1.0,1.0,Never hotspot
R083_C053,0,1,0,0,0,1,0.2,0.2,Occasional hotspot,1,1,0,0.5,0.0,-0.5,31,38,34,33,29,34.5,31.0,-3.5,Declining
R083_C054,0,0,0,0,0,0,0.0,0.0,Never hotspot,0,0,0,0.0,0.0,0.0,10,20,13,26,8,15.0,17.0,2.0,Never hotspot
R083_C055,0,0,0,0,0,0,0.0,0.0,Never hotspot,0,0,0,0.0,0.0,0.0,6,15,8,11,14,10.5,12.5,2.0,Never hotspot
R083_C056,0,0,0,0,0,0,0.0,0.0,Never hotspot,0,0,0,0.0,0.0,0.0,4,8,12,12,12,6.0,12.0,6.0,Never hotspot
R083_C057,1,1,1,1,1,5,1.0,1.0,Persistent hotspot,5,2,2,1.0,1.0,0.0,95,111,115,126,102,103.0,114.0,11.0,Persistent
R083_C058,1,1,1,1,1,5,1.0,1.0,Persistent hotspot,5,2,2,1.0,1.0,0.0,61,65,66,58,88,63.0,73.0,10.0,Persistent
R083_C059,0,0,0,0,0,0,0.0,0.0,Never hotspot,0,0,0,0.0,0.0,0.0,6,8,5,9,11,7.0,10.0,3.0,Never hotspot
R083_C060,1,1,1,1,1,5,1.0,1.0,Persistent hotspot,5,2,2,1.0,1.0,0.0,163,212,165,176,171,187.5,173.5,-14.0,Persistent
R083_C061,1,1,1,1,1,5,1.0,1.0,Persistent hotspot,5,2,2,1.0,1.0,0.0,78,79,75,84,91,78.5,87.5,9.0,Persistent
R083_C062,1,1,1,1,1,5,1.0,1.0,Persistent hotspot,5,2,2,1.0,1.0,0.0,69,56,50,68,56,62.5,62.0,-0.5,Persistent
R083_C063,0,0,0,0,0,0,0.0,0.0,Never hotspot,0,0,0,0.0,0.0,0.0,3,6,8,7,9,4.5,8.0,3.5,Never hotspot
R083_C064,0,0,0,0,0,0,0.0,0.0,Never hotspot,0,0,0,0.0,0.0,0.0,8,4,9,7,11,6.0,9.0,3.0,Never hotspot
R083_C065,0,0,0,0,0,0,0.0,0.0,Never hotspot,0,0,0,0.0,0.0,0.0,2,8,3,3,7,5.0,5.0,0.0,Never hotspot
R083_C066,0,0,0,0,0,0,0.0,0.0,Never hotspot,0,0,0,0.0,0.0,0.0,2,8,7,10,5,5.0,7.5,2.5,Never hotspot
R083_C067,0,0,0,0,0,0,0.0,0.0,Never hotspot,0,0,0,0.0,0.0,0.0,4,9,8,9,9,6.5,9.0,2.5,Never hotspot
R083_C068,1,1,1,1,1,5,1.0,1.0,Persistent hotspot,5,2,2,1.0,1.0,0.0,62,84,114,102,108,73.0,105.0,32.0,Persistent
R083_C069,1,1,1,1,1,5,1.0,1.0,Persistent hotspot,5,2,2,1.0,1.0,0.0,34,50,47,46,49,42.0,47.5,5.5,Persistent
R083_C070,1,1,1,1,1,5,1.0,1.0,Persistent hotspot,5,2,2,1.0,1.0,0.0,57,76,95,85,71,66.5,78.0,11.5,Persistent
R083_C071,1,1,1,1,1,5,1.0,1.0,Persistent hotspot,5,2,2,1.0,1.0,0.0,44,85,73,73,62,64.5,67.5,3.0,Persistent
R083_C072,1,1,1,1,1,5,1.0,1.0,Persistent hotspot,5,2,2,1.0,1.0,0.0,40,81,97,100,77,60.5,88.5,28.0,Persistent
R083_C073,1,1,1,1,1,5,1.0,1.0,Persistent hotspot,5,2,2,1.0,1.0,0.0,46,64,74,76,77,55.0,76.5,21.5,Persistent
R083_C074,0,0,0,0,0,0,0.0,0.0,Never hotspot,0,0,0,0.0,0.0,0.0,18,27,24,25,28,22.5,26.5,4.0,Never hotspot
R083_C075,0,1,1,0,0,2,0.4,0.4,Repeated hotspot,2,1,0,0.5,0.0,-0.5,30,34,38,34,30,32.0,32.0,0.0,Declining
R083_C076,0,0,0,0,0,0,0.0,0.0,Never hotspot,0,0,0,0.0,0.0,0.0,17,13,17,17,22,15.0,19.5,4.5,Never hotspot
R083_C077,0,0,0,0,0,0,0.0,0.0,Never hotspot,0,0,0,0.0,0.0,0.0,4,2,3,6,2,3.0,4.0,1.0,Never hotspot
R083_C078,0,0,0,0,0,0,0.0,0.0,Never hotspot,0,0,0,0.0,0.0,0.0,3,1,0,1,6,2.0,3.5,1.5,Never hotspot
R083_C079,0,0,0,0,0,0,0.0,0.0,Never hotspot,0,0,0,0.0,0.0,0.0,2,2,3,4,5,2.0,4.5,2.5,Never hotspot
R083_C080,0,0,0,0,0,0,0.0,0.0,Never hotspot,0,0,0,0.0,0.0,0.0,2,2,3,2,0,2.0,1.0,-1.0,Never hotspot
R083_C081,0,0,0,0,0,0,0.0,0.0,Never hotspot,0,0,0,0.0,0.0,0.0,6,17,15,13,10,11.5,11.5,0.0,Never hotspot
R083_C082,0,0,0,0,0,0,0.0,0.0,Never hotspot,0,0,0,0.0,0.0,0.0,5,7,9,11,6,6.0,8.5,2.5,Never hotspot
R083_C083,0,0,0,0,0,0,0.0,0.0,Never hotspot,0,0,0,0.0,0.0,0.0,3,4,7,6,12,3.5,9.0,5.5,Never hotspot
R083_C084,0,0,0,0,0,0,0.0,0.0,Never hotspot,0,0,0,0.0,0.0,0.0,0,1,0,0,1,0.5,0.5,0.0,Never hotspot
R083_C085,0,0,0,0,0,0,0.0,0.0,Never hotspot,0,0,0,0.0,0.0,0.0,6,6,11,3,10,6.0,6.5,0.5,Never hotspot
R083_C086,0,0,0,0,0,0,0.0,0.0,Never hotspot,0,0,0,0.0,0.0,0.0,10,11,10,11,16,10.5,13.5,3.0,Never hotspot
R083_C087,1,1,1,1,1,5,1.0,1.0,Persistent hotspot,5,2,2,1.0,1.0,0.0,61,78,76,79,66,69.5,72.5,3.0,Persistent
R083_C088,1,1,1,1,1,5,1.0,1.0,Persistent hotspot,5,2,2,1.0,1.0,0.0,213,186,202,228,214,199.5,221.0,21.5,Persistent
R083_C089,1,1,1,1,1,5,1.0,1.0,Persistent hotspot,5,2,2,1.0,1.0,0.0,59,60,74,69,59,59.5,64.0,4.5,Persistent
R083_C090,0,0,0,0,0,0,0.0,0.0,Never hotspot,0,0,0,0.0,0.0,0.0,13,18,10,11,13,15.5,12.0,-3.5,Never hotspot
R083_C091,0,0,0,0,0,0,0.0,0.0,Never hotspot,0,0,0,0.0,0.0,0.0,11,7,10,9,12,9.0,10.5,1.5,Never hotspot
R083_C092,0,0,0,0,0,0,0.0,0.0,Never hotspot,0,0,0,0.0,0.0,0.0,2,3,5,2,3,2.5,2.5,0.0,Never hotspot
R083_C093,0,0,0,0,0,0,0.0,0.0,Never hotspot,0,0,0,0.0,0.0,0.0,4,8,9,10,8,6.0,9.0,3.0,Never hotspot
R083_C094,0,0,0,0,0,0,0.0,0.0,Never hotspot,0,0,0,0.0,0.0,0.0,0,0,1,0,0,0.0,0.0,0.0,Never hotspot
R084_C053,1,1,1,1,1,5,1.0,1.0,Persistent hotspot,5,2,2,1.0,1.0,0.0,102,129,150,124,128,115.5,126.0,10.5,Persistent
R084_C054,0,0,0,0,0,0,0.0,0.0,Never hotspot,0,0,0,0.0,0.0,0.0,20,18,26,19,33,19.0,26.0,7.0,Never hotspot
R084_C055,0,0,0,1,0,1,0.2,0.2,Occasional hotspot,1,0,1,0.0,0.5,0.5,21,11,23,37,15,16.0,26.0,10.0,Emerging
R084_C056,0,0,0,0,0,0,0.0,0.0,Never hotspot,0,0,0,0.0,0.0,0.0,15,14,9,21,18,14.5,19.5,5.0,Never hotspot
R084_C057,1,1,1,1,1,5,1.0,1.0,Persistent hotspot,5,2,2,1.0,1.0,0.0,105,138,137,154,147,121.5,150.5,29.0,Persistent
R084_C058,1,1,1,1,1,5,1.0,1.0,Persistent hotspot,5,2,2,1.0,1.0,0.0,65,75,89,85,80,70.0,82.5,12.5,Persistent
R084_C059,0,0,0,0,0,0,0.0,0.0,Never hotspot,0,0,0,0.0,0.0,0.0,8,4,9,8,4,6.0,6.0,0.0,Never hotspot
R084_C060,0,0,0,0,0,0,0.0,0.0,Never hotspot,0,0,0,0.0,0.0,0.0,16,17,28,24,21,16.5,22.5,6.0,Never hotspot
R084_C061,1,1,0,1,1,4,0.8,0.8,Persistent hotspot,2,2,2,1.0,1.0,0.0,38,35,28,41,34,36.5,37.5,1.0,Persistent
R084_C062,0,0,1,1,1,3,0.6,0.6,Repeated hotspot,3,0,2,0.0,1.0,1.0,26,31,47,41,41,28.5,41.0,12.5,Emerging
R084_C063,1,1,1,1,1,5,1.0,1.0,Persistent hotspot,5,2,2,1.0,1.0,0.0,74,106,112,102,111,90.0,106.5,16.5,Persistent
R084_C064,0,0,0,0,0,0,0.0,0.0,Never hotspot,0,0,0,0.0,0.0,0.0,20,15,23,21,18,17.5,19.5,2.0,Never hotspot
R084_C065,0,0,0,0,0,0,0.0,0.0,Never hotspot,0,0,0,0.0,0.0,0.0,0,1,0,2,0,0.5,1.0,0.5,Never hotspot
R084_C067,0,0,0,0,0,0,0.0,0.0,Never hotspot,0,0,0,0.0,0.0,0.0,3,2,9,1,6,2.5,3.5,1.0,Never hotspot
R084_C068,0,0,0,0,0,0,0.0,0.0,Never hotspot,0,0,0,0.0,0.0,0.0,8,27,17,16,24,17.5,20.0,2.5,Never hotspot
R084_C069,1,1,1,1,1,5,1.0,1.0,Persistent hotspot,5,2,2,1.0,1.0,0.0,141,161,177,197,183,151.0,190.0,39.0,Persistent
R084_C070,1,1,1,1,1,5,1.0,1.0,Persistent hotspot,5,2,2,1.0,1.0,0.0,255,424,416,377,395,339.5,386.0,46.5,Persistent
R084_C071,1,1,1,1,1,5,1.0,1.0,Persistent hotspot,5,2,2,1.0,1.0,0.0,49,54,81,58,74,51.5,66.0,14.5,Persistent
R084_C072,1,1,1,1,1,5,1.0,1.0,Persistent hotspot,5,2,2,1.0,1.0,0.0,190,235,295,245,277,212.5,261.0,48.5,Persistent
R084_C073,1,1,1,1,1,5,1.0,1.0,Persistent hotspot,5,2,2,1.0,1.0,0.0,162,278,272,258,247,220.0,252.5,32.5,Persistent
R084_C074,0,1,1,1,1,4,0.8,0.8,Persistent hotspot,4,1,2,0.5,1.0,0.5,26,48,55,36,47,37.0,41.5,4.5,Persistent
R084_C075,0,0,0,0,0,0,0.0,0.0,Never hotspot,0,0,0,0.0,0.0,0.0,16,25,28,29,20,20.5,24.5,4.0,Never hotspot
R084_C076,0,0,0,0,0,0,0.0,0.0,Never hotspot,0,0,0,0.0,0.0,0.0,9,11,13,11,20,10.0,15.5,5.5,Never hotspot
R084_C077,0,0,0,0,0,0,0.0,0.0,Never hotspot,0,0,0,0.0,0.0,0.0,6,8,7,5,6,7.0,5.5,-1.5,Never hotspot
R084_C078,0,0,0,0,0,0,0.0,0.0,Never hotspot,0,0,0,0.0,0.0,0.0,9,9,2,7,7,9.0,7.0,-2.0,Never hotspot
R084_C079,0,0,0,1,1,2,0.4,0.4,Repeated hotspot,2,0,2,0.0,1.0,1.0,29,25,32,35,34,27.0,34.5,7.5,Emerging
R084_C080,0,0,0,0,0,0,0.0,0.0,Never hotspot,0,0,0,0.0,0.0,0.0,3,1,1,3,4,2.0,3.5,1.5,Never hotspot
R084_C081,0,0,0,0,0,0,0.0,0.0,Never hotspot,0,0,0,0.0,0.0,0.0,2,0,2,0,0,1.0,0.0,-1.0,Never hotspot
R084_C082,0,0,0,0,0,0,0.0,0.0,Never hotspot,0,0,0,0.0,0.0,0.0,4,2,2,6,4,3.0,5.0,2.0,Never hotspot
R084_C083,0,0,0,0,0,0,0.0,0.0,Never hotspot,0,0,0,0.0,0.0,0.0,0,0,1,2,1,0.0,1.5,1.5,Never hotspot
R084_C084,0,0,0,0,0,0,0.0,0.0,Never hotspot,0,0,0,0.0,0.0,0.0,5,8,11,5,7,6.5,6.0,-0.5,Never hotspot
R084_C085,0,0,0,0,0,0,0.0,0.0,Never hotspot,0,0,0,0.0,0.0,0.0,13,7,14,11,9,10.0,10.0,0.0,Never hotspot
R084_C086,0,0,0,0,0,0,0.0,0.0,Never hotspot,0,0,0,0.0,0.0,0.0,1,6,7,2,9,3.5,5.5,2.0,Never hotspot
R084_C087,0,0,1,1,1,3,0.6,0.6,Repeated hotspot,3,0,2,0.0,1.0,1.0,26,31,42,45,35,28.5,40.0,11.5,Emerging
R084_C088,1,1,1,1,1,5,1.0,1.0,Persistent hotspot,5,2,2,1.0,1.0,0.0,148,162,180,184,189,155.0,186.5,31.5,Persistent
R084_C089,1,1,1,1,1,5,1.0,1.0,Persistent hotspot,5,2,2,1.0,1.0,0.0,162,162,179,187,151,162.0,169.0,7.0,Persistent
R084_C090,0,0,0,0,0,0,0.0,0.0,Never hotspot,0,0,0,0.0,0.0,0.0,11,14,9,8,7,12.5,7.5,-5.0,Never hotspot
R084_C091,0,0,0,0,0,0,0.0,0.0,Never hotspot,0,0,0,0.0,0.0,0.0,2,6,2,1,4,4.0,2.5,-1.5,Never hotspot
R084_C092,0,0,0,0,0,0,0.0,0.0,Never hotspot,0,0,0,0.0,0.0,0.0,2,4,2,2,5,3.0,3.5,0.5,Never hotspot
R084_C093,0,0,0,0,0,0,0.0,0.0,Never hotspot,0,0,0,0.0,0.0,0.0,2,0,0,0,1,1.0,0.5,-0.5,Never hotspot
R085_C053,1,1,1,1,1,5,1.0,1.0,Persistent hotspot,5,2,2,1.0,1.0,0.0,146,200,192,157,176,173.0,166.5,-6.5,Persistent
R085_C054,0,0,0,0,0,0,0.0,0.0,Never hotspot,0,0,0,0.0,0.0,0.0,14,19,19,19,15,16.5,17.0,0.5,Never hotspot
R085_C055,0,0,0,0,0,0,0.0,0.0,Never hotspot,0,0,0,0.0,0.0,0.0,3,13,4,4,7,8.0,5.5,-2.5,Never hotspot
R085_C056,0,0,0,0,0,0,0.0,0.0,Never hotspot,0,0,0,0.0,0.0,0.0,4,1,4,3,5,2.5,4.0,1.5,Never hotspot
R085_C057,0,0,0,0,0,0,0.0,0.0,Never hotspot,0,0,0,0.0,0.0,0.0,11,14,16,19,13,12.5,16.0,3.5,Never hotspot
R085_C058,0,0,0,0,0,0,0.0,0.0,Never hotspot,0,0,0,0.0,0.0,0.0,5,5,5,5,11,5.0,8.0,3.0,Never hotspot
R085_C059,0,0,0,0,0,0,0.0,0.0,Never hotspot,0,0,0,0.0,0.0,0.0,8,13,8,12,9,10.5,10.5,0.0,Never hotspot
R085_C060,0,0,0,0,0,0,0.0,0.0,Never hotspot,0,0,0,0.0,0.0,0.0,2,3,1,4,3,2.5,3.5,1.0,Never hotspot
R085_C061,0,0,0,0,0,0,0.0,0.0,Never hotspot,0,0,0,0.0,0.0,0.0,15,22,18,12,23,18.5,17.5,-1.0,Never hotspot
R085_C062,0,0,0,0,0,0,0.0,0.0,Never hotspot,0,0,0,0.0,0.0,0.0,3,7,5,7,4,5.0,5.5,0.5,Never hotspot
R085_C063,0,0,0,1,0,1,0.2,0.2,Occasional hotspot,1,0,1,0.0,0.5,0.5,25,28,26,39,31,26.5,35.0,8.5,Emerging
R085_C064,1,1,1,1,1,5,1.0,1.0,Persistent hotspot,5,2,2,1.0,1.0,0.0,63,70,53,71,64,66.5,67.5,1.0,Persistent
R085_C065,0,0,0,0,0,0,0.0,0.0,Never hotspot,0,0,0,0.0,0.0,0.0,1,1,1,1,0,1.0,0.5,-0.5,Never hotspot
R085_C066,0,0,0,0,0,0,0.0,0.0,Never hotspot,0,0,0,0.0,0.0,0.0,2,1,0,1,2,1.5,1.5,0.0,Never hotspot
R085_C067,0,0,0,0,0,0,0.0,0.0,Never hotspot,0,0,0,0.0,0.0,0.0,6,21,10,12,5,13.5,8.5,-5.0,Never hotspot
R085_C068,0,0,0,0,0,0,0.0,0.0,Never hotspot,0,0,0,0.0,0.0,0.0,18,19,23,25,16,18.5,20.5,2.0,Never hotspot
R085_C069,1,1,1,1,1,5,1.0,1.0,Persistent hotspot,5,2,2,1.0,1.0,0.0,57,80,88,102,88,68.5,95.0,26.5,Persistent
R085_C070,1,1,1,1,1,5,1.0,1.0,Persistent hotspot,5,2,2,1.0,1.0,0.0,72,103,107,110,114,87.5,112.0,24.5,Persistent
R085_C071,1,1,1,1,1,5,1.0,1.0,Persistent hotspot,5,2,2,1.0,1.0,0.0,38,40,49,51,44,39.0,47.5,8.5,Persistent
R085_C072,1,1,1,1,1,5,1.0,1.0,Persistent hotspot,5,2,2,1.0,1.0,0.0,118,140,160,175,153,129.0,164.0,35.0,Persistent
R085_C073,1,1,1,1,1,5,1.0,1.0,Persistent hotspot,5,2,2,1.0,1.0,0.0,119,158,168,161,176,138.5,168.5,30.0,Persistent
R085_C074,0,1,1,1,1,4,0.8,0.8,Persistent hotspot,4,1,2,0.5,1.0,0.5,28,47,53,37,42,37.5,39.5,2.0,Persistent
R085_C075,0,0,0,0,0,0,0.0,0.0,Never hotspot,0,0,0,0.0,0.0,0.0,14,18,23,7,14,16.0,10.5,-5.5,Never hotspot
R085_C076,0,0,0,0,0,0,0.0,0.0,Never hotspot,0,0,0,0.0,0.0,0.0,4,3,4,5,5,3.5,5.0,1.5,Never hotspot
R085_C077,0,0,0,0,0,0,0.0,0.0,Never hotspot,0,0,0,0.0,0.0,0.0,1,1,1,0,2,1.0,1.0,0.0,Never hotspot
R085_C078,0,0,0,0,0,0,0.0,0.0,Never hotspot,0,0,0,0.0,0.0,0.0,6,4,3,8,2,5.0,5.0,0.0,Never hotspot
R085_C079,0,0,0,0,0,0,0.0,0.0,Never hotspot,0,0,0,0.0,0.0,0.0,7,5,2,3,5,6.0,4.0,-2.0,Never hotspot
R085_C080,0,0,0,0,0,0,0.0,0.0,Never hotspot,0,0,0,0.0,0.0,0.0,1,5,1,2,5,3.0,3.5,0.5,Never hotspot
R085_C081,0,0,0,0,0,0,0.0,0.0,Never hotspot,0,0,0,0.0,0.0,0.0,5,5,6,3,1,5.0,2.0,-3.0,Never hotspot
R085_C082,0,0,0,0,0,0,0.0,0.0,Never hotspot,0,0,0,0.0,0.0,0.0,1,3,2,2,4,2.0,3.0,1.0,Never hotspot
R085_C083,0,0,0,0,0,0,0.0,0.0,Never hotspot,0,0,0,0.0,0.0,0.0,4,5,3,6,5,4.5,5.5,1.0,Never hotspot
R085_C084,0,0,0,0,0,0,0.0,0.0,Never hotspot,0,0,0,0.0,0.0,0.0,0,0,0,2,1,0.0,1.5,1.5,Never hotspot
R085_C085,0,0,0,0,0,0,0.0,0.0,Never hotspot,0,0,0,0.0,0.0,0.0,3,3,2,0,7,3.0,3.5,0.5,Never hotspot
R085_C086,0,0,0,0,0,0,0.0,0.0,Never hotspot,0,0,0,0.0,0.0,0.0,5,4,8,7,5,4.5,6.0,1.5,Never hotspot
R085_C087,0,0,1,0,0,1,0.2,0.2,Occasional hotspot,1,0,0,0.0,0.0,0.0,27,32,39,31,32,29.5,31.5,2.0,Intermittent
R085_C088,0,0,0,0,0,0,0.0,0.0,Never hotspot,0,0,0,0.0,0.0,0.0,9,12,10,17,10,10.5,13.5,3.0,Never hotspot
R085_C089,0,0,0,0,0,0,0.0,0.0,Never hotspot,0,0,0,0.0,0.0,0.0,8,4,9,7,5,6.0,6.0,0.0,Never hotspot
R085_C090,0,0,0,0,0,0,0.0,0.0,Never hotspot,0,0,0,0.0,0.0,0.0,2,7,4,3,4,4.5,3.5,-1.0,Never hotspot
R085_C091,0,0,0,0,0,0,0.0,0.0,Never hotspot,0,0,0,0.0,0.0,0.0,4,2,1,1,1,3.0,1.0,-2.0,Never hotspot
R085_C092,0,0,0,0,0,0,0.0,0.0,Never hotspot,0,0,0,0.0,0.0,0.0,0,1,1,2,0,0.5,1.0,0.5,Never hotspot
R086_C053,1,1,1,1,1,5,1.0,1.0,Persistent hotspot,5,2,2,1.0,1.0,0.0,65,77,95,76,95,71.0,85.5,14.5,Persistent
R086_C054,0,0,0,0,0,0,0.0,0.0,Never hotspot,0,0,0,0.0,0.0,0.0,13,9,17,13,12,11.0,12.5,1.5,Never hotspot
R086_C055,0,0,0,0,0,0,0.0,0.0,Never hotspot,0,0,0,0.0,0.0,0.0,8,5,5,5,4,6.5,4.5,-2.0,Never hotspot
R086_C056,0,0,0,0,0,0,0.0,0.0,Never hotspot,0,0,0,0.0,0.0,0.0,5,5,5,12,9,5.0,10.5,5.5,Never hotspot
R086_C057,0,0,0,0,0,0,0.0,0.0,Never hotspot,0,0,0,0.0,0.0,0.0,10,7,12,6,13,8.5,9.5,1.0,Never hotspot
R086_C058,0,0,0,0,0,0,0.0,0.0,Never hotspot,0,0,0,0.0,0.0,0.0,1,0,2,0,2,0.5,1.0,0.5,Never hotspot
R086_C059,0,0,0,0,0,0,0.0,0.0,Never hotspot,0,0,0,0.0,0.0,0.0,0,1,3,2,2,0.5,2.0,1.5,Never hotspot
R086_C060,0,0,0,0,0,0,0.0,0.0,Never hotspot,0,0,0,0.0,0.0,0.0,1,2,2,2,2,1.5,2.0,0.5,Never hotspot
R086_C061,0,0,0,0,0,0,0.0,0.0,Never hotspot,0,0,0,0.0,0.0,0.0,16,13,20,18,14,14.5,16.0,1.5,Never hotspot
R086_C062,0,0,0,0,0,0,0.0,0.0,Never hotspot,0,0,0,0.0,0.0,0.0,8,7,2,3,1,7.5,2.0,-5.5,Never hotspot
R086_C063,0,0,0,0,0,0,0.0,0.0,Never hotspot,0,0,0,0.0,0.0,0.0,2,0,1,3,1,1.0,2.0,1.0,Never hotspot
R086_C064,0,0,0,0,0,0,0.0,0.0,Never hotspot,0,0,0,0.0,0.0,0.0,22,21,19,27,29,21.5,28.0,6.5,Never hotspot
R086_C065,0,0,0,0,0,0,0.0,0.0,Never hotspot,0,0,0,0.0,0.0,0.0,7,11,4,3,8,9.0,5.5,-3.5,Never hotspot
R086_C066,0,0,0,0,0,0,0.0,0.0,Never hotspot,0,0,0,0.0,0.0,0.0,3,4,3,6,6,3.5,6.0,2.5,Never hotspot
R086_C067,0,0,0,0,0,0,0.0,0.0,Never hotspot,0,0,0,0.0,0.0,0.0,14,20,14,22,30,17.0,26.0,9.0,Never hotspot
R086_C068,1,1,1,1,1,5,1.0,1.0,Persistent hotspot,5,2,2,1.0,1.0,0.0,42,90,76,75,71,66.0,73.0,7.0,Persistent
R086_C069,0,0,0,0,0,0,0.0,0.0,Never hotspot,0,0,0,0.0,0.0,0.0,0,7,10,12,13,3.5,12.5,9.0,Never hotspot
R086_C070,0,0,1,0,0,1,0.2,0.2,Occasional hotspot,1,0,0,0.0,0.0,0.0,19,21,36,31,24,20.0,27.5,7.5,Intermittent
R086_C071,0,0,1,1,1,3,0.6,0.6,Repeated hotspot,3,0,2,0.0,1.0,1.0,17,28,45,50,45,22.5,47.5,25.0,Emerging
R086_C072,0,0,0,0,0,0,0.0,0.0,Never hotspot,0,0,0,0.0,0.0,0.0,15,9,13,16,14,12.0,15.0,3.0,Never hotspot
R086_C073,0,0,0,0,0,0,0.0,0.0,Never hotspot,0,0,0,0.0,0.0,0.0,9,9,12,9,9,9.0,9.0,0.0,Never hotspot
R086_C074,0,0,0,0,0,0,0.0,0.0,Never hotspot,0,0,0,0.0,0.0,0.0,5,7,7,7,10,6.0,8.5,2.5,Never hotspot
R086_C075,0,0,0,0,0,0,0.0,0.0,Never hotspot,0,0,0,0.0,0.0,0.0,9,11,15,14,11,10.0,12.5,2.5,Never hotspot
R086_C076,0,0,0,0,0,0,0.0,0.0,Never hotspot,0,0,0,0.0,0.0,0.0,7,10,6,12,10,8.5,11.0,2.5,Never hotspot
R086_C077,0,0,0,0,0,0,0.0,0.0,Never hotspot,0,0,0,0.0,0.0,0.0,2,3,2,4,3,2.5,3.5,1.0,Never hotspot
R086_C078,0,0,0,0,0,0,0.0,0.0,Never hotspot,0,0,0,0.0,0.0,0.0,2,2,1,3,4,2.0,3.5,1.5,Never hotspot
R086_C079,0,0,0,0,0,0,0.0,0.0,Never hotspot,0,0,0,0.0,0.0,0.0,7,2,4,3,6,4.5,4.5,0.0,Never hotspot
R086_C080,0,0,0,0,0,0,0.0,0.0,Never hotspot,0,0,0,0.0,0.0,0.0,2,1,0,3,1,1.5,2.0,0.5,Never hotspot
R086_C081,0,0,0,0,0,0,0.0,0.0,Never hotspot,0,0,0,0.0,0.0,0.0,2,2,1,1,2,2.0,1.5,-0.5,Never hotspot
R086_C082,0,0,0,0,0,0,0.0,0.0,Never hotspot,0,0,0,0.0,0.0,0.0,0,1,2,0,2,0.5,1.0,0.5,Never hotspot
R086_C083,0,0,0,0,0,0,0.0,0.0,Never hotspot,0,0,0,0.0,0.0,0.0,2,0,1,2,0,1.0,1.0,0.0,Never hotspot
R086_C084,0,0,0,0,0,0,0.0,0.0,Never hotspot,0,0,0,0.0,0.0,0.0,9,11,12,12,10,10.0,11.0,1.0,Never hotspot
R086_C085,0,0,0,0,0,0,0.0,0.0,Never hotspot,0,0,0,0.0,0.0,0.0,2,2,1,0,1,2.0,0.5,-1.5,Never hotspot
R086_C086,0,0,0,0,0,0,0.0,0.0,Never hotspot,0,0,0,0.0,0.0,0.0,3,2,2,3,5,2.5,4.0,1.5,Never hotspot
R086_C087,0,0,0,0,0,0,0.0,0.0,Never hotspot,0,0,0,0.0,0.0,0.0,20,20,15,13,18,20.0,15.5,-4.5,Never hotspot
R086_C088,0,0,0,0,0,0,0.0,0.0,Never hotspot,0,0,0,0.0,0.0,0.0,5,3,4,4,5,4.0,4.5,0.5,Never hotspot
R086_C089,0,0,0,0,0,0,0.0,0.0,Never hotspot,0,0,0,0.0,0.0,0.0,2,9,4,4,1,5.5,2.5,-3.0,Never hotspot
R086_C090,0,0,0,0,0,0,0.0,0.0,Never hotspot,0,0,0,0.0,0.0,0.0,4,1,5,2,3,2.5,2.5,0.0,Never hotspot
R086_C091,0,0,0,0,0,0,0.0,0.0,Never hotspot,0,0,0,0.0,0.0,0.0,0,2,1,2,4,1.0,3.0,2.0,Never hotspot
R087_C053,1,1,0,1,0,3,0.6,0.6,Repeated hotspot,2,2,1,1.0,0.5,-0.5,37,35,29,43,31,36.0,37.0,1.0,Intermittent
R087_C054,0,0,0,0,0,0,0.0,0.0,Never hotspot,0,0,0,0.0,0.0,0.0,5,3,7,9,6,4.0,7.5,3.5,Never hotspot
R087_C055,0,0,0,0,0,0,0.0,0.0,Never hotspot,0,0,0,0.0,0.0,0.0,2,4,3,5,2,3.0,3.5,0.5,Never hotspot
R087_C056,0,0,0,0,0,0,0.0,0.0,Never hotspot,0,0,0,0.0,0.0,0.0,12,13,13,17,12,12.5,14.5,2.0,Never hotspot
R087_C057,0,0,0,0,0,0,0.0,0.0,Never hotspot,0,0,0,0.0,0.0,0.0,7,5,4,4,7,6.0,5.5,-0.5,Never hotspot
R087_C058,0,0,0,0,0,0,0.0,0.0,Never hotspot,0,0,0,0.0,0.0,0.0,1,0,1,0,1,0.5,0.5,0.0,Never hotspot
R087_C060,0,0,0,0,0,0,0.0,0.0,Never hotspot,0,0,0,0.0,0.0,0.0,1,3,2,0,0,2.0,0.0,-2.0,Never hotspot
R087_C061,0,0,0,0,0,0,0.0,0.0,Never hotspot,0,0,0,0.0,0.0,0.0,0,1,0,0,1,0.5,0.5,0.0,Never hotspot
R087_C062,0,0,0,0,0,0,0.0,0.0,Never hotspot,0,0,0,0.0,0.0,0.0,6,3,3,3,2,4.5,2.5,-2.0,Never hotspot
R087_C063,0,0,0,0,0,0,0.0,0.0,Never hotspot,0,0,0,0.0,0.0,0.0,2,2,1,2,8,2.0,5.0,3.0,Never hotspot
R087_C064,0,0,0,0,0,0,0.0,0.0,Never hotspot,0,0,0,0.0,0.0,0.0,7,8,13,5,11,7.5,8.0,0.5,Never hotspot
R087_C065,0,0,0,0,0,0,0.0,0.0,Never hotspot,0,0,0,0.0,0.0,0.0,6,3,4,4,2,4.5,3.0,-1.5,Never hotspot
R087_C066,0,0,0,0,0,0,0.0,0.0,Never hotspot,0,0,0,0.0,0.0,0.0,6,4,2,9,7,5.0,8.0,3.0,Never hotspot
R087_C067,0,0,0,0,0,0,0.0,0.0,Never hotspot,0,0,0,0.0,0.0,0.0,15,12,17,19,16,13.5,17.5,4.0,Never hotspot
R087_C068,0,0,0,0,0,0,0.0,0.0,Never hotspot,0,0,0,0.0,0.0,0.0,4,5,4,1,6,4.5,3.5,-1.0,Never hotspot
R087_C069,0,0,0,0,0,0,0.0,0.0,Never hotspot,0,0,0,0.0,0.0,0.0,18,14,18,27,16,16.0,21.5,5.5,Never hotspot
R087_C070,0,0,0,0,0,0,0.0,0.0,Never hotspot,0,0,0,0.0,0.0,0.0,11,13,18,16,15,12.0,15.5,3.5,Never hotspot
R087_C071,0,0,0,0,0,0,0.0,0.0,Never hotspot,0,0,0,0.0,0.0,0.0,18,18,10,22,15,18.0,18.5,0.5,Never hotspot
R087_C072,0,0,0,0,0,0,0.0,0.0,Never hotspot,0,0,0,0.0,0.0,0.0,8,6,5,11,10,7.0,10.5,3.5,Never hotspot
R087_C073,0,0,0,0,0,0,0.0,0.0,Never hotspot,0,0,0,0.0,0.0,0.0,4,4,6,3,3,4.0,3.0,-1.0,Never hotspot
R087_C074,0,0,0,0,0,0,0.0,0.0,Never hotspot,0,0,0,0.0,0.0,0.0,3,6,13,1,4,4.5,2.5,-2.0,Never hotspot
R087_C075,0,0,0,0,0,0,0.0,0.0,Never hotspot,0,0,0,0.0,0.0,0.0,20,25,20,11,18,22.5,14.5,-8.0,Never hotspot
R087_C076,0,0,0,0,0,0,0.0,0.0,Never hotspot,0,0,0,0.0,0.0,0.0,1,1,1,1,1,1.0,1.0,0.0,Never hotspot
R087_C077,0,0,0,0,0,0,0.0,0.0,Never hotspot,0,0,0,0.0,0.0,0.0,3,4,2,3,5,3.5,4.0,0.5,Never hotspot
R087_C078,0,0,0,0,0,0,0.0,0.0,Never hotspot,0,0,0,0.0,0.0,0.0,17,21,14,20,19,19.0,19.5,0.5,Never hotspot
R087_C079,0,0,0,0,0,0,0.0,0.0,Never hotspot,0,0,0,0.0,0.0,0.0,8,13,15,11,18,10.5,14.5,4.0,Never hotspot
R087_C080,0,0,0,0,0,0,0.0,0.0,Never hotspot,0,0,0,0.0,0.0,0.0,3,2,1,4,1,2.5,2.5,0.0,Never hotspot
R087_C081,0,0,0,0,0,0,0.0,0.0,Never hotspot,0,0,0,0.0,0.0,0.0,3,3,1,2,3,3.0,2.5,-0.5,Never hotspot
R087_C082,0,0,0,0,0,0,0.0,0.0,Never hotspot,0,0,0,0.0,0.0,0.0,9,4,4,9,5,6.5,7.0,0.5,Never hotspot
R087_C083,0,0,0,0,0,0,0.0,0.0,Never hotspot,0,0,0,0.0,0.0,0.0,6,10,12,14,11,8.0,12.5,4.5,Never hotspot
R087_C084,0,0,0,0,0,0,0.0,0.0,Never hotspot,0,0,0,0.0,0.0,0.0,1,0,0,0,0,0.5,0.0,-0.5,Never hotspot
R087_C085,0,0,0,0,0,0,0.0,0.0,Never hotspot,0,0,0,0.0,0.0,0.0,2,4,2,1,2,3.0,1.5,-1.5,Never hotspot
R087_C086,0,0,0,0,0,0,0.0,0.0,Never hotspot,0,0,0,0.0,0.0,0.0,1,2,2,2,4,1.5,3.0,1.5,Never hotspot
R087_C087,0,0,0,0,0,0,0.0,0.0,Never hotspot,0,0,0,0.0,0.0,0.0,4,0,3,1,0,2.0,0.5,-1.5,Never hotspot
R087_C088,0,0,0,0,0,0,0.0,0.0,Never hotspot,0,0,0,0.0,0.0,0.0,0,1,0,0,0,0.5,0.0,-0.5,Never hotspot
R087_C089,0,0,0,0,0,0,0.0,0.0,Never hotspot,0,0,0,0.0,0.0,0.0,10,8,1,6,4,9.0,5.0,-4.0,Never hotspot
R087_C090,0,0,0,0,0,0,0.0,0.0,Never hotspot,0,0,0,0.0,0.0,0.0,3,5,5,5,6,4.0,5.5,1.5,Never hotspot
R087_C091,0,0,0,0,0,0,0.0,0.0,Never hotspot,0,0,0,0.0,0.0,0.0,3,4,10,5,7,3.5,6.0,2.5,Never hotspot
R088_C055,0,0,0,0,0,0,0.0,0.0,Never hotspot,0,0,0,0.0,0.0,0.0,2,1,0,3,0,1.5,1.5,0.0,Never hotspot
R088_C056,0,0,0,0,0,0,0.0,0.0,Never hotspot,0,0,0,0.0,0.0,0.0,11,6,16,16,13,8.5,14.5,6.0,Never hotspot
R088_C057,0,0,0,0,0,0,0.0,0.0,Never hotspot,0,0,0,0.0,0.0,0.0,2,3,7,8,7,2.5,7.5,5.0,Never hotspot
R088_C058,0,0,0,0,0,0,0.0,0.0,Never hotspot,0,0,0,0.0,0.0,0.0,1,0,1,1,0,0.5,0.5,0.0,Never hotspot
R088_C059,0,0,0,0,0,0,0.0,0.0,Never hotspot,0,0,0,0.0,0.0,0.0,2,2,0,1,1,2.0,1.0,-1.0,Never hotspot
R088_C060,0,0,0,0,0,0,0.0,0.0,Never hotspot,0,0,0,0.0,0.0,0.0,0,0,0,1,3,0.0,2.0,2.0,Never hotspot
R088_C061,0,0,0,0,0,0,0.0,0.0,Never hotspot,0,0,0,0.0,0.0,0.0,0,0,2,1,0,0.0,0.5,0.5,Never hotspot
R088_C062,0,0,0,0,0,0,0.0,0.0,Never hotspot,0,0,0,0.0,0.0,0.0,1,3,1,1,3,2.0,2.0,0.0,Never hotspot
R088_C063,0,0,0,0,0,0,0.0,0.0,Never hotspot,0,0,0,0.0,0.0,0.0,1,1,2,1,3,1.0,2.0,1.0,Never hotspot
R088_C064,0,0,0,0,0,0,0.0,0.0,Never hotspot,0,0,0,0.0,0.0,0.0,1,3,0,3,1,2.0,2.0,0.0,Never hotspot
R088_C065,0,0,0,0,0,0,0.0,0.0,Never hotspot,0,0,0,0.0,0.0,0.0,4,6,2,5,7,5.0,6.0,1.0,Never hotspot
R088_C066,0,0,0,1,0,1,0.2,0.2,Occasional hotspot,1,0,1,0.0,0.5,0.5,25,23,17,35,20,24.0,27.5,3.5,Emerging
R088_C067,0,0,0,0,0,0,0.0,0.0,Never hotspot,0,0,0,0.0,0.0,0.0,2,5,2,6,2,3.5,4.0,0.5,Never hotspot
R088_C068,0,0,0,0,0,0,0.0,0.0,Never hotspot,0,0,0,0.0,0.0,0.0,1,4,5,5,6,2.5,5.5,3.0,Never hotspot
R088_C069,0,0,0,0,0,0,0.0,0.0,Never hotspot,0,0,0,0.0,0.0,0.0,3,1,3,0,2,2.0,1.0,-1.0,Never hotspot
R088_C070,0,0,0,0,0,0,0.0,0.0,Never hotspot,0,0,0,0.0,0.0,0.0,1,2,1,4,1,1.5,2.5,1.0,Never hotspot
R088_C071,0,0,0,0,0,0,0.0,0.0,Never hotspot,0,0,0,0.0,0.0,0.0,1,1,1,0,2,1.0,1.0,0.0,Never hotspot
R088_C072,0,0,0,0,0,0,0.0,0.0,Never hotspot,0,0,0,0.0,0.0,0.0,17,8,11,12,11,12.5,11.5,-1.0,Never hotspot
R088_C073,0,0,0,0,0,0,0.0,0.0,Never hotspot,0,0,0,0.0,0.0,0.0,15,17,14,23,18,16.0,20.5,4.5,Never hotspot
R088_C074,0,0,0,0,0,0,0.0,0.0,Never hotspot,0,0,0,0.0,0.0,0.0,6,5,7,5,5,5.5,5.0,-0.5,Never hotspot
R088_C075,0,0,0,0,0,0,0.0,0.0,Never hotspot,0,0,0,0.0,0.0,0.0,5,3,3,2,5,4.0,3.5,-0.5,Never hotspot
R088_C076,0,0,0,0,0,0,0.0,0.0,Never hotspot,0,0,0,0.0,0.0,0.0,3,5,2,5,4,4.0,4.5,0.5,Never hotspot
R088_C077,0,0,0,0,0,0,0.0,0.0,Never hotspot,0,0,0,0.0,0.0,0.0,2,8,6,5,4,5.0,4.5,-0.5,Never hotspot
R088_C078,1,1,1,1,1,5,1.0,1.0,Persistent hotspot,5,2,2,1.0,1.0,0.0,86,86,94,97,92,86.0,94.5,8.5,Persistent
R088_C079,1,1,1,1,1,5,1.0,1.0,Persistent hotspot,5,2,2,1.0,1.0,0.0,105,112,115,124,113,108.5,118.5,10.0,Persistent
R088_C080,0,0,0,0,0,0,0.0,0.0,Never hotspot,0,0,0,0.0,0.0,0.0,6,7,8,12,8,6.5,10.0,3.5,Never hotspot
R088_C081,0,0,0,0,0,0,0.0,0.0,Never hotspot,0,0,0,0.0,0.0,0.0,1,0,4,6,6,0.5,6.0,5.5,Never hotspot
R088_C082,0,0,0,0,0,0,0.0,0.0,Never hotspot,0,0,0,0.0,0.0,0.0,2,1,2,0,0,1.5,0.0,-1.5,Never hotspot
R088_C083,0,0,0,0,0,0,0.0,0.0,Never hotspot,0,0,0,0.0,0.0,0.0,0,1,0,1,4,0.5,2.5,2.0,Never hotspot
R088_C084,0,0,0,0,0,0,0.0,0.0,Never hotspot,0,0,0,0.0,0.0,0.0,2,1,0,2,0,1.5,1.0,-0.5,Never hotspot
R088_C085,0,0,0,0,0,0,0.0,0.0,Never hotspot,0,0,0,0.0,0.0,0.0,1,1,0,1,0,1.0,0.5,-0.5,Never hotspot
R088_C086,0,0,0,0,0,0,0.0,0.0,Never hotspot,0,0,0,0.0,0.0,0.0,5,7,3,3,4,6.0,3.5,-2.5,Never hotspot
R088_C087,0,0,0,0,0,0,0.0,0.0,Never hotspot,0,0,0,0.0,0.0,0.0,1,1,5,3,3,1.0,3.0,2.0,Never hotspot
R088_C088,0,0,0,0,0,0,0.0,0.0,Never hotspot,0,0,0,0.0,0.0,0.0,0,1,1,1,1,0.5,1.0,0.5,Never hotspot
R088_C089,0,0,0,0,0,0,0.0,0.0,Never hotspot,0,0,0,0.0,0.0,0.0,2,6,7,4,6,4.0,5.0,1.0,Never hotspot
R088_C090,0,0,0,0,0,0,0.0,0.0,Never hotspot,0,0,0,0.0,0.0,0.0,1,2,3,4,3,1.5,3.5,2.0,Never hotspot
R089_C055,0,0,0,0,0,0,0.0,0.0,Never hotspot,0,0,0,0.0,0.0,0.0,2,4,1,0,2,3.0,1.0,-2.0,Never hotspot
R089_C056,0,0,0,0,0,0,0.0,0.0,Never hotspot,0,0,0,0.0,0.0,0.0,13,9,20,20,14,11.0,17.0,6.0,Never hotspot
R089_C057,0,0,0,0,0,0,0.0,0.0,Never hotspot,0,0,0,0.0,0.0,0.0,5,1,1,3,4,3.0,3.5,0.5,Never hotspot
R089_C058,0,0,0,0,0,0,0.0,0.0,Never hotspot,0,0,0,0.0,0.0,0.0,0,1,0,0,0,0.5,0.0,-0.5,Never hotspot
R089_C061,0,0,0,0,0,0,0.0,0.0,Never hotspot,0,0,0,0.0,0.0,0.0,0,1,1,1,0,0.5,0.5,0.0,Never hotspot
R089_C062,0,0,0,0,0,0,0.0,0.0,Never hotspot,0,0,0,0.0,0.0,0.0,1,1,1,0,1,1.0,0.5,-0.5,Never hotspot
R089_C063,0,0,0,0,0,0,0.0,0.0,Never hotspot,0,0,0,0.0,0.0,0.0,5,2,2,4,6,3.5,5.0,1.5,Never hotspot
R089_C064,0,0,0,0,0,0,0.0,0.0,Never hotspot,0,0,0,0.0,0.0,0.0,5,7,2,3,4,6.0,3.5,-2.5,Never hotspot
R089_C065,0,0,0,0,0,0,0.0,0.0,Never hotspot,0,0,0,0.0,0.0,0.0,1,1,3,1,3,1.0,2.0,1.0,Never hotspot
R089_C066,0,0,0,0,0,0,0.0,0.0,Never hotspot,0,0,0,0.0,0.0,0.0,1,1,1,1,0,1.0,0.5,-0.5,Never hotspot
R089_C067,0,0,0,0,0,0,0.0,0.0,Never hotspot,0,0,0,0.0,0.0,0.0,0,0,0,1,0,0.0,0.5,0.5,Never hotspot
R089_C068,0,0,0,0,0,0,0.0,0.0,Never hotspot,0,0,0,0.0,0.0,0.0,3,1,2,1,2,2.0,1.5,-0.5,Never hotspot
R089_C069,0,0,0,0,0,0,0.0,0.0,Never hotspot,0,0,0,0.0,0.0,0.0,1,2,2,3,2,1.5,2.5,1.0,Never hotspot
R089_C070,0,0,0,0,0,0,0.0,0.0,Never hotspot,0,0,0,0.0,0.0,0.0,2,6,1,3,5,4.0,4.0,0.0,Never hotspot
R089_C071,0,0,0,0,0,0,0.0,0.0,Never hotspot,0,0,0,0.0,0.0,0.0,4,5,5,8,4,4.5,6.0,1.5,Never hotspot
R089_C072,0,0,0,0,0,0,0.0,0.0,Never hotspot,0,0,0,0.0,0.0,0.0,21,16,14,27,25,18.5,26.0,7.5,Never hotspot
R089_C073,1,1,0,1,1,4,0.8,0.8,Persistent hotspot,2,2,2,1.0,1.0,0.0,46,36,33,42,42,41.0,42.0,1.0,Persistent
R089_C074,0,0,0,0,0,0,0.0,0.0,Never hotspot,0,0,0,0.0,0.0,0.0,10,10,8,12,10,10.0,11.0,1.0,Never hotspot
R089_C075,0,0,0,0,0,0,0.0,0.0,Never hotspot,0,0,0,0.0,0.0,0.0,8,8,11,11,9,8.0,10.0,2.0,Never hotspot
R089_C076,0,0,0,0,0,0,0.0,0.0,Never hotspot,0,0,0,0.0,0.0,0.0,1,3,2,3,2,2.0,2.5,0.5,Never hotspot
R089_C077,0,0,0,0,0,0,0.0,0.0,Never hotspot,0,0,0,0.0,0.0,0.0,1,1,1,2,0,1.0,1.0,0.0,Never hotspot
R089_C078,0,0,0,0,0,0,0.0,0.0,Never hotspot,0,0,0,0.0,0.0,0.0,9,11,11,13,11,10.0,12.0,2.0,Never hotspot
R089_C079,0,0,0,0,0,0,0.0,0.0,Never hotspot,0,0,0,0.0,0.0,0.0,21,28,27,21,22,24.5,21.5,-3.0,Never hotspot
R089_C080,0,0,0,0,0,0,0.0,0.0,Never hotspot,0,0,0,0.0,0.0,0.0,5,9,8,4,6,7.0,5.0,-2.0,Never hotspot
R089_C081,0,0,0,0,0,0,0.0,0.0,Never hotspot,0,0,0,0.0,0.0,0.0,8,5,7,8,3,6.5,5.5,-1.0,Never hotspot
R089_C082,0,0,0,0,0,0,0.0,0.0,Never hotspot,0,0,0,0.0,0.0,0.0,2,1,3,0,3,1.5,1.5,0.0,Never hotspot
R089_C083,0,0,0,0,0,0,0.0,0.0,Never hotspot,0,0,0,0.0,0.0,0.0,4,0,0,5,1,2.0,3.0,1.0,Never hotspot
R089_C084,0,0,0,0,0,0,0.0,0.0,Never hotspot,0,0,0,0.0,0.0,0.0,1,0,1,2,1,0.5,1.5,1.0,Never hotspot
R089_C085,0,0,0,0,0,0,0.0,0.0,Never hotspot,0,0,0,0.0,0.0,0.0,0,1,0,1,4,0.5,2.5,2.0,Never hotspot
R089_C086,0,0,0,0,0,0,0.0,0.0,Never hotspot,0,0,0,0.0,0.0,0.0,4,3,1,5,3,3.5,4.0,0.5,Never hotspot
R089_C087,0,0,0,0,0,0,0.0,0.0,Never hotspot,0,0,0,0.0,0.0,0.0,8,12,11,13,17,10.0,15.0,5.0,Never hotspot
R089_C088,0,0,0,0,0,0,0.0,0.0,Never hotspot,0,0,0,0.0,0.0,0.0,2,0,3,4,1,1.0,2.5,1.5,Never hotspot
R089_C089,0,0,0,0,0,0,0.0,0.0,Never hotspot,0,0,0,0.0,0.0,0.0,3,2,1,1,2,2.5,1.5,-1.0,Never hotspot
R089_C090,0,0,0,0,0,0,0.0,0.0,Never hotspot,0,0,0,0.0,0.0,0.0,1,4,5,2,1,2.5,1.5,-1.0,Never hotspot
R090_C055,1,1,1,1,1,5,1.0,1.0,Persistent hotspot,5,2,2,1.0,1.0,0.0,52,55,54,59,44,53.5,51.5,-2.0,Persistent
R090_C056,1,1,1,1,1,5,1.0,1.0,Persistent hotspot,5,2,2,1.0,1.0,0.0,72,101,116,86,73,86.5,79.5,-7.0,Persistent
R090_C057,0,0,0,0,0,0,0.0,0.0,Never hotspot,0,0,0,0.0,0.0,0.0,5,14,8,10,5,9.5,7.5,-2.0,Never hotspot
R090_C058,0,0,0,0,0,0,0.0,0.0,Never hotspot,0,0,0,0.0,0.0,0.0,1,1,0,0,0,1.0,0.0,-1.0,Never hotspot
R090_C060,0,0,0,0,0,0,0.0,0.0,Never hotspot,0,0,0,0.0,0.0,0.0,1,0,0,0,0,0.5,0.0,-0.5,Never hotspot
R090_C062,0,0,0,0,0,0,0.0,0.0,Never hotspot,0,0,0,0.0,0.0,0.0,1,0,0,1,1,0.5,1.0,0.5,Never hotspot
R090_C063,0,0,0,0,0,0,0.0,0.0,Never hotspot,0,0,0,0.0,0.0,0.0,2,3,1,6,7,2.5,6.5,4.0,Never hotspot
R090_C064,0,0,0,0,0,0,0.0,0.0,Never hotspot,0,0,0,0.0,0.0,0.0,1,2,1,1,0,1.5,0.5,-1.0,Never hotspot
R090_C066,0,0,0,0,0,0,0.0,0.0,Never hotspot,0,0,0,0.0,0.0,0.0,2,0,1,5,4,1.0,4.5,3.5,Never hotspot
R090_C067,0,0,0,0,0,0,0.0,0.0,Never hotspot,0,0,0,0.0,0.0,0.0,1,1,0,1,3,1.0,2.0,1.0,Never hotspot
R090_C068,0,0,0,0,0,0,0.0,0.0,Never hotspot,0,0,0,0.0,0.0,0.0,2,0,2,1,0,1.0,0.5,-0.5,Never hotspot
R090_C069,0,0,0,0,0,0,0.0,0.0,Never hotspot,0,0,0,0.0,0.0,0.0,1,4,0,1,0,2.5,0.5,-2.0,Never hotspot
R090_C070,0,0,0,0,0,0,0.0,0.0,Never hotspot,0,0,0,0.0,0.0,0.0,1,0,2,1,1,0.5,1.0,0.5,Never hotspot
R090_C071,0,0,0,0,0,0,0.0,0.0,Never hotspot,0,0,0,0.0,0.0,0.0,2,3,1,3,3,2.5,3.0,0.5,Never hotspot
R090_C072,0,0,0,0,0,0,0.0,0.0,Never hotspot,0,0,0,0.0,0.0,0.0,2,4,2,7,1,3.0,4.0,1.0,Never hotspot
R090_C073,0,0,0,0,0,0,0.0,0.0,Never hotspot,0,0,0,0.0,0.0,0.0,1,2,0,4,5,1.5,4.5,3.0,Never hotspot
R090_C074,0,0,0,0,0,0,0.0,0.0,Never hotspot,0,0,0,0.0,0.0,0.0,2,6,4,5,7,4.0,6.0,2.0,Never hotspot
R090_C075,0,0,0,0,0,0,0.0,0.0,Never hotspot,0,0,0,0.0,0.0,0.0,2,2,4,2,2,2.0,2.0,0.0,Never hotspot
R090_C076,0,0,0,0,0,0,0.0,0.0,Never hotspot,0,0,0,0.0,0.0,0.0,0,2,0,2,1,1.0,1.5,0.5,Never hotspot
R090_C077,0,0,0,0,0,0,0.0,0.0,Never hotspot,0,0,0,0.0,0.0,0.0,4,0,3,5,3,2.0,4.0,2.0,Never hotspot
R090_C078,0,0,0,0,0,0,0.0,0.0,Never hotspot,0,0,0,0.0,0.0,0.0,6,2,0,3,2,4.0,2.5,-1.5,Never hotspot
R090_C079,0,0,0,0,0,0,0.0,0.0,Never hotspot,0,0,0,0.0,0.0,0.0,6,8,2,2,2,7.0,2.0,-5.0,Never hotspot
R090_C080,0,0,0,0,0,0,0.0,0.0,Never hotspot,0,0,0,0.0,0.0,0.0,3,9,3,6,3,6.0,4.5,-1.5,Never hotspot
R090_C081,0,0,0,0,0,0,0.0,0.0,Never hotspot,0,0,0,0.0,0.0,0.0,5,5,2,2,4,5.0,3.0,-2.0,Never hotspot
R090_C082,0,0,0,0,0,0,0.0,0.0,Never hotspot,0,0,0,0.0,0.0,0.0,2,2,0,2,0,2.0,1.0,-1.0,Never hotspot
R090_C083,0,0,0,0,0,0,0.0,0.0,Never hotspot,0,0,0,0.0,0.0,0.0,0,1,1,1,1,0.5,1.0,0.5,Never hotspot
R090_C084,0,0,0,0,0,0,0.0,0.0,Never hotspot,0,0,0,0.0,0.0,0.0,0,0,1,0,1,0.0,0.5,0.5,Never hotspot
R090_C085,0,0,0,0,0,0,0.0,0.0,Never hotspot,0,0,0,0.0,0.0,0.0,0,1,4,3,1,0.5,2.0,1.5,Never hotspot
R090_C086,0,0,0,0,0,0,0.0,0.0,Never hotspot,0,0,0,0.0,0.0,0.0,0,1,0,0,1,0.5,0.5,0.0,Never hotspot
R090_C087,0,0,0,0,0,0,0.0,0.0,Never hotspot,0,0,0,0.0,0.0,0.0,2,3,2,1,0,2.5,0.5,-2.0,Never hotspot
R090_C088,0,0,0,0,0,0,0.0,0.0,Never hotspot,0,0,0,0.0,0.0,0.0,2,2,5,2,3,2.0,2.5,0.5,Never hotspot
R090_C089,0,0,0,0,0,0,0.0,0.0,Never hotspot,0,0,0,0.0,0.0,0.0,1,4,2,0,1,2.5,0.5,-2.0,Never hotspot
R090_C090,0,0,0,0,0,0,0.0,0.0,Never hotspot,0,0,0,0.0,0.0,0.0,3,4,1,3,4,3.5,3.5,0.0,Never hotspot
R091_C050,0,0,0,0,0,0,0.0,0.0,Never hotspot,0,0,0,0.0,0.0,0.0,25,26,26,31,24,25.5,27.5,2.0,Never hotspot
R091_C051,0,0,0,0,0,0,0.0,0.0,Never hotspot,0,0,0,0.0,0.0,0.0,19,18,18,29,17,18.5,23.0,4.5,Never hotspot
R091_C052,0,0,0,0,0,0,0.0,0.0,Never hotspot,0,0,0,0.0,0.0,0.0,0,2,1,0,2,1.0,1.0,0.0,Never hotspot
R091_C055,0,0,0,0,0,0,0.0,0.0,Never hotspot,0,0,0,0.0,0.0,0.0,0,0,0,1,0,0.0,0.5,0.5,Never hotspot
R091_C056,0,0,0,0,0,0,0.0,0.0,Never hotspot,0,0,0,0.0,0.0,0.0,11,12,13,12,10,11.5,11.0,-0.5,Never hotspot
R091_C057,0,0,0,0,0,0,0.0,0.0,Never hotspot,0,0,0,0.0,0.0,0.0,11,8,7,8,12,9.5,10.0,0.5,Never hotspot
R091_C058,0,0,0,0,0,0,0.0,0.0,Never hotspot,0,0,0,0.0,0.0,0.0,2,0,6,2,3,1.0,2.5,1.5,Never hotspot
R091_C059,0,0,0,0,0,0,0.0,0.0,Never hotspot,0,0,0,0.0,0.0,0.0,1,1,0,1,1,1.0,1.0,0.0,Never hotspot
R091_C060,0,0,0,0,0,0,0.0,0.0,Never hotspot,0,0,0,0.0,0.0,0.0,0,2,1,2,1,1.0,1.5,0.5,Never hotspot
R091_C061,0,0,0,0,0,0,0.0,0.0,Never hotspot,0,0,0,0.0,0.0,0.0,1,0,4,4,1,0.5,2.5,2.0,Never hotspot
R091_C062,0,0,0,0,0,0,0.0,0.0,Never hotspot,0,0,0,0.0,0.0,0.0,0,3,0,3,2,1.5,2.5,1.0,Never hotspot
R091_C063,0,0,0,0,0,0,0.0,0.0,Never hotspot,0,0,0,0.0,0.0,0.0,1,8,1,2,1,4.5,1.5,-3.0,Never hotspot
R091_C066,0,0,0,0,0,0,0.0,0.0,Never hotspot,0,0,0,0.0,0.0,0.0,2,1,0,0,0,1.5,0.0,-1.5,Never hotspot
R091_C069,0,0,0,0,0,0,0.0,0.0,Never hotspot,0,0,0,0.0,0.0,0.0,1,2,0,2,3,1.5,2.5,1.0,Never hotspot
R091_C070,0,0,0,0,0,0,0.0,0.0,Never hotspot,0,0,0,0.0,0.0,0.0,1,2,3,3,1,1.5,2.0,0.5,Never hotspot
R091_C071,0,0,0,0,0,0,0.0,0.0,Never hotspot,0,0,0,0.0,0.0,0.0,1,2,1,5,4,1.5,4.5,3.0,Never hotspot
R091_C072,0,0,0,0,0,0,0.0,0.0,Never hotspot,0,0,0,0.0,0.0,0.0,5,3,2,0,1,4.0,0.5,-3.5,Never hotspot
R091_C073,0,0,0,0,0,0,0.0,0.0,Never hotspot,0,0,0,0.0,0.0,0.0,4,4,6,7,5,4.0,6.0,2.0,Never hotspot
R091_C074,0,0,0,0,0,0,0.0,0.0,Never hotspot,0,0,0,0.0,0.0,0.0,8,8,6,15,9,8.0,12.0,4.0,Never hotspot
R091_C075,0,0,0,0,0,0,0.0,0.0,Never hotspot,0,0,0,0.0,0.0,0.0,1,1,0,1,1,1.0,1.0,0.0,Never hotspot
R091_C076,0,0,0,0,0,0,0.0,0.0,Never hotspot,0,0,0,0.0,0.0,0.0,2,1,0,2,0,1.5,1.0,-0.5,Never hotspot
R091_C077,0,0,0,0,0,0,0.0,0.0,Never hotspot,0,0,0,0.0,0.0,0.0,5,3,5,8,5,4.0,6.5,2.5,Never hotspot
R091_C078,0,0,0,0,0,0,0.0,0.0,Never hotspot,0,0,0,0.0,0.0,0.0,0,4,2,4,3,2.0,3.5,1.5,Never hotspot
R091_C079,0,0,0,0,0,0,0.0,0.0,Never hotspot,0,0,0,0.0,0.0,0.0,0,3,2,2,0,1.5,1.0,-0.5,Never hotspot
R091_C080,0,0,0,0,0,0,0.0,0.0,Never hotspot,0,0,0,0.0,0.0,0.0,1,3,0,3,3,2.0,3.0,1.0,Never hotspot
R091_C081,0,0,0,0,0,0,0.0,0.0,Never hotspot,0,0,0,0.0,0.0,0.0,1,4,5,4,9,2.5,6.5,4.0,Never hotspot
R091_C082,0,0,0,0,0,0,0.0,0.0,Never hotspot,0,0,0,0.0,0.0,0.0,5,2,6,2,4,3.5,3.0,-0.5,Never hotspot
R091_C083,0,0,0,0,0,0,0.0,0.0,Never hotspot,0,0,0,0.0,0.0,0.0,3,4,2,0,1,3.5,0.5,-3.0,Never hotspot
R091_C084,0,0,0,0,0,0,0.0,0.0,Never hotspot,0,0,0,0.0,0.0,0.0,1,5,3,3,2,3.0,2.5,-0.5,Never hotspot
R091_C085,0,0,0,0,0,0,0.0,0.0,Never hotspot,0,0,0,0.0,0.0,0.0,1,0,2,0,2,0.5,1.0,0.5,Never hotspot
R091_C086,0,0,0,0,0,0,0.0,0.0,Never hotspot,0,0,0,0.0,0.0,0.0,0,0,2,2,1,0.0,1.5,1.5,Never hotspot
R091_C087,0,0,0,0,0,0,0.0,0.0,Never hotspot,0,0,0,0.0,0.0,0.0,6,9,1,6,11,7.5,8.5,1.0,Never hotspot
R091_C088,0,0,0,0,0,0,0.0,0.0,Never hotspot,0,0,0,0.0,0.0,0.0,1,1,4,6,3,1.0,4.5,3.5,Never hotspot
R091_C089,0,0,0,0,0,0,0.0,0.0,Never hotspot,0,0,0,0.0,0.0,0.0,0,1,3,6,2,0.5,4.0,3.5,Never hotspot
R091_C090,1,1,1,1,1,5,1.0,1.0,Persistent hotspot,5,2,2,1.0,1.0,0.0,49,34,39,47,58,41.5,52.5,11.0,Persistent
R091_C091,0,0,0,0,0,0,0.0,0.0,Never hotspot,0,0,0,0.0,0.0,0.0,0,1,0,0,0,0.5,0.0,-0.5,Never hotspot
R092_C050,0,0,0,0,0,0,0.0,0.0,Never hotspot,0,0,0,0.0,0.0,0.0,12,8,10,9,9,10.0,9.0,-1.0,Never hotspot
R092_C051,0,0,0,0,0,0,0.0,0.0,Never hotspot,0,0,0,0.0,0.0,0.0,29,14,20,22,20,21.5,21.0,-0.5,Never hotspot
R092_C052,0,0,0,0,0,0,0.0,0.0,Never hotspot,0,0,0,0.0,0.0,0.0,2,1,3,7,1,1.5,4.0,2.5,Never hotspot
R092_C053,0,0,0,0,0,0,0.0,0.0,Never hotspot,0,0,0,0.0,0.0,0.0,1,0,1,0,1,0.5,0.5,0.0,Never hotspot
R092_C056,0,0,0,0,0,0,0.0,0.0,Never hotspot,0,0,0,0.0,0.0,0.0,7,5,6,6,4,6.0,5.0,-1.0,Never hotspot
R092_C057,0,0,0,0,0,0,0.0,0.0,Never hotspot,0,0,0,0.0,0.0,0.0,10,13,21,10,13,11.5,11.5,0.0,Never hotspot
R092_C058,0,0,0,0,0,0,0.0,0.0,Never hotspot,0,0,0,0.0,0.0,0.0,1,2,2,1,3,1.5,2.0,0.5,Never hotspot
R092_C059,0,0,0,0,0,0,0.0,0.0,Never hotspot,0,0,0,0.0,0.0,0.0,4,1,5,0,3,2.5,1.5,-1.0,Never hotspot
R092_C060,0,0,0,0,0,0,0.0,0.0,Never hotspot,0,0,0,0.0,0.0,0.0,6,3,4,5,6,4.5,5.5,1.0,Never hotspot
R092_C061,0,0,0,0,0,0,0.0,0.0,Never hotspot,0,0,0,0.0,0.0,0.0,1,0,1,4,4,0.5,4.0,3.5,Never hotspot
R092_C062,0,0,0,0,0,0,0.0,0.0,Never hotspot,0,0,0,0.0,0.0,0.0,1,0,2,1,1,0.5,1.0,0.5,Never hotspot
R092_C063,0,0,0,0,0,0,0.0,0.0,Never hotspot,0,0,0,0.0,0.0,0.0,0,1,1,0,1,0.5,0.5,0.0,Never hotspot
R092_C065,0,0,0,0,0,0,0.0,0.0,Never hotspot,0,0,0,0.0,0.0,0.0,0,1,0,0,0,0.5,0.0,-0.5,Never hotspot
R092_C066,0,0,0,0,0,0,0.0,0.0,Never hotspot,0,0,0,0.0,0.0,0.0,2,1,0,0,3,1.5,1.5,0.0,Never hotspot
R092_C068,0,0,0,0,0,0,0.0,0.0,Never hotspot,0,0,0,0.0,0.0,0.0,0,0,1,0,0,0.0,0.0,0.0,Never hotspot
R092_C069,0,0,0,0,0,0,0.0,0.0,Never hotspot,0,0,0,0.0,0.0,0.0,1,0,0,0,0,0.5,0.0,-0.5,Never hotspot
R092_C071,0,0,0,0,0,0,0.0,0.0,Never hotspot,0,0,0,0.0,0.0,0.0,0,0,1,1,4,0.0,2.5,2.5,Never hotspot
R092_C072,0,0,0,0,0,0,0.0,0.0,Never hotspot,0,0,0,0.0,0.0,0.0,2,5,4,3,1,3.5,2.0,-1.5,Never hotspot
R092_C073,0,0,0,0,0,0,0.0,0.0,Never hotspot,0,0,0,0.0,0.0,0.0,9,14,8,19,13,11.5,16.0,4.5,Never hotspot
R092_C074,0,0,0,0,0,0,0.0,0.0,Never hotspot,0,0,0,0.0,0.0,0.0,2,5,6,6,8,3.5,7.0,3.5,Never hotspot
R092_C075,0,0,0,0,0,0,0.0,0.0,Never hotspot,0,0,0,0.0,0.0,0.0,1,1,3,0,1,1.0,0.5,-0.5,Never hotspot
R092_C076,0,0,0,0,0,0,0.0,0.0,Never hotspot,0,0,0,0.0,0.0,0.0,2,2,2,2,2,2.0,2.0,0.0,Never hotspot
R092_C077,0,0,0,0,0,0,0.0,0.0,Never hotspot,0,0,0,0.0,0.0,0.0,2,1,0,4,2,1.5,3.0,1.5,Never hotspot
R092_C078,0,0,0,0,0,0,0.0,0.0,Never hotspot,0,0,0,0.0,0.0,0.0,0,0,2,0,1,0.0,0.5,0.5,Never hotspot
R092_C079,0,0,0,0,0,0,0.0,0.0,Never hotspot,0,0,0,0.0,0.0,0.0,1,2,2,3,2,1.5,2.5,1.0,Never hotspot
R092_C080,0,0,0,0,0,0,0.0,0.0,Never hotspot,0,0,0,0.0,0.0,0.0,1,2,2,5,3,1.5,4.0,2.5,Never hotspot
R092_C081,0,0,0,0,0,0,0.0,0.0,Never hotspot,0,0,0,0.0,0.0,0.0,1,0,1,1,2,0.5,1.5,1.0,Never hotspot
R092_C082,0,0,0,0,0,0,0.0,0.0,Never hotspot,0,0,0,0.0,0.0,0.0,11,11,11,16,12,11.0,14.0,3.0,Never hotspot
R092_C083,0,0,0,0,0,0,0.0,0.0,Never hotspot,0,0,0,0.0,0.0,0.0,9,4,7,7,9,6.5,8.0,1.5,Never hotspot
R092_C084,0,0,0,0,0,0,0.0,0.0,Never hotspot,0,0,0,0.0,0.0,0.0,1,2,2,3,4,1.5,3.5,2.0,Never hotspot
R092_C085,0,0,0,0,0,0,0.0,0.0,Never hotspot,0,0,0,0.0,0.0,0.0,1,0,0,1,0,0.5,0.5,0.0,Never hotspot
R092_C086,0,0,0,0,0,0,0.0,0.0,Never hotspot,0,0,0,0.0,0.0,0.0,1,2,0,2,1,1.5,1.5,0.0,Never hotspot
R092_C087,0,0,0,0,0,0,0.0,0.0,Never hotspot,0,0,0,0.0,0.0,0.0,1,1,1,1,2,1.0,1.5,0.5,Never hotspot
R092_C088,0,0,0,0,0,0,0.0,0.0,Never hotspot,0,0,0,0.0,0.0,0.0,0,3,1,3,2,1.5,2.5,1.0,Never hotspot
R092_C089,0,0,0,0,0,0,0.0,0.0,Never hotspot,0,0,0,0.0,0.0,0.0,2,1,1,3,2,1.5,2.5,1.0,Never hotspot
R092_C090,0,0,0,0,0,0,0.0,0.0,Never hotspot,0,0,0,0.0,0.0,0.0,4,3,7,3,9,3.5,6.0,2.5,Never hotspot
R092_C091,0,0,0,0,0,0,0.0,0.0,Never hotspot,0,0,0,0.0,0.0,0.0,3,2,1,2,2,2.5,2.0,-0.5,Never hotspot
R092_C092,0,0,0,0,0,0,0.0,0.0,Never hotspot,0,0,0,0.0,0.0,0.0,0,0,0,0,1,0.0,0.5,0.5,Never hotspot
R093_C050,0,0,0,0,0,0,0.0,0.0,Never hotspot,0,0,0,0.0,0.0,0.0,0,2,1,3,2,1.0,2.5,1.5,Never hotspot
R093_C051,0,0,0,0,0,0,0.0,0.0,Never hotspot,0,0,0,0.0,0.0,0.0,4,3,2,1,1,3.5,1.0,-2.5,Never hotspot
R093_C052,0,0,0,0,0,0,0.0,0.0,Never hotspot,0,0,0,0.0,0.0,0.0,12,22,22,26,22,17.0,24.0,7.0,Never hotspot
R093_C053,0,0,0,0,0,0,0.0,0.0,Never hotspot,0,0,0,0.0,0.0,0.0,2,1,1,3,4,1.5,3.5,2.0,Never hotspot
R093_C054,0,0,0,0,0,0,0.0,0.0,Never hotspot,0,0,0,0.0,0.0,0.0,2,5,7,6,4,3.5,5.0,1.5,Never hotspot
R093_C055,0,0,0,0,0,0,0.0,0.0,Never hotspot,0,0,0,0.0,0.0,0.0,6,2,3,5,0,4.0,2.5,-1.5,Never hotspot
R093_C056,0,0,0,0,0,0,0.0,0.0,Never hotspot,0,0,0,0.0,0.0,0.0,0,2,1,3,7,1.0,5.0,4.0,Never hotspot
R093_C057,0,0,0,0,0,0,0.0,0.0,Never hotspot,0,0,0,0.0,0.0,0.0,5,12,7,5,7,8.5,6.0,-2.5,Never hotspot
R093_C058,0,0,0,0,0,0,0.0,0.0,Never hotspot,0,0,0,0.0,0.0,0.0,0,0,3,2,1,0.0,1.5,1.5,Never hotspot
R093_C059,0,0,0,0,0,0,0.0,0.0,Never hotspot,0,0,0,0.0,0.0,0.0,7,4,4,3,5,5.5,4.0,-1.5,Never hotspot
R093_C060,0,0,0,0,0,0,0.0,0.0,Never hotspot,0,0,0,0.0,0.0,0.0,0,0,0,0,1,0.0,0.5,0.5,Never hotspot
R093_C061,0,0,0,0,0,0,0.0,0.0,Never hotspot,0,0,0,0.0,0.0,0.0,0,0,0,1,0,0.0,0.5,0.5,Never hotspot
R093_C062,0,0,0,0,0,0,0.0,0.0,Never hotspot,0,0,0,0.0,0.0,0.0,1,4,0,3,0,2.5,1.5,-1.0,Never hotspot
R093_C065,0,0,0,0,0,0,0.0,0.0,Never hotspot,0,0,0,0.0,0.0,0.0,0,0,0,2,0,0.0,1.0,1.0,Never hotspot
R093_C070,0,0,0,0,0,0,0.0,0.0,Never hotspot,0,0,0,0.0,0.0,0.0,0,0,0,1,0,0.0,0.5,0.5,Never hotspot
R093_C071,0,0,0,0,0,0,0.0,0.0,Never hotspot,0,0,0,0.0,0.0,0.0,2,0,2,2,0,1.0,1.0,0.0,Never hotspot
R093_C072,0,0,0,0,0,0,0.0,0.0,Never hotspot,0,0,0,0.0,0.0,0.0,4,3,2,3,3,3.5,3.0,-0.5,Never hotspot
R093_C073,0,0,0,0,0,0,0.0,0.0,Never hotspot,0,0,0,0.0,0.0,0.0,2,1,1,2,0,1.5,1.0,-0.5,Never hotspot
R093_C074,0,0,0,0,0,0,0.0,0.0,Never hotspot,0,0,0,0.0,0.0,0.0,4,4,2,4,4,4.0,4.0,0.0,Never hotspot
R093_C075,0,0,0,0,0,0,0.0,0.0,Never hotspot,0,0,0,0.0,0.0,0.0,0,2,3,6,6,1.0,6.0,5.0,Never hotspot
R093_C076,0,0,0,0,0,0,0.0,0.0,Never hotspot,0,0,0,0.0,0.0,0.0,1,6,1,2,5,3.5,3.5,0.0,Never hotspot
R093_C077,0,0,0,0,0,0,0.0,0.0,Never hotspot,0,0,0,0.0,0.0,0.0,0,1,0,2,0,0.5,1.0,0.5,Never hotspot
R093_C078,0,0,0,0,0,0,0.0,0.0,Never hotspot,0,0,0,0.0,0.0,0.0,0,1,1,1,1,0.5,1.0,0.5,Never hotspot
R093_C079,0,0,0,0,0,0,0.0,0.0,Never hotspot,0,0,0,0.0,0.0,0.0,0,2,0,1,2,1.0,1.5,0.5,Never hotspot
R093_C080,0,0,0,0,0,0,0.0,0.0,Never hotspot,0,0,0,0.0,0.0,0.0,1,1,0,2,1,1.0,1.5,0.5,Never hotspot
R093_C081,0,0,0,0,0,0,0.0,0.0,Never hotspot,0,0,0,0.0,0.0,0.0,1,1,0,0,0,1.0,0.0,-1.0,Never hotspot
R093_C083,0,0,0,0,0,0,0.0,0.0,Never hotspot,0,0,0,0.0,0.0,0.0,2,1,4,0,0,1.5,0.0,-1.5,Never hotspot
R093_C084,0,0,0,0,0,0,0.0,0.0,Never hotspot,0,0,0,0.0,0.0,0.0,0,2,3,1,4,1.0,2.5,1.5,Never hotspot
R093_C085,0,0,0,0,0,0,0.0,0.0,Never hotspot,0,0,0,0.0,0.0,0.0,2,0,4,0,2,1.0,1.0,0.0,Never hotspot
R093_C086,0,0,0,0,0,0,0.0,0.0,Never hotspot,0,0,0,0.0,0.0,0.0,2,3,5,1,1,2.5,1.0,-1.5,Never hotspot
R093_C087,0,0,0,0,0,0,0.0,0.0,Never hotspot,0,0,0,0.0,0.0,0.0,7,2,4,5,6,4.5,5.5,1.0,Never hotspot
R093_C088,0,0,0,0,0,0,0.0,0.0,Never hotspot,0,0,0,0.0,0.0,0.0,6,3,5,7,5,4.5,6.0,1.5,Never hotspot
R093_C089,0,0,0,0,0,0,0.0,0.0,Never hotspot,0,0,0,0.0,0.0,0.0,5,5,4,7,4,5.0,5.5,0.5,Never hotspot
R094_C049,0,0,0,0,0,0,0.0,0.0,Never hotspot,0,0,0,0.0,0.0,0.0,2,4,2,0,3,3.0,1.5,-1.5,Never hotspot
R094_C050,0,0,0,0,0,0,0.0,0.0,Never hotspot,0,0,0,0.0,0.0,0.0,2,6,4,2,2,4.0,2.0,-2.0,Never hotspot
R094_C051,0,0,0,0,0,0,0.0,0.0,Never hotspot,0,0,0,0.0,0.0,0.0,1,1,0,1,2,1.0,1.5,0.5,Never hotspot
R094_C052,0,0,0,0,0,0,0.0,0.0,Never hotspot,0,0,0,0.0,0.0,0.0,0,2,2,1,1,1.0,1.0,0.0,Never hotspot
R094_C053,0,0,0,0,0,0,0.0,0.0,Never hotspot,0,0,0,0.0,0.0,0.0,5,9,10,7,9,7.0,8.0,1.0,Never hotspot
R094_C054,0,0,0,0,0,0,0.0,0.0,Never hotspot,0,0,0,0.0,0.0,0.0,0,1,0,4,3,0.5,3.5,3.0,Never hotspot
R094_C055,0,0,0,0,0,0,0.0,0.0,Never hotspot,0,0,0,0.0,0.0,0.0,5,4,6,4,2,4.5,3.0,-1.5,Never hotspot
R094_C056,0,0,0,0,0,0,0.0,0.0,Never hotspot,0,0,0,0.0,0.0,0.0,5,4,7,4,4,4.5,4.0,-0.5,Never hotspot
R094_C057,0,0,0,0,0,0,0.0,0.0,Never hotspot,0,0,0,0.0,0.0,0.0,7,10,22,12,11,8.5,11.5,3.0,Never hotspot
R094_C058,0,0,0,0,0,0,0.0,0.0,Never hotspot,0,0,0,0.0,0.0,0.0,0,2,0,3,1,1.0,2.0,1.0,Never hotspot
R094_C059,0,0,0,0,0,0,0.0,0.0,Never hotspot,0,0,0,0.0,0.0,0.0,0,0,2,0,0,0.0,0.0,0.0,Never hotspot
R094_C061,0,0,0,0,0,0,0.0,0.0,Never hotspot,0,0,0,0.0,0.0,0.0,0,1,0,1,0,0.5,0.5,0.0,Never hotspot
R094_C062,0,0,0,0,0,0,0.0,0.0,Never hotspot,0,0,0,0.0,0.0,0.0,5,1,1,1,1,3.0,1.0,-2.0,Never hotspot
R094_C063,0,0,0,0,0,0,0.0,0.0,Never hotspot,0,0,0,0.0,0.0,0.0,0,0,1,0,0,0.0,0.0,0.0,Never hotspot
R094_C064,0,0,0,0,0,0,0.0,0.0,Never hotspot,0,0,0,0.0,0.0,0.0,1,1,0,1,0,1.0,0.5,-0.5,Never hotspot
R094_C066,0,0,0,0,0,0,0.0,0.0,Never hotspot,0,0,0,0.0,0.0,0.0,0,0,0,0,1,0.0,0.5,0.5,Never hotspot
R094_C068,0,0,0,0,0,0,0.0,0.0,Never hotspot,0,0,0,0.0,0.0,0.0,1,1,0,0,0,1.0,0.0,-1.0,Never hotspot
R094_C071,0,0,0,0,0,0,0.0,0.0,Never hotspot,0,0,0,0.0,0.0,0.0,4,8,1,1,4,6.0,2.5,-3.5,Never hotspot
R094_C072,0,0,0,0,0,0,0.0,0.0,Never hotspot,0,0,0,0.0,0.0,0.0,1,0,2,2,3,0.5,2.5,2.0,Never hotspot
R094_C073,0,0,0,0,0,0,0.0,0.0,Never hotspot,0,0,0,0.0,0.0,0.0,1,2,1,2,2,1.5,2.0,0.5,Never hotspot
R094_C074,0,0,0,0,0,0,0.0,0.0,Never hotspot,0,0,0,0.0,0.0,0.0,0,4,1,2,1,2.0,1.5,-0.5,Never hotspot
R094_C075,0,0,0,0,0,0,0.0,0.0,Never hotspot,0,0,0,0.0,0.0,0.0,12,15,19,24,15,13.5,19.5,6.0,Never hotspot
R094_C076,0,0,0,0,0,0,0.0,0.0,Never hotspot,0,0,0,0.0,0.0,0.0,3,3,5,2,1,3.0,1.5,-1.5,Never hotspot
R094_C077,0,0,0,0,0,0,0.0,0.0,Never hotspot,0,0,0,0.0,0.0,0.0,6,3,5,5,8,4.5,6.5,2.0,Never hotspot
R094_C078,0,0,0,0,0,0,0.0,0.0,Never hotspot,0,0,0,0.0,0.0,0.0,1,0,1,1,2,0.5,1.5,1.0,Never hotspot
R094_C079,0,0,0,0,0,0,0.0,0.0,Never hotspot,0,0,0,0.0,0.0,0.0,2,0,0,2,5,1.0,3.5,2.5,Never hotspot
R094_C080,0,0,0,0,0,0,0.0,0.0,Never hotspot,0,0,0,0.0,0.0,0.0,2,1,2,1,1,1.5,1.0,-0.5,Never hotspot
R094_C082,0,0,0,0,0,0,0.0,0.0,Never hotspot,0,0,0,0.0,0.0,0.0,2,3,6,8,6,2.5,7.0,4.5,Never hotspot
R094_C083,0,0,0,0,0,0,0.0,0.0,Never hotspot,0,0,0,0.0,0.0,0.0,4,8,5,5,11,6.0,8.0,2.0,Never hotspot
R094_C084,0,0,0,0,0,0,0.0,0.0,Never hotspot,0,0,0,0.0,0.0,0.0,1,2,1,1,2,1.5,1.5,0.0,Never hotspot
R094_C085,0,0,0,0,0,0,0.0,0.0,Never hotspot,0,0,0,0.0,0.0,0.0,1,5,1,5,1,3.0,3.0,0.0,Never hotspot
R094_C086,0,0,0,0,0,0,0.0,0.0,Never hotspot,0,0,0,0.0,0.0,0.0,3,6,1,0,2,4.5,1.0,-3.5,Never hotspot
R094_C087,0,0,0,0,0,0,0.0,0.0,Never hotspot,0,0,0,0.0,0.0,0.0,17,14,8,18,13,15.5,15.5,0.0,Never hotspot
R094_C088,0,0,0,0,0,0,0.0,0.0,Never hotspot,0,0,0,0.0,0.0,0.0,12,7,3,6,2,9.5,4.0,-5.5,Never hotspot
R094_C089,0,0,0,0,0,0,0.0,0.0,Never hotspot,0,0,0,0.0,0.0,0.0,2,3,4,6,3,2.5,4.5,2.0,Never hotspot
R095_C049,0,0,0,0,0,0,0.0,0.0,Never hotspot,0,0,0,0.0,0.0,0.0,2,1,1,1,2,1.5,1.5,0.0,Never hotspot
R095_C050,0,0,0,0,0,0,0.0,0.0,Never hotspot,0,0,0,0.0,0.0,0.0,1,1,1,1,3,1.0,2.0,1.0,Never hotspot
R095_C051,0,0,0,0,0,0,0.0,0.0,Never hotspot,0,0,0,0.0,0.0,0.0,4,4,6,1,0,4.0,0.5,-3.5,Never hotspot
R095_C052,0,0,0,0,0,0,0.0,0.0,Never hotspot,0,0,0,0.0,0.0,0.0,4,3,1,1,3,3.5,2.0,-1.5,Never hotspot
R095_C053,0,0,0,0,0,0,0.0,0.0,Never hotspot,0,0,0,0.0,0.0,0.0,0,1,1,0,0,0.5,0.0,-0.5,Never hotspot
R095_C054,0,0,0,0,0,0,0.0,0.0,Never hotspot,0,0,0,0.0,0.0,0.0,6,9,5,9,6,7.5,7.5,0.0,Never hotspot
R095_C055,0,0,0,0,0,0,0.0,0.0,Never hotspot,0,0,0,0.0,0.0,0.0,1,0,0,0,1,0.5,0.5,0.0,Never hotspot
R095_C056,0,0,0,0,0,0,0.0,0.0,Never hotspot,0,0,0,0.0,0.0,0.0,8,4,5,6,9,6.0,7.5,1.5,Never hotspot
R095_C057,0,0,0,0,0,0,0.0,0.0,Never hotspot,0,0,0,0.0,0.0,0.0,5,6,6,9,5,5.5,7.0,1.5,Never hotspot
R095_C058,0,0,0,0,0,0,0.0,0.0,Never hotspot,0,0,0,0.0,0.0,0.0,1,2,3,4,0,1.5,2.0,0.5,Never hotspot
R095_C059,0,0,0,0,0,0,0.0,0.0,Never hotspot,0,0,0,0.0,0.0,0.0,1,0,1,1,0,0.5,0.5,0.0,Never hotspot
R095_C060,0,0,0,0,0,0,0.0,0.0,Never hotspot,0,0,0,0.0,0.0,0.0,1,0,0,0,0,0.5,0.0,-0.5,Never hotspot
R095_C061,0,0,0,0,0,0,0.0,0.0,Never hotspot,0,0,0,0.0,0.0,0.0,1,0,0,2,0,0.5,1.0,0.5,Never hotspot
R095_C062,0,0,0,0,0,0,0.0,0.0,Never hotspot,0,0,0,0.0,0.0,0.0,0,1,0,0,0,0.5,0.0,-0.5,Never hotspot
R095_C063,0,0,0,0,0,0,0.0,0.0,Never hotspot,0,0,0,0.0,0.0,0.0,2,0,1,2,3,1.0,2.5,1.5,Never hotspot
R095_C064,0,0,0,0,0,0,0.0,0.0,Never hotspot,0,0,0,0.0,0.0,0.0,3,2,2,1,2,2.5,1.5,-1.0,Never hotspot
R095_C065,0,0,0,0,0,0,0.0,0.0,Never hotspot,0,0,0,0.0,0.0,0.0,0,1,0,0,2,0.5,1.0,0.5,Never hotspot
R095_C066,0,0,0,0,0,0,0.0,0.0,Never hotspot,0,0,0,0.0,0.0,0.0,1,1,2,0,1,1.0,0.5,-0.5,Never hotspot
R095_C067,0,0,0,0,0,0,0.0,0.0,Never hotspot,0,0,0,0.0,0.0,0.0,5,3,2,3,1,4.0,2.0,-2.0,Never hotspot
R095_C068,0,0,0,0,0,0,0.0,0.0,Never hotspot,0,0,0,0.0,0.0,0.0,0,0,3,3,1,0.0,2.0,2.0,Never hotspot
R095_C069,0,0,0,0,0,0,0.0,0.0,Never hotspot,0,0,0,0.0,0.0,0.0,3,8,1,3,5,5.5,4.0,-1.5,Never hotspot
R095_C070,0,0,0,0,0,0,0.0,0.0,Never hotspot,0,0,0,0.0,0.0,0.0,2,0,0,1,1,1.0,1.0,0.0,Never hotspot
R095_C071,0,0,0,0,0,0,0.0,0.0,Never hotspot,0,0,0,0.0,0.0,0.0,3,1,1,2,0,2.0,1.0,-1.0,Never hotspot
R095_C072,0,0,0,0,0,0,0.0,0.0,Never hotspot,0,0,0,0.0,0.0,0.0,7,7,4,5,5,7.0,5.0,-2.0,Never hotspot
R095_C073,0,0,0,0,0,0,0.0,0.0,Never hotspot,0,0,0,0.0,0.0,0.0,2,3,1,0,0,2.5,0.0,-2.5,Never hotspot
R095_C074,0,0,0,0,0,0,0.0,0.0,Never hotspot,0,0,0,0.0,0.0,0.0,3,2,2,2,3,2.5,2.5,0.0,Never hotspot
R095_C075,0,0,0,0,0,0,0.0,0.0,Never hotspot,0,0,0,0.0,0.0,0.0,1,5,5,2,1,3.0,1.5,-1.5,Never hotspot
R095_C076,0,0,0,0,0,0,0.0,0.0,Never hotspot,0,0,0,0.0,0.0,0.0,0,2,2,0,2,1.0,1.0,0.0,Never hotspot
R095_C077,0,0,0,0,0,0,0.0,0.0,Never hotspot,0,0,0,0.0,0.0,0.0,0,0,1,1,0,0.0,0.5,0.5,Never hotspot
R095_C078,0,0,0,0,0,0,0.0,0.0,Never hotspot,0,0,0,0.0,0.0,0.0,0,0,3,1,0,0.0,0.5,0.5,Never hotspot
R095_C079,0,0,0,0,0,0,0.0,0.0,Never hotspot,0,0,0,0.0,0.0,0.0,0,0,0,1,0,0.0,0.5,0.5,Never hotspot
R095_C080,0,0,0,0,0,0,0.0,0.0,Never hotspot,0,0,0,0.0,0.0,0.0,1,5,3,3,5,3.0,4.0,1.0,Never hotspot
R095_C081,0,0,0,0,0,0,0.0,0.0,Never hotspot,0,0,0,0.0,0.0,0.0,1,3,4,3,3,2.0,3.0,1.0,Never hotspot
R095_C082,0,0,0,0,0,0,0.0,0.0,Never hotspot,0,0,0,0.0,0.0,0.0,0,2,1,2,0,1.0,1.0,0.0,Never hotspot
R095_C083,0,0,0,0,0,0,0.0,0.0,Never hotspot,0,0,0,0.0,0.0,0.0,2,0,2,1,0,1.0,0.5,-0.5,Never hotspot
R095_C084,0,0,0,0,0,0,0.0,0.0,Never hotspot,0,0,0,0.0,0.0,0.0,0,0,0,1,0,0.0,0.5,0.5,Never hotspot
R095_C086,0,0,0,0,0,0,0.0,0.0,Never hotspot,0,0,0,0.0,0.0,0.0,2,4,4,3,2,3.0,2.5,-0.5,Never hotspot
R095_C087,1,1,1,1,1,5,1.0,1.0,Persistent hotspot,5,2,2,1.0,1.0,0.0,62,63,70,77,75,62.5,76.0,13.5,Persistent
R095_C088,0,0,0,0,0,0,0.0,0.0,Never hotspot,0,0,0,0.0,0.0,0.0,3,2,3,3,1,2.5,2.0,-0.5,Never hotspot
R096_C049,0,0,0,0,0,0,0.0,0.0,Never hotspot,0,0,0,0.0,0.0,0.0,0,1,1,0,1,0.5,0.5,0.0,Never hotspot
R096_C050,0,0,0,0,0,0,0.0,0.0,Never hotspot,0,0,0,0.0,0.0,0.0,0,0,0,0,2,0.0,1.0,1.0,Never hotspot
R096_C051,0,0,0,0,0,0,0.0,0.0,Never hotspot,0,0,0,0.0,0.0,0.0,0,0,0,2,0,0.0,1.0,1.0,Never hotspot
R096_C052,0,0,0,0,0,0,0.0,0.0,Never hotspot,0,0,0,0.0,0.0,0.0,1,0,0,1,2,0.5,1.5,1.0,Never hotspot
R096_C053,0,0,0,0,0,0,0.0,0.0,Never hotspot,0,0,0,0.0,0.0,0.0,0,1,0,1,0,0.5,0.5,0.0,Never hotspot
R096_C054,0,0,0,0,0,0,0.0,0.0,Never hotspot,0,0,0,0.0,0.0,0.0,2,1,4,3,2,1.5,2.5,1.0,Never hotspot
R096_C055,0,0,0,0,0,0,0.0,0.0,Never hotspot,0,0,0,0.0,0.0,0.0,2,0,0,4,1,1.0,2.5,1.5,Never hotspot
R096_C056,0,0,0,0,0,0,0.0,0.0,Never hotspot,0,0,0,0.0,0.0,0.0,3,3,3,3,6,3.0,4.5,1.5,Never hotspot
R096_C057,0,0,0,0,0,0,0.0,0.0,Never hotspot,0,0,0,0.0,0.0,0.0,20,18,29,17,29,19.0,23.0,4.0,Never hotspot
R096_C058,0,0,0,0,0,0,0.0,0.0,Never hotspot,0,0,0,0.0,0.0,0.0,5,5,4,3,4,5.0,3.5,-1.5,Never hotspot
R096_C059,0,0,0,0,0,0,0.0,0.0,Never hotspot,0,0,0,0.0,0.0,0.0,3,2,1,1,3,2.5,2.0,-0.5,Never hotspot
R096_C060,0,0,0,0,0,0,0.0,0.0,Never hotspot,0,0,0,0.0,0.0,0.0,3,0,4,2,5,1.5,3.5,2.0,Never hotspot
R096_C061,0,0,0,0,0,0,0.0,0.0,Never hotspot,0,0,0,0.0,0.0,0.0,0,3,0,0,0,1.5,0.0,-1.5,Never hotspot
R096_C062,0,0,0,0,0,0,0.0,0.0,Never hotspot,0,0,0,0.0,0.0,0.0,0,0,1,0,0,0.0,0.0,0.0,Never hotspot
R096_C063,0,0,0,0,0,0,0.0,0.0,Never hotspot,0,0,0,0.0,0.0,0.0,0,0,1,2,0,0.0,1.0,1.0,Never hotspot
R096_C064,0,0,0,0,0,0,0.0,0.0,Never hotspot,0,0,0,0.0,0.0,0.0,0,0,1,0,2,0.0,1.0,1.0,Never hotspot
R096_C065,0,0,0,0,0,0,0.0,0.0,Never hotspot,0,0,0,0.0,0.0,0.0,2,1,0,1,2,1.5,1.5,0.0,Never hotspot
R096_C066,0,0,0,0,0,0,0.0,0.0,Never hotspot,0,0,0,0.0,0.0,0.0,0,1,1,0,0,0.5,0.0,-0.5,Never hotspot
R096_C067,0,0,0,0,0,0,0.0,0.0,Never hotspot,0,0,0,0.0,0.0,0.0,1,0,2,2,1,0.5,1.5,1.0,Never hotspot
R096_C068,0,0,0,0,0,0,0.0,0.0,Never hotspot,0,0,0,0.0,0.0,0.0,1,0,2,1,0,0.5,0.5,0.0,Never hotspot
R096_C069,0,0,0,0,0,0,0.0,0.0,Never hotspot,0,0,0,0.0,0.0,0.0,6,2,4,1,7,4.0,4.0,0.0,Never hotspot
R096_C070,0,0,0,0,0,0,0.0,0.0,Never hotspot,0,0,0,0.0,0.0,0.0,0,2,1,0,3,1.0,1.5,0.5,Never hotspot
R096_C071,0,0,0,0,0,0,0.0,0.0,Never hotspot,0,0,0,0.0,0.0,0.0,0,4,1,0,1,2.0,0.5,-1.5,Never hotspot
R096_C072,0,0,0,0,0,0,0.0,0.0,Never hotspot,0,0,0,0.0,0.0,0.0,5,6,7,7,4,5.5,5.5,0.0,Never hotspot
R096_C073,0,0,0,0,0,0,0.0,0.0,Never hotspot,0,0,0,0.0,0.0,0.0,2,6,5,4,7,4.0,5.5,1.5,Never hotspot
R096_C074,0,0,0,0,0,0,0.0,0.0,Never hotspot,0,0,0,0.0,0.0,0.0,13,12,18,19,16,12.5,17.5,5.0,Never hotspot
R096_C075,0,0,0,0,0,0,0.0,0.0,Never hotspot,0,0,0,0.0,0.0,0.0,1,4,4,3,2,2.5,2.5,0.0,Never hotspot
R096_C076,0,0,0,0,0,0,0.0,0.0,Never hotspot,0,0,0,0.0,0.0,0.0,0,0,1,0,0,0.0,0.0,0.0,Never hotspot
R096_C078,0,0,0,0,0,0,0.0,0.0,Never hotspot,0,0,0,0.0,0.0,0.0,1,2,0,0,1,1.5,0.5,-1.0,Never hotspot
R096_C079,0,0,0,0,0,0,0.0,0.0,Never hotspot,0,0,0,0.0,0.0,0.0,0,1,0,0,0,0.5,0.0,-0.5,Never hotspot
R096_C080,0,0,0,0,0,0,0.0,0.0,Never hotspot,0,0,0,0.0,0.0,0.0,1,0,0,1,1,0.5,1.0,0.5,Never hotspot
R096_C081,0,0,0,0,0,0,0.0,0.0,Never hotspot,0,0,0,0.0,0.0,0.0,0,0,0,4,2,0.0,3.0,3.0,Never hotspot
R096_C082,0,0,0,0,0,0,0.0,0.0,Never hotspot,0,0,0,0.0,0.0,0.0,0,0,0,1,0,0.0,0.5,0.5,Never hotspot
R096_C083,0,0,0,0,0,0,0.0,0.0,Never hotspot,0,0,0,0.0,0.0,0.0,2,2,2,0,1,2.0,0.5,-1.5,Never hotspot
R096_C084,0,0,0,0,0,0,0.0,0.0,Never hotspot,0,0,0,0.0,0.0,0.0,4,0,0,2,0,2.0,1.0,-1.0,Never hotspot
R096_C085,0,0,0,0,0,0,0.0,0.0,Never hotspot,0,0,0,0.0,0.0,0.0,0,1,0,0,0,0.5,0.0,-0.5,Never hotspot
R096_C086,0,0,0,0,0,0,0.0,0.0,Never hotspot,0,0,0,0.0,0.0,0.0,0,1,0,2,1,0.5,1.5,1.0,Never hotspot
R096_C087,0,0,0,0,0,0,0.0,0.0,Never hotspot,0,0,0,0.0,0.0,0.0,4,3,4,6,5,3.5,5.5,2.0,Never hotspot
R097_C048,0,0,0,0,0,0,0.0,0.0,Never hotspot,0,0,0,0.0,0.0,0.0,0,1,2,0,3,0.5,1.5,1.0,Never hotspot
R097_C049,0,0,0,0,0,0,0.0,0.0,Never hotspot,0,0,0,0.0,0.0,0.0,1,3,1,1,1,2.0,1.0,-1.0,Never hotspot
R097_C050,0,0,0,0,0,0,0.0,0.0,Never hotspot,0,0,0,0.0,0.0,0.0,0,0,0,0,1,0.0,0.5,0.5,Never hotspot
R097_C051,0,0,0,0,0,0,0.0,0.0,Never hotspot,0,0,0,0.0,0.0,0.0,0,0,0,1,0,0.0,0.5,0.5,Never hotspot
R097_C052,0,0,0,0,0,0,0.0,0.0,Never hotspot,0,0,0,0.0,0.0,0.0,1,0,0,2,0,0.5,1.0,0.5,Never hotspot
R097_C053,0,0,0,0,0,0,0.0,0.0,Never hotspot,0,0,0,0.0,0.0,0.0,1,3,2,2,2,2.0,2.0,0.0,Never hotspot
R097_C054,0,0,0,0,0,0,0.0,0.0,Never hotspot,0,0,0,0.0,0.0,0.0,3,1,1,0,1,2.0,0.5,-1.5,Never hotspot
R097_C055,0,0,0,0,0,0,0.0,0.0,Never hotspot,0,0,0,0.0,0.0,0.0,11,7,11,16,7,9.0,11.5,2.5,Never hotspot
R097_C056,0,0,0,0,0,0,0.0,0.0,Never hotspot,0,0,0,0.0,0.0,0.0,3,5,4,8,4,4.0,6.0,2.0,Never hotspot
R097_C057,0,0,0,0,0,0,0.0,0.0,Never hotspot,0,0,0,0.0,0.0,0.0,6,1,3,3,4,3.5,3.5,0.0,Never hotspot
R097_C058,0,0,0,0,0,0,0.0,0.0,Never hotspot,0,0,0,0.0,0.0,0.0,1,1,3,2,3,1.0,2.5,1.5,Never hotspot
R097_C059,0,0,0,0,0,0,0.0,0.0,Never hotspot,0,0,0,0.0,0.0,0.0,3,2,4,2,3,2.5,2.5,0.0,Never hotspot
R097_C060,0,0,0,0,0,0,0.0,0.0,Never hotspot,0,0,0,0.0,0.0,0.0,0,0,1,1,1,0.0,1.0,1.0,Never hotspot
R097_C061,0,0,0,0,0,0,0.0,0.0,Never hotspot,0,0,0,0.0,0.0,0.0,0,0,0,1,1,0.0,1.0,1.0,Never hotspot
R097_C062,0,0,0,0,0,0,0.0,0.0,Never hotspot,0,0,0,0.0,0.0,0.0,0,1,0,0,1,0.5,0.5,0.0,Never hotspot
R097_C064,0,0,0,0,0,0,0.0,0.0,Never hotspot,0,0,0,0.0,0.0,0.0,2,0,2,1,0,1.0,0.5,-0.5,Never hotspot
R097_C065,0,0,0,0,0,0,0.0,0.0,Never hotspot,0,0,0,0.0,0.0,0.0,0,1,2,0,0,0.5,0.0,-0.5,Never hotspot
R097_C066,0,0,0,0,0,0,0.0,0.0,Never hotspot,0,0,0,0.0,0.0,0.0,0,0,1,0,0,0.0,0.0,0.0,Never hotspot
R097_C067,0,0,0,0,0,0,0.0,0.0,Never hotspot,0,0,0,0.0,0.0,0.0,2,1,1,1,0,1.5,0.5,-1.0,Never hotspot
R097_C068,0,0,0,0,0,0,0.0,0.0,Never hotspot,0,0,0,0.0,0.0,0.0,0,2,1,0,0,1.0,0.0,-1.0,Never hotspot
R097_C069,0,0,0,0,0,0,0.0,0.0,Never hotspot,0,0,0,0.0,0.0,0.0,1,0,1,1,3,0.5,2.0,1.5,Never hotspot
R097_C070,0,0,0,0,0,0,0.0,0.0,Never hotspot,0,0,0,0.0,0.0,0.0,4,4,11,11,9,4.0,10.0,6.0,Never hotspot
R097_C071,0,0,0,0,0,0,0.0,0.0,Never hotspot,0,0,0,0.0,0.0,0.0,6,17,7,8,11,11.5,9.5,-2.0,Never hotspot
R097_C072,0,0,0,0,0,0,0.0,0.0,Never hotspot,0,0,0,0.0,0.0,0.0,4,2,0,1,3,3.0,2.0,-1.0,Never hotspot
R097_C073,0,0,0,0,0,0,0.0,0.0,Never hotspot,0,0,0,0.0,0.0,0.0,0,2,1,1,2,1.0,1.5,0.5,Never hotspot
R097_C074,0,0,0,0,0,0,0.0,0.0,Never hotspot,0,0,0,0.0,0.0,0.0,2,6,5,3,2,4.0,2.5,-1.5,Never hotspot
R097_C075,0,0,0,0,0,0,0.0,0.0,Never hotspot,0,0,0,0.0,0.0,0.0,2,10,4,5,2,6.0,3.5,-2.5,Never hotspot
R097_C076,0,0,0,0,0,0,0.0,0.0,Never hotspot,0,0,0,0.0,0.0,0.0,1,0,0,2,1,0.5,1.5,1.0,Never hotspot
R097_C078,0,0,0,0,0,0,0.0,0.0,Never hotspot,0,0,0,0.0,0.0,0.0,0,1,0,1,0,0.5,0.5,0.0,Never hotspot
R097_C079,0,0,0,0,0,0,0.0,0.0,Never hotspot,0,0,0,0.0,0.0,0.0,0,0,0,0,1,0.0,0.5,0.5,Never hotspot
R097_C080,0,0,0,0,0,0,0.0,0.0,Never hotspot,0,0,0,0.0,0.0,0.0,1,0,2,1,1,0.5,1.0,0.5,Never hotspot
R097_C081,0,0,0,0,0,0,0.0,0.0,Never hotspot,0,0,0,0.0,0.0,0.0,3,0,0,1,2,1.5,1.5,0.0,Never hotspot
R097_C082,0,0,0,0,0,0,0.0,0.0,Never hotspot,0,0,0,0.0,0.0,0.0,1,0,0,1,0,0.5,0.5,0.0,Never hotspot
R097_C083,0,0,0,0,0,0,0.0,0.0,Never hotspot,0,0,0,0.0,0.0,0.0,0,0,1,1,0,0.0,0.5,0.5,Never hotspot
R097_C084,0,0,0,0,0,0,0.0,0.0,Never hotspot,0,0,0,0.0,0.0,0.0,0,1,2,1,2,0.5,1.5,1.0,Never hotspot
R097_C086,0,0,0,0,0,0,0.0,0.0,Never hotspot,0,0,0,0.0,0.0,0.0,2,3,2,2,3,2.5,2.5,0.0,Never hotspot
R097_C087,0,0,0,0,0,0,0.0,0.0,Never hotspot,0,0,0,0.0,0.0,0.0,0,1,0,0,1,0.5,0.5,0.0,Never hotspot
R098_C047,0,0,0,0,0,0,0.0,0.0,Never hotspot,0,0,0,0.0,0.0,0.0,1,1,0,0,1,1.0,0.5,-0.5,Never hotspot
R098_C048,0,0,0,0,0,0,0.0,0.0,Never hotspot,0,0,0,0.0,0.0,0.0,1,2,5,7,4,1.5,5.5,4.0,Never hotspot
R098_C049,0,0,0,0,0,0,0.0,0.0,Never hotspot,0,0,0,0.0,0.0,0.0,0,0,1,2,0,0.0,1.0,1.0,Never hotspot
R098_C051,0,0,0,0,0,0,0.0,0.0,Never hotspot,0,0,0,0.0,0.0,0.0,0,1,1,1,1,0.5,1.0,0.5,Never hotspot
R098_C053,0,0,0,0,0,0,0.0,0.0,Never hotspot,0,0,0,0.0,0.0,0.0,3,0,2,2,0,1.5,1.0,-0.5,Never hotspot
R098_C054,0,0,0,0,0,0,0.0,0.0,Never hotspot,0,0,0,0.0,0.0,0.0,3,2,11,11,9,2.5,10.0,7.5,Never hotspot
R098_C055,0,0,0,0,0,0,0.0,0.0,Never hotspot,0,0,0,0.0,0.0,0.0,1,0,0,3,2,0.5,2.5,2.0,Never hotspot
R098_C059,0,0,0,0,0,0,0.0,0.0,Never hotspot,0,0,0,0.0,0.0,0.0,3,3,3,4,1,3.0,2.5,-0.5,Never hotspot
R098_C061,0,0,0,0,0,0,0.0,0.0,Never hotspot,0,0,0,0.0,0.0,0.0,1,0,3,0,2,0.5,1.0,0.5,Never hotspot
R098_C062,0,0,0,0,0,0,0.0,0.0,Never hotspot,0,0,0,0.0,0.0,0.0,0,0,1,0,1,0.0,0.5,0.5,Never hotspot
R098_C063,0,0,0,0,0,0,0.0,0.0,Never hotspot,0,0,0,0.0,0.0,0.0,1,1,0,0,0,1.0,0.0,-1.0,Never hotspot
R098_C064,0,0,0,0,0,0,0.0,0.0,Never hotspot,0,0,0,0.0,0.0,0.0,0,1,0,0,0,0.5,0.0,-0.5,Never hotspot
R098_C067,0,0,0,0,0,0,0.0,0.0,Never hotspot,0,0,0,0.0,0.0,0.0,0,0,1,0,0,0.0,0.0,0.0,Never hotspot
R098_C069,0,0,0,0,0,0,0.0,0.0,Never hotspot,0,0,0,0.0,0.0,0.0,1,0,0,3,1,0.5,2.0,1.5,Never hotspot
R098_C070,0,0,0,0,0,0,0.0,0.0,Never hotspot,0,0,0,0.0,0.0,0.0,3,9,11,5,7,6.0,6.0,0.0,Never hotspot
R098_C071,0,0,0,0,0,0,0.0,0.0,Never hotspot,0,0,0,0.0,0.0,0.0,9,5,5,1,3,7.0,2.0,-5.0,Never hotspot
R098_C072,0,0,0,0,0,0,0.0,0.0,Never hotspot,0,0,0,0.0,0.0,0.0,2,3,1,3,2,2.5,2.5,0.0,Never hotspot
R098_C074,0,0,0,0,0,0,0.0,0.0,Never hotspot,0,0,0,0.0,0.0,0.0,1,0,2,0,2,0.5,1.0,0.5,Never hotspot
R098_C075,0,0,0,0,0,0,0.0,0.0,Never hotspot,0,0,0,0.0,0.0,0.0,5,5,2,1,2,5.0,1.5,-3.5,Never hotspot
R098_C076,0,0,0,0,0,0,0.0,0.0,Never hotspot,0,0,0,0.0,0.0,0.0,2,2,8,4,3,2.0,3.5,1.5,Never hotspot
R098_C077,0,0,0,0,0,0,0.0,0.0,Never hotspot,0,0,0,0.0,0.0,0.0,0,1,0,0,0,0.5,0.0,-0.5,Never hotspot
R098_C078,0,0,0,0,0,0,0.0,0.0,Never hotspot,0,0,0,0.0,0.0,0.0,2,1,2,1,4,1.5,2.5,1.0,Never hotspot
R098_C080,0,0,0,0,0,0,0.0,0.0,Never hotspot,0,0,0,0.0,0.0,0.0,0,0,0,1,1,0.0,1.0,1.0,Never hotspot
R098_C081,0,0,0,0,0,0,0.0,0.0,Never hotspot,0,0,0,0.0,0.0,0.0,0,0,0,1,0,0.0,0.5,0.5,Never hotspot
R098_C084,0,0,0,0,0,0,0.0,0.0,Never hotspot,0,0,0,0.0,0.0,0.0,1,2,1,3,2,1.5,2.5,1.0,Never hotspot
R098_C085,0,0,0,0,0,0,0.0,0.0,Never hotspot,0,0,0,0.0,0.0,0.0,3,7,4,5,5,5.0,5.0,0.0,Never hotspot
R098_C086,0,0,0,0,0,0,0.0,0.0,Never hotspot,0,0,0,0.0,0.0,0.0,0,1,0,0,0,0.5,0.0,-0.5,Never hotspot
R099_C046,0,0,0,0,0,0,0.0,0.0,Never hotspot,0,0,0,0.0,0.0,0.0,1,0,1,2,0,0.5,1.0,0.5,Never hotspot
R099_C047,0,0,0,0,0,0,0.0,0.0,Never hotspot,0,0,0,0.0,0.0,0.0,3,6,4,4,3,4.5,3.5,-1.0,Never hotspot
R099_C050,0,0,0,0,0,0,0.0,0.0,Never hotspot,0,0,0,0.0,0.0,0.0,0,0,0,0,1,0.0,0.5,0.5,Never hotspot
R099_C053,0,0,0,0,0,0,0.0,0.0,Never hotspot,0,0,0,0.0,0.0,0.0,2,3,2,1,2,2.5,1.5,-1.0,Never hotspot
R099_C054,0,0,0,0,0,0,0.0,0.0,Never hotspot,0,0,0,0.0,0.0,0.0,1,1,3,0,3,1.0,1.5,0.5,Never hotspot
R099_C055,0,0,0,0,0,0,0.0,0.0,Never hotspot,0,0,0,0.0,0.0,0.0,3,1,2,2,3,2.0,2.5,0.5,Never hotspot
R099_C057,0,0,0,0,0,0,0.0,0.0,Never hotspot,0,0,0,0.0,0.0,0.0,0,0,1,0,0,0.0,0.0,0.0,Never hotspot
R099_C058,0,0,0,0,0,0,0.0,0.0,Never hotspot,0,0,0,0.0,0.0,0.0,1,2,2,1,1,1.5,1.0,-0.5,Never hotspot
R099_C059,0,0,0,0,0,0,0.0,0.0,Never hotspot,0,0,0,0.0,0.0,0.0,0,6,3,1,4,3.0,2.5,-0.5,Never hotspot
R099_C060,0,0,0,0,0,0,0.0,0.0,Never hotspot,0,0,0,0.0,0.0,0.0,0,0,0,0,3,0.0,1.5,1.5,Never hotspot
R099_C062,0,0,0,0,0,0,0.0,0.0,Never hotspot,0,0,0,0.0,0.0,0.0,3,5,2,6,5,4.0,5.5,1.5,Never hotspot
R099_C069,0,0,0,0,0,0,0.0,0.0,Never hotspot,0,0,0,0.0,0.0,0.0,0,2,0,1,1,1.0,1.0,0.0,Never hotspot
R099_C070,0,0,0,0,0,0,0.0,0.0,Never hotspot,0,0,0,0.0,0.0,0.0,1,12,5,3,7,6.5,5.0,-1.5,Never hotspot
R099_C071,0,0,0,0,0,0,0.0,0.0,Never hotspot,0,0,0,0.0,0.0,0.0,13,3,6,7,4,8.0,5.5,-2.5,Never hotspot
R099_C072,0,0,0,0,0,0,0.0,0.0,Never hotspot,0,0,0,0.0,0.0,0.0,3,0,0,2,4,1.5,3.0,1.5,Never hotspot
R099_C073,0,0,0,0,0,0,0.0,0.0,Never hotspot,0,0,0,0.0,0.0,0.0,4,1,2,1,3,2.5,2.0,-0.5,Never hotspot
R099_C074,0,0,0,0,0,0,0.0,0.0,Never hotspot,0,0,0,0.0,0.0,0.0,2,1,1,2,1,1.5,1.5,0.0,Never hotspot
R099_C075,0,0,0,0,0,0,0.0,0.0,Never hotspot,0,0,0,0.0,0.0,0.0,4,4,0,5,4,4.0,4.5,0.5,Never hotspot
R099_C076,0,0,0,0,0,0,0.0,0.0,Never hotspot,0,0,0,0.0,0.0,0.0,0,2,1,1,3,1.0,2.0,1.0,Never hotspot
R099_C077,0,0,0,0,0,0,0.0,0.0,Never hotspot,0,0,0,0.0,0.0,0.0,3,9,8,4,5,6.0,4.5,-1.5,Never hotspot
R099_C078,0,0,0,0,0,0,0.0,0.0,Never hotspot,0,0,0,0.0,0.0,0.0,2,0,1,0,1,1.0,0.5,-0.5,Never hotspot
R099_C080,0,0,0,0,0,0,0.0,0.0,Never hotspot,0,0,0,0.0,0.0,0.0,1,1,0,2,2,1.0,2.0,1.0,Never hotspot
R099_C081,0,0,0,0,0,0,0.0,0.0,Never hotspot,0,0,0,0.0,0.0,0.0,0,2,1,1,1,1.0,1.0,0.0,Never hotspot
R099_C082,0,0,0,0,0,0,0.0,0.0,Never hotspot,0,0,0,0.0,0.0,0.0,3,1,1,3,2,2.0,2.5,0.5,Never hotspot
R099_C083,0,0,0,0,0,0,0.0,0.0,Never hotspot,0,0,0,0.0,0.0,0.0,3,7,1,1,2,5.0,1.5,-3.5,Never hotspot
R099_C084,0,0,0,0,0,0,0.0,0.0,Never hotspot,0,0,0,0.0,0.0,0.0,6,9,5,5,4,7.5,4.5,-3.0,Never hotspot
R099_C085,0,0,0,0,0,0,0.0,0.0,Never hotspot,0,0,0,0.0,0.0,0.0,4,5,4,7,2,4.5,4.5,0.0,Never hotspot
R099_C086,0,0,0,0,0,0,0.0,0.0,Never hotspot,0,0,0,0.0,0.0,0.0,0,0,1,0,0,0.0,0.0,0.0,Never hotspot
R100_C046,0,0,0,0,0,0,0.0,0.0,Never hotspot,0,0,0,0.0,0.0,0.0,6,5,3,6,7,5.5,6.5,1.0,Never hotspot
R100_C047,0,0,0,0,0,0,0.0,0.0,Never hotspot,0,0,0,0.0,0.0,0.0,11,13,18,10,13,12.0,11.5,-0.5,Never hotspot
R100_C048,0,0,0,0,0,0,0.0,0.0,Never hotspot,0,0,0,0.0,0.0,0.0,1,0,1,0,1,0.5,0.5,0.0,Never hotspot
R100_C051,0,0,0,0,0,0,0.0,0.0,Never hotspot,0,0,0,0.0,0.0,0.0,1,1,0,0,2,1.0,1.0,0.0,Never hotspot
R100_C052,0,0,0,0,0,0,0.0,0.0,Never hotspot,0,0,0,0.0,0.0,0.0,0,0,0,1,0,0.0,0.5,0.5,Never hotspot
R100_C053,0,0,0,0,0,0,0.0,0.0,Never hotspot,0,0,0,0.0,0.0,0.0,0,2,2,3,0,1.0,1.5,0.5,Never hotspot
R100_C055,0,0,0,0,0,0,0.0,0.0,Never hotspot,0,0,0,0.0,0.0,0.0,0,1,2,1,4,0.5,2.5,2.0,Never hotspot
R100_C056,0,0,0,0,0,0,0.0,0.0,Never hotspot,0,0,0,0.0,0.0,0.0,0,0,1,0,0,0.0,0.0,0.0,Never hotspot
R100_C058,0,0,0,0,0,0,0.0,0.0,Never hotspot,0,0,0,0.0,0.0,0.0,5,4,3,6,2,4.5,4.0,-0.5,Never hotspot
R100_C059,0,0,0,0,0,0,0.0,0.0,Never hotspot,0,0,0,0.0,0.0,0.0,0,1,0,0,1,0.5,0.5,0.0,Never hotspot
R100_C060,0,0,0,0,0,0,0.0,0.0,Never hotspot,0,0,0,0.0,0.0,0.0,1,0,0,0,0,0.5,0.0,-0.5,Never hotspot
R100_C061,0,0,0,0,0,0,0.0,0.0,Never hotspot,0,0,0,0.0,0.0,0.0,1,0,0,0,0,0.5,0.0,-0.5,Never hotspot
R100_C062,0,0,0,0,0,0,0.0,0.0,Never hotspot,0,0,0,0.0,0.0,0.0,1,4,2,3,1,2.5,2.0,-0.5,Never hotspot
R100_C063,0,0,0,0,0,0,0.0,0.0,Never hotspot,0,0,0,0.0,0.0,0.0,1,0,3,0,0,0.5,0.0,-0.5,Never hotspot
R100_C064,0,0,0,0,0,0,0.0,0.0,Never hotspot,0,0,0,0.0,0.0,0.0,0,3,1,1,2,1.5,1.5,0.0,Never hotspot
R100_C065,0,0,0,0,0,0,0.0,0.0,Never hotspot,0,0,0,0.0,0.0,0.0,0,0,1,0,0,0.0,0.0,0.0,Never hotspot
R100_C066,0,0,0,0,0,0,0.0,0.0,Never hotspot,0,0,0,0.0,0.0,0.0,0,1,1,0,0,0.5,0.0,-0.5,Never hotspot
R100_C067,0,0,0,0,0,0,0.0,0.0,Never hotspot,0,0,0,0.0,0.0,0.0,0,0,4,2,1,0.0,1.5,1.5,Never hotspot
R100_C068,0,0,0,0,0,0,0.0,0.0,Never hotspot,0,0,0,0.0,0.0,0.0,2,1,1,1,2,1.5,1.5,0.0,Never hotspot
R100_C069,0,0,0,0,0,0,0.0,0.0,Never hotspot,0,0,0,0.0,0.0,0.0,1,3,2,1,1,2.0,1.0,-1.0,Never hotspot
R100_C070,0,0,0,0,0,0,0.0,0.0,Never hotspot,0,0,0,0.0,0.0,0.0,0,0,2,0,1,0.0,0.5,0.5,Never hotspot
R100_C071,0,0,0,0,0,0,0.0,0.0,Never hotspot,0,0,0,0.0,0.0,0.0,4,3,2,3,4,3.5,3.5,0.0,Never hotspot
R100_C072,1,1,1,0,1,4,0.8,0.8,Persistent hotspot,3,2,1,1.0,0.5,-0.5,47,38,44,33,37,42.5,35.0,-7.5,Persistent
R100_C073,0,0,0,0,0,0,0.0,0.0,Never hotspot,0,0,0,0.0,0.0,0.0,9,10,15,13,22,9.5,17.5,8.0,Never hotspot
R100_C074,0,0,0,0,0,0,0.0,0.0,Never hotspot,0,0,0,0.0,0.0,0.0,6,1,4,2,2,3.5,2.0,-1.5,Never hotspot
R100_C075,0,0,0,0,0,0,0.0,0.0,Never hotspot,0,0,0,0.0,0.0,0.0,13,17,16,17,15,15.0,16.0,1.0,Never hotspot
R100_C076,0,0,0,0,0,0,0.0,0.0,Never hotspot,0,0,0,0.0,0.0,0.0,19,12,20,10,8,15.5,9.0,-6.5,Never hotspot
R100_C077,0,0,0,0,0,0,0.0,0.0,Never hotspot,0,0,0,0.0,0.0,0.0,13,15,8,13,16,14.0,14.5,0.5,Never hotspot
R100_C078,0,0,0,0,0,0,0.0,0.0,Never hotspot,0,0,0,0.0,0.0,0.0,7,9,10,6,6,8.0,6.0,-2.0,Never hotspot
R100_C079,0,0,0,0,0,0,0.0,0.0,Never hotspot,0,0,0,0.0,0.0,0.0,1,0,0,0,0,0.5,0.0,-0.5,Never hotspot
R100_C080,0,0,0,0,0,0,0.0,0.0,Never hotspot,0,0,0,0.0,0.0,0.0,0,2,2,2,2,1.0,2.0,1.0,Never hotspot
R100_C081,0,0,0,0,0,0,0.0,0.0,Never hotspot,0,0,0,0.0,0.0,0.0,1,2,3,5,1,1.5,3.0,1.5,Never hotspot
R100_C082,0,0,0,0,0,0,0.0,0.0,Never hotspot,0,0,0,0.0,0.0,0.0,3,6,3,6,3,4.5,4.5,0.0,Never hotspot
R100_C083,0,0,0,0,0,0,0.0,0.0,Never hotspot,0,0,0,0.0,0.0,0.0,1,1,0,2,4,1.0,3.0,2.0,Never hotspot
R100_C084,0,0,0,0,0,0,0.0,0.0,Never hotspot,0,0,0,0.0,0.0,0.0,7,17,14,9,15,12.0,12.0,0.0,Never hotspot
R100_C085,0,0,0,0,0,0,0.0,0.0,Never hotspot,0,0,0,0.0,0.0,0.0,2,2,2,3,2,2.0,2.5,0.5,Never hotspot
R101_C046,1,0,1,1,1,4,0.8,0.8,Persistent hotspot,3,1,2,0.5,1.0,0.5,37,33,38,38,45,35.0,41.5,6.5,Persistent
R101_C047,0,0,0,0,0,0,0.0,0.0,Never hotspot,0,0,0,0.0,0.0,0.0,9,10,9,11,2,9.5,6.5,-3.0,Never hotspot
R101_C048,0,0,0,0,0,0,0.0,0.0,Never hotspot,0,0,0,0.0,0.0,0.0,3,2,0,3,3,2.5,3.0,0.5,Never hotspot
R101_C049,0,0,0,0,0,0,0.0,0.0,Never hotspot,0,0,0,0.0,0.0,0.0,0,0,0,0,1,0.0,0.5,0.5,Never hotspot
R101_C052,0,0,0,0,0,0,0.0,0.0,Never hotspot,0,0,0,0.0,0.0,0.0,0,0,0,0,1,0.0,0.5,0.5,Never hotspot
R101_C053,0,0,0,0,0,0,0.0,0.0,Never hotspot,0,0,0,0.0,0.0,0.0,0,1,1,2,1,0.5,1.5,1.0,Never hotspot
R101_C054,0,0,0,0,0,0,0.0,0.0,Never hotspot,0,0,0,0.0,0.0,0.0,0,0,1,1,1,0.0,1.0,1.0,Never hotspot
R101_C056,0,0,0,0,0,0,0.0,0.0,Never hotspot,0,0,0,0.0,0.0,0.0,1,0,0,0,0,0.5,0.0,-0.5,Never hotspot
R101_C057,0,0,0,0,0,0,0.0,0.0,Never hotspot,0,0,0,0.0,0.0,0.0,0,1,0,0,0,0.5,0.0,-0.5,Never hotspot
R101_C058,0,0,0,0,0,0,0.0,0.0,Never hotspot,0,0,0,0.0,0.0,0.0,3,3,6,2,2,3.0,2.0,-1.0,Never hotspot
R101_C059,0,0,0,0,0,0,0.0,0.0,Never hotspot,0,0,0,0.0,0.0,0.0,0,2,0,1,1,1.0,1.0,0.0,Never hotspot
R101_C060,0,0,0,0,0,0,0.0,0.0,Never hotspot,0,0,0,0.0,0.0,0.0,1,5,2,1,3,3.0,2.0,-1.0,Never hotspot
R101_C061,0,0,0,0,0,0,0.0,0.0,Never hotspot,0,0,0,0.0,0.0,0.0,2,5,2,2,1,3.5,1.5,-2.0,Never hotspot
R101_C062,0,0,0,0,0,0,0.0,0.0,Never hotspot,0,0,0,0.0,0.0,0.0,0,2,2,7,3,1.0,5.0,4.0,Never hotspot
R101_C067,0,0,0,0,0,0,0.0,0.0,Never hotspot,0,0,0,0.0,0.0,0.0,0,1,4,2,1,0.5,1.5,1.0,Never hotspot
R101_C068,0,0,0,0,0,0,0.0,0.0,Never hotspot,0,0,0,0.0,0.0,0.0,7,1,6,3,2,4.0,2.5,-1.5,Never hotspot
R101_C069,0,0,0,0,0,0,0.0,0.0,Never hotspot,0,0,0,0.0,0.0,0.0,2,3,2,2,1,2.5,1.5,-1.0,Never hotspot
R101_C070,0,0,0,0,0,0,0.0,0.0,Never hotspot,0,0,0,0.0,0.0,0.0,0,0,0,2,0,0.0,1.0,1.0,Never hotspot
R101_C071,0,0,0,0,0,0,0.0,0.0,Never hotspot,0,0,0,0.0,0.0,0.0,1,4,2,3,3,2.5,3.0,0.5,Never hotspot
R101_C072,0,1,0,1,0,2,0.4,0.4,Repeated hotspot,1,1,1,0.5,0.5,0.0,30,41,31,37,33,35.5,35.0,-0.5,Intermittent
R101_C073,0,0,0,0,0,0,0.0,0.0,Never hotspot,0,0,0,0.0,0.0,0.0,8,20,10,9,15,14.0,12.0,-2.0,Never hotspot
R101_C074,0,0,0,0,0,0,0.0,0.0,Never hotspot,0,0,0,0.0,0.0,0.0,2,3,3,2,1,2.5,1.5,-1.0,Never hotspot
R101_C075,1,1,1,1,1,5,1.0,1.0,Persistent hotspot,5,2,2,1.0,1.0,0.0,47,71,58,64,39,59.0,51.5,-7.5,Persistent
R101_C076,1,1,1,1,1,5,1.0,1.0,Persistent hotspot,5,2,2,1.0,1.0,0.0,84,92,132,104,75,88.0,89.5,1.5,Persistent
R101_C077,1,1,1,1,1,5,1.0,1.0,Persistent hotspot,5,2,2,1.0,1.0,0.0,93,77,84,69,80,85.0,74.5,-10.5,Persistent
R101_C078,0,0,0,0,0,0,0.0,0.0,Never hotspot,0,0,0,0.0,0.0,0.0,13,20,13,25,13,16.5,19.0,2.5,Never hotspot
R101_C079,0,0,0,0,0,0,0.0,0.0,Never hotspot,0,0,0,0.0,0.0,0.0,12,12,15,14,14,12.0,14.0,2.0,Never hotspot
R101_C080,0,0,0,0,0,0,0.0,0.0,Never hotspot,0,0,0,0.0,0.0,0.0,8,17,9,3,14,12.5,8.5,-4.0,Never hotspot
R101_C081,0,0,0,0,0,0,0.0,0.0,Never hotspot,0,0,0,0.0,0.0,0.0,4,5,1,2,4,4.5,3.0,-1.5,Never hotspot
R101_C082,0,0,0,0,0,0,0.0,0.0,Never hotspot,0,0,0,0.0,0.0,0.0,2,2,2,7,0,2.0,3.5,1.5,Never hotspot
R102_C046,0,0,0,0,0,0,0.0,0.0,Never hotspot,0,0,0,0.0,0.0,0.0,4,5,8,4,2,4.5,3.0,-1.5,Never hotspot
R102_C047,0,0,0,0,0,0,0.0,0.0,Never hotspot,0,0,0,0.0,0.0,0.0,10,5,5,5,4,7.5,4.5,-3.0,Never hotspot
R102_C048,0,0,0,0,0,0,0.0,0.0,Never hotspot,0,0,0,0.0,0.0,0.0,5,2,0,0,1,3.5,0.5,-3.0,Never hotspot
R102_C049,0,0,0,0,0,0,0.0,0.0,Never hotspot,0,0,0,0.0,0.0,0.0,1,1,1,0,0,1.0,0.0,-1.0,Never hotspot
R102_C050,0,0,0,0,0,0,0.0,0.0,Never hotspot,0,0,0,0.0,0.0,0.0,1,0,1,0,1,0.5,0.5,0.0,Never hotspot
R102_C051,0,0,0,0,0,0,0.0,0.0,Never hotspot,0,0,0,0.0,0.0,0.0,3,1,4,2,4,2.0,3.0,1.0,Never hotspot
R102_C052,0,0,0,0,0,0,0.0,0.0,Never hotspot,0,0,0,0.0,0.0,0.0,4,5,8,9,7,4.5,8.0,3.5,Never hotspot
R102_C053,0,0,0,0,0,0,0.0,0.0,Never hotspot,0,0,0,0.0,0.0,0.0,3,0,0,0,4,1.5,2.0,0.5,Never hotspot
R102_C054,0,0,0,0,0,0,0.0,0.0,Never hotspot,0,0,0,0.0,0.0,0.0,1,0,0,1,0,0.5,0.5,0.0,Never hotspot
R102_C055,0,0,0,0,0,0,0.0,0.0,Never hotspot,0,0,0,0.0,0.0,0.0,1,3,0,1,2,2.0,1.5,-0.5,Never hotspot
R102_C056,0,0,0,0,0,0,0.0,0.0,Never hotspot,0,0,0,0.0,0.0,0.0,0,1,0,2,1,0.5,1.5,1.0,Never hotspot
R102_C057,0,0,0,0,0,0,0.0,0.0,Never hotspot,0,0,0,0.0,0.0,0.0,3,3,1,3,3,3.0,3.0,0.0,Never hotspot
R102_C058,0,0,0,0,0,0,0.0,0.0,Never hotspot,0,0,0,0.0,0.0,0.0,3,2,1,0,0,2.5,0.0,-2.5,Never hotspot
R102_C059,0,0,0,0,0,0,0.0,0.0,Never hotspot,0,0,0,0.0,0.0,0.0,0,2,1,1,0,1.0,0.5,-0.5,Never hotspot
R102_C060,0,0,0,0,0,0,0.0,0.0,Never hotspot,0,0,0,0.0,0.0,0.0,7,2,4,8,4,4.5,6.0,1.5,Never hotspot
R102_C061,0,0,0,0,0,0,0.0,0.0,Never hotspot,0,0,0,0.0,0.0,0.0,0,0,0,1,0,0.0,0.5,0.5,Never hotspot
R102_C063,0,0,0,0,0,0,0.0,0.0,Never hotspot,0,0,0,0.0,0.0,0.0,0,1,0,0,0,0.5,0.0,-0.5,Never hotspot
R102_C065,0,0,0,0,0,0,0.0,0.0,Never hotspot,0,0,0,0.0,0.0,0.0,0,0,0,1,0,0.0,0.5,0.5,Never hotspot
R102_C066,0,0,0,0,0,0,0.0,0.0,Never hotspot,0,0,0,0.0,0.0,0.0,0,3,0,1,1,1.5,1.0,-0.5,Never hotspot
R102_C067,0,0,0,0,0,0,0.0,0.0,Never hotspot,0,0,0,0.0,0.0,0.0,2,0,0,1,3,1.0,2.0,1.0,Never hotspot
R102_C068,0,0,0,0,0,0,0.0,0.0,Never hotspot,0,0,0,0.0,0.0,0.0,1,1,1,2,2,1.0,2.0,1.0,Never hotspot
R102_C069,0,0,0,0,0,0,0.0,0.0,Never hotspot,0,0,0,0.0,0.0,0.0,1,4,1,3,1,2.5,2.0,-0.5,Never hotspot
R102_C070,0,0,0,0,0,0,0.0,0.0,Never hotspot,0,0,0,0.0,0.0,0.0,4,2,4,3,0,3.0,1.5,-1.5,Never hotspot
R102_C071,0,0,0,0,0,0,0.0,0.0,Never hotspot,0,0,0,0.0,0.0,0.0,1,4,5,4,0,2.5,2.0,-0.5,Never hotspot
R102_C072,0,0,0,0,0,0,0.0,0.0,Never hotspot,0,0,0,0.0,0.0,0.0,17,15,14,10,13,16.0,11.5,-4.5,Never hotspot
R102_C073,0,0,0,0,0,0,0.0,0.0,Never hotspot,0,0,0,0.0,0.0,0.0,2,0,2,1,3,1.0,2.0,1.0,Never hotspot
R102_C074,0,0,0,0,0,0,0.0,0.0,Never hotspot,0,0,0,0.0,0.0,0.0,2,2,3,5,4,2.0,4.5,2.5,Never hotspot
R102_C075,1,0,1,1,0,3,0.6,0.6,Repeated hotspot,2,1,1,0.5,0.5,0.0,41,30,50,40,24,35.5,32.0,-3.5,Intermittent
R102_C076,1,1,1,1,1,5,1.0,1.0,Persistent hotspot,5,2,2,1.0,1.0,0.0,46,49,43,64,40,47.5,52.0,4.5,Persistent
R102_C077,0,0,0,0,0,0,0.0,0.0,Never hotspot,0,0,0,0.0,0.0,0.0,16,14,16,18,21,15.0,19.5,4.5,Never hotspot
R102_C078,0,0,0,0,0,0,0.0,0.0,Never hotspot,0,0,0,0.0,0.0,0.0,18,16,19,22,11,17.0,16.5,-0.5,Never hotspot
R102_C079,0,0,0,0,0,0,0.0,0.0,Never hotspot,0,0,0,0.0,0.0,0.0,23,16,23,17,14,19.5,15.5,-4.0,Never hotspot
R102_C080,0,0,0,0,0,0,0.0,0.0,Never hotspot,0,0,0,0.0,0.0,0.0,1,12,10,0,6,6.5,3.0,-3.5,Never hotspot
R103_C046,0,0,0,0,0,0,0.0,0.0,Never hotspot,0,0,0,0.0,0.0,0.0,19,12,21,14,19,15.5,16.5,1.0,Never hotspot
R103_C047,0,0,0,0,0,0,0.0,0.0,Never hotspot,0,0,0,0.0,0.0,0.0,21,13,19,15,13,17.0,14.0,-3.0,Never hotspot
R103_C048,0,0,0,0,0,0,0.0,0.0,Never hotspot,0,0,0,0.0,0.0,0.0,1,1,1,2,5,1.0,3.5,2.5,Never hotspot
R103_C049,0,0,0,0,0,0,0.0,0.0,Never hotspot,0,0,0,0.0,0.0,0.0,2,5,4,3,2,3.5,2.5,-1.0,Never hotspot
R103_C050,0,0,0,0,0,0,0.0,0.0,Never hotspot,0,0,0,0.0,0.0,0.0,2,1,0,0,1,1.5,0.5,-1.0,Never hotspot
R103_C051,0,0,0,0,0,0,0.0,0.0,Never hotspot,0,0,0,0.0,0.0,0.0,0,2,5,1,2,1.0,1.5,0.5,Never hotspot
R103_C052,0,0,0,0,0,0,0.0,0.0,Never hotspot,0,0,0,0.0,0.0,0.0,0,0,0,1,0,0.0,0.5,0.5,Never hotspot
R103_C053,0,0,0,0,0,0,0.0,0.0,Never hotspot,0,0,0,0.0,0.0,0.0,1,0,1,2,2,0.5,2.0,1.5,Never hotspot
R103_C054,0,0,0,0,0,0,0.0,0.0,Never hotspot,0,0,0,0.0,0.0,0.0,0,2,0,2,2,1.0,2.0,1.0,Never hotspot
R103_C055,0,0,0,0,0,0,0.0,0.0,Never hotspot,0,0,0,0.0,0.0,0.0,0,1,1,2,3,0.5,2.5,2.0,Never hotspot
R103_C056,0,0,0,0,0,0,0.0,0.0,Never hotspot,0,0,0,0.0,0.0,0.0,6,3,2,4,4,4.5,4.0,-0.5,Never hotspot
R103_C057,0,0,0,0,0,0,0.0,0.0,Never hotspot,0,0,0,0.0,0.0,0.0,13,18,9,20,12,15.5,16.0,0.5,Never hotspot
R103_C058,0,0,0,0,0,0,0.0,0.0,Never hotspot,0,0,0,0.0,0.0,0.0,0,4,1,1,1,2.0,1.0,-1.0,Never hotspot
R103_C059,0,0,0,0,0,0,0.0,0.0,Never hotspot,0,0,0,0.0,0.0,0.0,3,5,1,2,3,4.0,2.5,-1.5,Never hotspot
R103_C060,0,0,0,0,0,0,0.0,0.0,Never hotspot,0,0,0,0.0,0.0,0.0,0,0,2,1,1,0.0,1.0,1.0,Never hotspot
R103_C064,0,0,0,0,0,0,0.0,0.0,Never hotspot,0,0,0,0.0,0.0,0.0,0,0,1,0,0,0.0,0.0,0.0,Never hotspot
R103_C065,0,0,0,0,0,0,0.0,0.0,Never hotspot,0,0,0,0.0,0.0,0.0,0,0,1,1,0,0.0,0.5,0.5,Never hotspot
R103_C066,0,0,0,0,0,0,0.0,0.0,Never hotspot,0,0,0,0.0,0.0,0.0,2,0,2,0,1,1.0,0.5,-0.5,Never hotspot
R103_C068,0,0,0,0,0,0,0.0,0.0,Never hotspot,0,0,0,0.0,0.0,0.0,1,0,0,0,0,0.5,0.0,-0.5,Never hotspot
R103_C069,0,0,0,0,0,0,0.0,0.0,Never hotspot,0,0,0,0.0,0.0,0.0,0,0,2,0,3,0.0,1.5,1.5,Never hotspot
R103_C070,0,0,0,0,0,0,0.0,0.0,Never hotspot,0,0,0,0.0,0.0,0.0,9,15,10,10,9,12.0,9.5,-2.5,Never hotspot
R103_C071,0,0,0,1,0,1,0.2,0.2,Occasional hotspot,1,0,1,0.0,0.5,0.5,30,31,28,36,28,30.5,32.0,1.5,Emerging
R103_C072,0,0,0,0,0,0,0.0,0.0,Never hotspot,0,0,0,0.0,0.0,0.0,16,15,17,17,17,15.5,17.0,1.5,Never hotspot
R103_C073,0,0,0,0,0,0,0.0,0.0,Never hotspot,0,0,0,0.0,0.0,0.0,5,4,8,5,9,4.5,7.0,2.5,Never hotspot
R103_C074,0,0,0,0,0,0,0.0,0.0,Never hotspot,0,0,0,0.0,0.0,0.0,9,11,10,8,3,10.0,5.5,-4.5,Never hotspot
R103_C075,0,0,0,0,0,0,0.0,0.0,Never hotspot,0,0,0,0.0,0.0,0.0,6,7,6,12,8,6.5,10.0,3.5,Never hotspot
R103_C076,0,0,0,0,0,0,0.0,0.0,Never hotspot,0,0,0,0.0,0.0,0.0,15,20,21,17,21,17.5,19.0,1.5,Never hotspot
R103_C077,0,0,0,0,0,0,0.0,0.0,Never hotspot,0,0,0,0.0,0.0,0.0,7,9,8,9,6,8.0,7.5,-0.5,Never hotspot
R103_C078,0,0,0,0,0,0,0.0,0.0,Never hotspot,0,0,0,0.0,0.0,0.0,0,3,1,3,1,1.5,2.0,0.5,Never hotspot
R103_C079,0,0,0,0,0,0,0.0,0.0,Never hotspot,0,0,0,0.0,0.0,0.0,2,5,6,5,8,3.5,6.5,3.0,Never hotspot
R104_C046,0,0,0,0,0,0,0.0,0.0,Never hotspot,0,0,0,0.0,0.0,0.0,0,0,1,1,0,0.0,0.5,0.5,Never hotspot
R104_C047,0,0,0,0,0,0,0.0,0.0,Never hotspot,0,0,0,0.0,0.0,0.0,9,2,5,5,3,5.5,4.0,-1.5,Never hotspot
R104_C048,0,0,0,0,0,0,0.0,0.0,Never hotspot,0,0,0,0.0,0.0,0.0,6,5,11,7,7,5.5,7.0,1.5,Never hotspot
R104_C049,0,0,0,0,0,0,0.0,0.0,Never hotspot,0,0,0,0.0,0.0,0.0,10,9,10,6,11,9.5,8.5,-1.0,Never hotspot
R104_C050,0,0,0,0,0,0,0.0,0.0,Never hotspot,0,0,0,0.0,0.0,0.0,4,1,6,2,3,2.5,2.5,0.0,Never hotspot
R104_C051,0,0,0,0,0,0,0.0,0.0,Never hotspot,0,0,0,0.0,0.0,0.0,0,3,2,4,2,1.5,3.0,1.5,Never hotspot
R104_C054,0,0,0,0,0,0,0.0,0.0,Never hotspot,0,0,0,0.0,0.0,0.0,0,1,0,0,0,0.5,0.0,-0.5,Never hotspot
R104_C055,0,0,0,0,0,0,0.0,0.0,Never hotspot,0,0,0,0.0,0.0,0.0,0,1,1,0,1,0.5,0.5,0.0,Never hotspot
R104_C056,0,0,0,0,0,0,0.0,0.0,Never hotspot,0,0,0,0.0,0.0,0.0,4,2,2,1,2,3.0,1.5,-1.5,Never hotspot
R104_C057,0,0,0,0,0,0,0.0,0.0,Never hotspot,0,0,0,0.0,0.0,0.0,6,11,14,7,7,8.5,7.0,-1.5,Never hotspot
R104_C058,0,0,0,0,0,0,0.0,0.0,Never hotspot,0,0,0,0.0,0.0,0.0,5,3,2,3,3,4.0,3.0,-1.0,Never hotspot
R104_C059,0,0,0,0,0,0,0.0,0.0,Never hotspot,0,0,0,0.0,0.0,0.0,0,0,0,1,0,0.0,0.5,0.5,Never hotspot
R104_C063,0,0,0,0,0,0,0.0,0.0,Never hotspot,0,0,0,0.0,0.0,0.0,0,0,0,0,1,0.0,0.5,0.5,Never hotspot
R104_C064,0,0,0,0,0,0,0.0,0.0,Never hotspot,0,0,0,0.0,0.0,0.0,0,0,0,1,0,0.0,0.5,0.5,Never hotspot
R104_C066,0,0,0,0,0,0,0.0,0.0,Never hotspot,0,0,0,0.0,0.0,0.0,0,1,0,0,0,0.5,0.0,-0.5,Never hotspot
R104_C067,0,0,0,0,0,0,0.0,0.0,Never hotspot,0,0,0,0.0,0.0,0.0,0,0,0,0,1,0.0,0.5,0.5,Never hotspot
R104_C068,0,0,0,0,0,0,0.0,0.0,Never hotspot,0,0,0,0.0,0.0,0.0,0,0,0,0,1,0.0,0.5,0.5,Never hotspot
R104_C069,0,0,0,0,0,0,0.0,0.0,Never hotspot,0,0,0,0.0,0.0,0.0,2,1,1,2,2,1.5,2.0,0.5,Never hotspot
R104_C070,0,0,0,0,0,0,0.0,0.0,Never hotspot,0,0,0,0.0,0.0,0.0,4,5,9,6,4,4.5,5.0,0.5,Never hotspot
R104_C071,0,0,0,0,0,0,0.0,0.0,Never hotspot,0,0,0,0.0,0.0,0.0,8,4,10,8,6,6.0,7.0,1.0,Never hotspot
R104_C072,0,0,0,0,0,0,0.0,0.0,Never hotspot,0,0,0,0.0,0.0,0.0,18,30,22,22,19,24.0,20.5,-3.5,Never hotspot
R104_C073,0,0,0,0,0,0,0.0,0.0,Never hotspot,0,0,0,0.0,0.0,0.0,5,3,4,5,5,4.0,5.0,1.0,Never hotspot
R104_C074,0,0,0,0,0,0,0.0,0.0,Never hotspot,0,0,0,0.0,0.0,0.0,7,8,6,5,3,7.5,4.0,-3.5,Never hotspot
R104_C075,0,0,0,0,0,0,0.0,0.0,Never hotspot,0,0,0,0.0,0.0,0.0,1,5,2,2,3,3.0,2.5,-0.5,Never hotspot
R104_C076,0,1,1,0,0,2,0.4,0.4,Repeated hotspot,2,1,0,0.5,0.0,-0.5,22,40,42,21,23,31.0,22.0,-9.0,Declining
R104_C077,1,1,1,1,0,4,0.8,0.8,Persistent hotspot,4,2,1,1.0,0.5,-0.5,55,46,54,35,28,50.5,31.5,-19.0,Persistent
R105_C029,0,0,0,0,0,0,0.0,0.0,Never hotspot,0,0,0,0.0,0.0,0.0,0,0,0,0,3,0.0,1.5,1.5,Never hotspot
R105_C035,0,0,0,0,0,0,0.0,0.0,Never hotspot,0,0,0,0.0,0.0,0.0,1,0,0,0,0,0.5,0.0,-0.5,Never hotspot
R105_C036,0,0,0,0,0,0,0.0,0.0,Never hotspot,0,0,0,0.0,0.0,0.0,1,0,0,2,0,0.5,1.0,0.5,Never hotspot
R105_C047,0,0,0,0,0,0,0.0,0.0,Never hotspot,0,0,0,0.0,0.0,0.0,15,9,10,11,7,12.0,9.0,-3.0,Never hotspot
R105_C048,0,0,0,0,0,0,0.0,0.0,Never hotspot,0,0,0,0.0,0.0,0.0,5,2,5,1,5,3.5,3.0,-0.5,Never hotspot
R105_C049,0,0,0,0,0,0,0.0,0.0,Never hotspot,0,0,0,0.0,0.0,0.0,0,0,3,1,0,0.0,0.5,0.5,Never hotspot
R105_C050,0,0,0,0,0,0,0.0,0.0,Never hotspot,0,0,0,0.0,0.0,0.0,0,3,6,1,2,1.5,1.5,0.0,Never hotspot
R105_C051,0,0,0,0,0,0,0.0,0.0,Never hotspot,0,0,0,0.0,0.0,0.0,0,2,0,0,0,1.0,0.0,-1.0,Never hotspot
R105_C052,0,0,0,0,0,0,0.0,0.0,Never hotspot,0,0,0,0.0,0.0,0.0,3,0,0,0,0,1.5,0.0,-1.5,Never hotspot
R105_C053,0,0,0,0,0,0,0.0,0.0,Never hotspot,0,0,0,0.0,0.0,0.0,0,0,0,1,0,0.0,0.5,0.5,Never hotspot
R105_C054,0,0,0,0,0,0,0.0,0.0,Never hotspot,0,0,0,0.0,0.0,0.0,0,0,2,1,0,0.0,0.5,0.5,Never hotspot
R105_C055,0,0,0,0,0,0,0.0,0.0,Never hotspot,0,0,0,0.0,0.0,0.0,1,1,2,1,2,1.0,1.5,0.5,Never hotspot
R105_C056,0,0,0,0,0,0,0.0,0.0,Never hotspot,0,0,0,0.0,0.0,0.0,1,2,4,4,4,1.5,4.0,2.5,Never hotspot
R105_C057,0,0,0,0,0,0,0.0,0.0,Never hotspot,0,0,0,0.0,0.0,0.0,2,3,1,1,3,2.5,2.0,-0.5,Never hotspot
R105_C058,0,0,0,0,0,0,0.0,0.0,Never hotspot,0,0,0,0.0,0.0,0.0,0,1,1,0,0,0.5,0.0,-0.5,Never hotspot
R105_C059,0,0,0,0,0,0,0.0,0.0,Never hotspot,0,0,0,0.0,0.0,0.0,2,2,0,0,0,2.0,0.0,-2.0,Never hotspot
R105_C062,0,0,0,0,0,0,0.0,0.0,Never hotspot,0,0,0,0.0,0.0,0.0,2,1,1,0,0,1.5,0.0,-1.5,Never hotspot
R105_C063,0,0,0,0,0,0,0.0,0.0,Never hotspot,0,0,0,0.0,0.0,0.0,0,1,0,0,0,0.5,0.0,-0.5,Never hotspot
R105_C064,0,0,0,0,0,0,0.0,0.0,Never hotspot,0,0,0,0.0,0.0,0.0,0,0,0,1,0,0.0,0.5,0.5,Never hotspot
R105_C065,0,0,0,0,0,0,0.0,0.0,Never hotspot,0,0,0,0.0,0.0,0.0,0,2,0,0,2,1.0,1.0,0.0,Never hotspot
R105_C066,0,0,0,0,0,0,0.0,0.0,Never hotspot,0,0,0,0.0,0.0,0.0,2,2,4,0,1,2.0,0.5,-1.5,Never hotspot
R105_C067,0,0,0,0,0,0,0.0,0.0,Never hotspot,0,0,0,0.0,0.0,0.0,0,0,1,4,1,0.0,2.5,2.5,Never hotspot
R105_C068,0,0,0,0,0,0,0.0,0.0,Never hotspot,0,0,0,0.0,0.0,0.0,2,1,4,5,1,1.5,3.0,1.5,Never hotspot
R105_C069,0,0,0,0,0,0,0.0,0.0,Never hotspot,0,0,0,0.0,0.0,0.0,6,3,4,2,3,4.5,2.5,-2.0,Never hotspot
R105_C070,0,0,0,0,0,0,0.0,0.0,Never hotspot,0,0,0,0.0,0.0,0.0,8,8,10,1,13,8.0,7.0,-1.0,Never hotspot
R105_C071,0,0,0,0,0,0,0.0,0.0,Never hotspot,0,0,0,0.0,0.0,0.0,9,5,7,5,5,7.0,5.0,-2.0,Never hotspot
R105_C072,0,0,0,0,0,0,0.0,0.0,Never hotspot,0,0,0,0.0,0.0,0.0,5,3,4,5,3,4.0,4.0,0.0,Never hotspot
R105_C073,0,0,0,0,0,0,0.0,0.0,Never hotspot,0,0,0,0.0,0.0,0.0,17,11,13,14,14,14.0,14.0,0.0,Never hotspot
R105_C074,0,0,0,0,0,0,0.0,0.0,Never hotspot,0,0,0,0.0,0.0,0.0,8,6,8,7,12,7.0,9.5,2.5,Never hotspot
R105_C075,0,0,0,0,0,0,0.0,0.0,Never hotspot,0,0,0,0.0,0.0,0.0,8,11,9,10,4,9.5,7.0,-2.5,Never hotspot
R105_C076,0,0,0,0,0,0,0.0,0.0,Never hotspot,0,0,0,0.0,0.0,0.0,8,6,7,10,5,7.0,7.5,0.5,Never hotspot
R105_C077,0,0,0,0,0,0,0.0,0.0,Never hotspot,0,0,0,0.0,0.0,0.0,0,2,0,0,0,1.0,0.0,-1.0,Never hotspot
R106_C029,0,0,0,0,0,0,0.0,0.0,Never hotspot,0,0,0,0.0,0.0,0.0,1,1,0,2,0,1.0,1.0,0.0,Never hotspot
R106_C033,0,0,0,0,0,0,0.0,0.0,Never hotspot,0,0,0,0.0,0.0,0.0,0,0,1,0,1,0.0,0.5,0.5,Never hotspot
R106_C034,0,0,0,0,0,0,0.0,0.0,Never hotspot,0,0,0,0.0,0.0,0.0,0,0,1,0,2,0.0,1.0,1.0,Never hotspot
R106_C035,0,0,0,0,0,0,0.0,0.0,Never hotspot,0,0,0,0.0,0.0,0.0,0,0,1,0,1,0.0,0.5,0.5,Never hotspot
R106_C036,0,0,0,0,0,0,0.0,0.0,Never hotspot,0,0,0,0.0,0.0,0.0,1,0,0,0,0,0.5,0.0,-0.5,Never hotspot
R106_C048,0,0,0,0,0,0,0.0,0.0,Never hotspot,0,0,0,0.0,0.0,0.0,0,0,1,1,0,0.0,0.5,0.5,Never hotspot
R106_C049,0,0,0,0,0,0,0.0,0.0,Never hotspot,0,0,0,0.0,0.0,0.0,5,5,2,4,2,5.0,3.0,-2.0,Never hotspot
R106_C050,0,0,0,0,0,0,0.0,0.0,Never hotspot,0,0,0,0.0,0.0,0.0,1,2,4,2,2,1.5,2.0,0.5,Never hotspot
R106_C051,0,0,0,0,0,0,0.0,0.0,Never hotspot,0,0,0,0.0,0.0,0.0,4,0,1,3,1,2.0,2.0,0.0,Never hotspot
R106_C052,0,0,0,0,0,0,0.0,0.0,Never hotspot,0,0,0,0.0,0.0,0.0,0,0,0,1,1,0.0,1.0,1.0,Never hotspot
R106_C053,0,0,0,0,0,0,0.0,0.0,Never hotspot,0,0,0,0.0,0.0,0.0,0,1,2,0,2,0.5,1.0,0.5,Never hotspot
R106_C054,0,0,0,0,0,0,0.0,0.0,Never hotspot,0,0,0,0.0,0.0,0.0,2,0,0,0,1,1.0,0.5,-0.5,Never hotspot
R106_C055,0,0,0,0,0,0,0.0,0.0,Never hotspot,0,0,0,0.0,0.0,0.0,1,1,1,3,0,1.0,1.5,0.5,Never hotspot
R106_C056,0,0,0,0,0,0,0.0,0.0,Never hotspot,0,0,0,0.0,0.0,0.0,0,1,3,3,5,0.5,4.0,3.5,Never hotspot
R106_C057,0,0,0,0,0,0,0.0,0.0,Never hotspot,0,0,0,0.0,0.0,0.0,1,0,0,0,0,0.5,0.0,-0.5,Never hotspot
R106_C059,0,0,0,0,0,0,0.0,0.0,Never hotspot,0,0,0,0.0,0.0,0.0,1,2,2,2,1,1.5,1.5,0.0,Never hotspot
R106_C060,0,0,0,0,0,0,0.0,0.0,Never hotspot,0,0,0,0.0,0.0,0.0,1,0,3,0,1,0.5,0.5,0.0,Never hotspot
R106_C061,0,0,0,0,0,0,0.0,0.0,Never hotspot,0,0,0,0.0,0.0,0.0,0,0,2,3,1,0.0,2.0,2.0,Never hotspot
R106_C062,0,0,0,0,0,0,0.0,0.0,Never hotspot,0,0,0,0.0,0.0,0.0,2,2,0,0,0,2.0,0.0,-2.0,Never hotspot
R106_C063,0,0,0,0,0,0,0.0,0.0,Never hotspot,0,0,0,0.0,0.0,0.0,1,0,1,0,1,0.5,0.5,0.0,Never hotspot
R106_C064,0,0,0,0,0,0,0.0,0.0,Never hotspot,0,0,0,0.0,0.0,0.0,1,0,0,0,0,0.5,0.0,-0.5,Never hotspot
R106_C066,0,0,0,0,0,0,0.0,0.0,Never hotspot,0,0,0,0.0,0.0,0.0,0,0,3,0,3,0.0,1.5,1.5,Never hotspot
R106_C067,0,0,0,0,0,0,0.0,0.0,Never hotspot,0,0,0,0.0,0.0,0.0,0,0,0,2,0,0.0,1.0,1.0,Never hotspot
R106_C068,0,0,0,0,0,0,0.0,0.0,Never hotspot,0,0,0,0.0,0.0,0.0,2,0,0,0,0,1.0,0.0,-1.0,Never hotspot
R106_C069,0,0,0,0,0,0,0.0,0.0,Never hotspot,0,0,0,0.0,0.0,0.0,2,1,1,0,1,1.5,0.5,-1.0,Never hotspot
R106_C070,0,0,0,0,0,0,0.0,0.0,Never hotspot,0,0,0,0.0,0.0,0.0,5,6,4,3,4,5.5,3.5,-2.0,Never hotspot
R106_C071,0,0,0,0,0,0,0.0,0.0,Never hotspot,0,0,0,0.0,0.0,0.0,7,8,9,8,4,7.5,6.0,-1.5,Never hotspot
R106_C072,0,1,1,1,1,4,0.8,0.8,Persistent hotspot,4,1,2,0.5,1.0,0.5,30,44,41,45,41,37.0,43.0,6.0,Persistent
R106_C073,0,0,0,0,0,0,0.0,0.0,Never hotspot,0,0,0,0.0,0.0,0.0,18,19,13,14,22,18.5,18.0,-0.5,Never hotspot
R106_C074,0,0,0,0,0,0,0.0,0.0,Never hotspot,0,0,0,0.0,0.0,0.0,15,5,2,4,6,10.0,5.0,-5.0,Never hotspot
R106_C075,0,0,0,0,0,0,0.0,0.0,Never hotspot,0,0,0,0.0,0.0,0.0,31,25,30,23,20,28.0,21.5,-6.5,Never hotspot
R106_C076,0,0,0,0,0,0,0.0,0.0,Never hotspot,0,0,0,0.0,0.0,0.0,0,1,0,2,0,0.5,1.0,0.5,Never hotspot
R107_C029,0,0,0,0,0,0,0.0,0.0,Never hotspot,0,0,0,0.0,0.0,0.0,0,0,0,1,0,0.0,0.5,0.5,Never hotspot
R107_C033,0,0,0,0,0,0,0.0,0.0,Never hotspot,0,0,0,0.0,0.0,0.0,0,0,0,2,0,0.0,1.0,1.0,Never hotspot
R107_C034,0,0,0,0,0,0,0.0,0.0,Never hotspot,0,0,0,0.0,0.0,0.0,0,0,0,0,1,0.0,0.5,0.5,Never hotspot
R107_C035,0,0,0,0,0,0,0.0,0.0,Never hotspot,0,0,0,0.0,0.0,0.0,2,0,1,1,0,1.0,0.5,-0.5,Never hotspot
R107_C036,0,0,0,0,0,0,0.0,0.0,Never hotspot,0,0,0,0.0,0.0,0.0,0,0,2,2,1,0.0,1.5,1.5,Never hotspot
R107_C040,0,0,0,0,0,0,0.0,0.0,Never hotspot,0,0,0,0.0,0.0,0.0,0,0,1,0,1,0.0,0.5,0.5,Never hotspot
R107_C041,0,0,0,0,0,0,0.0,0.0,Never hotspot,0,0,0,0.0,0.0,0.0,0,0,0,0,1,0.0,0.5,0.5,Never hotspot
R107_C042,0,0,0,0,0,0,0.0,0.0,Never hotspot,0,0,0,0.0,0.0,0.0,0,0,0,1,1,0.0,1.0,1.0,Never hotspot
R107_C048,0,0,0,0,0,0,0.0,0.0,Never hotspot,0,0,0,0.0,0.0,0.0,0,0,0,1,0,0.0,0.5,0.5,Never hotspot
R107_C049,0,0,0,0,0,0,0.0,0.0,Never hotspot,0,0,0,0.0,0.0,0.0,1,0,0,0,0,0.5,0.0,-0.5,Never hotspot
R107_C050,0,0,0,0,0,0,0.0,0.0,Never hotspot,0,0,0,0.0,0.0,0.0,4,1,1,1,1,2.5,1.0,-1.5,Never hotspot
R107_C051,0,0,0,0,0,0,0.0,0.0,Never hotspot,0,0,0,0.0,0.0,0.0,3,5,6,1,3,4.0,2.0,-2.0,Never hotspot
R107_C052,0,0,0,0,0,0,0.0,0.0,Never hotspot,0,0,0,0.0,0.0,0.0,9,4,13,8,6,6.5,7.0,0.5,Never hotspot
R107_C053,0,0,0,0,0,0,0.0,0.0,Never hotspot,0,0,0,0.0,0.0,0.0,3,2,3,6,3,2.5,4.5,2.0,Never hotspot
R107_C054,0,0,0,0,0,0,0.0,0.0,Never hotspot,0,0,0,0.0,0.0,0.0,5,2,1,4,1,3.5,2.5,-1.0,Never hotspot
R107_C055,0,0,0,0,0,0,0.0,0.0,Never hotspot,0,0,0,0.0,0.0,0.0,1,2,4,4,3,1.5,3.5,2.0,Never hotspot
R107_C056,0,0,0,0,0,0,0.0,0.0,Never hotspot,0,0,0,0.0,0.0,0.0,0,1,0,0,2,0.5,1.0,0.5,Never hotspot
R107_C058,0,0,0,0,0,0,0.0,0.0,Never hotspot,0,0,0,0.0,0.0,0.0,0,0,1,0,2,0.0,1.0,1.0,Never hotspot
R107_C061,0,0,0,0,0,0,0.0,0.0,Never hotspot,0,0,0,0.0,0.0,0.0,2,3,5,3,0,2.5,1.5,-1.0,Never hotspot
R107_C066,0,0,0,0,0,0,0.0,0.0,Never hotspot,0,0,0,0.0,0.0,0.0,1,0,0,0,0,0.5,0.0,-0.5,Never hotspot
R107_C067,0,0,0,0,0,0,0.0,0.0,Never hotspot,0,0,0,0.0,0.0,0.0,4,1,0,0,0,2.5,0.0,-2.5,Never hotspot
R107_C068,0,0,0,0,0,0,0.0,0.0,Never hotspot,0,0,0,0.0,0.0,0.0,3,5,7,0,5,4.0,2.5,-1.5,Never hotspot
R107_C069,0,0,0,0,0,0,0.0,0.0,Never hotspot,0,0,0,0.0,0.0,0.0,4,6,4,3,4,5.0,3.5,-1.5,Never hotspot
R107_C070,0,0,0,0,0,0,0.0,0.0,Never hotspot,0,0,0,0.0,0.0,0.0,5,8,5,5,5,6.5,5.0,-1.5,Never hotspot
R107_C071,0,0,0,0,0,0,0.0,0.0,Never hotspot,0,0,0,0.0,0.0,0.0,9,13,7,9,8,11.0,8.5,-2.5,Never hotspot
R107_C072,0,0,0,0,0,0,0.0,0.0,Never hotspot,0,0,0,0.0,0.0,0.0,9,15,10,9,7,12.0,8.0,-4.0,Never hotspot
R107_C073,0,0,0,0,0,0,0.0,0.0,Never hotspot,0,0,0,0.0,0.0,0.0,16,17,16,23,14,16.5,18.5,2.0,Never hotspot
R107_C074,0,0,0,0,0,0,0.0,0.0,Never hotspot,0,0,0,0.0,0.0,0.0,21,24,12,14,23,22.5,18.5,-4.0,Never hotspot
R107_C075,0,0,0,0,0,0,0.0,0.0,Never hotspot,0,0,0,0.0,0.0,0.0,17,22,16,15,10,19.5,12.5,-7.0,Never hotspot
R108_C027,0,0,0,0,0,0,0.0,0.0,Never hotspot,0,0,0,0.0,0.0,0.0,1,1,1,0,0,1.0,0.0,-1.0,Never hotspot
R108_C028,0,0,0,0,0,0,0.0,0.0,Never hotspot,0,0,0,0.0,0.0,0.0,0,1,1,0,0,0.5,0.0,-0.5,Never hotspot
R108_C031,0,0,0,0,0,0,0.0,0.0,Never hotspot,0,0,0,0.0,0.0,0.0,0,0,0,1,0,0.0,0.5,0.5,Never hotspot
R108_C032,0,0,0,0,0,0,0.0,0.0,Never hotspot,0,0,0,0.0,0.0,0.0,0,0,0,1,0,0.0,0.5,0.5,Never hotspot
R108_C034,0,0,0,0,0,0,0.0,0.0,Never hotspot,0,0,0,0.0,0.0,0.0,2,0,0,0,0,1.0,0.0,-1.0,Never hotspot
R108_C035,0,0,0,0,0,0,0.0,0.0,Never hotspot,0,0,0,0.0,0.0,0.0,0,2,2,1,1,1.0,1.0,0.0,Never hotspot
R108_C036,0,0,0,0,0,0,0.0,0.0,Never hotspot,0,0,0,0.0,0.0,0.0,0,1,0,0,0,0.5,0.0,-0.5,Never hotspot
R108_C037,0,0,0,0,0,0,0.0,0.0,Never hotspot,0,0,0,0.0,0.0,0.0,1,1,0,0,0,1.0,0.0,-1.0,Never hotspot
R108_C038,0,0,0,0,0,0,0.0,0.0,Never hotspot,0,0,0,0.0,0.0,0.0,1,1,0,0,2,1.0,1.0,0.0,Never hotspot
R108_C039,0,0,0,0,0,0,0.0,0.0,Never hotspot,0,0,0,0.0,0.0,0.0,1,0,1,1,2,0.5,1.5,1.0,Never hotspot
R108_C040,0,0,0,0,0,0,0.0,0.0,Never hotspot,0,0,0,0.0,0.0,0.0,1,0,3,2,4,0.5,3.0,2.5,Never hotspot
R108_C046,0,0,0,0,0,0,0.0,0.0,Never hotspot,0,0,0,0.0,0.0,0.0,0,0,2,0,0,0.0,0.0,0.0,Never hotspot
R108_C048,0,0,0,0,0,0,0.0,0.0,Never hotspot,0,0,0,0.0,0.0,0.0,0,0,0,0,1,0.0,0.5,0.5,Never hotspot
R108_C049,0,0,0,0,0,0,0.0,0.0,Never hotspot,0,0,0,0.0,0.0,0.0,2,1,0,3,2,1.5,2.5,1.0,Never hotspot
R108_C050,0,0,0,0,0,0,0.0,0.0,Never hotspot,0,0,0,0.0,0.0,0.0,2,3,1,1,1,2.5,1.0,-1.5,Never hotspot
R108_C051,0,0,0,0,0,0,0.0,0.0,Never hotspot,0,0,0,0.0,0.0,0.0,0,0,1,0,0,0.0,0.0,0.0,Never hotspot
R108_C052,0,0,0,0,0,0,0.0,0.0,Never hotspot,0,0,0,0.0,0.0,0.0,1,2,4,0,1,1.5,0.5,-1.0,Never hotspot
R108_C053,0,0,0,0,0,0,0.0,0.0,Never hotspot,0,0,0,0.0,0.0,0.0,2,4,5,4,5,3.0,4.5,1.5,Never hotspot
R108_C054,0,0,0,0,0,0,0.0,0.0,Never hotspot,0,0,0,0.0,0.0,0.0,17,5,12,13,6,11.0,9.5,-1.5,Never hotspot
R108_C055,0,0,0,0,1,1,0.2,0.2,Occasional hotspot,1,0,1,0.0,0.5,0.5,24,25,27,31,37,24.5,34.0,9.5,Emerging
R108_C056,0,0,0,0,0,0,0.0,0.0,Never hotspot,0,0,0,0.0,0.0,0.0,1,1,2,0,3,1.0,1.5,0.5,Never hotspot
R108_C057,0,0,0,0,0,0,0.0,0.0,Never hotspot,0,0,0,0.0,0.0,0.0,0,1,1,1,1,0.5,1.0,0.5,Never hotspot
R108_C060,0,0,0,0,0,0,0.0,0.0,Never hotspot,0,0,0,0.0,0.0,0.0,0,0,1,0,0,0.0,0.0,0.0,Never hotspot
R108_C061,0,0,0,0,0,0,0.0,0.0,Never hotspot,0,0,0,0.0,0.0,0.0,0,0,1,0,0,0.0,0.0,0.0,Never hotspot
R108_C062,0,0,0,0,0,0,0.0,0.0,Never hotspot,0,0,0,0.0,0.0,0.0,2,1,2,0,0,1.5,0.0,-1.5,Never hotspot
R108_C063,0,0,0,0,0,0,0.0,0.0,Never hotspot,0,0,0,0.0,0.0,0.0,1,0,0,0,1,0.5,0.5,0.0,Never hotspot
R108_C066,0,0,0,0,0,0,0.0,0.0,Never hotspot,0,0,0,0.0,0.0,0.0,0,1,2,0,0,0.5,0.0,-0.5,Never hotspot
R108_C067,0,0,0,0,0,0,0.0,0.0,Never hotspot,0,0,0,0.0,0.0,0.0,1,2,2,4,1,1.5,2.5,1.0,Never hotspot
R108_C068,0,0,0,0,0,0,0.0,0.0,Never hotspot,0,0,0,0.0,0.0,0.0,8,2,2,4,6,5.0,5.0,0.0,Never hotspot
R108_C069,0,0,0,0,0,0,0.0,0.0,Never hotspot,0,0,0,0.0,0.0,0.0,22,16,15,20,19,19.0,19.5,0.5,Never hotspot
R108_C070,0,0,0,0,0,0,0.0,0.0,Never hotspot,0,0,0,0.0,0.0,0.0,19,25,26,25,24,22.0,24.5,2.5,Never hotspot
R108_C071,0,0,0,0,0,0,0.0,0.0,Never hotspot,0,0,0,0.0,0.0,0.0,10,12,16,11,8,11.0,9.5,-1.5,Never hotspot
R108_C072,1,0,1,1,0,3,0.6,0.6,Repeated hotspot,2,1,1,0.5,0.5,0.0,33,30,40,41,31,31.5,36.0,4.5,Intermittent
R108_C073,0,0,0,0,0,0,0.0,0.0,Never hotspot,0,0,0,0.0,0.0,0.0,31,33,35,33,26,32.0,29.5,-2.5,Never hotspot
R108_C074,1,1,1,1,1,5,1.0,1.0,Persistent hotspot,5,2,2,1.0,1.0,0.0,40,45,38,47,39,42.5,43.0,0.5,Persistent
R108_C075,0,0,0,0,0,0,0.0,0.0,Never hotspot,0,0,0,0.0,0.0,0.0,17,22,13,14,23,19.5,18.5,-1.0,Never hotspot
R109_C028,0,0,0,0,0,0,0.0,0.0,Never hotspot,0,0,0,0.0,0.0,0.0,0,3,1,1,5,1.5,3.0,1.5,Never hotspot
R109_C029,0,0,0,0,0,0,0.0,0.0,Never hotspot,0,0,0,0.0,0.0,0.0,1,0,1,0,1,0.5,0.5,0.0,Never hotspot
R109_C030,0,0,0,0,0,0,0.0,0.0,Never hotspot,0,0,0,0.0,0.0,0.0,0,2,0,0,0,1.0,0.0,-1.0,Never hotspot
R109_C031,0,0,0,0,0,0,0.0,0.0,Never hotspot,0,0,0,0.0,0.0,0.0,0,0,1,2,1,0.0,1.5,1.5,Never hotspot
R109_C032,0,0,0,0,0,0,0.0,0.0,Never hotspot,0,0,0,0.0,0.0,0.0,0,1,1,1,0,0.5,0.5,0.0,Never hotspot
R109_C035,0,0,0,0,0,0,0.0,0.0,Never hotspot,0,0,0,0.0,0.0,0.0,0,2,1,1,0,1.0,0.5,-0.5,Never hotspot
R109_C036,0,0,0,0,0,0,0.0,0.0,Never hotspot,0,0,0,0.0,0.0,0.0,1,0,0,1,1,0.5,1.0,0.5,Never hotspot
R109_C038,0,0,0,0,0,0,0.0,0.0,Never hotspot,0,0,0,0.0,0.0,0.0,2,0,0,0,0,1.0,0.0,-1.0,Never hotspot
R109_C039,0,0,0,0,0,0,0.0,0.0,Never hotspot,0,0,0,0.0,0.0,0.0,0,0,1,0,0,0.0,0.0,0.0,Never hotspot
R109_C040,0,0,0,0,0,0,0.0,0.0,Never hotspot,0,0,0,0.0,0.0,0.0,1,0,1,1,0,0.5,0.5,0.0,Never hotspot
R109_C041,0,0,0,0,0,0,0.0,0.0,Never hotspot,0,0,0,0.0,0.0,0.0,0,4,1,1,0,2.0,0.5,-1.5,Never hotspot
R109_C043,0,0,0,0,0,0,0.0,0.0,Never hotspot,0,0,0,0.0,0.0,0.0,0,1,1,1,1,0.5,1.0,0.5,Never hotspot
R109_C044,0,0,0,0,0,0,0.0,0.0,Never hotspot,0,0,0,0.0,0.0,0.0,0,0,1,0,0,0.0,0.0,0.0,Never hotspot
R109_C045,0,0,0,0,0,0,0.0,0.0,Never hotspot,0,0,0,0.0,0.0,0.0,0,2,0,1,1,1.0,1.0,0.0,Never hotspot
R109_C046,0,0,0,0,0,0,0.0,0.0,Never hotspot,0,0,0,0.0,0.0,0.0,1,0,0,0,0,0.5,0.0,-0.5,Never hotspot
R109_C051,0,0,0,0,0,0,0.0,0.0,Never hotspot,0,0,0,0.0,0.0,0.0,1,0,1,0,1,0.5,0.5,0.0,Never hotspot
R109_C052,0,0,0,0,0,0,0.0,0.0,Never hotspot,0,0,0,0.0,0.0,0.0,1,1,1,0,1,1.0,0.5,-0.5,Never hotspot
R109_C053,0,0,0,0,0,0,0.0,0.0,Never hotspot,0,0,0,0.0,0.0,0.0,1,1,3,1,3,1.0,2.0,1.0,Never hotspot
R109_C054,1,1,1,1,1,5,1.0,1.0,Persistent hotspot,5,2,2,1.0,1.0,0.0,32,41,37,52,35,36.5,43.5,7.0,Persistent
R109_C055,1,1,1,1,1,5,1.0,1.0,Persistent hotspot,5,2,2,1.0,1.0,0.0,34,45,38,49,39,39.5,44.0,4.5,Persistent
R109_C056,0,0,0,0,0,0,0.0,0.0,Never hotspot,0,0,0,0.0,0.0,0.0,7,3,6,8,4,5.0,6.0,1.0,Never hotspot
R109_C057,0,0,0,0,0,0,0.0,0.0,Never hotspot,0,0,0,0.0,0.0,0.0,1,1,0,5,0,1.0,2.5,1.5,Never hotspot
R109_C058,0,0,0,0,0,0,0.0,0.0,Never hotspot,0,0,0,0.0,0.0,0.0,0,0,0,0,1,0.0,0.5,0.5,Never hotspot
R109_C060,0,0,0,0,0,0,0.0,0.0,Never hotspot,0,0,0,0.0,0.0,0.0,1,0,1,0,0,0.5,0.0,-0.5,Never hotspot
R109_C062,0,0,0,0,0,0,0.0,0.0,Never hotspot,0,0,0,0.0,0.0,0.0,0,1,1,0,0,0.5,0.0,-0.5,Never hotspot
R109_C063,0,0,0,0,0,0,0.0,0.0,Never hotspot,0,0,0,0.0,0.0,0.0,0,2,1,0,0,1.0,0.0,-1.0,Never hotspot
R109_C065,0,0,0,0,0,0,0.0,0.0,Never hotspot,0,0,0,0.0,0.0,0.0,1,0,0,1,0,0.5,0.5,0.0,Never hotspot
R109_C066,0,0,0,0,0,0,0.0,0.0,Never hotspot,0,0,0,0.0,0.0,0.0,1,1,1,0,1,1.0,0.5,-0.5,Never hotspot
R109_C067,0,0,0,0,0,0,0.0,0.0,Never hotspot,0,0,0,0.0,0.0,0.0,0,2,0,1,2,1.0,1.5,0.5,Never hotspot
R109_C068,0,0,0,0,0,0,0.0,0.0,Never hotspot,0,0,0,0.0,0.0,0.0,1,1,3,1,1,1.0,1.0,0.0,Never hotspot
R109_C069,0,0,0,0,0,0,0.0,0.0,Never hotspot,0,0,0,0.0,0.0,0.0,5,9,8,1,6,7.0,3.5,-3.5,Never hotspot
R109_C070,0,0,0,0,0,0,0.0,0.0,Never hotspot,0,0,0,0.0,0.0,0.0,6,7,12,4,4,6.5,4.0,-2.5,Never hotspot
R109_C071,0,0,0,0,0,0,0.0,0.0,Never hotspot,0,0,0,0.0,0.0,0.0,20,15,11,18,16,17.5,17.0,-0.5,Never hotspot
R109_C072,1,1,1,1,1,5,1.0,1.0,Persistent hotspot,5,2,2,1.0,1.0,0.0,54,63,57,66,60,58.5,63.0,4.5,Persistent
R109_C073,1,1,1,1,1,5,1.0,1.0,Persistent hotspot,5,2,2,1.0,1.0,0.0,40,50,46,48,52,45.0,50.0,5.0,Persistent
R109_C074,1,1,1,1,1,5,1.0,1.0,Persistent hotspot,5,2,2,1.0,1.0,0.0,121,114,140,124,141,117.5,132.5,15.0,Persistent
R109_C075,0,0,0,0,0,0,0.0,0.0,Never hotspot,0,0,0,0.0,0.0,0.0,22,24,10,20,16,23.0,18.0,-5.0,Never hotspot
R110_C027,0,0,0,0,0,0,0.0,0.0,Never hotspot,0,0,0,0.0,0.0,0.0,1,2,1,0,1,1.5,0.5,-1.0,Never hotspot
R110_C028,0,0,0,0,0,0,0.0,0.0,Never hotspot,0,0,0,0.0,0.0,0.0,3,8,6,9,8,5.5,8.5,3.0,Never hotspot
R110_C029,0,0,0,0,0,0,0.0,0.0,Never hotspot,0,0,0,0.0,0.0,0.0,0,0,1,0,0,0.0,0.0,0.0,Never hotspot
R110_C030,0,0,0,0,0,0,0.0,0.0,Never hotspot,0,0,0,0.0,0.0,0.0,0,0,1,0,0,0.0,0.0,0.0,Never hotspot
R110_C032,0,0,0,0,0,0,0.0,0.0,Never hotspot,0,0,0,0.0,0.0,0.0,0,0,0,1,2,0.0,1.5,1.5,Never hotspot
R110_C033,0,0,0,0,0,0,0.0,0.0,Never hotspot,0,0,0,0.0,0.0,0.0,1,0,1,3,0,0.5,1.5,1.0,Never hotspot
R110_C034,0,0,0,0,0,0,0.0,0.0,Never hotspot,0,0,0,0.0,0.0,0.0,1,0,0,3,1,0.5,2.0,1.5,Never hotspot
R110_C035,0,0,0,0,0,0,0.0,0.0,Never hotspot,0,0,0,0.0,0.0,0.0,2,2,1,0,2,2.0,1.0,-1.0,Never hotspot
R110_C036,0,0,0,0,0,0,0.0,0.0,Never hotspot,0,0,0,0.0,0.0,0.0,0,0,1,1,0,0.0,0.5,0.5,Never hotspot
R110_C041,0,0,0,0,0,0,0.0,0.0,Never hotspot,0,0,0,0.0,0.0,0.0,0,0,0,0,2,0.0,1.0,1.0,Never hotspot
R110_C042,0,0,0,0,0,0,0.0,0.0,Never hotspot,0,0,0,0.0,0.0,0.0,3,4,2,3,7,3.5,5.0,1.5,Never hotspot
R110_C043,0,0,0,0,0,0,0.0,0.0,Never hotspot,0,0,0,0.0,0.0,0.0,2,0,5,3,3,1.0,3.0,2.0,Never hotspot
R110_C044,0,0,0,0,0,0,0.0,0.0,Never hotspot,0,0,0,0.0,0.0,0.0,0,0,0,0,1,0.0,0.5,0.5,Never hotspot
R110_C046,0,0,0,0,0,0,0.0,0.0,Never hotspot,0,0,0,0.0,0.0,0.0,0,1,0,0,1,0.5,0.5,0.0,Never hotspot
R110_C051,0,0,0,0,0,0,0.0,0.0,Never hotspot,0,0,0,0.0,0.0,0.0,0,0,1,0,0,0.0,0.0,0.0,Never hotspot
R110_C054,0,0,0,0,0,0,0.0,0.0,Never hotspot,0,0,0,0.0,0.0,0.0,9,7,4,10,10,8.0,10.0,2.0,Never hotspot
R110_C055,0,0,0,0,0,0,0.0,0.0,Never hotspot,0,0,0,0.0,0.0,0.0,0,2,1,0,3,1.0,1.5,0.5,Never hotspot
R110_C056,0,0,0,0,0,0,0.0,0.0,Never hotspot,0,0,0,0.0,0.0,0.0,3,1,0,0,1,2.0,0.5,-1.5,Never hotspot
R110_C057,0,0,0,0,0,0,0.0,0.0,Never hotspot,0,0,0,0.0,0.0,0.0,5,10,8,4,2,7.5,3.0,-4.5,Never hotspot
R110_C058,0,0,0,0,0,0,0.0,0.0,Never hotspot,0,0,0,0.0,0.0,0.0,6,4,8,3,5,5.0,4.0,-1.0,Never hotspot
R110_C059,0,0,0,0,0,0,0.0,0.0,Never hotspot,0,0,0,0.0,0.0,0.0,0,1,2,1,1,0.5,1.0,0.5,Never hotspot
R110_C060,0,0,0,0,0,0,0.0,0.0,Never hotspot,0,0,0,0.0,0.0,0.0,1,3,1,0,2,2.0,1.0,-1.0,Never hotspot
R110_C061,0,0,0,0,0,0,0.0,0.0,Never hotspot,0,0,0,0.0,0.0,0.0,1,1,2,2,5,1.0,3.5,2.5,Never hotspot
R110_C062,0,0,0,0,0,0,0.0,0.0,Never hotspot,0,0,0,0.0,0.0,0.0,1,1,0,0,0,1.0,0.0,-1.0,Never hotspot
R110_C063,0,0,0,0,0,0,0.0,0.0,Never hotspot,0,0,0,0.0,0.0,0.0,2,2,3,3,1,2.0,2.0,0.0,Never hotspot
R110_C064,0,0,0,0,0,0,0.0,0.0,Never hotspot,0,0,0,0.0,0.0,0.0,2,2,0,0,0,2.0,0.0,-2.0,Never hotspot
R110_C065,0,0,0,0,0,0,0.0,0.0,Never hotspot,0,0,0,0.0,0.0,0.0,7,7,8,14,10,7.0,12.0,5.0,Never hotspot
R110_C066,0,0,0,0,0,0,0.0,0.0,Never hotspot,0,0,0,0.0,0.0,0.0,1,6,0,3,4,3.5,3.5,0.0,Never hotspot
R110_C067,0,0,0,0,0,0,0.0,0.0,Never hotspot,0,0,0,0.0,0.0,0.0,5,8,4,4,5,6.5,4.5,-2.0,Never hotspot
R110_C068,0,0,0,0,0,0,0.0,0.0,Never hotspot,0,0,0,0.0,0.0,0.0,7,4,11,4,8,5.5,6.0,0.5,Never hotspot
R110_C069,0,0,0,0,0,0,0.0,0.0,Never hotspot,0,0,0,0.0,0.0,0.0,15,9,15,15,8,12.0,11.5,-0.5,Never hotspot
R110_C070,0,1,1,1,1,4,0.8,0.8,Persistent hotspot,4,1,2,0.5,1.0,0.5,29,44,38,41,34,36.5,37.5,1.0,Persistent
R110_C071,1,1,1,1,1,5,1.0,1.0,Persistent hotspot,5,2,2,1.0,1.0,0.0,136,156,188,183,183,146.0,183.0,37.0,Persistent
R110_C072,1,1,1,1,1,5,1.0,1.0,Persistent hotspot,5,2,2,1.0,1.0,0.0,134,179,202,173,156,156.5,164.5,8.0,Persistent
R110_C073,1,1,1,1,1,5,1.0,1.0,Persistent hotspot,5,2,2,1.0,1.0,0.0,70,61,54,47,66,65.5,56.5,-9.0,Persistent
R110_C074,1,1,1,1,1,5,1.0,1.0,Persistent hotspot,5,2,2,1.0,1.0,0.0,49,45,54,36,50,47.0,43.0,-4.0,Persistent
R110_C075,0,0,0,0,0,0,0.0,0.0,Never hotspot,0,0,0,0.0,0.0,0.0,8,6,6,8,4,7.0,6.0,-1.0,Never hotspot
R111_C028,0,0,0,0,0,0,0.0,0.0,Never hotspot,0,0,0,0.0,0.0,0.0,1,1,0,0,3,1.0,1.5,0.5,Never hotspot
R111_C034,0,0,0,0,0,0,0.0,0.0,Never hotspot,0,0,0,0.0,0.0,0.0,0,0,1,1,0,0.0,0.5,0.5,Never hotspot
R111_C035,0,0,0,0,0,0,0.0,0.0,Never hotspot,0,0,0,0.0,0.0,0.0,2,2,2,4,2,2.0,3.0,1.0,Never hotspot
R111_C036,0,0,0,0,0,0,0.0,0.0,Never hotspot,0,0,0,0.0,0.0,0.0,0,0,2,0,0,0.0,0.0,0.0,Never hotspot
R111_C041,0,0,0,0,0,0,0.0,0.0,Never hotspot,0,0,0,0.0,0.0,0.0,0,1,0,0,0,0.5,0.0,-0.5,Never hotspot
R111_C042,0,0,0,0,0,0,0.0,0.0,Never hotspot,0,0,0,0.0,0.0,0.0,2,2,1,2,5,2.0,3.5,1.5,Never hotspot
R111_C043,0,0,0,0,0,0,0.0,0.0,Never hotspot,0,0,0,0.0,0.0,0.0,1,0,0,1,0,0.5,0.5,0.0,Never hotspot
R111_C044,0,0,0,0,0,0,0.0,0.0,Never hotspot,0,0,0,0.0,0.0,0.0,0,0,5,3,1,0.0,2.0,2.0,Never hotspot
R111_C046,0,0,0,0,0,0,0.0,0.0,Never hotspot,0,0,0,0.0,0.0,0.0,0,0,0,2,1,0.0,1.5,1.5,Never hotspot
R111_C047,0,0,0,0,0,0,0.0,0.0,Never hotspot,0,0,0,0.0,0.0,0.0,0,1,0,0,0,0.5,0.0,-0.5,Never hotspot
R111_C048,0,0,0,0,0,0,0.0,0.0,Never hotspot,0,0,0,0.0,0.0,0.0,0,0,3,0,0,0.0,0.0,0.0,Never hotspot
R111_C049,0,0,0,0,0,0,0.0,0.0,Never hotspot,0,0,0,0.0,0.0,0.0,1,1,1,2,2,1.0,2.0,1.0,Never hotspot
R111_C050,0,0,0,0,0,0,0.0,0.0,Never hotspot,0,0,0,0.0,0.0,0.0,6,4,7,5,3,5.0,4.0,-1.0,Never hotspot
R111_C051,0,0,0,0,0,0,0.0,0.0,Never hotspot,0,0,0,0.0,0.0,0.0,3,2,4,4,7,2.5,5.5,3.0,Never hotspot
R111_C052,0,0,0,0,0,0,0.0,0.0,Never hotspot,0,0,0,0.0,0.0,0.0,0,0,2,2,2,0.0,2.0,2.0,Never hotspot
R111_C053,0,0,0,0,0,0,0.0,0.0,Never hotspot,0,0,0,0.0,0.0,0.0,3,5,3,7,4,4.0,5.5,1.5,Never hotspot
R111_C054,0,0,0,0,0,0,0.0,0.0,Never hotspot,0,0,0,0.0,0.0,0.0,3,3,4,3,6,3.0,4.5,1.5,Never hotspot
R111_C055,0,0,0,0,0,0,0.0,0.0,Never hotspot,0,0,0,0.0,0.0,0.0,1,1,4,6,2,1.0,4.0,3.0,Never hotspot
R111_C058,0,0,0,0,0,0,0.0,0.0,Never hotspot,0,0,0,0.0,0.0,0.0,0,0,1,0,1,0.0,0.5,0.5,Never hotspot
R111_C059,0,0,0,0,0,0,0.0,0.0,Never hotspot,0,0,0,0.0,0.0,0.0,0,0,1,0,0,0.0,0.0,0.0,Never hotspot
R111_C060,0,0,0,0,0,0,0.0,0.0,Never hotspot,0,0,0,0.0,0.0,0.0,0,0,2,2,1,0.0,1.5,1.5,Never hotspot
R111_C061,0,0,0,0,0,0,0.0,0.0,Never hotspot,0,0,0,0.0,0.0,0.0,0,0,1,0,1,0.0,0.5,0.5,Never hotspot
R111_C062,0,0,0,0,0,0,0.0,0.0,Never hotspot,0,0,0,0.0,0.0,0.0,1,1,0,0,1,1.0,0.5,-0.5,Never hotspot
R111_C063,0,0,0,0,0,0,0.0,0.0,Never hotspot,0,0,0,0.0,0.0,0.0,0,2,0,0,0,1.0,0.0,-1.0,Never hotspot
R111_C064,0,0,0,0,0,0,0.0,0.0,Never hotspot,0,0,0,0.0,0.0,0.0,2,2,2,6,0,2.0,3.0,1.0,Never hotspot
R111_C065,0,0,0,0,0,0,0.0,0.0,Never hotspot,0,0,0,0.0,0.0,0.0,6,1,4,3,5,3.5,4.0,0.5,Never hotspot
R111_C066,0,0,0,0,0,0,0.0,0.0,Never hotspot,0,0,0,0.0,0.0,0.0,6,1,1,5,4,3.5,4.5,1.0,Never hotspot
R111_C067,0,0,0,0,0,0,0.0,0.0,Never hotspot,0,0,0,0.0,0.0,0.0,4,0,2,3,4,2.0,3.5,1.5,Never hotspot
R111_C068,0,0,0,0,0,0,0.0,0.0,Never hotspot,0,0,0,0.0,0.0,0.0,2,1,6,3,1,1.5,2.0,0.5,Never hotspot
R111_C069,0,0,0,0,0,0,0.0,0.0,Never hotspot,0,0,0,0.0,0.0,0.0,5,6,7,4,3,5.5,3.5,-2.0,Never hotspot
R111_C070,0,1,0,0,1,2,0.4,0.4,Repeated hotspot,1,1,1,0.5,0.5,0.0,26,40,32,32,39,33.0,35.5,2.5,Intermittent
R111_C071,1,1,1,1,1,5,1.0,1.0,Persistent hotspot,5,2,2,1.0,1.0,0.0,97,116,112,133,128,106.5,130.5,24.0,Persistent
R111_C072,1,1,1,1,1,5,1.0,1.0,Persistent hotspot,5,2,2,1.0,1.0,0.0,99,99,100,120,108,99.0,114.0,15.0,Persistent
R111_C073,1,1,1,1,1,5,1.0,1.0,Persistent hotspot,5,2,2,1.0,1.0,0.0,92,70,72,86,80,81.0,83.0,2.0,Persistent
R111_C074,1,1,1,1,1,5,1.0,1.0,Persistent hotspot,5,2,2,1.0,1.0,0.0,68,52,67,69,75,60.0,72.0,12.0,Persistent
R112_C028,0,0,0,0,0,0,0.0,0.0,Never hotspot,0,0,0,0.0,0.0,0.0,0,0,1,0,1,0.0,0.5,0.5,Never hotspot
R112_C036,0,0,0,0,0,0,0.0,0.0,Never hotspot,0,0,0,0.0,0.0,0.0,0,0,0,0,1,0.0,0.5,0.5,Never hotspot
R112_C037,0,0,0,0,0,0,0.0,0.0,Never hotspot,0,0,0,0.0,0.0,0.0,0,0,2,0,0,0.0,0.0,0.0,Never hotspot
R112_C040,0,0,0,0,0,0,0.0,0.0,Never hotspot,0,0,0,0.0,0.0,0.0,0,2,1,0,1,1.0,0.5,-0.5,Never hotspot
R112_C042,0,0,0,0,0,0,0.0,0.0,Never hotspot,0,0,0,0.0,0.0,0.0,0,0,2,1,0,0.0,0.5,0.5,Never hotspot
R112_C043,0,0,0,0,0,0,0.0,0.0,Never hotspot,0,0,0,0.0,0.0,0.0,0,1,4,0,3,0.5,1.5,1.0,Never hotspot
R112_C044,0,0,0,0,0,0,0.0,0.0,Never hotspot,0,0,0,0.0,0.0,0.0,0,2,2,1,2,1.0,1.5,0.5,Never hotspot
R112_C045,0,0,0,0,0,0,0.0,0.0,Never hotspot,0,0,0,0.0,0.0,0.0,1,0,4,0,1,0.5,0.5,0.0,Never hotspot
R112_C046,0,0,0,0,0,0,0.0,0.0,Never hotspot,0,0,0,0.0,0.0,0.0,2,1,1,0,4,1.5,2.0,0.5,Never hotspot
R112_C047,0,0,0,0,0,0,0.0,0.0,Never hotspot,0,0,0,0.0,0.0,0.0,0,0,0,0,1,0.0,0.5,0.5,Never hotspot
R112_C048,0,0,0,0,0,0,0.0,0.0,Never hotspot,0,0,0,0.0,0.0,0.0,1,0,4,5,4,0.5,4.5,4.0,Never hotspot
R112_C049,0,0,0,0,0,0,0.0,0.0,Never hotspot,0,0,0,0.0,0.0,0.0,2,0,0,2,0,1.0,1.0,0.0,Never hotspot
R112_C050,0,0,0,0,0,0,0.0,0.0,Never hotspot,0,0,0,0.0,0.0,0.0,2,4,2,1,3,3.0,2.0,-1.0,Never hotspot
R112_C051,0,0,0,0,0,0,0.0,0.0,Never hotspot,0,0,0,0.0,0.0,0.0,1,2,2,1,4,1.5,2.5,1.0,Never hotspot
R112_C052,0,0,0,0,0,0,0.0,0.0,Never hotspot,0,0,0,0.0,0.0,0.0,2,3,1,1,1,2.5,1.0,-1.5,Never hotspot
R112_C053,0,0,0,0,0,0,0.0,0.0,Never hotspot,0,0,0,0.0,0.0,0.0,0,1,0,0,0,0.5,0.0,-0.5,Never hotspot
R112_C054,0,0,0,0,0,0,0.0,0.0,Never hotspot,0,0,0,0.0,0.0,0.0,0,0,3,2,1,0.0,1.5,1.5,Never hotspot
R112_C055,0,0,0,0,0,0,0.0,0.0,Never hotspot,0,0,0,0.0,0.0,0.0,0,0,1,0,0,0.0,0.0,0.0,Never hotspot
R112_C063,0,0,0,0,0,0,0.0,0.0,Never hotspot,0,0,0,0.0,0.0,0.0,0,0,0,0,2,0.0,1.0,1.0,Never hotspot
R112_C064,0,0,0,0,0,0,0.0,0.0,Never hotspot,0,0,0,0.0,0.0,0.0,3,1,0,2,1,2.0,1.5,-0.5,Never hotspot
R112_C065,0,0,0,0,0,0,0.0,0.0,Never hotspot,0,0,0,0.0,0.0,0.0,3,2,2,0,0,2.5,0.0,-2.5,Never hotspot
R112_C066,0,0,0,0,0,0,0.0,0.0,Never hotspot,0,0,0,0.0,0.0,0.0,2,1,1,2,2,1.5,2.0,0.5,Never hotspot
R112_C067,0,0,0,0,0,0,0.0,0.0,Never hotspot,0,0,0,0.0,0.0,0.0,2,0,0,0,0,1.0,0.0,-1.0,Never hotspot
R112_C068,0,0,0,0,0,0,0.0,0.0,Never hotspot,0,0,0,0.0,0.0,0.0,0,1,1,0,2,0.5,1.0,0.5,Never hotspot
R112_C069,0,0,0,0,0,0,0.0,0.0,Never hotspot,0,0,0,0.0,0.0,0.0,2,2,1,1,1,2.0,1.0,-1.0,Never hotspot
R112_C070,0,0,0,0,0,0,0.0,0.0,Never hotspot,0,0,0,0.0,0.0,0.0,9,6,5,7,10,7.5,8.5,1.0,Never hotspot
R112_C071,0,0,0,0,0,0,0.0,0.0,Never hotspot,0,0,0,0.0,0.0,0.0,24,25,19,30,15,24.5,22.5,-2.0,Never hotspot
R112_C072,1,1,1,1,1,5,1.0,1.0,Persistent hotspot,5,2,2,1.0,1.0,0.0,32,39,43,61,38,35.5,49.5,14.0,Persistent
R112_C073,1,1,0,0,0,2,0.4,0.4,Repeated hotspot,2,2,0,1.0,0.0,-1.0,40,34,32,34,33,37.0,33.5,-3.5,Declining
R112_C074,0,0,0,0,0,0,0.0,0.0,Never hotspot,0,0,0,0.0,0.0,0.0,16,11,21,18,22,13.5,20.0,6.5,Never hotspot
R113_C028,0,0,0,0,0,0,0.0,0.0,Never hotspot,0,0,0,0.0,0.0,0.0,0,0,1,1,1,0.0,1.0,1.0,Never hotspot
R113_C031,0,0,0,0,0,0,0.0,0.0,Never hotspot,0,0,0,0.0,0.0,0.0,0,0,1,0,0,0.0,0.0,0.0,Never hotspot
R113_C033,0,0,0,0,0,0,0.0,0.0,Never hotspot,0,0,0,0.0,0.0,0.0,0,0,1,0,1,0.0,0.5,0.5,Never hotspot
R113_C034,0,0,0,0,0,0,0.0,0.0,Never hotspot,0,0,0,0.0,0.0,0.0,0,0,1,0,0,0.0,0.0,0.0,Never hotspot
R113_C038,0,0,0,0,0,0,0.0,0.0,Never hotspot,0,0,0,0.0,0.0,0.0,0,1,0,0,0,0.5,0.0,-0.5,Never hotspot
R113_C040,0,0,0,0,0,0,0.0,0.0,Never hotspot,0,0,0,0.0,0.0,0.0,0,0,1,0,0,0.0,0.0,0.0,Never hotspot
R113_C041,0,0,0,0,0,0,0.0,0.0,Never hotspot,0,0,0,0.0,0.0,0.0,1,0,0,0,1,0.5,0.5,0.0,Never hotspot
R113_C044,0,0,0,0,0,0,0.0,0.0,Never hotspot,0,0,0,0.0,0.0,0.0,0,0,0,1,0,0.0,0.5,0.5,Never hotspot
R113_C045,0,0,0,0,0,0,0.0,0.0,Never hotspot,0,0,0,0.0,0.0,0.0,1,0,2,6,2,0.5,4.0,3.5,Never hotspot
R113_C046,0,0,0,0,0,0,0.0,0.0,Never hotspot,0,0,0,0.0,0.0,0.0,14,28,26,29,19,21.0,24.0,3.0,Never hotspot
R113_C047,0,0,0,0,0,0,0.0,0.0,Never hotspot,0,0,0,0.0,0.0,0.0,3,2,3,6,4,2.5,5.0,2.5,Never hotspot
R113_C048,0,0,0,0,0,0,0.0,0.0,Never hotspot,0,0,0,0.0,0.0,0.0,1,0,1,0,1,0.5,0.5,0.0,Never hotspot
R113_C049,0,0,0,0,0,0,0.0,0.0,Never hotspot,0,0,0,0.0,0.0,0.0,1,1,1,0,4,1.0,2.0,1.0,Never hotspot
R113_C050,0,0,0,0,0,0,0.0,0.0,Never hotspot,0,0,0,0.0,0.0,0.0,1,0,4,3,2,0.5,2.5,2.0,Never hotspot
R113_C051,0,0,0,0,0,0,0.0,0.0,Never hotspot,0,0,0,0.0,0.0,0.0,0,1,0,0,0,0.5,0.0,-0.5,Never hotspot
R113_C052,0,0,0,0,0,0,0.0,0.0,Never hotspot,0,0,0,0.0,0.0,0.0,1,0,0,0,0,0.5,0.0,-0.5,Never hotspot
R113_C054,0,0,0,0,0,0,0.0,0.0,Never hotspot,0,0,0,0.0,0.0,0.0,1,0,2,0,0,0.5,0.0,-0.5,Never hotspot
R113_C055,0,0,0,0,0,0,0.0,0.0,Never hotspot,0,0,0,0.0,0.0,0.0,0,0,0,0,1,0.0,0.5,0.5,Never hotspot
R113_C056,0,0,0,0,0,0,0.0,0.0,Never hotspot,0,0,0,0.0,0.0,0.0,0,0,1,0,2,0.0,1.0,1.0,Never hotspot
R113_C057,0,0,0,0,0,0,0.0,0.0,Never hotspot,0,0,0,0.0,0.0,0.0,1,0,0,0,0,0.5,0.0,-0.5,Never hotspot
R113_C063,0,0,0,0,0,0,0.0,0.0,Never hotspot,0,0,0,0.0,0.0,0.0,0,1,2,0,3,0.5,1.5,1.0,Never hotspot
R113_C064,0,0,0,0,0,0,0.0,0.0,Never hotspot,0,0,0,0.0,0.0,0.0,1,1,1,1,3,1.0,2.0,1.0,Never hotspot
R113_C065,0,0,0,0,0,0,0.0,0.0,Never hotspot,0,0,0,0.0,0.0,0.0,3,1,3,2,2,2.0,2.0,0.0,Never hotspot
R113_C066,0,0,0,0,0,0,0.0,0.0,Never hotspot,0,0,0,0.0,0.0,0.0,0,0,0,1,1,0.0,1.0,1.0,Never hotspot
R113_C067,0,0,0,0,0,0,0.0,0.0,Never hotspot,0,0,0,0.0,0.0,0.0,0,0,0,0,2,0.0,1.0,1.0,Never hotspot
R113_C068,0,0,0,0,0,0,0.0,0.0,Never hotspot,0,0,0,0.0,0.0,0.0,0,1,0,2,0,0.5,1.0,0.5,Never hotspot
R113_C069,0,0,0,0,0,0,0.0,0.0,Never hotspot,0,0,0,0.0,0.0,0.0,2,1,2,3,0,1.5,1.5,0.0,Never hotspot
R113_C070,0,0,0,0,0,0,0.0,0.0,Never hotspot,0,0,0,0.0,0.0,0.0,3,4,5,2,4,3.5,3.0,-0.5,Never hotspot
R113_C071,0,0,0,0,0,0,0.0,0.0,Never hotspot,0,0,0,0.0,0.0,0.0,7,8,12,15,14,7.5,14.5,7.0,Never hotspot
R113_C072,1,0,1,0,0,2,0.4,0.4,Repeated hotspot,1,1,0,0.5,0.0,-0.5,34,24,36,31,28,29.0,29.5,0.5,Declining
R113_C073,0,0,0,0,0,0,0.0,0.0,Never hotspot,0,0,0,0.0,0.0,0.0,8,13,25,14,17,10.5,15.5,5.0,Never hotspot
R113_C074,0,0,0,0,0,0,0.0,0.0,Never hotspot,0,0,0,0.0,0.0,0.0,0,1,0,1,0,0.5,0.5,0.0,Never hotspot
R114_C028,0,0,0,0,0,0,0.0,0.0,Never hotspot,0,0,0,0.0,0.0,0.0,0,1,1,0,0,0.5,0.0,-0.5,Never hotspot
R114_C029,0,0,0,0,0,0,0.0,0.0,Never hotspot,0,0,0,0.0,0.0,0.0,0,0,1,0,1,0.0,0.5,0.5,Never hotspot
R114_C031,0,0,0,0,0,0,0.0,0.0,Never hotspot,0,0,0,0.0,0.0,0.0,0,0,0,1,0,0.0,0.5,0.5,Never hotspot
R114_C032,0,0,0,0,0,0,0.0,0.0,Never hotspot,0,0,0,0.0,0.0,0.0,0,0,1,0,0,0.0,0.0,0.0,Never hotspot
R114_C039,0,0,0,0,0,0,0.0,0.0,Never hotspot,0,0,0,0.0,0.0,0.0,0,0,1,0,0,0.0,0.0,0.0,Never hotspot
R114_C040,0,0,0,0,0,0,0.0,0.0,Never hotspot,0,0,0,0.0,0.0,0.0,0,0,2,0,0,0.0,0.0,0.0,Never hotspot
R114_C043,0,0,0,0,0,0,0.0,0.0,Never hotspot,0,0,0,0.0,0.0,0.0,0,0,0,1,0,0.0,0.5,0.5,Never hotspot
R114_C044,0,0,0,0,0,0,0.0,0.0,Never hotspot,0,0,0,0.0,0.0,0.0,1,1,1,1,0,1.0,0.5,-0.5,Never hotspot
R114_C045,0,0,0,0,0,0,0.0,0.0,Never hotspot,0,0,0,0.0,0.0,0.0,1,1,1,6,2,1.0,4.0,3.0,Never hotspot
R114_C046,0,0,0,0,0,0,0.0,0.0,Never hotspot,0,0,0,0.0,0.0,0.0,1,1,0,2,2,1.0,2.0,1.0,Never hotspot
R114_C047,0,0,0,0,0,0,0.0,0.0,Never hotspot,0,0,0,0.0,0.0,0.0,0,2,1,0,0,1.0,0.0,-1.0,Never hotspot
R114_C048,0,0,0,0,0,0,0.0,0.0,Never hotspot,0,0,0,0.0,0.0,0.0,1,2,4,1,3,1.5,2.0,0.5,Never hotspot
R114_C049,0,0,0,0,0,0,0.0,0.0,Never hotspot,0,0,0,0.0,0.0,0.0,3,2,2,3,6,2.5,4.5,2.0,Never hotspot
R114_C050,0,0,0,0,0,0,0.0,0.0,Never hotspot,0,0,0,0.0,0.0,0.0,0,0,1,1,0,0.0,0.5,0.5,Never hotspot
R114_C051,0,0,0,0,0,0,0.0,0.0,Never hotspot,0,0,0,0.0,0.0,0.0,0,0,0,1,0,0.0,0.5,0.5,Never hotspot
R114_C052,0,0,0,0,0,0,0.0,0.0,Never hotspot,0,0,0,0.0,0.0,0.0,1,1,0,0,0,1.0,0.0,-1.0,Never hotspot
R114_C054,0,0,0,0,0,0,0.0,0.0,Never hotspot,0,0,0,0.0,0.0,0.0,1,1,1,1,0,1.0,0.5,-0.5,Never hotspot
R114_C056,0,0,0,0,0,0,0.0,0.0,Never hotspot,0,0,0,0.0,0.0,0.0,1,0,1,0,1,0.5,0.5,0.0,Never hotspot
R114_C063,0,0,0,0,0,0,0.0,0.0,Never hotspot,0,0,0,0.0,0.0,0.0,1,1,3,2,0,1.0,1.0,0.0,Never hotspot
R114_C064,0,0,0,0,0,0,0.0,0.0,Never hotspot,0,0,0,0.0,0.0,0.0,1,0,1,0,0,0.5,0.0,-0.5,Never hotspot
R114_C065,0,0,0,0,0,0,0.0,0.0,Never hotspot,0,0,0,0.0,0.0,0.0,2,2,1,1,0,2.0,0.5,-1.5,Never hotspot
R114_C066,0,0,0,0,0,0,0.0,0.0,Never hotspot,0,0,0,0.0,0.0,0.0,0,2,0,0,0,1.0,0.0,-1.0,Never hotspot
R114_C067,0,0,0,0,0,0,0.0,0.0,Never hotspot,0,0,0,0.0,0.0,0.0,2,1,1,0,5,1.5,2.5,1.0,Never hotspot
R114_C068,0,0,0,0,0,0,0.0,0.0,Never hotspot,0,0,0,0.0,0.0,0.0,0,0,1,0,1,0.0,0.5,0.5,Never hotspot
R114_C069,0,0,0,0,0,0,0.0,0.0,Never hotspot,0,0,0,0.0,0.0,0.0,1,2,0,0,0,1.5,0.0,-1.5,Never hotspot
R114_C070,0,0,0,0,0,0,0.0,0.0,Never hotspot,0,0,0,0.0,0.0,0.0,3,2,4,4,1,2.5,2.5,0.0,Never hotspot
R114_C071,0,0,0,0,0,0,0.0,0.0,Never hotspot,0,0,0,0.0,0.0,0.0,8,5,6,12,2,6.5,7.0,0.5,Never hotspot
R114_C072,1,1,1,1,0,4,0.8,0.8,Persistent hotspot,4,2,1,1.0,0.5,-0.5,34,36,41,35,28,35.0,31.5,-3.5,Persistent
R114_C073,0,0,0,0,0,0,0.0,0.0,Never hotspot,0,0,0,0.0,0.0,0.0,19,22,19,28,25,20.5,26.5,6.0,Never hotspot
R115_C028,0,0,0,0,0,0,0.0,0.0,Never hotspot,0,0,0,0.0,0.0,0.0,0,1,0,0,0,0.5,0.0,-0.5,Never hotspot
R115_C029,0,0,0,0,0,0,0.0,0.0,Never hotspot,0,0,0,0.0,0.0,0.0,0,0,0,1,0,0.0,0.5,0.5,Never hotspot
R115_C030,0,0,0,0,0,0,0.0,0.0,Never hotspot,0,0,0,0.0,0.0,0.0,0,0,1,1,0,0.0,0.5,0.5,Never hotspot
R115_C031,0,0,0,0,0,0,0.0,0.0,Never hotspot,0,0,0,0.0,0.0,0.0,0,0,0,0,1,0.0,0.5,0.5,Never hotspot
R115_C034,0,0,0,0,0,0,0.0,0.0,Never hotspot,0,0,0,0.0,0.0,0.0,0,1,0,0,0,0.5,0.0,-0.5,Never hotspot
R115_C038,0,0,0,0,0,0,0.0,0.0,Never hotspot,0,0,0,0.0,0.0,0.0,0,0,0,0,1,0.0,0.5,0.5,Never hotspot
R115_C041,0,0,0,0,0,0,0.0,0.0,Never hotspot,0,0,0,0.0,0.0,0.0,1,0,0,1,0,0.5,0.5,0.0,Never hotspot
R115_C043,0,0,0,0,0,0,0.0,0.0,Never hotspot,0,0,0,0.0,0.0,0.0,0,0,1,0,0,0.0,0.0,0.0,Never hotspot
R115_C044,0,0,0,0,0,0,0.0,0.0,Never hotspot,0,0,0,0.0,0.0,0.0,0,0,0,0,1,0.0,0.5,0.5,Never hotspot
R115_C045,0,0,0,0,0,0,0.0,0.0,Never hotspot,0,0,0,0.0,0.0,0.0,0,1,0,0,0,0.5,0.0,-0.5,Never hotspot
R115_C047,0,0,0,0,0,0,0.0,0.0,Never hotspot,0,0,0,0.0,0.0,0.0,0,1,0,1,2,0.5,1.5,1.0,Never hotspot
R115_C049,0,0,0,0,0,0,0.0,0.0,Never hotspot,0,0,0,0.0,0.0,0.0,0,1,2,5,1,0.5,3.0,2.5,Never hotspot
R115_C050,0,0,0,0,0,0,0.0,0.0,Never hotspot,0,0,0,0.0,0.0,0.0,0,1,0,0,0,0.5,0.0,-0.5,Never hotspot
R115_C051,0,0,0,0,0,0,0.0,0.0,Never hotspot,0,0,0,0.0,0.0,0.0,0,1,0,0,0,0.5,0.0,-0.5,Never hotspot
R115_C053,0,0,0,0,0,0,0.0,0.0,Never hotspot,0,0,0,0.0,0.0,0.0,1,0,0,0,1,0.5,0.5,0.0,Never hotspot
R115_C054,0,0,0,0,0,0,0.0,0.0,Never hotspot,0,0,0,0.0,0.0,0.0,0,1,0,1,0,0.5,0.5,0.0,Never hotspot
R115_C056,0,0,0,0,0,0,0.0,0.0,Never hotspot,0,0,0,0.0,0.0,0.0,0,1,0,0,0,0.5,0.0,-0.5,Never hotspot
R115_C061,0,0,0,0,0,0,0.0,0.0,Never hotspot,0,0,0,0.0,0.0,0.0,0,0,0,1,1,0.0,1.0,1.0,Never hotspot
R115_C062,0,0,0,0,0,0,0.0,0.0,Never hotspot,0,0,0,0.0,0.0,0.0,1,0,0,1,0,0.5,0.5,0.0,Never hotspot
R115_C063,0,0,0,0,0,0,0.0,0.0,Never hotspot,0,0,0,0.0,0.0,0.0,0,0,0,1,0,0.0,0.5,0.5,Never hotspot
R115_C065,0,0,0,0,0,0,0.0,0.0,Never hotspot,0,0,0,0.0,0.0,0.0,0,0,0,1,1,0.0,1.0,1.0,Never hotspot
R115_C066,0,0,0,0,0,0,0.0,0.0,Never hotspot,0,0,0,0.0,0.0,0.0,0,1,1,1,0,0.5,0.5,0.0,Never hotspot
R115_C067,0,0,0,0,0,0,0.0,0.0,Never hotspot,0,0,0,0.0,0.0,0.0,0,0,0,1,1,0.0,1.0,1.0,Never hotspot
R115_C068,0,0,0,0,0,0,0.0,0.0,Never hotspot,0,0,0,0.0,0.0,0.0,1,0,1,1,0,0.5,0.5,0.0,Never hotspot
R115_C069,0,0,0,0,0,0,0.0,0.0,Never hotspot,0,0,0,0.0,0.0,0.0,0,1,1,0,0,0.5,0.0,-0.5,Never hotspot
R115_C070,0,0,0,0,0,0,0.0,0.0,Never hotspot,0,0,0,0.0,0.0,0.0,8,7,14,14,6,7.5,10.0,2.5,Never hotspot
R115_C071,0,0,0,0,0,0,0.0,0.0,Never hotspot,0,0,0,0.0,0.0,0.0,6,9,10,13,5,7.5,9.0,1.5,Never hotspot
R115_C072,1,1,1,1,1,5,1.0,1.0,Persistent hotspot,5,2,2,1.0,1.0,0.0,48,38,37,48,48,43.0,48.0,5.0,Persistent
R115_C073,0,0,0,0,0,0,0.0,0.0,Never hotspot,0,0,0,0.0,0.0,0.0,2,7,5,4,5,4.5,4.5,0.0,Never hotspot
R116_C029,0,0,0,0,0,0,0.0,0.0,Never hotspot,0,0,0,0.0,0.0,0.0,1,2,0,0,0,1.5,0.0,-1.5,Never hotspot
R116_C030,0,0,0,0,0,0,0.0,0.0,Never hotspot,0,0,0,0.0,0.0,0.0,0,1,1,2,1,0.5,1.5,1.0,Never hotspot
R116_C031,0,0,0,0,0,0,0.0,0.0,Never hotspot,0,0,0,0.0,0.0,0.0,0,0,0,1,0,0.0,0.5,0.5,Never hotspot
R116_C038,0,0,0,0,0,0,0.0,0.0,Never hotspot,0,0,0,0.0,0.0,0.0,0,0,0,1,0,0.0,0.5,0.5,Never hotspot
R116_C039,0,0,0,0,0,0,0.0,0.0,Never hotspot,0,0,0,0.0,0.0,0.0,1,0,0,0,0,0.5,0.0,-0.5,Never hotspot
R116_C043,0,0,0,0,0,0,0.0,0.0,Never hotspot,0,0,0,0.0,0.0,0.0,0,0,1,0,0,0.0,0.0,0.0,Never hotspot
R116_C044,0,0,0,0,0,0,0.0,0.0,Never hotspot,0,0,0,0.0,0.0,0.0,1,1,1,1,3,1.0,2.0,1.0,Never hotspot
R116_C045,0,0,0,0,0,0,0.0,0.0,Never hotspot,0,0,0,0.0,0.0,0.0,0,1,0,1,0,0.5,0.5,0.0,Never hotspot
R116_C048,0,0,0,0,0,0,0.0,0.0,Never hotspot,0,0,0,0.0,0.0,0.0,1,1,1,0,1,1.0,0.5,-0.5,Never hotspot
R116_C049,0,0,0,0,0,0,0.0,0.0,Never hotspot,0,0,0,0.0,0.0,0.0,2,1,3,3,2,1.5,2.5,1.0,Never hotspot
R116_C051,0,0,0,0,0,0,0.0,0.0,Never hotspot,0,0,0,0.0,0.0,0.0,0,0,0,2,0,0.0,1.0,1.0,Never hotspot
R116_C052,0,0,0,0,0,0,0.0,0.0,Never hotspot,0,0,0,0.0,0.0,0.0,0,0,1,0,0,0.0,0.0,0.0,Never hotspot
R116_C053,0,0,0,0,0,0,0.0,0.0,Never hotspot,0,0,0,0.0,0.0,0.0,1,0,0,0,0,0.5,0.0,-0.5,Never hotspot
R116_C054,0,0,0,0,0,0,0.0,0.0,Never hotspot,0,0,0,0.0,0.0,0.0,0,1,0,0,1,0.5,0.5,0.0,Never hotspot
R116_C057,0,0,0,0,0,0,0.0,0.0,Never hotspot,0,0,0,0.0,0.0,0.0,1,0,0,0,0,0.5,0.0,-0.5,Never hotspot
R116_C059,0,0,0,0,0,0,0.0,0.0,Never hotspot,0,0,0,0.0,0.0,0.0,1,1,0,1,0,1.0,0.5,-0.5,Never hotspot
R116_C064,0,0,0,0,0,0,0.0,0.0,Never hotspot,0,0,0,0.0,0.0,0.0,1,2,0,1,0,1.5,0.5,-1.0,Never hotspot
R116_C065,0,0,0,0,0,0,0.0,0.0,Never hotspot,0,0,0,0.0,0.0,0.0,0,0,0,2,0,0.0,1.0,1.0,Never hotspot
R116_C068,0,0,0,0,0,0,0.0,0.0,Never hotspot,0,0,0,0.0,0.0,0.0,0,1,0,0,0,0.5,0.0,-0.5,Never hotspot
R116_C069,0,0,0,0,0,0,0.0,0.0,Never hotspot,0,0,0,0.0,0.0,0.0,0,0,0,1,1,0.0,1.0,1.0,Never hotspot
R116_C070,0,0,0,0,0,0,0.0,0.0,Never hotspot,0,0,0,0.0,0.0,0.0,4,7,7,1,3,5.5,2.0,-3.5,Never hotspot
R116_C071,0,0,0,0,0,0,0.0,0.0,Never hotspot,0,0,0,0.0,0.0,0.0,2,1,1,3,3,1.5,3.0,1.5,Never hotspot
R116_C072,0,0,0,0,0,0,0.0,0.0,Never hotspot,0,0,0,0.0,0.0,0.0,6,4,9,4,4,5.0,4.0,-1.0,Never hotspot
R116_C073,0,0,0,0,0,0,0.0,0.0,Never hotspot,0,0,0,0.0,0.0,0.0,1,0,0,0,1,0.5,0.5,0.0,Never hotspot
R117_C030,0,0,0,0,0,0,0.0,0.0,Never hotspot,0,0,0,0.0,0.0,0.0,1,2,2,1,1,1.5,1.0,-0.5,Never hotspot
R117_C031,0,0,0,0,0,0,0.0,0.0,Never hotspot,0,0,0,0.0,0.0,0.0,1,0,0,1,2,0.5,1.5,1.0,Never hotspot
R117_C034,0,0,0,0,0,0,0.0,0.0,Never hotspot,0,0,0,0.0,0.0,0.0,0,0,1,0,0,0.0,0.0,0.0,Never hotspot
R117_C044,0,0,0,0,0,0,0.0,0.0,Never hotspot,0,0,0,0.0,0.0,0.0,1,1,4,0,1,1.0,0.5,-0.5,Never hotspot
R117_C048,0,0,0,0,0,0,0.0,0.0,Never hotspot,0,0,0,0.0,0.0,0.0,0,0,2,1,1,0.0,1.0,1.0,Never hotspot
R117_C049,0,0,0,0,0,0,0.0,0.0,Never hotspot,0,0,0,0.0,0.0,0.0,0,2,0,2,2,1.0,2.0,1.0,Never hotspot
R117_C051,0,0,0,0,0,0,0.0,0.0,Never hotspot,0,0,0,0.0,0.0,0.0,0,0,0,0,1,0.0,0.5,0.5,Never hotspot
R117_C052,0,0,0,0,0,0,0.0,0.0,Never hotspot,0,0,0,0.0,0.0,0.0,0,1,1,1,0,0.5,0.5,0.0,Never hotspot
R117_C054,0,0,0,0,0,0,0.0,0.0,Never hotspot,0,0,0,0.0,0.0,0.0,0,1,0,0,0,0.5,0.0,-0.5,Never hotspot
R117_C055,0,0,0,0,0,0,0.0,0.0,Never hotspot,0,0,0,0.0,0.0,0.0,0,0,0,1,0,0.0,0.5,0.5,Never hotspot
R117_C058,0,0,0,0,0,0,0.0,0.0,Never hotspot,0,0,0,0.0,0.0,0.0,1,0,0,0,1,0.5,0.5,0.0,Never hotspot
R117_C059,0,0,0,0,0,0,0.0,0.0,Never hotspot,0,0,0,0.0,0.0,0.0,0,0,1,0,0,0.0,0.0,0.0,Never hotspot
R117_C063,0,0,0,0,0,0,0.0,0.0,Never hotspot,0,0,0,0.0,0.0,0.0,0,0,1,0,1,0.0,0.5,0.5,Never hotspot
R117_C064,0,0,0,0,0,0,0.0,0.0,Never hotspot,0,0,0,0.0,0.0,0.0,0,0,2,0,0,0.0,0.0,0.0,Never hotspot
R117_C065,0,0,0,0,0,0,0.0,0.0,Never hotspot,0,0,0,0.0,0.0,0.0,0,1,0,0,0,0.5,0.0,-0.5,Never hotspot
R117_C066,0,0,0,0,0,0,0.0,0.0,Never hotspot,0,0,0,0.0,0.0,0.0,0,1,0,0,1,0.5,0.5,0.0,Never hotspot
R117_C068,0,0,0,0,0,0,0.0,0.0,Never hotspot,0,0,0,0.0,0.0,0.0,2,1,1,1,1,1.5,1.0,-0.5,Never hotspot
R117_C069,0,0,0,0,0,0,0.0,0.0,Never hotspot,0,0,0,0.0,0.0,0.0,5,4,5,0,2,4.5,1.0,-3.5,Never hotspot
R117_C070,0,0,0,0,0,0,0.0,0.0,Never hotspot,0,0,0,0.0,0.0,0.0,1,3,4,2,1,2.0,1.5,-0.5,Never hotspot
R117_C071,0,0,0,0,0,0,0.0,0.0,Never hotspot,0,0,0,0.0,0.0,0.0,1,1,2,0,1,1.0,0.5,-0.5,Never hotspot
R117_C072,0,0,0,0,0,0,0.0,0.0,Never hotspot,0,0,0,0.0,0.0,0.0,1,2,1,2,4,1.5,3.0,1.5,Never hotspot
R118_C030,0,0,0,0,0,0,0.0,0.0,Never hotspot,0,0,0,0.0,0.0,0.0,0,0,1,0,0,0.0,0.0,0.0,Never hotspot
R118_C031,0,0,0,0,0,0,0.0,0.0,Never hotspot,0,0,0,0.0,0.0,0.0,1,2,0,1,0,1.5,0.5,-1.0,Never hotspot
R118_C036,0,0,0,0,0,0,0.0,0.0,Never hotspot,0,0,0,0.0,0.0,0.0,0,1,0,0,0,0.5,0.0,-0.5,Never hotspot
R118_C037,0,0,0,0,0,0,0.0,0.0,Never hotspot,0,0,0,0.0,0.0,0.0,0,0,1,0,0,0.0,0.0,0.0,Never hotspot
R118_C044,0,0,0,0,0,0,0.0,0.0,Never hotspot,0,0,0,0.0,0.0,0.0,0,2,0,0,1,1.0,0.5,-0.5,Never hotspot
R118_C048,0,0,0,0,0,0,0.0,0.0,Never hotspot,0,0,0,0.0,0.0,0.0,0,1,7,3,5,0.5,4.0,3.5,Never hotspot
R118_C049,0,0,0,0,0,0,0.0,0.0,Never hotspot,0,0,0,0.0,0.0,0.0,0,0,0,1,1,0.0,1.0,1.0,Never hotspot
R118_C058,0,0,0,0,0,0,0.0,0.0,Never hotspot,0,0,0,0.0,0.0,0.0,1,3,0,2,1,2.0,1.5,-0.5,Never hotspot
R118_C062,0,0,0,0,0,0,0.0,0.0,Never hotspot,0,0,0,0.0,0.0,0.0,1,0,0,0,2,0.5,1.0,0.5,Never hotspot
R118_C066,0,0,0,0,0,0,0.0,0.0,Never hotspot,0,0,0,0.0,0.0,0.0,0,1,0,0,1,0.5,0.5,0.0,Never hotspot
R118_C067,0,0,0,0,0,0,0.0,0.0,Never hotspot,0,0,0,0.0,0.0,0.0,2,2,1,0,0,2.0,0.0,-2.0,Never hotspot
R118_C068,0,0,0,0,0,0,0.0,0.0,Never hotspot,0,0,0,0.0,0.0,0.0,5,4,4,1,2,4.5,1.5,-3.0,Never hotspot
R118_C069,0,0,0,0,0,0,0.0,0.0,Never hotspot,0,0,0,0.0,0.0,0.0,1,4,1,2,2,2.5,2.0,-0.5,Never hotspot
R118_C070,0,0,0,0,0,0,0.0,0.0,Never hotspot,0,0,0,0.0,0.0,0.0,4,2,3,2,3,3.0,2.5,-0.5,Never hotspot
R118_C071,0,0,0,0,0,0,0.0,0.0,Never hotspot,0,0,0,0.0,0.0,0.0,1,1,0,0,2,1.0,1.0,0.0,Never hotspot
R118_C072,0,0,0,0,0,0,0.0,0.0,Never hotspot,0,0,0,0.0,0.0,0.0,3,5,5,4,6,4.0,5.0,1.0,Never hotspot
R119_C031,0,0,0,0,0,0,0.0,0.0,Never hotspot,0,0,0,0.0,0.0,0.0,1,3,1,2,0,2.0,1.0,-1.0,Never hotspot
R119_C032,0,0,0,0,0,0,0.0,0.0,Never hotspot,0,0,0,0.0,0.0,0.0,1,0,0,1,1,0.5,1.0,0.5,Never hotspot
R119_C033,0,0,0,0,0,0,0.0,0.0,Never hotspot,0,0,0,0.0,0.0,0.0,6,0,2,1,1,3.0,1.0,-2.0,Never hotspot
R119_C034,0,0,0,0,0,0,0.0,0.0,Never hotspot,0,0,0,0.0,0.0,0.0,0,1,0,0,0,0.5,0.0,-0.5,Never hotspot
R119_C035,0,0,0,0,0,0,0.0,0.0,Never hotspot,0,0,0,0.0,0.0,0.0,0,2,2,1,0,1.0,0.5,-0.5,Never hotspot
R119_C036,0,0,0,0,0,0,0.0,0.0,Never hotspot,0,0,0,0.0,0.0,0.0,1,0,1,0,1,0.5,0.5,0.0,Never hotspot
R119_C037,0,0,0,0,0,0,0.0,0.0,Never hotspot,0,0,0,0.0,0.0,0.0,0,1,0,1,0,0.5,0.5,0.0,Never hotspot
R119_C042,0,0,0,0,0,0,0.0,0.0,Never hotspot,0,0,0,0.0,0.0,0.0,0,0,2,0,0,0.0,0.0,0.0,Never hotspot
R119_C043,0,0,0,0,0,0,0.0,0.0,Never hotspot,0,0,0,0.0,0.0,0.0,0,3,0,1,2,1.5,1.5,0.0,Never hotspot
R119_C044,0,0,0,0,0,0,0.0,0.0,Never hotspot,0,0,0,0.0,0.0,0.0,0,1,0,0,0,0.5,0.0,-0.5,Never hotspot
R119_C045,0,0,0,0,0,0,0.0,0.0,Never hotspot,0,0,0,0.0,0.0,0.0,1,1,0,0,1,1.0,0.5,-0.5,Never hotspot
R119_C047,0,0,0,0,0,0,0.0,0.0,Never hotspot,0,0,0,0.0,0.0,0.0,0,1,0,1,1,0.5,1.0,0.5,Never hotspot
R119_C048,0,0,0,0,0,0,0.0,0.0,Never hotspot,0,0,0,0.0,0.0,0.0,2,2,0,1,2,2.0,1.5,-0.5,Never hotspot
R119_C049,0,0,0,0,0,0,0.0,0.0,Never hotspot,0,0,0,0.0,0.0,0.0,0,0,1,1,0,0.0,0.5,0.5,Never hotspot
R119_C052,0,0,0,0,0,0,0.0,0.0,Never hotspot,0,0,0,0.0,0.0,0.0,0,0,1,0,0,0.0,0.0,0.0,Never hotspot
R119_C054,0,0,0,0,0,0,0.0,0.0,Never hotspot,0,0,0,0.0,0.0,0.0,0,1,0,0,0,0.5,0.0,-0.5,Never hotspot
R119_C055,0,0,0,0,0,0,0.0,0.0,Never hotspot,0,0,0,0.0,0.0,0.0,1,0,0,0,0,0.5,0.0,-0.5,Never hotspot
R119_C060,0,0,0,0,0,0,0.0,0.0,Never hotspot,0,0,0,0.0,0.0,0.0,1,2,0,1,4,1.5,2.5,1.0,Never hotspot
R119_C061,0,0,0,0,0,0,0.0,0.0,Never hotspot,0,0,0,0.0,0.0,0.0,1,0,0,0,1,0.5,0.5,0.0,Never hotspot
R119_C066,0,0,0,0,0,0,0.0,0.0,Never hotspot,0,0,0,0.0,0.0,0.0,0,0,1,0,0,0.0,0.0,0.0,Never hotspot
R119_C068,0,0,0,0,0,0,0.0,0.0,Never hotspot,0,0,0,0.0,0.0,0.0,1,3,1,4,5,2.0,4.5,2.5,Never hotspot
R119_C069,0,0,0,0,0,0,0.0,0.0,Never hotspot,0,0,0,0.0,0.0,0.0,1,0,1,2,2,0.5,2.0,1.5,Never hotspot
R119_C070,0,0,0,0,0,0,0.0,0.0,Never hotspot,0,0,0,0.0,0.0,0.0,3,6,4,2,2,4.5,2.0,-2.5,Never hotspot
R119_C071,0,0,0,0,0,0,0.0,0.0,Never hotspot,0,0,0,0.0,0.0,0.0,0,3,2,2,2,1.5,2.0,0.5,Never hotspot
R120_C020,0,0,0,0,0,0,0.0,0.0,Never hotspot,0,0,0,0.0,0.0,0.0,1,0,0,0,0,0.5,0.0,-0.5,Never hotspot
R120_C032,0,0,0,0,0,0,0.0,0.0,Never hotspot,0,0,0,0.0,0.0,0.0,2,0,0,0,0,1.0,0.0,-1.0,Never hotspot
R120_C033,0,0,0,0,0,0,0.0,0.0,Never hotspot,0,0,0,0.0,0.0,0.0,4,2,0,2,2,3.0,2.0,-1.0,Never hotspot
R120_C034,0,0,0,0,0,0,0.0,0.0,Never hotspot,0,0,0,0.0,0.0,0.0,1,1,1,0,0,1.0,0.0,-1.0,Never hotspot
R120_C035,0,0,0,0,0,0,0.0,0.0,Never hotspot,0,0,0,0.0,0.0,0.0,0,1,0,1,0,0.5,0.5,0.0,Never hotspot
R120_C038,0,0,0,0,0,0,0.0,0.0,Never hotspot,0,0,0,0.0,0.0,0.0,0,0,0,1,0,0.0,0.5,0.5,Never hotspot
R120_C039,0,0,0,0,0,0,0.0,0.0,Never hotspot,0,0,0,0.0,0.0,0.0,3,2,5,4,2,2.5,3.0,0.5,Never hotspot
R120_C041,0,0,0,0,0,0,0.0,0.0,Never hotspot,0,0,0,0.0,0.0,0.0,0,1,0,1,1,0.5,1.0,0.5,Never hotspot
R120_C042,0,0,0,0,0,0,0.0,0.0,Never hotspot,0,0,0,0.0,0.0,0.0,2,0,1,1,1,1.0,1.0,0.0,Never hotspot
R120_C044,0,0,0,0,0,0,0.0,0.0,Never hotspot,0,0,0,0.0,0.0,0.0,1,0,0,1,0,0.5,0.5,0.0,Never hotspot
R120_C045,0,0,0,0,0,0,0.0,0.0,Never hotspot,0,0,0,0.0,0.0,0.0,0,1,0,0,1,0.5,0.5,0.0,Never hotspot
R120_C047,0,0,0,0,0,0,0.0,0.0,Never hotspot,0,0,0,0.0,0.0,0.0,3,3,3,1,0,3.0,0.5,-2.5,Never hotspot
R120_C048,0,0,0,0,0,0,0.0,0.0,Never hotspot,0,0,0,0.0,0.0,0.0,1,2,0,0,0,1.5,0.0,-1.5,Never hotspot
R120_C050,0,0,0,0,0,0,0.0,0.0,Never hotspot,0,0,0,0.0,0.0,0.0,1,1,0,0,0,1.0,0.0,-1.0,Never hotspot
R120_C052,0,0,0,0,0,0,0.0,0.0,Never hotspot,0,0,0,0.0,0.0,0.0,0,1,0,0,0,0.5,0.0,-0.5,Never hotspot
R120_C056,0,0,0,0,0,0,0.0,0.0,Never hotspot,0,0,0,0.0,0.0,0.0,0,0,1,1,0,0.0,0.5,0.5,Never hotspot
R120_C057,0,0,0,0,0,0,0.0,0.0,Never hotspot,0,0,0,0.0,0.0,0.0,5,1,2,1,1,3.0,1.0,-2.0,Never hotspot
R120_C058,0,0,0,0,0,0,0.0,0.0,Never hotspot,0,0,0,0.0,0.0,0.0,1,0,0,1,0,0.5,0.5,0.0,Never hotspot
R120_C059,0,0,0,0,0,0,0.0,0.0,Never hotspot,0,0,0,0.0,0.0,0.0,0,0,1,1,0,0.0,0.5,0.5,Never hotspot
R120_C060,0,0,0,0,0,0,0.0,0.0,Never hotspot,0,0,0,0.0,0.0,0.0,0,0,0,0,1,0.0,0.5,0.5,Never hotspot
R120_C061,0,0,0,0,0,0,0.0,0.0,Never hotspot,0,0,0,0.0,0.0,0.0,1,0,0,0,0,0.5,0.0,-0.5,Never hotspot
R120_C068,0,0,0,0,0,0,0.0,0.0,Never hotspot,0,0,0,0.0,0.0,0.0,0,1,0,3,1,0.5,2.0,1.5,Never hotspot
R120_C069,0,0,0,0,0,0,0.0,0.0,Never hotspot,0,0,0,0.0,0.0,0.0,1,1,3,1,2,1.0,1.5,0.5,Never hotspot
R120_C070,0,0,0,0,0,0,0.0,0.0,Never hotspot,0,0,0,0.0,0.0,0.0,12,7,12,9,7,9.5,8.0,-1.5,Never hotspot
R120_C071,0,0,0,0,0,0,0.0,0.0,Never hotspot,0,0,0,0.0,0.0,0.0,3,5,3,5,6,4.0,5.5,1.5,Never hotspot
R121_C020,0,0,0,0,0,0,0.0,0.0,Never hotspot,0,0,0,0.0,0.0,0.0,1,0,0,0,1,0.5,0.5,0.0,Never hotspot
R121_C032,0,0,0,0,0,0,0.0,0.0,Never hotspot,0,0,0,0.0,0.0,0.0,3,2,1,2,0,2.5,1.0,-1.5,Never hotspot
R121_C033,0,0,0,0,0,0,0.0,0.0,Never hotspot,0,0,0,0.0,0.0,0.0,2,4,6,2,5,3.0,3.5,0.5,Never hotspot
R121_C034,0,0,0,0,0,0,0.0,0.0,Never hotspot,0,0,0,0.0,0.0,0.0,2,1,4,2,5,1.5,3.5,2.0,Never hotspot
R121_C035,0,0,0,0,0,0,0.0,0.0,Never hotspot,0,0,0,0.0,0.0,0.0,5,2,3,1,0,3.5,0.5,-3.0,Never hotspot
R121_C036,0,0,0,0,0,0,0.0,0.0,Never hotspot,0,0,0,0.0,0.0,0.0,0,1,1,0,0,0.5,0.0,-0.5,Never hotspot
R121_C038,0,0,0,0,0,0,0.0,0.0,Never hotspot,0,0,0,0.0,0.0,0.0,0,2,3,4,1,1.0,2.5,1.5,Never hotspot
R121_C039,0,0,0,0,0,0,0.0,0.0,Never hotspot,0,0,0,0.0,0.0,0.0,0,0,1,1,0,0.0,0.5,0.5,Never hotspot
R121_C043,0,0,0,0,0,0,0.0,0.0,Never hotspot,0,0,0,0.0,0.0,0.0,1,0,0,0,0,0.5,0.0,-0.5,Never hotspot
R121_C044,0,0,0,0,0,0,0.0,0.0,Never hotspot,0,0,0,0.0,0.0,0.0,0,0,1,1,1,0.0,1.0,1.0,Never hotspot
R121_C046,0,0,0,0,0,0,0.0,0.0,Never hotspot,0,0,0,0.0,0.0,0.0,2,2,5,2,2,2.0,2.0,0.0,Never hotspot
R121_C048,0,0,0,0,0,0,0.0,0.0,Never hotspot,0,0,0,0.0,0.0,0.0,1,0,0,0,0,0.5,0.0,-0.5,Never hotspot
R121_C050,0,0,0,0,0,0,0.0,0.0,Never hotspot,0,0,0,0.0,0.0,0.0,0,0,0,1,0,0.0,0.5,0.5,Never hotspot
R121_C051,0,0,0,0,0,0,0.0,0.0,Never hotspot,0,0,0,0.0,0.0,0.0,1,1,0,2,0,1.0,1.0,0.0,Never hotspot
R121_C054,0,0,0,0,0,0,0.0,0.0,Never hotspot,0,0,0,0.0,0.0,0.0,1,0,0,0,0,0.5,0.0,-0.5,Never hotspot
R121_C057,0,0,0,0,0,0,0.0,0.0,Never hotspot,0,0,0,0.0,0.0,0.0,2,3,1,1,3,2.5,2.0,-0.5,Never hotspot
R121_C058,0,0,0,0,0,0,0.0,0.0,Never hotspot,0,0,0,0.0,0.0,0.0,2,2,1,2,0,2.0,1.0,-1.0,Never hotspot
R121_C059,0,0,0,0,0,0,0.0,0.0,Never hotspot,0,0,0,0.0,0.0,0.0,2,1,1,1,2,1.5,1.5,0.0,Never hotspot
R121_C060,0,0,0,0,0,0,0.0,0.0,Never hotspot,0,0,0,0.0,0.0,0.0,0,0,1,1,0,0.0,0.5,0.5,Never hotspot
R121_C067,0,0,0,0,0,0,0.0,0.0,Never hotspot,0,0,0,0.0,0.0,0.0,0,0,1,0,0,0.0,0.0,0.0,Never hotspot
R121_C068,0,0,0,0,0,0,0.0,0.0,Never hotspot,0,0,0,0.0,0.0,0.0,1,0,0,0,0,0.5,0.0,-0.5,Never hotspot
R121_C069,0,0,0,0,0,0,0.0,0.0,Never hotspot,0,0,0,0.0,0.0,0.0,0,1,0,0,0,0.5,0.0,-0.5,Never hotspot
R121_C070,0,0,0,0,0,0,0.0,0.0,Never hotspot,0,0,0,0.0,0.0,0.0,1,1,1,1,0,1.0,0.5,-0.5,Never hotspot
R121_C071,0,0,0,0,0,0,0.0,0.0,Never hotspot,0,0,0,0.0,0.0,0.0,1,3,7,2,1,2.0,1.5,-0.5,Never hotspot
R121_C072,0,0,0,0,0,0,0.0,0.0,Never hotspot,0,0,0,0.0,0.0,0.0,0,0,1,0,0,0.0,0.0,0.0,Never hotspot
R122_C020,0,0,0,0,0,0,0.0,0.0,Never hotspot,0,0,0,0.0,0.0,0.0,0,1,0,0,1,0.5,0.5,0.0,Never hotspot
R122_C021,0,0,0,0,0,0,0.0,0.0,Never hotspot,0,0,0,0.0,0.0,0.0,3,0,1,3,2,1.5,2.5,1.0,Never hotspot
R122_C022,0,0,0,0,0,0,0.0,0.0,Never hotspot,0,0,0,0.0,0.0,0.0,0,0,0,0,1,0.0,0.5,0.5,Never hotspot
R122_C025,0,0,0,0,0,0,0.0,0.0,Never hotspot,0,0,0,0.0,0.0,0.0,0,0,0,0,1,0.0,0.5,0.5,Never hotspot
R122_C027,0,0,0,0,0,0,0.0,0.0,Never hotspot,0,0,0,0.0,0.0,0.0,1,0,0,0,0,0.5,0.0,-0.5,Never hotspot
R122_C033,0,0,0,0,0,0,0.0,0.0,Never hotspot,0,0,0,0.0,0.0,0.0,13,16,8,16,20,14.5,18.0,3.5,Never hotspot
R122_C034,0,0,0,0,0,0,0.0,0.0,Never hotspot,0,0,0,0.0,0.0,0.0,10,7,13,9,9,8.5,9.0,0.5,Never hotspot
R122_C035,0,0,0,0,0,0,0.0,0.0,Never hotspot,0,0,0,0.0,0.0,0.0,1,1,0,2,2,1.0,2.0,1.0,Never hotspot
R122_C036,0,0,0,0,0,0,0.0,0.0,Never hotspot,0,0,0,0.0,0.0,0.0,1,2,1,1,1,1.5,1.0,-0.5,Never hotspot
R122_C037,0,0,0,0,0,0,0.0,0.0,Never hotspot,0,0,0,0.0,0.0,0.0,6,4,7,9,4,5.0,6.5,1.5,Never hotspot
R122_C038,0,0,0,0,0,0,0.0,0.0,Never hotspot,0,0,0,0.0,0.0,0.0,4,1,4,7,1,2.5,4.0,1.5,Never hotspot
R122_C039,0,0,0,0,0,0,0.0,0.0,Never hotspot,0,0,0,0.0,0.0,0.0,1,1,0,1,1,1.0,1.0,0.0,Never hotspot
R122_C043,0,0,0,0,0,0,0.0,0.0,Never hotspot,0,0,0,0.0,0.0,0.0,0,0,0,1,0,0.0,0.5,0.5,Never hotspot
R122_C044,0,0,0,0,0,0,0.0,0.0,Never hotspot,0,0,0,0.0,0.0,0.0,1,0,1,0,0,0.5,0.0,-0.5,Never hotspot
R122_C045,0,0,0,0,0,0,0.0,0.0,Never hotspot,0,0,0,0.0,0.0,0.0,1,1,1,1,2,1.0,1.5,0.5,Never hotspot
R122_C046,0,0,0,0,0,0,0.0,0.0,Never hotspot,0,0,0,0.0,0.0,0.0,1,0,0,1,1,0.5,1.0,0.5,Never hotspot
R122_C048,0,0,0,0,0,0,0.0,0.0,Never hotspot,0,0,0,0.0,0.0,0.0,0,1,0,2,0,0.5,1.0,0.5,Never hotspot
R122_C051,0,0,0,0,0,0,0.0,0.0,Never hotspot,0,0,0,0.0,0.0,0.0,0,2,1,0,0,1.0,0.0,-1.0,Never hotspot
R122_C052,0,0,0,0,0,0,0.0,0.0,Never hotspot,0,0,0,0.0,0.0,0.0,0,3,1,0,0,1.5,0.0,-1.5,Never hotspot
R122_C053,0,0,0,0,0,0,0.0,0.0,Never hotspot,0,0,0,0.0,0.0,0.0,1,0,0,0,0,0.5,0.0,-0.5,Never hotspot
R122_C056,0,0,0,0,0,0,0.0,0.0,Never hotspot,0,0,0,0.0,0.0,0.0,0,2,3,1,1,1.0,1.0,0.0,Never hotspot
R122_C058,0,0,0,0,0,0,0.0,0.0,Never hotspot,0,0,0,0.0,0.0,0.0,0,0,0,1,0,0.0,0.5,0.5,Never hotspot
R122_C059,0,0,0,0,0,0,0.0,0.0,Never hotspot,0,0,0,0.0,0.0,0.0,0,0,2,2,0,0.0,1.0,1.0,Never hotspot
R122_C060,0,0,0,0,0,0,0.0,0.0,Never hotspot,0,0,0,0.0,0.0,0.0,3,0,1,4,0,1.5,2.0,0.5,Never hotspot
R122_C066,0,0,0,0,0,0,0.0,0.0,Never hotspot,0,0,0,0.0,0.0,0.0,0,1,0,0,0,0.5,0.0,-0.5,Never hotspot
R122_C067,0,0,0,0,0,0,0.0,0.0,Never hotspot,0,0,0,0.0,0.0,0.0,1,2,3,0,0,1.5,0.0,-1.5,Never hotspot
R122_C068,0,0,0,0,0,0,0.0,0.0,Never hotspot,0,0,0,0.0,0.0,0.0,1,0,0,0,0,0.5,0.0,-0.5,Never hotspot
R122_C070,0,0,0,0,0,0,0.0,0.0,Never hotspot,0,0,0,0.0,0.0,0.0,5,4,0,1,5,4.5,3.0,-1.5,Never hotspot
R122_C071,0,0,0,0,0,0,0.0,0.0,Never hotspot,0,0,0,0.0,0.0,0.0,2,1,1,0,0,1.5,0.0,-1.5,Never hotspot
R123_C020,0,0,0,0,0,0,0.0,0.0,Never hotspot,0,0,0,0.0,0.0,0.0,0,0,1,0,0,0.0,0.0,0.0,Never hotspot
R123_C025,0,0,0,0,0,0,0.0,0.0,Never hotspot,0,0,0,0.0,0.0,0.0,1,0,0,0,2,0.5,1.0,0.5,Never hotspot
R123_C027,0,0,0,0,0,0,0.0,0.0,Never hotspot,0,0,0,0.0,0.0,0.0,1,1,0,1,1,1.0,1.0,0.0,Never hotspot
R123_C033,0,0,0,0,0,0,0.0,0.0,Never hotspot,0,0,0,0.0,0.0,0.0,0,3,2,0,2,1.5,1.0,-0.5,Never hotspot
R123_C034,0,0,0,0,0,0,0.0,0.0,Never hotspot,0,0,0,0.0,0.0,0.0,7,9,8,9,5,8.0,7.0,-1.0,Never hotspot
R123_C035,0,0,0,0,0,0,0.0,0.0,Never hotspot,0,0,0,0.0,0.0,0.0,5,2,1,1,2,3.5,1.5,-2.0,Never hotspot
R123_C036,0,0,0,0,0,0,0.0,0.0,Never hotspot,0,0,0,0.0,0.0,0.0,2,1,2,3,1,1.5,2.0,0.5,Never hotspot
R123_C037,0,0,0,0,0,0,0.0,0.0,Never hotspot,0,0,0,0.0,0.0,0.0,2,2,1,2,3,2.0,2.5,0.5,Never hotspot
R123_C038,0,0,0,0,0,0,0.0,0.0,Never hotspot,0,0,0,0.0,0.0,0.0,0,0,1,0,0,0.0,0.0,0.0,Never hotspot
R123_C040,0,0,0,0,0,0,0.0,0.0,Never hotspot,0,0,0,0.0,0.0,0.0,0,1,3,4,0,0.5,2.0,1.5,Never hotspot
R123_C041,0,0,0,0,0,0,0.0,0.0,Never hotspot,0,0,0,0.0,0.0,0.0,0,1,1,1,0,0.5,0.5,0.0,Never hotspot
R123_C042,0,0,0,0,0,0,0.0,0.0,Never hotspot,0,0,0,0.0,0.0,0.0,0,2,1,1,0,1.0,0.5,-0.5,Never hotspot
R123_C043,0,0,0,0,0,0,0.0,0.0,Never hotspot,0,0,0,0.0,0.0,0.0,0,0,0,1,1,0.0,1.0,1.0,Never hotspot
R123_C044,0,0,0,0,0,0,0.0,0.0,Never hotspot,0,0,0,0.0,0.0,0.0,0,2,3,3,2,1.0,2.5,1.5,Never hotspot
R123_C045,0,0,0,0,0,0,0.0,0.0,Never hotspot,0,0,0,0.0,0.0,0.0,2,1,0,1,2,1.5,1.5,0.0,Never hotspot
R123_C046,0,0,0,0,0,0,0.0,0.0,Never hotspot,0,0,0,0.0,0.0,0.0,1,1,1,1,1,1.0,1.0,0.0,Never hotspot
R123_C049,0,0,0,0,0,0,0.0,0.0,Never hotspot,0,0,0,0.0,0.0,0.0,0,0,1,1,0,0.0,0.5,0.5,Never hotspot
R123_C053,0,0,0,0,0,0,0.0,0.0,Never hotspot,0,0,0,0.0,0.0,0.0,1,0,0,0,0,0.5,0.0,-0.5,Never hotspot
R123_C055,0,0,0,0,0,0,0.0,0.0,Never hotspot,0,0,0,0.0,0.0,0.0,1,1,2,1,0,1.0,0.5,-0.5,Never hotspot
R123_C056,0,0,0,0,0,0,0.0,0.0,Never hotspot,0,0,0,0.0,0.0,0.0,1,8,4,5,0,4.5,2.5,-2.0,Never hotspot
R123_C057,0,0,0,0,0,0,0.0,0.0,Never hotspot,0,0,0,0.0,0.0,0.0,0,0,0,2,0,0.0,1.0,1.0,Never hotspot
R123_C058,0,0,0,0,0,0,0.0,0.0,Never hotspot,0,0,0,0.0,0.0,0.0,0,0,0,0,1,0.0,0.5,0.5,Never hotspot
R123_C059,0,0,0,0,0,0,0.0,0.0,Never hotspot,0,0,0,0.0,0.0,0.0,1,1,1,1,0,1.0,0.5,-0.5,Never hotspot
R123_C060,0,0,0,0,0,0,0.0,0.0,Never hotspot,0,0,0,0.0,0.0,0.0,0,0,0,1,0,0.0,0.5,0.5,Never hotspot
R123_C061,0,0,0,0,0,0,0.0,0.0,Never hotspot,0,0,0,0.0,0.0,0.0,0,0,3,0,0,0.0,0.0,0.0,Never hotspot
R123_C066,0,0,0,0,0,0,0.0,0.0,Never hotspot,0,0,0,0.0,0.0,0.0,1,1,3,2,3,1.0,2.5,1.5,Never hotspot
R123_C067,0,0,0,0,0,0,0.0,0.0,Never hotspot,0,0,0,0.0,0.0,0.0,0,0,2,2,0,0.0,1.0,1.0,Never hotspot
R123_C068,0,0,0,0,0,0,0.0,0.0,Never hotspot,0,0,0,0.0,0.0,0.0,1,1,0,0,0,1.0,0.0,-1.0,Never hotspot
R123_C069,0,0,0,0,0,0,0.0,0.0,Never hotspot,0,0,0,0.0,0.0,0.0,2,0,2,2,0,1.0,1.0,0.0,Never hotspot
R123_C070,0,0,0,0,0,0,0.0,0.0,Never hotspot,0,0,0,0.0,0.0,0.0,2,2,3,4,1,2.0,2.5,0.5,Never hotspot
R123_C071,0,0,0,0,0,0,0.0,0.0,Never hotspot,0,0,0,0.0,0.0,0.0,2,2,3,1,2,2.0,1.5,-0.5,Never hotspot
R124_C020,0,0,0,0,0,0,0.0,0.0,Never hotspot,0,0,0,0.0,0.0,0.0,0,0,0,0,1,0.0,0.5,0.5,Never hotspot
R124_C027,0,0,0,0,0,0,0.0,0.0,Never hotspot,0,0,0,0.0,0.0,0.0,2,1,1,2,0,1.5,1.0,-0.5,Never hotspot
R124_C033,0,0,0,0,0,0,0.0,0.0,Never hotspot,0,0,0,0.0,0.0,0.0,3,4,7,4,2,3.5,3.0,-0.5,Never hotspot
R124_C034,0,0,0,0,0,0,0.0,0.0,Never hotspot,0,0,0,0.0,0.0,0.0,5,1,4,1,1,3.0,1.0,-2.0,Never hotspot
R124_C035,0,0,0,0,0,0,0.0,0.0,Never hotspot,0,0,0,0.0,0.0,0.0,6,1,2,4,2,3.5,3.0,-0.5,Never hotspot
R124_C036,0,0,0,0,0,0,0.0,0.0,Never hotspot,0,0,0,0.0,0.0,0.0,2,0,3,3,1,1.0,2.0,1.0,Never hotspot
R124_C037,0,0,0,0,0,0,0.0,0.0,Never hotspot,0,0,0,0.0,0.0,0.0,0,0,1,0,0,0.0,0.0,0.0,Never hotspot
R124_C040,0,0,0,0,0,0,0.0,0.0,Never hotspot,0,0,0,0.0,0.0,0.0,0,1,0,1,0,0.5,0.5,0.0,Never hotspot
R124_C043,0,0,0,0,0,0,0.0,0.0,Never hotspot,0,0,0,0.0,0.0,0.0,0,0,3,1,3,0.0,2.0,2.0,Never hotspot
R124_C044,0,0,0,0,0,0,0.0,0.0,Never hotspot,0,0,0,0.0,0.0,0.0,2,2,4,3,10,2.0,6.5,4.5,Never hotspot
R124_C049,0,0,0,0,0,0,0.0,0.0,Never hotspot,0,0,0,0.0,0.0,0.0,1,1,0,1,0,1.0,0.5,-0.5,Never hotspot
R124_C056,0,0,0,0,0,0,0.0,0.0,Never hotspot,0,0,0,0.0,0.0,0.0,1,2,3,3,2,1.5,2.5,1.0,Never hotspot
R124_C057,0,0,0,0,0,0,0.0,0.0,Never hotspot,0,0,0,0.0,0.0,0.0,3,1,4,8,2,2.0,5.0,3.0,Never hotspot
R124_C058,0,0,0,0,0,0,0.0,0.0,Never hotspot,0,0,0,0.0,0.0,0.0,1,3,2,1,4,2.0,2.5,0.5,Never hotspot
R124_C059,0,0,0,0,0,0,0.0,0.0,Never hotspot,0,0,0,0.0,0.0,0.0,1,1,1,2,0,1.0,1.0,0.0,Never hotspot
R124_C060,0,0,0,0,0,0,0.0,0.0,Never hotspot,0,0,0,0.0,0.0,0.0,0,0,2,0,3,0.0,1.5,1.5,Never hotspot
R124_C061,0,0,0,0,0,0,0.0,0.0,Never hotspot,0,0,0,0.0,0.0,0.0,3,1,2,1,1,2.0,1.0,-1.0,Never hotspot
R124_C062,0,0,0,0,0,0,0.0,0.0,Never hotspot,0,0,0,0.0,0.0,0.0,1,0,0,0,1,0.5,0.5,0.0,Never hotspot
R124_C065,0,0,0,0,0,0,0.0,0.0,Never hotspot,0,0,0,0.0,0.0,0.0,1,0,0,1,1,0.5,1.0,0.5,Never hotspot
R124_C068,0,0,0,0,0,0,0.0,0.0,Never hotspot,0,0,0,0.0,0.0,0.0,0,0,0,0,1,0.0,0.5,0.5,Never hotspot
R124_C069,0,0,0,0,0,0,0.0,0.0,Never hotspot,0,0,0,0.0,0.0,0.0,2,2,4,3,2,2.0,2.5,0.5,Never hotspot
R124_C070,0,0,0,0,0,0,0.0,0.0,Never hotspot,0,0,0,0.0,0.0,0.0,0,1,0,0,2,0.5,1.0,0.5,Never hotspot
R124_C071,0,0,0,0,0,0,0.0,0.0,Never hotspot,0,0,0,0.0,0.0,0.0,2,1,1,3,0,1.5,1.5,0.0,Never hotspot
R125_C020,0,0,0,0,0,0,0.0,0.0,Never hotspot,0,0,0,0.0,0.0,0.0,0,0,1,1,0,0.0,0.5,0.5,Never hotspot
R125_C022,0,0,0,0,0,0,0.0,0.0,Never hotspot,0,0,0,0.0,0.0,0.0,0,0,0,1,0,0.0,0.5,0.5,Never hotspot
R125_C026,0,0,0,0,0,0,0.0,0.0,Never hotspot,0,0,0,0.0,0.0,0.0,0,0,0,0,1,0.0,0.5,0.5,Never hotspot
R125_C027,0,0,0,0,0,0,0.0,0.0,Never hotspot,0,0,0,0.0,0.0,0.0,0,2,1,0,1,1.0,0.5,-0.5,Never hotspot
R125_C033,0,0,0,0,0,0,0.0,0.0,Never hotspot,0,0,0,0.0,0.0,0.0,13,11,20,24,16,12.0,20.0,8.0,Never hotspot
R125_C034,0,0,0,0,0,0,0.0,0.0,Never hotspot,0,0,0,0.0,0.0,0.0,5,7,6,6,3,6.0,4.5,-1.5,Never hotspot
R125_C035,1,0,0,0,0,1,0.2,0.2,Occasional hotspot,1,1,0,0.5,0.0,-0.5,35,22,27,31,26,28.5,28.5,0.0,Declining
R125_C036,0,0,0,0,0,0,0.0,0.0,Never hotspot,0,0,0,0.0,0.0,0.0,5,4,5,3,0,4.5,1.5,-3.0,Never hotspot
R125_C037,0,0,0,0,0,0,0.0,0.0,Never hotspot,0,0,0,0.0,0.0,0.0,3,5,6,1,5,4.0,3.0,-1.0,Never hotspot
R125_C038,0,0,0,0,0,0,0.0,0.0,Never hotspot,0,0,0,0.0,0.0,0.0,0,0,0,3,3,0.0,3.0,3.0,Never hotspot
R125_C039,0,0,0,0,0,0,0.0,0.0,Never hotspot,0,0,0,0.0,0.0,0.0,2,0,0,1,1,1.0,1.0,0.0,Never hotspot
R125_C040,0,0,0,0,0,0,0.0,0.0,Never hotspot,0,0,0,0.0,0.0,0.0,0,0,1,2,1,0.0,1.5,1.5,Never hotspot
R125_C043,0,0,0,0,0,0,0.0,0.0,Never hotspot,0,0,0,0.0,0.0,0.0,6,3,5,2,4,4.5,3.0,-1.5,Never hotspot
R125_C044,0,0,0,0,0,0,0.0,0.0,Never hotspot,0,0,0,0.0,0.0,0.0,2,1,1,1,1,1.5,1.0,-0.5,Never hotspot
R125_C045,0,0,0,0,0,0,0.0,0.0,Never hotspot,0,0,0,0.0,0.0,0.0,1,2,0,1,2,1.5,1.5,0.0,Never hotspot
R125_C046,0,0,0,0,0,0,0.0,0.0,Never hotspot,0,0,0,0.0,0.0,0.0,3,0,1,0,3,1.5,1.5,0.0,Never hotspot
R125_C047,0,0,0,0,0,0,0.0,0.0,Never hotspot,0,0,0,0.0,0.0,0.0,1,2,1,3,0,1.5,1.5,0.0,Never hotspot
R125_C048,0,0,0,0,0,0,0.0,0.0,Never hotspot,0,0,0,0.0,0.0,0.0,0,1,2,0,0,0.5,0.0,-0.5,Never hotspot
R125_C050,0,0,0,0,0,0,0.0,0.0,Never hotspot,0,0,0,0.0,0.0,0.0,0,1,1,1,0,0.5,0.5,0.0,Never hotspot
R125_C051,0,0,0,0,0,0,0.0,0.0,Never hotspot,0,0,0,0.0,0.0,0.0,0,0,1,0,1,0.0,0.5,0.5,Never hotspot
R125_C052,0,0,0,0,0,0,0.0,0.0,Never hotspot,0,0,0,0.0,0.0,0.0,2,0,2,0,0,1.0,0.0,-1.0,Never hotspot
R125_C053,0,0,0,0,0,0,0.0,0.0,Never hotspot,0,0,0,0.0,0.0,0.0,4,1,2,3,1,2.5,2.0,-0.5,Never hotspot
R125_C054,0,0,0,0,0,0,0.0,0.0,Never hotspot,0,0,0,0.0,0.0,0.0,1,0,2,0,2,0.5,1.0,0.5,Never hotspot
R125_C055,0,0,0,0,0,0,0.0,0.0,Never hotspot,0,0,0,0.0,0.0,0.0,0,0,0,1,1,0.0,1.0,1.0,Never hotspot
R125_C056,0,0,0,0,0,0,0.0,0.0,Never hotspot,0,0,0,0.0,0.0,0.0,4,5,5,5,3,4.5,4.0,-0.5,Never hotspot
R125_C057,0,0,0,0,0,0,0.0,0.0,Never hotspot,0,0,0,0.0,0.0,0.0,1,1,0,1,4,1.0,2.5,1.5,Never hotspot
R125_C058,0,0,0,0,0,0,0.0,0.0,Never hotspot,0,0,0,0.0,0.0,0.0,0,1,1,2,1,0.5,1.5,1.0,Never hotspot
R125_C059,0,0,0,0,0,0,0.0,0.0,Never hotspot,0,0,0,0.0,0.0,0.0,1,0,1,0,0,0.5,0.0,-0.5,Never hotspot
R125_C060,0,0,0,0,0,0,0.0,0.0,Never hotspot,0,0,0,0.0,0.0,0.0,0,2,0,1,0,1.0,0.5,-0.5,Never hotspot
R125_C061,0,0,0,0,0,0,0.0,0.0,Never hotspot,0,0,0,0.0,0.0,0.0,0,5,1,2,1,2.5,1.5,-1.0,Never hotspot
R125_C062,0,0,0,0,0,0,0.0,0.0,Never hotspot,0,0,0,0.0,0.0,0.0,1,2,0,0,0,1.5,0.0,-1.5,Never hotspot
R125_C063,0,0,0,0,0,0,0.0,0.0,Never hotspot,0,0,0,0.0,0.0,0.0,0,0,0,1,0,0.0,0.5,0.5,Never hotspot
R125_C064,0,0,0,0,0,0,0.0,0.0,Never hotspot,0,0,0,0.0,0.0,0.0,0,0,1,1,0,0.0,0.5,0.5,Never hotspot
R125_C065,0,0,0,0,0,0,0.0,0.0,Never hotspot,0,0,0,0.0,0.0,0.0,0,1,1,3,0,0.5,1.5,1.0,Never hotspot
R125_C067,0,0,0,0,0,0,0.0,0.0,Never hotspot,0,0,0,0.0,0.0,0.0,0,0,0,1,0,0.0,0.5,0.5,Never hotspot
R125_C068,0,0,0,0,0,0,0.0,0.0,Never hotspot,0,0,0,0.0,0.0,0.0,0,0,0,1,2,0.0,1.5,1.5,Never hotspot
R125_C069,0,0,0,0,0,0,0.0,0.0,Never hotspot,0,0,0,0.0,0.0,0.0,1,0,2,1,1,0.5,1.0,0.5,Never hotspot
R126_C027,0,0,0,0,0,0,0.0,0.0,Never hotspot,0,0,0,0.0,0.0,0.0,0,0,1,1,1,0.0,1.0,1.0,Never hotspot
R126_C031,0,0,0,0,0,0,0.0,0.0,Never hotspot,0,0,0,0.0,0.0,0.0,8,8,10,5,11,8.0,8.0,0.0,Never hotspot
R126_C032,0,0,0,0,0,0,0.0,0.0,Never hotspot,0,0,0,0.0,0.0,0.0,18,9,9,12,13,13.5,12.5,-1.0,Never hotspot
R126_C033,0,0,0,0,0,0,0.0,0.0,Never hotspot,0,0,0,0.0,0.0,0.0,13,13,13,15,9,13.0,12.0,-1.0,Never hotspot
R126_C034,0,0,0,0,0,0,0.0,0.0,Never hotspot,0,0,0,0.0,0.0,0.0,3,2,2,3,0,2.5,1.5,-1.0,Never hotspot
R126_C035,0,0,0,0,0,0,0.0,0.0,Never hotspot,0,0,0,0.0,0.0,0.0,6,5,5,2,9,5.5,5.5,0.0,Never hotspot
R126_C036,0,0,0,0,0,0,0.0,0.0,Never hotspot,0,0,0,0.0,0.0,0.0,4,0,4,1,4,2.0,2.5,0.5,Never hotspot
R126_C039,0,0,0,0,0,0,0.0,0.0,Never hotspot,0,0,0,0.0,0.0,0.0,1,0,0,0,0,0.5,0.0,-0.5,Never hotspot
R126_C040,0,0,0,0,0,0,0.0,0.0,Never hotspot,0,0,0,0.0,0.0,0.0,2,3,0,2,1,2.5,1.5,-1.0,Never hotspot
R126_C041,0,0,0,0,0,0,0.0,0.0,Never hotspot,0,0,0,0.0,0.0,0.0,2,0,2,3,2,1.0,2.5,1.5,Never hotspot
R126_C042,0,0,0,0,0,0,0.0,0.0,Never hotspot,0,0,0,0.0,0.0,0.0,6,2,2,6,4,4.0,5.0,1.0,Never hotspot
R126_C043,0,0,0,0,0,0,0.0,0.0,Never hotspot,0,0,0,0.0,0.0,0.0,7,3,6,7,4,5.0,5.5,0.5,Never hotspot
R126_C044,0,0,0,0,0,0,0.0,0.0,Never hotspot,0,0,0,0.0,0.0,0.0,7,5,8,11,7,6.0,9.0,3.0,Never hotspot
R126_C045,0,0,0,0,0,0,0.0,0.0,Never hotspot,0,0,0,0.0,0.0,0.0,3,2,3,2,1,2.5,1.5,-1.0,Never hotspot
R126_C046,0,0,0,0,0,0,0.0,0.0,Never hotspot,0,0,0,0.0,0.0,0.0,0,0,0,0,2,0.0,1.0,1.0,Never hotspot
R126_C047,0,0,0,0,0,0,0.0,0.0,Never hotspot,0,0,0,0.0,0.0,0.0,0,0,2,1,2,0.0,1.5,1.5,Never hotspot
R126_C048,0,0,0,0,0,0,0.0,0.0,Never hotspot,0,0,0,0.0,0.0,0.0,2,2,4,1,1,2.0,1.0,-1.0,Never hotspot
R126_C049,0,0,0,0,0,0,0.0,0.0,Never hotspot,0,0,0,0.0,0.0,0.0,0,2,1,1,0,1.0,0.5,-0.5,Never hotspot
R126_C050,0,0,0,0,0,0,0.0,0.0,Never hotspot,0,0,0,0.0,0.0,0.0,1,0,0,0,1,0.5,0.5,0.0,Never hotspot
R126_C051,0,0,0,0,0,0,0.0,0.0,Never hotspot,0,0,0,0.0,0.0,0.0,0,0,0,1,0,0.0,0.5,0.5,Never hotspot
R126_C052,0,0,0,0,0,0,0.0,0.0,Never hotspot,0,0,0,0.0,0.0,0.0,0,3,0,1,2,1.5,1.5,0.0,Never hotspot
R126_C056,0,0,0,0,0,0,0.0,0.0,Never hotspot,0,0,0,0.0,0.0,0.0,2,1,0,1,0,1.5,0.5,-1.0,Never hotspot
R126_C057,0,0,0,0,0,0,0.0,0.0,Never hotspot,0,0,0,0.0,0.0,0.0,1,0,0,0,0,0.5,0.0,-0.5,Never hotspot
R126_C058,0,0,0,0,0,0,0.0,0.0,Never hotspot,0,0,0,0.0,0.0,0.0,1,3,0,0,1,2.0,0.5,-1.5,Never hotspot
R126_C059,0,0,0,0,0,0,0.0,0.0,Never hotspot,0,0,0,0.0,0.0,0.0,0,1,2,4,0,0.5,2.0,1.5,Never hotspot
R126_C060,0,0,0,0,0,0,0.0,0.0,Never hotspot,0,0,0,0.0,0.0,0.0,0,0,1,1,2,0.0,1.5,1.5,Never hotspot
R126_C061,0,0,0,0,0,0,0.0,0.0,Never hotspot,0,0,0,0.0,0.0,0.0,1,1,1,0,0,1.0,0.0,-1.0,Never hotspot
R126_C062,0,0,0,0,0,0,0.0,0.0,Never hotspot,0,0,0,0.0,0.0,0.0,1,1,0,0,0,1.0,0.0,-1.0,Never hotspot
R126_C063,0,0,0,0,0,0,0.0,0.0,Never hotspot,0,0,0,0.0,0.0,0.0,0,0,0,1,0,0.0,0.5,0.5,Never hotspot
R126_C064,0,0,0,0,0,0,0.0,0.0,Never hotspot,0,0,0,0.0,0.0,0.0,1,0,1,0,1,0.5,0.5,0.0,Never hotspot
R126_C065,0,0,0,0,0,0,0.0,0.0,Never hotspot,0,0,0,0.0,0.0,0.0,0,0,1,0,0,0.0,0.0,0.0,Never hotspot
R126_C066,0,0,0,0,0,0,0.0,0.0,Never hotspot,0,0,0,0.0,0.0,0.0,1,2,0,0,0,1.5,0.0,-1.5,Never hotspot
R126_C067,0,0,0,0,0,0,0.0,0.0,Never hotspot,0,0,0,0.0,0.0,0.0,0,2,0,2,1,1.0,1.5,0.5,Never hotspot
R126_C068,0,0,0,0,0,0,0.0,0.0,Never hotspot,0,0,0,0.0,0.0,0.0,0,0,1,0,1,0.0,0.5,0.5,Never hotspot
R126_C069,0,0,0,0,0,0,0.0,0.0,Never hotspot,0,0,0,0.0,0.0,0.0,0,0,2,0,0,0.0,0.0,0.0,Never hotspot
R127_C021,0,0,0,0,0,0,0.0,0.0,Never hotspot,0,0,0,0.0,0.0,0.0,1,0,0,0,0,0.5,0.0,-0.5,Never hotspot
R127_C027,0,0,0,0,0,0,0.0,0.0,Never hotspot,0,0,0,0.0,0.0,0.0,0,1,0,0,0,0.5,0.0,-0.5,Never hotspot
R127_C030,0,0,0,0,0,0,0.0,0.0,Never hotspot,0,0,0,0.0,0.0,0.0,1,1,0,0,0,1.0,0.0,-1.0,Never hotspot
R127_C031,0,0,0,0,0,0,0.0,0.0,Never hotspot,0,0,0,0.0,0.0,0.0,1,1,5,3,5,1.0,4.0,3.0,Never hotspot
R127_C032,0,0,0,0,0,0,0.0,0.0,Never hotspot,0,0,0,0.0,0.0,0.0,4,7,2,4,5,5.5,4.5,-1.0,Never hotspot
R127_C033,0,0,0,0,0,0,0.0,0.0,Never hotspot,0,0,0,0.0,0.0,0.0,0,0,1,0,1,0.0,0.5,0.5,Never hotspot
R127_C034,0,0,0,0,0,0,0.0,0.0,Never hotspot,0,0,0,0.0,0.0,0.0,2,1,0,2,2,1.5,2.0,0.5,Never hotspot
R127_C035,0,0,0,0,0,0,0.0,0.0,Never hotspot,0,0,0,0.0,0.0,0.0,0,2,1,2,2,1.0,2.0,1.0,Never hotspot
R127_C036,0,0,0,0,0,0,0.0,0.0,Never hotspot,0,0,0,0.0,0.0,0.0,2,1,0,8,1,1.5,4.5,3.0,Never hotspot
R127_C038,0,0,0,0,0,0,0.0,0.0,Never hotspot,0,0,0,0.0,0.0,0.0,0,1,0,1,0,0.5,0.5,0.0,Never hotspot
R127_C040,0,0,0,0,0,0,0.0,0.0,Never hotspot,0,0,0,0.0,0.0,0.0,2,3,2,2,3,2.5,2.5,0.0,Never hotspot
R127_C041,0,0,0,0,0,0,0.0,0.0,Never hotspot,0,0,0,0.0,0.0,0.0,4,1,4,4,7,2.5,5.5,3.0,Never hotspot
R127_C042,0,0,0,0,0,0,0.0,0.0,Never hotspot,0,0,0,0.0,0.0,0.0,8,6,7,10,10,7.0,10.0,3.0,Never hotspot
R127_C043,0,0,0,0,0,0,0.0,0.0,Never hotspot,0,0,0,0.0,0.0,0.0,0,2,1,2,2,1.0,2.0,1.0,Never hotspot
R127_C044,0,0,0,0,0,0,0.0,0.0,Never hotspot,0,0,0,0.0,0.0,0.0,5,2,2,0,0,3.5,0.0,-3.5,Never hotspot
R127_C045,0,0,0,0,0,0,0.0,0.0,Never hotspot,0,0,0,0.0,0.0,0.0,9,3,2,2,6,6.0,4.0,-2.0,Never hotspot
R127_C046,0,0,0,0,0,0,0.0,0.0,Never hotspot,0,0,0,0.0,0.0,0.0,1,1,2,0,2,1.0,1.0,0.0,Never hotspot
R127_C047,0,0,0,0,0,0,0.0,0.0,Never hotspot,0,0,0,0.0,0.0,0.0,0,0,0,0,1,0.0,0.5,0.5,Never hotspot
R127_C048,0,0,0,0,0,0,0.0,0.0,Never hotspot,0,0,0,0.0,0.0,0.0,1,0,0,0,0,0.5,0.0,-0.5,Never hotspot
R127_C049,0,0,0,0,0,0,0.0,0.0,Never hotspot,0,0,0,0.0,0.0,0.0,0,1,1,2,1,0.5,1.5,1.0,Never hotspot
R127_C050,0,0,0,0,0,0,0.0,0.0,Never hotspot,0,0,0,0.0,0.0,0.0,2,0,0,0,3,1.0,1.5,0.5,Never hotspot
R127_C051,0,0,0,0,0,0,0.0,0.0,Never hotspot,0,0,0,0.0,0.0,0.0,1,0,0,1,0,0.5,0.5,0.0,Never hotspot
R127_C053,0,0,0,0,0,0,0.0,0.0,Never hotspot,0,0,0,0.0,0.0,0.0,0,0,0,0,1,0.0,0.5,0.5,Never hotspot
R127_C055,0,0,0,0,0,0,0.0,0.0,Never hotspot,0,0,0,0.0,0.0,0.0,2,1,2,1,1,1.5,1.0,-0.5,Never hotspot
R127_C057,0,0,0,0,0,0,0.0,0.0,Never hotspot,0,0,0,0.0,0.0,0.0,1,1,2,1,2,1.0,1.5,0.5,Never hotspot
R127_C058,0,0,0,0,0,0,0.0,0.0,Never hotspot,0,0,0,0.0,0.0,0.0,0,0,0,1,0,0.0,0.5,0.5,Never hotspot
R127_C059,0,0,0,0,0,0,0.0,0.0,Never hotspot,0,0,0,0.0,0.0,0.0,0,1,1,0,0,0.5,0.0,-0.5,Never hotspot
R127_C061,0,0,0,0,0,0,0.0,0.0,Never hotspot,0,0,0,0.0,0.0,0.0,0,0,1,2,1,0.0,1.5,1.5,Never hotspot
R127_C062,0,0,0,0,0,0,0.0,0.0,Never hotspot,0,0,0,0.0,0.0,0.0,1,0,0,0,0,0.5,0.0,-0.5,Never hotspot
R127_C063,0,0,0,0,0,0,0.0,0.0,Never hotspot,0,0,0,0.0,0.0,0.0,0,0,1,0,1,0.0,0.5,0.5,Never hotspot
R127_C064,0,0,0,0,0,0,0.0,0.0,Never hotspot,0,0,0,0.0,0.0,0.0,1,0,0,0,1,0.5,0.5,0.0,Never hotspot
R127_C065,0,0,0,0,0,0,0.0,0.0,Never hotspot,0,0,0,0.0,0.0,0.0,0,1,0,0,1,0.5,0.5,0.0,Never hotspot
R127_C066,0,0,0,0,0,0,0.0,0.0,Never hotspot,0,0,0,0.0,0.0,0.0,0,0,0,1,0,0.0,0.5,0.5,Never hotspot
R127_C067,0,0,0,0,0,0,0.0,0.0,Never hotspot,0,0,0,0.0,0.0,0.0,1,4,1,0,1,2.5,0.5,-2.0,Never hotspot
R128_C013,0,0,0,0,0,0,0.0,0.0,Never hotspot,0,0,0,0.0,0.0,0.0,1,1,1,0,1,1.0,0.5,-0.5,Never hotspot
R128_C021,0,0,0,0,0,0,0.0,0.0,Never hotspot,0,0,0,0.0,0.0,0.0,0,0,1,0,1,0.0,0.5,0.5,Never hotspot
R128_C023,0,0,0,0,0,0,0.0,0.0,Never hotspot,0,0,0,0.0,0.0,0.0,1,0,0,0,0,0.5,0.0,-0.5,Never hotspot
R128_C030,0,0,0,0,0,0,0.0,0.0,Never hotspot,0,0,0,0.0,0.0,0.0,0,0,1,0,0,0.0,0.0,0.0,Never hotspot
R128_C031,0,0,0,0,0,0,0.0,0.0,Never hotspot,0,0,0,0.0,0.0,0.0,0,2,2,0,0,1.0,0.0,-1.0,Never hotspot
R128_C032,0,0,0,0,0,0,0.0,0.0,Never hotspot,0,0,0,0.0,0.0,0.0,4,5,4,2,0,4.5,1.0,-3.5,Never hotspot
R128_C033,0,0,0,0,0,0,0.0,0.0,Never hotspot,0,0,0,0.0,0.0,0.0,8,7,7,4,8,7.5,6.0,-1.5,Never hotspot
R128_C034,0,0,0,0,0,0,0.0,0.0,Never hotspot,0,0,0,0.0,0.0,0.0,4,4,2,4,1,4.0,2.5,-1.5,Never hotspot
R128_C035,0,0,0,0,0,0,0.0,0.0,Never hotspot,0,0,0,0.0,0.0,0.0,3,3,1,4,0,3.0,2.0,-1.0,Never hotspot
R128_C036,0,0,0,0,0,0,0.0,0.0,Never hotspot,0,0,0,0.0,0.0,0.0,1,1,1,2,0,1.0,1.0,0.0,Never hotspot
R128_C037,0,0,0,0,0,0,0.0,0.0,Never hotspot,0,0,0,0.0,0.0,0.0,5,3,5,7,5,4.0,6.0,2.0,Never hotspot
R128_C038,0,0,0,0,0,0,0.0,0.0,Never hotspot,0,0,0,0.0,0.0,0.0,2,1,5,2,6,1.5,4.0,2.5,Never hotspot
R128_C039,0,0,0,0,0,0,0.0,0.0,Never hotspot,0,0,0,0.0,0.0,0.0,15,17,19,19,19,16.0,19.0,3.0,Never hotspot
R128_C040,0,0,0,0,0,0,0.0,0.0,Never hotspot,0,0,0,0.0,0.0,0.0,1,4,5,6,8,2.5,7.0,4.5,Never hotspot
R128_C041,0,0,0,0,0,0,0.0,0.0,Never hotspot,0,0,0,0.0,0.0,0.0,8,6,11,7,18,7.0,12.5,5.5,Never hotspot
R128_C042,0,0,0,0,0,0,0.0,0.0,Never hotspot,0,0,0,0.0,0.0,0.0,23,12,19,21,14,17.5,17.5,0.0,Never hotspot
R128_C043,0,0,0,0,0,0,0.0,0.0,Never hotspot,0,0,0,0.0,0.0,0.0,14,3,6,13,10,8.5,11.5,3.0,Never hotspot
R128_C044,0,0,0,0,0,0,0.0,0.0,Never hotspot,0,0,0,0.0,0.0,0.0,1,0,1,1,1,0.5,1.0,0.5,Never hotspot
R128_C045,0,0,0,0,0,0,0.0,0.0,Never hotspot,0,0,0,0.0,0.0,0.0,3,0,0,1,2,1.5,1.5,0.0,Never hotspot
R128_C046,0,0,0,0,0,0,0.0,0.0,Never hotspot,0,0,0,0.0,0.0,0.0,0,1,0,0,0,0.5,0.0,-0.5,Never hotspot
R128_C047,0,0,0,0,0,0,0.0,0.0,Never hotspot,0,0,0,0.0,0.0,0.0,1,0,0,1,0,0.5,0.5,0.0,Never hotspot
R128_C049,0,0,0,0,0,0,0.0,0.0,Never hotspot,0,0,0,0.0,0.0,0.0,0,1,0,0,1,0.5,0.5,0.0,Never hotspot
R128_C051,0,0,0,0,0,0,0.0,0.0,Never hotspot,0,0,0,0.0,0.0,0.0,0,3,2,0,2,1.5,1.0,-0.5,Never hotspot
R128_C054,0,0,0,0,0,0,0.0,0.0,Never hotspot,0,0,0,0.0,0.0,0.0,0,1,0,0,0,0.5,0.0,-0.5,Never hotspot
R128_C055,0,0,0,0,0,0,0.0,0.0,Never hotspot,0,0,0,0.0,0.0,0.0,0,2,2,0,0,1.0,0.0,-1.0,Never hotspot
R128_C056,0,0,0,0,0,0,0.0,0.0,Never hotspot,0,0,0,0.0,0.0,0.0,0,1,0,0,1,0.5,0.5,0.0,Never hotspot
R128_C057,0,0,0,0,0,0,0.0,0.0,Never hotspot,0,0,0,0.0,0.0,0.0,1,1,0,0,3,1.0,1.5,0.5,Never hotspot
R128_C062,0,0,0,0,0,0,0.0,0.0,Never hotspot,0,0,0,0.0,0.0,0.0,0,2,1,2,0,1.0,1.0,0.0,Never hotspot
R128_C063,0,0,0,0,0,0,0.0,0.0,Never hotspot,0,0,0,0.0,0.0,0.0,2,3,1,0,2,2.5,1.0,-1.5,Never hotspot
R128_C064,0,0,0,0,0,0,0.0,0.0,Never hotspot,0,0,0,0.0,0.0,0.0,2,2,2,0,0,2.0,0.0,-2.0,Never hotspot
R128_C065,0,0,0,0,0,0,0.0,0.0,Never hotspot,0,0,0,0.0,0.0,0.0,0,0,0,0,2,0.0,1.0,1.0,Never hotspot
R128_C066,0,0,0,0,0,0,0.0,0.0,Never hotspot,0,0,0,0.0,0.0,0.0,12,13,8,10,17,12.5,13.5,1.0,Never hotspot
R128_C067,0,0,0,0,0,0,0.0,0.0,Never hotspot,0,0,0,0.0,0.0,0.0,0,2,0,0,0,1.0,0.0,-1.0,Never hotspot
R129_C013,0,0,0,0,0,0,0.0,0.0,Never hotspot,0,0,0,0.0,0.0,0.0,1,1,0,1,0,1.0,0.5,-0.5,Never hotspot
R129_C028,0,0,0,0,0,0,0.0,0.0,Never hotspot,0,0,0,0.0,0.0,0.0,1,0,0,0,0,0.5,0.0,-0.5,Never hotspot
R129_C030,0,0,0,0,0,0,0.0,0.0,Never hotspot,0,0,0,0.0,0.0,0.0,1,2,0,0,0,1.5,0.0,-1.5,Never hotspot
R129_C031,0,0,0,0,0,0,0.0,0.0,Never hotspot,0,0,0,0.0,0.0,0.0,3,4,2,6,2,3.5,4.0,0.5,Never hotspot
R129_C032,0,0,0,0,0,0,0.0,0.0,Never hotspot,0,0,0,0.0,0.0,0.0,0,2,2,1,2,1.0,1.5,0.5,Never hotspot
R129_C033,0,0,0,0,0,0,0.0,0.0,Never hotspot,0,0,0,0.0,0.0,0.0,0,1,4,3,1,0.5,2.0,1.5,Never hotspot
R129_C034,0,0,0,0,0,0,0.0,0.0,Never hotspot,0,0,0,0.0,0.0,0.0,3,5,3,3,2,4.0,2.5,-1.5,Never hotspot
R129_C035,0,0,0,0,0,0,0.0,0.0,Never hotspot,0,0,0,0.0,0.0,0.0,0,0,4,4,5,0.0,4.5,4.5,Never hotspot
R129_C036,0,0,0,0,0,0,0.0,0.0,Never hotspot,0,0,0,0.0,0.0,0.0,3,5,6,5,3,4.0,4.0,0.0,Never hotspot
R129_C037,0,0,0,0,1,1,0.2,0.2,Occasional hotspot,1,0,1,0.0,0.5,0.5,29,29,29,32,36,29.0,34.0,5.0,Emerging
R129_C038,0,0,0,0,0,0,0.0,0.0,Never hotspot,0,0,0,0.0,0.0,0.0,22,29,23,30,19,25.5,24.5,-1.0,Never hotspot
R129_C039,0,0,0,0,0,0,0.0,0.0,Never hotspot,0,0,0,0.0,0.0,0.0,18,13,18,24,14,15.5,19.0,3.5,Never hotspot
R129_C040,0,0,0,0,0,0,0.0,0.0,Never hotspot,0,0,0,0.0,0.0,0.0,11,27,11,24,21,19.0,22.5,3.5,Never hotspot
R129_C041,1,1,1,1,1,5,1.0,1.0,Persistent hotspot,5,2,2,1.0,1.0,0.0,39,36,40,44,44,37.5,44.0,6.5,Persistent
R129_C042,0,0,0,0,0,0,0.0,0.0,Never hotspot,0,0,0,0.0,0.0,0.0,26,23,27,28,25,24.5,26.5,2.0,Never hotspot
R129_C043,0,0,0,0,0,0,0.0,0.0,Never hotspot,0,0,0,0.0,0.0,0.0,8,6,13,12,15,7.0,13.5,6.5,Never hotspot
R129_C044,0,0,0,0,0,0,0.0,0.0,Never hotspot,0,0,0,0.0,0.0,0.0,4,4,6,4,1,4.0,2.5,-1.5,Never hotspot
R129_C045,0,0,0,0,0,0,0.0,0.0,Never hotspot,0,0,0,0.0,0.0,0.0,0,1,0,1,1,0.5,1.0,0.5,Never hotspot
R129_C046,0,0,0,0,0,0,0.0,0.0,Never hotspot,0,0,0,0.0,0.0,0.0,3,1,1,0,1,2.0,0.5,-1.5,Never hotspot
R129_C047,0,0,0,0,0,0,0.0,0.0,Never hotspot,0,0,0,0.0,0.0,0.0,0,0,0,1,1,0.0,1.0,1.0,Never hotspot
R129_C048,0,0,0,0,0,0,0.0,0.0,Never hotspot,0,0,0,0.0,0.0,0.0,1,0,0,1,0,0.5,0.5,0.0,Never hotspot
R129_C050,0,0,0,0,0,0,0.0,0.0,Never hotspot,0,0,0,0.0,0.0,0.0,1,2,1,2,2,1.5,2.0,0.5,Never hotspot
R129_C051,0,0,0,0,0,0,0.0,0.0,Never hotspot,0,0,0,0.0,0.0,0.0,3,0,2,2,0,1.5,1.0,-0.5,Never hotspot
R129_C052,0,0,0,0,0,0,0.0,0.0,Never hotspot,0,0,0,0.0,0.0,0.0,3,3,1,2,3,3.0,2.5,-0.5,Never hotspot
R129_C053,0,0,0,0,0,0,0.0,0.0,Never hotspot,0,0,0,0.0,0.0,0.0,2,0,0,1,1,1.0,1.0,0.0,Never hotspot
R129_C054,0,0,0,0,0,0,0.0,0.0,Never hotspot,0,0,0,0.0,0.0,0.0,1,2,2,1,1,1.5,1.0,-0.5,Never hotspot
R129_C056,0,0,0,0,0,0,0.0,0.0,Never hotspot,0,0,0,0.0,0.0,0.0,2,2,0,3,2,2.0,2.5,0.5,Never hotspot
R129_C060,0,0,0,0,0,0,0.0,0.0,Never hotspot,0,0,0,0.0,0.0,0.0,0,0,0,0,1,0.0,0.5,0.5,Never hotspot
R129_C062,0,0,0,0,0,0,0.0,0.0,Never hotspot,0,0,0,0.0,0.0,0.0,0,0,1,1,0,0.0,0.5,0.5,Never hotspot
R129_C063,0,0,0,0,0,0,0.0,0.0,Never hotspot,0,0,0,0.0,0.0,0.0,0,2,0,1,0,1.0,0.5,-0.5,Never hotspot
R129_C064,0,0,0,0,0,0,0.0,0.0,Never hotspot,0,0,0,0.0,0.0,0.0,0,0,1,1,1,0.0,1.0,1.0,Never hotspot
R129_C065,0,0,0,0,0,0,0.0,0.0,Never hotspot,0,0,0,0.0,0.0,0.0,1,1,0,1,1,1.0,1.0,0.0,Never hotspot
R129_C066,0,0,0,0,0,0,0.0,0.0,Never hotspot,0,0,0,0.0,0.0,0.0,0,0,1,1,2,0.0,1.5,1.5,Never hotspot
R130_C012,0,0,0,0,0,0,0.0,0.0,Never hotspot,0,0,0,0.0,0.0,0.0,0,0,1,0,0,0.0,0.0,0.0,Never hotspot
R130_C013,0,0,0,0,0,0,0.0,0.0,Never hotspot,0,0,0,0.0,0.0,0.0,2,0,0,1,1,1.0,1.0,0.0,Never hotspot
R130_C023,0,0,0,0,0,0,0.0,0.0,Never hotspot,0,0,0,0.0,0.0,0.0,0,0,1,1,1,0.0,1.0,1.0,Never hotspot
R130_C027,0,0,0,0,0,0,0.0,0.0,Never hotspot,0,0,0,0.0,0.0,0.0,0,0,0,0,1,0.0,0.5,0.5,Never hotspot
R130_C028,0,0,0,0,0,0,0.0,0.0,Never hotspot,0,0,0,0.0,0.0,0.0,5,3,3,2,1,4.0,1.5,-2.5,Never hotspot
R130_C029,0,0,0,0,0,0,0.0,0.0,Never hotspot,0,0,0,0.0,0.0,0.0,0,1,1,0,1,0.5,0.5,0.0,Never hotspot
R130_C030,0,0,0,0,0,0,0.0,0.0,Never hotspot,0,0,0,0.0,0.0,0.0,1,2,1,0,0,1.5,0.0,-1.5,Never hotspot
R130_C031,0,0,0,0,0,0,0.0,0.0,Never hotspot,0,0,0,0.0,0.0,0.0,1,1,0,0,0,1.0,0.0,-1.0,Never hotspot
R130_C034,0,0,0,0,0,0,0.0,0.0,Never hotspot,0,0,0,0.0,0.0,0.0,0,2,2,0,6,1.0,3.0,2.0,Never hotspot
R130_C035,0,0,0,0,0,0,0.0,0.0,Never hotspot,0,0,0,0.0,0.0,0.0,29,25,20,18,18,27.0,18.0,-9.0,Never hotspot
R130_C036,1,0,1,0,1,3,0.6,0.6,Repeated hotspot,1,1,1,0.5,0.5,0.0,44,33,36,34,52,38.5,43.0,4.5,Intermittent
R130_C037,1,1,1,1,1,5,1.0,1.0,Persistent hotspot,5,2,2,1.0,1.0,0.0,58,43,60,53,46,50.5,49.5,-1.0,Persistent
R130_C038,1,1,1,1,1,5,1.0,1.0,Persistent hotspot,5,2,2,1.0,1.0,0.0,142,100,123,102,132,121.0,117.0,-4.0,Persistent
R130_C039,1,1,1,1,1,5,1.0,1.0,Persistent hotspot,5,2,2,1.0,1.0,0.0,88,74,84,100,87,81.0,93.5,12.5,Persistent
R130_C040,0,0,0,1,1,2,0.4,0.4,Repeated hotspot,2,0,2,0.0,1.0,1.0,21,29,26,43,39,25.0,41.0,16.0,Emerging
R130_C041,1,0,0,1,0,2,0.4,0.4,Repeated hotspot,1,1,1,0.5,0.5,0.0,33,29,35,40,30,31.0,35.0,4.0,Intermittent
R130_C042,0,0,0,0,0,0,0.0,0.0,Never hotspot,0,0,0,0.0,0.0,0.0,20,18,19,21,18,19.0,19.5,0.5,Never hotspot
R130_C043,0,0,0,0,0,0,0.0,0.0,Never hotspot,0,0,0,0.0,0.0,0.0,5,1,1,4,4,3.0,4.0,1.0,Never hotspot
R130_C044,0,0,0,0,0,0,0.0,0.0,Never hotspot,0,0,0,0.0,0.0,0.0,10,7,13,10,9,8.5,9.5,1.0,Never hotspot
R130_C045,0,0,0,0,0,0,0.0,0.0,Never hotspot,0,0,0,0.0,0.0,0.0,7,11,8,5,7,9.0,6.0,-3.0,Never hotspot
R130_C046,0,0,0,0,0,0,0.0,0.0,Never hotspot,0,0,0,0.0,0.0,0.0,4,8,9,4,7,6.0,5.5,-0.5,Never hotspot
R130_C047,0,0,0,0,0,0,0.0,0.0,Never hotspot,0,0,0,0.0,0.0,0.0,7,9,13,7,5,8.0,6.0,-2.0,Never hotspot
R130_C048,0,0,0,0,0,0,0.0,0.0,Never hotspot,0,0,0,0.0,0.0,0.0,3,1,1,0,0,2.0,0.0,-2.0,Never hotspot
R130_C049,0,0,0,0,0,0,0.0,0.0,Never hotspot,0,0,0,0.0,0.0,0.0,0,0,0,2,0,0.0,1.0,1.0,Never hotspot
R130_C051,0,0,0,0,0,0,0.0,0.0,Never hotspot,0,0,0,0.0,0.0,0.0,5,12,4,7,6,8.5,6.5,-2.0,Never hotspot
R130_C052,0,0,0,0,0,0,0.0,0.0,Never hotspot,0,0,0,0.0,0.0,0.0,13,5,10,3,5,9.0,4.0,-5.0,Never hotspot
R130_C053,0,0,0,0,0,0,0.0,0.0,Never hotspot,0,0,0,0.0,0.0,0.0,9,18,23,11,12,13.5,11.5,-2.0,Never hotspot
R130_C054,0,0,0,0,0,0,0.0,0.0,Never hotspot,0,0,0,0.0,0.0,0.0,1,3,6,4,7,2.0,5.5,3.5,Never hotspot
R130_C055,0,0,0,0,0,0,0.0,0.0,Never hotspot,0,0,0,0.0,0.0,0.0,1,2,0,3,1,1.5,2.0,0.5,Never hotspot
R130_C059,0,0,0,0,0,0,0.0,0.0,Never hotspot,0,0,0,0.0,0.0,0.0,0,0,0,0,1,0.0,0.5,0.5,Never hotspot
R130_C062,0,0,0,0,0,0,0.0,0.0,Never hotspot,0,0,0,0.0,0.0,0.0,0,0,1,1,0,0.0,0.5,0.5,Never hotspot
R130_C063,0,0,0,0,0,0,0.0,0.0,Never hotspot,0,0,0,0.0,0.0,0.0,0,0,1,0,0,0.0,0.0,0.0,Never hotspot
R130_C064,0,0,0,0,0,0,0.0,0.0,Never hotspot,0,0,0,0.0,0.0,0.0,0,0,2,2,2,0.0,2.0,2.0,Never hotspot
R130_C065,0,0,0,0,0,0,0.0,0.0,Never hotspot,0,0,0,0.0,0.0,0.0,1,1,1,2,3,1.0,2.5,1.5,Never hotspot
R130_C066,0,0,0,0,0,0,0.0,0.0,Never hotspot,0,0,0,0.0,0.0,0.0,0,0,1,1,1,0.0,1.0,1.0,Never hotspot
R131_C015,0,0,0,0,0,0,0.0,0.0,Never hotspot,0,0,0,0.0,0.0,0.0,0,0,0,1,0,0.0,0.5,0.5,Never hotspot
R131_C023,0,0,0,0,0,0,0.0,0.0,Never hotspot,0,0,0,0.0,0.0,0.0,0,0,1,0,0,0.0,0.0,0.0,Never hotspot
R131_C024,0,0,0,0,0,0,0.0,0.0,Never hotspot,0,0,0,0.0,0.0,0.0,1,3,0,2,2,2.0,2.0,0.0,Never hotspot
R131_C025,0,0,0,0,0,0,0.0,0.0,Never hotspot,0,0,0,0.0,0.0,0.0,0,1,0,0,0,0.5,0.0,-0.5,Never hotspot
R131_C028,0,0,0,0,0,0,0.0,0.0,Never hotspot,0,0,0,0.0,0.0,0.0,0,1,0,3,2,0.5,2.5,2.0,Never hotspot
R131_C029,0,0,0,0,0,0,0.0,0.0,Never hotspot,0,0,0,0.0,0.0,0.0,0,2,0,2,1,1.0,1.5,0.5,Never hotspot
R131_C030,0,0,0,0,0,0,0.0,0.0,Never hotspot,0,0,0,0.0,0.0,0.0,0,3,1,3,4,1.5,3.5,2.0,Never hotspot
R131_C033,0,0,0,0,0,0,0.0,0.0,Never hotspot,0,0,0,0.0,0.0,0.0,0,2,1,2,1,1.0,1.5,0.5,Never hotspot
R131_C034,0,0,0,0,0,0,0.0,0.0,Never hotspot,0,0,0,0.0,0.0,0.0,1,1,4,6,3,1.0,4.5,3.5,Never hotspot
R131_C035,0,0,0,0,0,0,0.0,0.0,Never hotspot,0,0,0,0.0,0.0,0.0,2,1,5,4,5,1.5,4.5,3.0,Never hotspot
R131_C036,0,0,0,0,0,0,0.0,0.0,Never hotspot,0,0,0,0.0,0.0,0.0,20,17,18,16,19,18.5,17.5,-1.0,Never hotspot
R131_C037,1,1,1,1,1,5,1.0,1.0,Persistent hotspot,5,2,2,1.0,1.0,0.0,63,61,66,75,90,62.0,82.5,20.5,Persistent
R131_C038,1,1,1,1,1,5,1.0,1.0,Persistent hotspot,5,2,2,1.0,1.0,0.0,143,140,153,162,162,141.5,162.0,20.5,Persistent
R131_C039,1,1,1,1,1,5,1.0,1.0,Persistent hotspot,5,2,2,1.0,1.0,0.0,59,95,92,67,75,77.0,71.0,-6.0,Persistent
R131_C040,0,0,0,0,0,0,0.0,0.0,Never hotspot,0,0,0,0.0,0.0,0.0,21,30,30,26,32,25.5,29.0,3.5,Never hotspot
R131_C041,0,0,0,0,0,0,0.0,0.0,Never hotspot,0,0,0,0.0,0.0,0.0,11,14,15,10,9,12.5,9.5,-3.0,Never hotspot
R131_C042,0,0,0,0,0,0,0.0,0.0,Never hotspot,0,0,0,0.0,0.0,0.0,21,30,24,18,20,25.5,19.0,-6.5,Never hotspot
R131_C043,0,0,0,0,0,0,0.0,0.0,Never hotspot,0,0,0,0.0,0.0,0.0,1,1,3,4,2,1.0,3.0,2.0,Never hotspot
R131_C044,0,0,0,0,0,0,0.0,0.0,Never hotspot,0,0,0,0.0,0.0,0.0,0,1,0,3,1,0.5,2.0,1.5,Never hotspot
R131_C045,0,0,0,0,0,0,0.0,0.0,Never hotspot,0,0,0,0.0,0.0,0.0,17,15,10,14,11,16.0,12.5,-3.5,Never hotspot
R131_C046,0,0,1,0,0,1,0.2,0.2,Occasional hotspot,1,0,0,0.0,0.0,0.0,23,33,39,28,27,28.0,27.5,-0.5,Intermittent
R131_C047,0,0,0,0,0,0,0.0,0.0,Never hotspot,0,0,0,0.0,0.0,0.0,14,20,21,23,20,17.0,21.5,4.5,Never hotspot
R131_C048,0,0,0,0,0,0,0.0,0.0,Never hotspot,0,0,0,0.0,0.0,0.0,16,16,26,17,27,16.0,22.0,6.0,Never hotspot
R131_C049,0,0,0,0,0,0,0.0,0.0,Never hotspot,0,0,0,0.0,0.0,0.0,5,7,5,6,4,6.0,5.0,-1.0,Never hotspot
R131_C050,0,0,0,0,0,0,0.0,0.0,Never hotspot,0,0,0,0.0,0.0,0.0,9,15,3,3,10,12.0,6.5,-5.5,Never hotspot
R131_C051,0,0,0,0,0,0,0.0,0.0,Never hotspot,0,0,0,0.0,0.0,0.0,27,28,25,23,20,27.5,21.5,-6.0,Never hotspot
R131_C052,0,0,1,0,0,1,0.2,0.2,Occasional hotspot,1,0,0,0.0,0.0,0.0,30,30,43,32,28,30.0,30.0,0.0,Intermittent
R131_C053,0,1,1,0,0,2,0.4,0.4,Repeated hotspot,2,1,0,0.5,0.0,-0.5,23,36,45,31,28,29.5,29.5,0.0,Declining
R131_C054,0,0,0,0,0,0,0.0,0.0,Never hotspot,0,0,0,0.0,0.0,0.0,2,3,5,4,3,2.5,3.5,1.0,Never hotspot
R131_C055,0,0,0,0,0,0,0.0,0.0,Never hotspot,0,0,0,0.0,0.0,0.0,2,1,1,2,1,1.5,1.5,0.0,Never hotspot
R131_C056,0,0,0,0,0,0,0.0,0.0,Never hotspot,0,0,0,0.0,0.0,0.0,1,0,1,0,0,0.5,0.0,-0.5,Never hotspot
R131_C057,0,0,0,0,0,0,0.0,0.0,Never hotspot,0,0,0,0.0,0.0,0.0,2,2,1,0,1,2.0,0.5,-1.5,Never hotspot
R131_C058,0,0,0,0,0,0,0.0,0.0,Never hotspot,0,0,0,0.0,0.0,0.0,0,0,1,2,0,0.0,1.0,1.0,Never hotspot
R131_C062,0,0,0,0,0,0,0.0,0.0,Never hotspot,0,0,0,0.0,0.0,0.0,1,0,0,1,2,0.5,1.5,1.0,Never hotspot
R131_C063,0,0,0,0,0,0,0.0,0.0,Never hotspot,0,0,0,0.0,0.0,0.0,2,3,2,0,1,2.5,0.5,-2.0,Never hotspot
R131_C065,0,0,0,0,0,0,0.0,0.0,Never hotspot,0,0,0,0.0,0.0,0.0,0,0,1,3,0,0.0,1.5,1.5,Never hotspot
R132_C017,0,0,0,0,0,0,0.0,0.0,Never hotspot,0,0,0,0.0,0.0,0.0,0,0,0,1,0,0.0,0.5,0.5,Never hotspot
R132_C021,0,0,0,0,0,0,0.0,0.0,Never hotspot,0,0,0,0.0,0.0,0.0,1,0,0,0,0,0.5,0.0,-0.5,Never hotspot
R132_C024,0,0,0,0,0,0,0.0,0.0,Never hotspot,0,0,0,0.0,0.0,0.0,0,0,1,0,0,0.0,0.0,0.0,Never hotspot
R132_C030,0,0,0,0,0,0,0.0,0.0,Never hotspot,0,0,0,0.0,0.0,0.0,1,0,2,2,0,0.5,1.0,0.5,Never hotspot
R132_C031,0,0,0,0,0,0,0.0,0.0,Never hotspot,0,0,0,0.0,0.0,0.0,4,1,2,1,3,2.5,2.0,-0.5,Never hotspot
R132_C032,0,0,0,0,0,0,0.0,0.0,Never hotspot,0,0,0,0.0,0.0,0.0,2,0,2,0,1,1.0,0.5,-0.5,Never hotspot
R132_C033,0,0,0,0,0,0,0.0,0.0,Never hotspot,0,0,0,0.0,0.0,0.0,8,5,6,7,9,6.5,8.0,1.5,Never hotspot
R132_C034,0,0,0,0,0,0,0.0,0.0,Never hotspot,0,0,0,0.0,0.0,0.0,4,4,3,2,3,4.0,2.5,-1.5,Never hotspot
R132_C035,0,0,0,0,0,0,0.0,0.0,Never hotspot,0,0,0,0.0,0.0,0.0,6,9,8,13,8,7.5,10.5,3.0,Never hotspot
R132_C036,0,0,0,0,0,0,0.0,0.0,Never hotspot,0,0,0,0.0,0.0,0.0,14,11,15,14,9,12.5,11.5,-1.0,Never hotspot
R132_C037,0,1,0,0,0,1,0.2,0.2,Occasional hotspot,1,1,0,0.5,0.0,-0.5,25,39,14,21,26,32.0,23.5,-8.5,Declining
R132_C038,0,0,0,0,0,0,0.0,0.0,Never hotspot,0,0,0,0.0,0.0,0.0,8,8,8,12,10,8.0,11.0,3.0,Never hotspot
R132_C039,0,0,0,0,0,0,0.0,0.0,Never hotspot,0,0,0,0.0,0.0,0.0,10,5,6,7,8,7.5,7.5,0.0,Never hotspot
R132_C040,0,0,0,0,0,0,0.0,0.0,Never hotspot,0,0,0,0.0,0.0,0.0,13,13,6,7,13,13.0,10.0,-3.0,Never hotspot
R132_C041,0,0,0,0,0,0,0.0,0.0,Never hotspot,0,0,0,0.0,0.0,0.0,5,10,14,20,12,7.5,16.0,8.5,Never hotspot
R132_C042,0,0,0,0,0,0,0.0,0.0,Never hotspot,0,0,0,0.0,0.0,0.0,4,5,10,7,8,4.5,7.5,3.0,Never hotspot
R132_C043,0,0,0,0,0,0,0.0,0.0,Never hotspot,0,0,0,0.0,0.0,0.0,1,0,1,0,0,0.5,0.0,-0.5,Never hotspot
R132_C045,0,0,0,0,0,0,0.0,0.0,Never hotspot,0,0,0,0.0,0.0,0.0,1,3,2,4,1,2.0,2.5,0.5,Never hotspot
R132_C046,0,0,0,0,0,0,0.0,0.0,Never hotspot,0,0,0,0.0,0.0,0.0,6,9,6,3,3,7.5,3.0,-4.5,Never hotspot
R132_C047,0,0,0,0,0,0,0.0,0.0,Never hotspot,0,0,0,0.0,0.0,0.0,8,5,4,5,2,6.5,3.5,-3.0,Never hotspot
R132_C048,0,0,0,0,0,0,0.0,0.0,Never hotspot,0,0,0,0.0,0.0,0.0,14,22,17,12,8,18.0,10.0,-8.0,Never hotspot
R132_C049,0,0,0,0,0,0,0.0,0.0,Never hotspot,0,0,0,0.0,0.0,0.0,11,12,10,12,22,11.5,17.0,5.5,Never hotspot
R132_C050,1,1,1,1,1,5,1.0,1.0,Persistent hotspot,5,2,2,1.0,1.0,0.0,38,62,46,58,74,50.0,66.0,16.0,Persistent
R132_C051,1,1,1,1,1,5,1.0,1.0,Persistent hotspot,5,2,2,1.0,1.0,0.0,102,110,110,104,102,106.0,103.0,-3.0,Persistent
R132_C052,1,1,1,1,1,5,1.0,1.0,Persistent hotspot,5,2,2,1.0,1.0,0.0,115,121,152,122,118,118.0,120.0,2.0,Persistent
R132_C053,1,1,0,1,0,3,0.6,0.6,Repeated hotspot,2,2,1,1.0,0.5,-0.5,38,44,35,40,29,41.0,34.5,-6.5,Intermittent
R132_C054,0,0,0,0,0,0,0.0,0.0,Never hotspot,0,0,0,0.0,0.0,0.0,24,16,17,18,13,20.0,15.5,-4.5,Never hotspot
R132_C055,0,0,0,0,0,0,0.0,0.0,Never hotspot,0,0,0,0.0,0.0,0.0,11,17,13,9,8,14.0,8.5,-5.5,Never hotspot
R132_C056,0,0,0,0,0,0,0.0,0.0,Never hotspot,0,0,0,0.0,0.0,0.0,1,3,4,3,4,2.0,3.5,1.5,Never hotspot
R132_C057,0,0,0,0,0,0,0.0,0.0,Never hotspot,0,0,0,0.0,0.0,0.0,3,7,7,7,1,5.0,4.0,-1.0,Never hotspot
R132_C058,0,0,0,0,0,0,0.0,0.0,Never hotspot,0,0,0,0.0,0.0,0.0,0,1,1,0,0,0.5,0.0,-0.5,Never hotspot
R132_C061,0,0,0,0,0,0,0.0,0.0,Never hotspot,0,0,0,0.0,0.0,0.0,2,1,1,1,2,1.5,1.5,0.0,Never hotspot
R132_C062,0,0,0,0,0,0,0.0,0.0,Never hotspot,0,0,0,0.0,0.0,0.0,2,2,1,1,0,2.0,0.5,-1.5,Never hotspot
R133_C024,0,0,0,0,0,0,0.0,0.0,Never hotspot,0,0,0,0.0,0.0,0.0,2,1,0,0,0,1.5,0.0,-1.5,Never hotspot
R133_C026,0,0,0,0,0,0,0.0,0.0,Never hotspot,0,0,0,0.0,0.0,0.0,0,0,1,0,0,0.0,0.0,0.0,Never hotspot
R133_C027,0,0,0,0,0,0,0.0,0.0,Never hotspot,0,0,0,0.0,0.0,0.0,0,1,0,0,0,0.5,0.0,-0.5,Never hotspot
R133_C030,0,0,0,0,0,0,0.0,0.0,Never hotspot,0,0,0,0.0,0.0,0.0,1,1,1,2,4,1.0,3.0,2.0,Never hotspot
R133_C031,0,0,0,0,0,0,0.0,0.0,Never hotspot,0,0,0,0.0,0.0,0.0,3,1,5,2,6,2.0,4.0,2.0,Never hotspot
R133_C032,0,0,0,0,0,0,0.0,0.0,Never hotspot,0,0,0,0.0,0.0,0.0,20,24,13,15,26,22.0,20.5,-1.5,Never hotspot
R133_C033,0,0,0,0,0,0,0.0,0.0,Never hotspot,0,0,0,0.0,0.0,0.0,2,0,1,6,0,1.0,3.0,2.0,Never hotspot
R133_C034,0,0,0,0,0,0,0.0,0.0,Never hotspot,0,0,0,0.0,0.0,0.0,9,4,7,11,16,6.5,13.5,7.0,Never hotspot
R133_C035,0,0,0,0,0,0,0.0,0.0,Never hotspot,0,0,0,0.0,0.0,0.0,5,5,8,4,7,5.0,5.5,0.5,Never hotspot
R133_C037,0,0,0,0,0,0,0.0,0.0,Never hotspot,0,0,0,0.0,0.0,0.0,1,1,5,2,2,1.0,2.0,1.0,Never hotspot
R133_C038,0,0,0,0,0,0,0.0,0.0,Never hotspot,0,0,0,0.0,0.0,0.0,4,0,0,2,1,2.0,1.5,-0.5,Never hotspot
R133_C039,0,0,0,0,0,0,0.0,0.0,Never hotspot,0,0,0,0.0,0.0,0.0,3,2,2,4,0,2.5,2.0,-0.5,Never hotspot
R133_C040,0,0,0,0,0,0,0.0,0.0,Never hotspot,0,0,0,0.0,0.0,0.0,1,2,3,1,2,1.5,1.5,0.0,Never hotspot
R133_C041,0,0,0,0,0,0,0.0,0.0,Never hotspot,0,0,0,0.0,0.0,0.0,8,4,5,9,3,6.0,6.0,0.0,Never hotspot
R133_C042,0,0,0,0,0,0,0.0,0.0,Never hotspot,0,0,0,0.0,0.0,0.0,5,18,11,14,9,11.5,11.5,0.0,Never hotspot
R133_C043,0,0,0,0,0,0,0.0,0.0,Never hotspot,0,0,0,0.0,0.0,0.0,0,1,1,3,1,0.5,2.0,1.5,Never hotspot
R133_C044,0,0,0,0,0,0,0.0,0.0,Never hotspot,0,0,0,0.0,0.0,0.0,6,9,4,11,7,7.5,9.0,1.5,Never hotspot
R133_C045,0,0,0,0,0,0,0.0,0.0,Never hotspot,0,0,0,0.0,0.0,0.0,20,15,14,14,13,17.5,13.5,-4.0,Never hotspot
R133_C046,0,0,0,0,0,0,0.0,0.0,Never hotspot,0,0,0,0.0,0.0,0.0,11,5,7,7,6,8.0,6.5,-1.5,Never hotspot
R133_C047,0,0,0,0,0,0,0.0,0.0,Never hotspot,0,0,0,0.0,0.0,0.0,8,4,8,5,3,6.0,4.0,-2.0,Never hotspot
R133_C048,0,0,0,0,0,0,0.0,0.0,Never hotspot,0,0,0,0.0,0.0,0.0,1,7,3,5,2,4.0,3.5,-0.5,Never hotspot
R133_C049,0,0,0,0,0,0,0.0,0.0,Never hotspot,0,0,0,0.0,0.0,0.0,6,10,15,15,9,8.0,12.0,4.0,Never hotspot
R133_C050,0,0,0,0,0,0,0.0,0.0,Never hotspot,0,0,0,0.0,0.0,0.0,7,4,7,2,8,5.5,5.0,-0.5,Never hotspot
R133_C051,1,0,1,0,1,3,0.6,0.6,Repeated hotspot,1,1,1,0.5,0.5,0.0,36,24,43,31,42,30.0,36.5,6.5,Intermittent
R133_C052,1,1,1,0,0,3,0.6,0.6,Repeated hotspot,3,2,0,1.0,0.0,-1.0,38,41,45,29,29,39.5,29.0,-10.5,Declining
R133_C054,0,0,0,0,0,0,0.0,0.0,Never hotspot,0,0,0,0.0,0.0,0.0,0,1,0,0,0,0.5,0.0,-0.5,Never hotspot
R133_C055,0,0,0,0,0,0,0.0,0.0,Never hotspot,0,0,0,0.0,0.0,0.0,3,2,7,4,3,2.5,3.5,1.0,Never hotspot
R133_C056,0,0,0,0,0,0,0.0,0.0,Never hotspot,0,0,0,0.0,0.0,0.0,3,2,0,4,1,2.5,2.5,0.0,Never hotspot
R133_C057,0,0,0,0,0,0,0.0,0.0,Never hotspot,0,0,0,0.0,0.0,0.0,3,1,1,2,2,2.0,2.0,0.0,Never hotspot
R133_C058,0,0,0,0,0,0,0.0,0.0,Never hotspot,0,0,0,0.0,0.0,0.0,1,2,4,0,0,1.5,0.0,-1.5,Never hotspot
R133_C059,0,0,0,0,0,0,0.0,0.0,Never hotspot,0,0,0,0.0,0.0,0.0,2,2,4,2,2,2.0,2.0,0.0,Never hotspot
R133_C060,0,0,0,0,0,0,0.0,0.0,Never hotspot,0,0,0,0.0,0.0,0.0,7,5,13,10,3,6.0,6.5,0.5,Never hotspot
R133_C061,0,0,0,0,0,0,0.0,0.0,Never hotspot,0,0,0,0.0,0.0,0.0,0,2,0,2,0,1.0,1.0,0.0,Never hotspot
R134_C024,0,0,0,0,0,0,0.0,0.0,Never hotspot,0,0,0,0.0,0.0,0.0,0,0,2,0,0,0.0,0.0,0.0,Never hotspot
R134_C026,0,0,0,0,0,0,0.0,0.0,Never hotspot,0,0,0,0.0,0.0,0.0,1,0,0,0,0,0.5,0.0,-0.5,Never hotspot
R134_C027,0,0,0,0,0,0,0.0,0.0,Never hotspot,0,0,0,0.0,0.0,0.0,1,1,0,0,0,1.0,0.0,-1.0,Never hotspot
R134_C029,0,0,0,0,0,0,0.0,0.0,Never hotspot,0,0,0,0.0,0.0,0.0,0,3,1,0,0,1.5,0.0,-1.5,Never hotspot
R134_C030,0,0,0,0,0,0,0.0,0.0,Never hotspot,0,0,0,0.0,0.0,0.0,3,0,1,3,1,1.5,2.0,0.5,Never hotspot
R134_C031,0,0,0,0,0,0,0.0,0.0,Never hotspot,0,0,0,0.0,0.0,0.0,0,1,0,0,1,0.5,0.5,0.0,Never hotspot
R134_C032,0,0,0,0,0,0,0.0,0.0,Never hotspot,0,0,0,0.0,0.0,0.0,6,3,0,6,6,4.5,6.0,1.5,Never hotspot
R134_C033,0,0,0,0,0,0,0.0,0.0,Never hotspot,0,0,0,0.0,0.0,0.0,4,5,5,2,2,4.5,2.0,-2.5,Never hotspot
R134_C034,0,0,0,0,0,0,0.0,0.0,Never hotspot,0,0,0,0.0,0.0,0.0,5,7,8,7,4,6.0,5.5,-0.5,Never hotspot
R134_C035,0,0,0,0,0,0,0.0,0.0,Never hotspot,0,0,0,0.0,0.0,0.0,4,0,0,2,0,2.0,1.0,-1.0,Never hotspot
R134_C037,0,0,0,0,0,0,0.0,0.0,Never hotspot,0,0,0,0.0,0.0,0.0,3,2,1,3,2,2.5,2.5,0.0,Never hotspot
R134_C039,0,0,0,0,0,0,0.0,0.0,Never hotspot,0,0,0,0.0,0.0,0.0,0,1,2,0,1,0.5,0.5,0.0,Never hotspot
R134_C041,0,0,0,0,0,0,0.0,0.0,Never hotspot,0,0,0,0.0,0.0,0.0,0,1,0,1,0,0.5,0.5,0.0,Never hotspot
R134_C042,0,0,0,0,0,0,0.0,0.0,Never hotspot,0,0,0,0.0,0.0,0.0,1,0,0,1,0,0.5,0.5,0.0,Never hotspot
R134_C043,0,0,0,0,0,0,0.0,0.0,Never hotspot,0,0,0,0.0,0.0,0.0,5,21,19,12,14,13.0,13.0,0.0,Never hotspot
R134_C044,0,0,0,1,0,1,0.2,0.2,Occasional hotspot,1,0,1,0.0,0.5,0.5,21,27,19,35,32,24.0,33.5,9.5,Emerging
R134_C045,0,0,0,0,0,0,0.0,0.0,Never hotspot,0,0,0,0.0,0.0,0.0,8,11,7,18,13,9.5,15.5,6.0,Never hotspot
R134_C046,0,0,0,0,0,0,0.0,0.0,Never hotspot,0,0,0,0.0,0.0,0.0,5,6,5,3,3,5.5,3.0,-2.5,Never hotspot
R134_C047,0,0,0,0,0,0,0.0,0.0,Never hotspot,0,0,0,0.0,0.0,0.0,0,1,2,1,1,0.5,1.0,0.5,Never hotspot
R134_C048,0,0,0,0,0,0,0.0,0.0,Never hotspot,0,0,0,0.0,0.0,0.0,2,5,3,3,2,3.5,2.5,-1.0,Never hotspot
R134_C049,0,0,0,0,0,0,0.0,0.0,Never hotspot,0,0,0,0.0,0.0,0.0,18,10,13,14,22,14.0,18.0,4.0,Never hotspot
R134_C050,0,0,0,0,0,0,0.0,0.0,Never hotspot,0,0,0,0.0,0.0,0.0,5,1,1,1,2,3.0,1.5,-1.5,Never hotspot
R134_C056,0,0,0,0,0,0,0.0,0.0,Never hotspot,0,0,0,0.0,0.0,0.0,0,1,3,0,3,0.5,1.5,1.0,Never hotspot
R134_C057,0,0,0,0,0,0,0.0,0.0,Never hotspot,0,0,0,0.0,0.0,0.0,1,6,2,2,3,3.5,2.5,-1.0,Never hotspot
R134_C058,0,0,0,0,0,0,0.0,0.0,Never hotspot,0,0,0,0.0,0.0,0.0,0,3,0,0,1,1.5,0.5,-1.0,Never hotspot
R134_C059,0,0,0,0,0,0,0.0,0.0,Never hotspot,0,0,0,0.0,0.0,0.0,0,0,0,1,0,0.0,0.5,0.5,Never hotspot
R135_C024,0,0,0,0,0,0,0.0,0.0,Never hotspot,0,0,0,0.0,0.0,0.0,1,3,1,0,5,2.0,2.5,0.5,Never hotspot
R135_C025,0,0,0,0,0,0,0.0,0.0,Never hotspot,0,0,0,0.0,0.0,0.0,1,0,0,2,0,0.5,1.0,0.5,Never hotspot
R135_C027,0,0,0,0,0,0,0.0,0.0,Never hotspot,0,0,0,0.0,0.0,0.0,0,1,0,0,0,0.5,0.0,-0.5,Never hotspot
R135_C029,0,0,0,0,0,0,0.0,0.0,Never hotspot,0,0,0,0.0,0.0,0.0,1,1,0,1,1,1.0,1.0,0.0,Never hotspot
R135_C031,0,0,0,0,0,0,0.0,0.0,Never hotspot,0,0,0,0.0,0.0,0.0,0,3,0,0,0,1.5,0.0,-1.5,Never hotspot
R135_C032,0,0,0,0,0,0,0.0,0.0,Never hotspot,0,0,0,0.0,0.0,0.0,1,0,1,2,0,0.5,1.0,0.5,Never hotspot
R135_C033,0,0,0,0,0,0,0.0,0.0,Never hotspot,0,0,0,0.0,0.0,0.0,0,0,2,0,0,0.0,0.0,0.0,Never hotspot
R135_C034,0,0,0,0,0,0,0.0,0.0,Never hotspot,0,0,0,0.0,0.0,0.0,1,1,3,1,1,1.0,1.0,0.0,Never hotspot
R135_C035,0,0,0,0,0,0,0.0,0.0,Never hotspot,0,0,0,0.0,0.0,0.0,0,0,1,3,2,0.0,2.5,2.5,Never hotspot
R135_C036,0,0,0,0,0,0,0.0,0.0,Never hotspot,0,0,0,0.0,0.0,0.0,2,3,5,1,3,2.5,2.0,-0.5,Never hotspot
R135_C037,0,0,0,0,0,0,0.0,0.0,Never hotspot,0,0,0,0.0,0.0,0.0,1,2,0,3,5,1.5,4.0,2.5,Never hotspot
R135_C039,0,0,0,0,0,0,0.0,0.0,Never hotspot,0,0,0,0.0,0.0,0.0,2,1,0,1,2,1.5,1.5,0.0,Never hotspot
R135_C041,0,0,0,0,0,0,0.0,0.0,Never hotspot,0,0,0,0.0,0.0,0.0,1,0,0,0,0,0.5,0.0,-0.5,Never hotspot
R135_C042,0,0,0,0,0,0,0.0,0.0,Never hotspot,0,0,0,0.0,0.0,0.0,0,2,2,1,0,1.0,0.5,-0.5,Never hotspot
R135_C043,0,0,0,0,0,0,0.0,0.0,Never hotspot,0,0,0,0.0,0.0,0.0,6,9,13,10,12,7.5,11.0,3.5,Never hotspot
R135_C044,0,0,0,0,0,0,0.0,0.0,Never hotspot,0,0,0,0.0,0.0,0.0,3,3,2,4,3,3.0,3.5,0.5,Never hotspot
R135_C045,0,0,0,0,0,0,0.0,0.0,Never hotspot,0,0,0,0.0,0.0,0.0,4,2,4,4,2,3.0,3.0,0.0,Never hotspot
R135_C046,0,0,0,0,0,0,0.0,0.0,Never hotspot,0,0,0,0.0,0.0,0.0,2,2,2,1,4,2.0,2.5,0.5,Never hotspot
R135_C047,0,0,0,0,0,0,0.0,0.0,Never hotspot,0,0,0,0.0,0.0,0.0,10,2,4,3,5,6.0,4.0,-2.0,Never hotspot
R135_C048,0,0,0,0,0,0,0.0,0.0,Never hotspot,0,0,0,0.0,0.0,0.0,9,6,3,2,15,7.5,8.5,1.0,Never hotspot
R135_C049,0,0,0,0,0,0,0.0,0.0,Never hotspot,0,0,0,0.0,0.0,0.0,14,15,16,27,28,14.5,27.5,13.0,Never hotspot
R135_C050,0,0,0,0,0,0,0.0,0.0,Never hotspot,0,0,0,0.0,0.0,0.0,3,3,4,6,6,3.0,6.0,3.0,Never hotspot
R135_C051,0,0,0,0,0,0,0.0,0.0,Never hotspot,0,0,0,0.0,0.0,0.0,3,5,1,6,3,4.0,4.5,0.5,Never hotspot
R135_C052,0,0,0,0,0,0,0.0,0.0,Never hotspot,0,0,0,0.0,0.0,0.0,1,2,2,4,0,1.5,2.0,0.5,Never hotspot
R135_C057,0,0,0,0,0,0,0.0,0.0,Never hotspot,0,0,0,0.0,0.0,0.0,0,1,0,0,2,0.5,1.0,0.5,Never hotspot
R135_C058,0,0,0,0,0,0,0.0,0.0,Never hotspot,0,0,0,0.0,0.0,0.0,1,0,0,0,2,0.5,1.0,0.5,Never hotspot
R136_C023,0,0,0,0,0,0,0.0,0.0,Never hotspot,0,0,0,0.0,0.0,0.0,0,1,0,0,1,0.5,0.5,0.0,Never hotspot
R136_C025,0,0,0,0,0,0,0.0,0.0,Never hotspot,0,0,0,0.0,0.0,0.0,0,0,1,0,2,0.0,1.0,1.0,Never hotspot
R136_C026,0,0,0,0,0,0,0.0,0.0,Never hotspot,0,0,0,0.0,0.0,0.0,0,0,1,1,0,0.0,0.5,0.5,Never hotspot
R136_C029,0,0,0,0,0,0,0.0,0.0,Never hotspot,0,0,0,0.0,0.0,0.0,0,0,1,0,0,0.0,0.0,0.0,Never hotspot
R136_C030,0,0,0,0,0,0,0.0,0.0,Never hotspot,0,0,0,0.0,0.0,0.0,0,1,0,0,0,0.5,0.0,-0.5,Never hotspot
R136_C031,0,0,0,0,0,0,0.0,0.0,Never hotspot,0,0,0,0.0,0.0,0.0,0,0,1,1,1,0.0,1.0,1.0,Never hotspot
R136_C032,0,0,0,0,0,0,0.0,0.0,Never hotspot,0,0,0,0.0,0.0,0.0,0,0,1,1,1,0.0,1.0,1.0,Never hotspot
R136_C034,0,0,0,0,0,0,0.0,0.0,Never hotspot,0,0,0,0.0,0.0,0.0,0,4,2,4,1,2.0,2.5,0.5,Never hotspot
R136_C035,0,0,0,0,0,0,0.0,0.0,Never hotspot,0,0,0,0.0,0.0,0.0,1,0,0,0,0,0.5,0.0,-0.5,Never hotspot
R136_C037,0,0,0,0,0,0,0.0,0.0,Never hotspot,0,0,0,0.0,0.0,0.0,2,1,2,0,2,1.5,1.0,-0.5,Never hotspot
R136_C038,0,0,0,0,0,0,0.0,0.0,Never hotspot,0,0,0,0.0,0.0,0.0,1,0,1,1,0,0.5,0.5,0.0,Never hotspot
R136_C039,0,0,0,0,0,0,0.0,0.0,Never hotspot,0,0,0,0.0,0.0,0.0,0,1,1,0,0,0.5,0.0,-0.5,Never hotspot
R136_C041,0,0,0,0,0,0,0.0,0.0,Never hotspot,0,0,0,0.0,0.0,0.0,0,1,1,0,1,0.5,0.5,0.0,Never hotspot
R136_C042,0,0,0,0,0,0,0.0,0.0,Never hotspot,0,0,0,0.0,0.0,0.0,16,13,20,11,16,14.5,13.5,-1.0,Never hotspot
R136_C043,0,0,0,0,0,0,0.0,0.0,Never hotspot,0,0,0,0.0,0.0,0.0,4,7,4,4,6,5.5,5.0,-0.5,Never hotspot
R136_C044,0,0,0,0,0,0,0.0,0.0,Never hotspot,0,0,0,0.0,0.0,0.0,9,11,9,11,7,10.0,9.0,-1.0,Never hotspot
R136_C045,0,0,0,0,0,0,0.0,0.0,Never hotspot,0,0,0,0.0,0.0,0.0,3,1,3,2,1,2.0,1.5,-0.5,Never hotspot
R136_C046,0,0,0,0,0,0,0.0,0.0,Never hotspot,0,0,0,0.0,0.0,0.0,2,1,1,2,1,1.5,1.5,0.0,Never hotspot
R136_C047,0,0,0,0,0,0,0.0,0.0,Never hotspot,0,0,0,0.0,0.0,0.0,0,2,0,0,1,1.0,0.5,-0.5,Never hotspot
R136_C048,0,0,0,0,0,0,0.0,0.0,Never hotspot,0,0,0,0.0,0.0,0.0,2,3,3,4,3,2.5,3.5,1.0,Never hotspot
R136_C049,0,0,0,0,0,0,0.0,0.0,Never hotspot,0,0,0,0.0,0.0,0.0,4,1,12,11,4,2.5,7.5,5.0,Never hotspot
R136_C050,0,0,0,0,0,0,0.0,0.0,Never hotspot,0,0,0,0.0,0.0,0.0,20,17,11,10,16,18.5,13.0,-5.5,Never hotspot
R136_C051,0,0,0,0,0,0,0.0,0.0,Never hotspot,0,0,0,0.0,0.0,0.0,1,2,6,7,3,1.5,5.0,3.5,Never hotspot
R136_C052,0,0,0,0,1,1,0.2,0.2,Occasional hotspot,1,0,1,0.0,0.5,0.5,27,32,31,28,40,29.5,34.0,4.5,Emerging
R136_C053,0,0,0,0,0,0,0.0,0.0,Never hotspot,0,0,0,0.0,0.0,0.0,0,3,1,3,1,1.5,2.0,0.5,Never hotspot
R137_C014,0,0,0,0,0,0,0.0,0.0,Never hotspot,0,0,0,0.0,0.0,0.0,0,0,1,0,0,0.0,0.0,0.0,Never hotspot
R137_C023,0,0,0,0,0,0,0.0,0.0,Never hotspot,0,0,0,0.0,0.0,0.0,1,1,2,2,0,1.0,1.0,0.0,Never hotspot
R137_C027,0,0,0,0,0,0,0.0,0.0,Never hotspot,0,0,0,0.0,0.0,0.0,1,0,0,0,0,0.5,0.0,-0.5,Never hotspot
R137_C029,0,0,0,0,0,0,0.0,0.0,Never hotspot,0,0,0,0.0,0.0,0.0,0,1,0,0,0,0.5,0.0,-0.5,Never hotspot
R137_C033,0,0,0,0,0,0,0.0,0.0,Never hotspot,0,0,0,0.0,0.0,0.0,0,1,0,2,1,0.5,1.5,1.0,Never hotspot
R137_C034,0,0,0,0,0,0,0.0,0.0,Never hotspot,0,0,0,0.0,0.0,0.0,0,0,0,2,1,0.0,1.5,1.5,Never hotspot
R137_C037,0,0,0,0,0,0,0.0,0.0,Never hotspot,0,0,0,0.0,0.0,0.0,0,0,2,0,0,0.0,0.0,0.0,Never hotspot
R137_C038,0,0,0,0,0,0,0.0,0.0,Never hotspot,0,0,0,0.0,0.0,0.0,0,0,1,0,0,0.0,0.0,0.0,Never hotspot
R137_C039,0,0,0,0,0,0,0.0,0.0,Never hotspot,0,0,0,0.0,0.0,0.0,1,0,0,0,0,0.5,0.0,-0.5,Never hotspot
R137_C040,0,0,0,0,0,0,0.0,0.0,Never hotspot,0,0,0,0.0,0.0,0.0,2,1,2,0,2,1.5,1.0,-0.5,Never hotspot
R137_C041,0,0,0,0,0,0,0.0,0.0,Never hotspot,0,0,0,0.0,0.0,0.0,2,0,2,5,3,1.0,4.0,3.0,Never hotspot
R137_C042,0,0,0,0,0,0,0.0,0.0,Never hotspot,0,0,0,0.0,0.0,0.0,7,10,3,9,6,8.5,7.5,-1.0,Never hotspot
R137_C043,0,0,0,0,0,0,0.0,0.0,Never hotspot,0,0,0,0.0,0.0,0.0,4,3,1,6,5,3.5,5.5,2.0,Never hotspot
R137_C044,0,0,0,0,0,0,0.0,0.0,Never hotspot,0,0,0,0.0,0.0,0.0,5,4,7,4,7,4.5,5.5,1.0,Never hotspot
R137_C045,0,0,0,0,0,0,0.0,0.0,Never hotspot,0,0,0,0.0,0.0,0.0,4,1,3,3,3,2.5,3.0,0.5,Never hotspot
R137_C046,0,0,0,0,0,0,0.0,0.0,Never hotspot,0,0,0,0.0,0.0,0.0,3,2,2,2,2,2.5,2.0,-0.5,Never hotspot
R137_C047,0,0,0,0,0,0,0.0,0.0,Never hotspot,0,0,0,0.0,0.0,0.0,1,0,0,2,2,0.5,2.0,1.5,Never hotspot
R137_C048,0,0,0,0,0,0,0.0,0.0,Never hotspot,0,0,0,0.0,0.0,0.0,0,3,1,0,0,1.5,0.0,-1.5,Never hotspot
R137_C049,0,0,0,0,0,0,0.0,0.0,Never hotspot,0,0,0,0.0,0.0,0.0,6,3,0,3,6,4.5,4.5,0.0,Never hotspot
R137_C050,0,0,0,0,0,0,0.0,0.0,Never hotspot,0,0,0,0.0,0.0,0.0,1,2,3,5,3,1.5,4.0,2.5,Never hotspot
R137_C051,0,0,0,0,0,0,0.0,0.0,Never hotspot,0,0,0,0.0,0.0,0.0,4,7,1,7,10,5.5,8.5,3.0,Never hotspot
R137_C052,0,0,0,0,0,0,0.0,0.0,Never hotspot,0,0,0,0.0,0.0,0.0,9,13,15,21,16,11.0,18.5,7.5,Never hotspot
R137_C053,0,0,0,0,0,0,0.0,0.0,Never hotspot,0,0,0,0.0,0.0,0.0,7,5,6,9,5,6.0,7.0,1.0,Never hotspot
R137_C054,0,0,0,0,0,0,0.0,0.0,Never hotspot,0,0,0,0.0,0.0,0.0,4,3,3,8,11,3.5,9.5,6.0,Never hotspot
R138_C023,0,0,0,0,0,0,0.0,0.0,Never hotspot,0,0,0,0.0,0.0,0.0,0,3,1,1,0,1.5,0.5,-1.0,Never hotspot
R138_C024,0,0,0,0,0,0,0.0,0.0,Never hotspot,0,0,0,0.0,0.0,0.0,0,0,0,1,0,0.0,0.5,0.5,Never hotspot
R138_C027,0,0,0,0,0,0,0.0,0.0,Never hotspot,0,0,0,0.0,0.0,0.0,2,0,0,0,0,1.0,0.0,-1.0,Never hotspot
R138_C028,0,0,0,0,0,0,0.0,0.0,Never hotspot,0,0,0,0.0,0.0,0.0,1,0,0,1,0,0.5,0.5,0.0,Never hotspot
R138_C029,0,0,0,0,0,0,0.0,0.0,Never hotspot,0,0,0,0.0,0.0,0.0,0,0,0,0,1,0.0,0.5,0.5,Never hotspot
R138_C030,0,0,0,0,0,0,0.0,0.0,Never hotspot,0,0,0,0.0,0.0,0.0,0,0,0,0,1,0.0,0.5,0.5,Never hotspot
R138_C032,0,0,0,0,0,0,0.0,0.0,Never hotspot,0,0,0,0.0,0.0,0.0,2,2,2,0,4,2.0,2.0,0.0,Never hotspot
R138_C033,0,0,0,0,0,0,0.0,0.0,Never hotspot,0,0,0,0.0,0.0,0.0,1,3,0,3,1,2.0,2.0,0.0,Never hotspot
R138_C037,0,0,0,0,0,0,0.0,0.0,Never hotspot,0,0,0,0.0,0.0,0.0,1,1,2,0,0,1.0,0.0,-1.0,Never hotspot
R138_C038,0,0,0,0,0,0,0.0,0.0,Never hotspot,0,0,0,0.0,0.0,0.0,1,0,0,0,0,0.5,0.0,-0.5,Never hotspot
R138_C039,0,0,0,0,0,0,0.0,0.0,Never hotspot,0,0,0,0.0,0.0,0.0,0,2,0,0,0,1.0,0.0,-1.0,Never hotspot
R138_C040,0,0,0,0,0,0,0.0,0.0,Never hotspot,0,0,0,0.0,0.0,0.0,1,1,2,1,1,1.0,1.0,0.0,Never hotspot
R138_C041,0,0,0,0,0,0,0.0,0.0,Never hotspot,0,0,0,0.0,0.0,0.0,1,1,2,4,2,1.0,3.0,2.0,Never hotspot
R138_C042,0,0,0,0,0,0,0.0,0.0,Never hotspot,0,0,0,0.0,0.0,0.0,4,3,2,9,9,3.5,9.0,5.5,Never hotspot
R138_C047,0,0,0,0,0,0,0.0,0.0,Never hotspot,0,0,0,0.0,0.0,0.0,1,1,2,0,3,1.0,1.5,0.5,Never hotspot
R138_C048,0,0,0,0,0,0,0.0,0.0,Never hotspot,0,0,0,0.0,0.0,0.0,2,1,2,0,1,1.5,0.5,-1.0,Never hotspot
R138_C049,0,0,0,0,0,0,0.0,0.0,Never hotspot,0,0,0,0.0,0.0,0.0,2,10,5,2,6,6.0,4.0,-2.0,Never hotspot
R138_C050,0,0,0,0,0,0,0.0,0.0,Never hotspot,0,0,0,0.0,0.0,0.0,0,2,0,0,0,1.0,0.0,-1.0,Never hotspot
R138_C051,0,0,0,0,0,0,0.0,0.0,Never hotspot,0,0,0,0.0,0.0,0.0,4,1,3,3,2,2.5,2.5,0.0,Never hotspot
R138_C052,0,0,0,0,0,0,0.0,0.0,Never hotspot,0,0,0,0.0,0.0,0.0,11,15,17,15,15,13.0,15.0,2.0,Never hotspot
R138_C053,0,0,0,0,0,0,0.0,0.0,Never hotspot,0,0,0,0.0,0.0,0.0,4,2,7,4,2,3.0,3.0,0.0,Never hotspot
R138_C054,0,0,0,0,0,0,0.0,0.0,Never hotspot,0,0,0,0.0,0.0,0.0,11,11,6,7,10,11.0,8.5,-2.5,Never hotspot
R138_C055,0,0,0,0,0,0,0.0,0.0,Never hotspot,0,0,0,0.0,0.0,0.0,2,3,3,5,1,2.5,3.0,0.5,Never hotspot
R138_C056,0,0,0,0,0,0,0.0,0.0,Never hotspot,0,0,0,0.0,0.0,0.0,3,2,3,1,0,2.5,0.5,-2.0,Never hotspot
R138_C057,0,0,0,0,0,0,0.0,0.0,Never hotspot,0,0,0,0.0,0.0,0.0,1,2,0,2,2,1.5,2.0,0.5,Never hotspot
R138_C058,0,0,0,0,0,0,0.0,0.0,Never hotspot,0,0,0,0.0,0.0,0.0,1,0,1,2,0,0.5,1.0,0.5,Never hotspot
R139_C023,0,0,0,0,0,0,0.0,0.0,Never hotspot,0,0,0,0.0,0.0,0.0,0,0,1,0,2,0.0,1.0,1.0,Never hotspot
R139_C028,0,0,0,0,0,0,0.0,0.0,Never hotspot,0,0,0,0.0,0.0,0.0,0,1,0,0,0,0.5,0.0,-0.5,Never hotspot
R139_C029,0,0,0,0,0,0,0.0,0.0,Never hotspot,0,0,0,0.0,0.0,0.0,2,3,1,3,2,2.5,2.5,0.0,Never hotspot
R139_C030,0,0,0,0,0,0,0.0,0.0,Never hotspot,0,0,0,0.0,0.0,0.0,1,0,1,0,2,0.5,1.0,0.5,Never hotspot
R139_C031,0,0,0,0,0,0,0.0,0.0,Never hotspot,0,0,0,0.0,0.0,0.0,1,2,0,2,1,1.5,1.5,0.0,Never hotspot
R139_C033,0,0,0,0,0,0,0.0,0.0,Never hotspot,0,0,0,0.0,0.0,0.0,0,0,1,2,1,0.0,1.5,1.5,Never hotspot
R139_C035,0,0,0,0,0,0,0.0,0.0,Never hotspot,0,0,0,0.0,0.0,0.0,0,0,0,1,0,0.0,0.5,0.5,Never hotspot
R139_C037,0,0,0,0,0,0,0.0,0.0,Never hotspot,0,0,0,0.0,0.0,0.0,0,0,0,0,1,0.0,0.5,0.5,Never hotspot
R139_C038,0,0,0,0,0,0,0.0,0.0,Never hotspot,0,0,0,0.0,0.0,0.0,0,1,1,0,0,0.5,0.0,-0.5,Never hotspot
R139_C039,0,0,0,0,0,0,0.0,0.0,Never hotspot,0,0,0,0.0,0.0,0.0,3,2,2,1,5,2.5,3.0,0.5,Never hotspot
R139_C040,0,0,0,0,0,0,0.0,0.0,Never hotspot,0,0,0,0.0,0.0,0.0,1,0,1,0,0,0.5,0.0,-0.5,Never hotspot
R139_C043,0,0,0,0,0,0,0.0,0.0,Never hotspot,0,0,0,0.0,0.0,0.0,1,5,3,1,2,3.0,1.5,-1.5,Never hotspot
R139_C044,0,0,0,0,0,0,0.0,0.0,Never hotspot,0,0,0,0.0,0.0,0.0,1,2,2,2,0,1.5,1.0,-0.5,Never hotspot
R139_C045,0,0,0,0,0,0,0.0,0.0,Never hotspot,0,0,0,0.0,0.0,0.0,1,0,0,1,0,0.5,0.5,0.0,Never hotspot
R139_C046,0,0,0,0,0,0,0.0,0.0,Never hotspot,0,0,0,0.0,0.0,0.0,0,0,1,0,0,0.0,0.0,0.0,Never hotspot
R139_C049,0,0,0,0,0,0,0.0,0.0,Never hotspot,0,0,0,0.0,0.0,0.0,1,2,4,2,3,1.5,2.5,1.0,Never hotspot
R139_C050,0,0,0,0,0,0,0.0,0.0,Never hotspot,0,0,0,0.0,0.0,0.0,1,3,0,1,2,2.0,1.5,-0.5,Never hotspot
R139_C052,0,0,0,0,0,0,0.0,0.0,Never hotspot,0,0,0,0.0,0.0,0.0,3,3,5,6,4,3.0,5.0,2.0,Never hotspot
R139_C053,0,0,0,0,0,0,0.0,0.0,Never hotspot,0,0,0,0.0,0.0,0.0,3,2,1,1,2,2.5,1.5,-1.0,Never hotspot
R139_C054,0,0,0,0,0,0,0.0,0.0,Never hotspot,0,0,0,0.0,0.0,0.0,1,3,0,1,0,2.0,0.5,-1.5,Never hotspot
R139_C055,0,0,0,0,0,0,0.0,0.0,Never hotspot,0,0,0,0.0,0.0,0.0,2,0,1,1,0,1.0,0.5,-0.5,Never hotspot
R139_C056,0,0,0,0,0,0,0.0,0.0,Never hotspot,0,0,0,0.0,0.0,0.0,0,0,0,1,0,0.0,0.5,0.5,Never hotspot
R139_C057,0,0,0,0,0,0,0.0,0.0,Never hotspot,0,0,0,0.0,0.0,0.0,1,1,2,0,0,1.0,0.0,-1.0,Never hotspot
R139_C058,0,0,0,0,0,0,0.0,0.0,Never hotspot,0,0,0,0.0,0.0,0.0,4,0,1,0,1,2.0,0.5,-1.5,Never hotspot
R139_C059,0,0,0,0,0,0,0.0,0.0,Never hotspot,0,0,0,0.0,0.0,0.0,1,0,0,0,0,0.5,0.0,-0.5,Never hotspot
R140_C022,0,0,0,0,0,0,0.0,0.0,Never hotspot,0,0,0,0.0,0.0,0.0,0,0,0,1,0,0.0,0.5,0.5,Never hotspot
R140_C023,0,0,0,0,0,0,0.0,0.0,Never hotspot,0,0,0,0.0,0.0,0.0,3,1,2,1,1,2.0,1.0,-1.0,Never hotspot
R140_C026,0,0,0,0,0,0,0.0,0.0,Never hotspot,0,0,0,0.0,0.0,0.0,0,0,0,0,1,0.0,0.5,0.5,Never hotspot
R140_C028,0,0,0,0,0,0,0.0,0.0,Never hotspot,0,0,0,0.0,0.0,0.0,1,0,1,0,0,0.5,0.0,-0.5,Never hotspot
R140_C030,0,0,0,0,0,0,0.0,0.0,Never hotspot,0,0,0,0.0,0.0,0.0,1,2,1,1,0,1.5,0.5,-1.0,Never hotspot
R140_C033,0,0,0,0,0,0,0.0,0.0,Never hotspot,0,0,0,0.0,0.0,0.0,0,3,1,2,2,1.5,2.0,0.5,Never hotspot
R140_C038,0,0,0,0,0,0,0.0,0.0,Never hotspot,0,0,0,0.0,0.0,0.0,0,1,0,0,2,0.5,1.0,0.5,Never hotspot
R140_C043,0,0,0,0,0,0,0.0,0.0,Never hotspot,0,0,0,0.0,0.0,0.0,0,1,0,1,0,0.5,0.5,0.0,Never hotspot
R140_C044,0,0,0,0,0,0,0.0,0.0,Never hotspot,0,0,0,0.0,0.0,0.0,0,1,0,0,1,0.5,0.5,0.0,Never hotspot
R140_C045,0,0,0,0,0,0,0.0,0.0,Never hotspot,0,0,0,0.0,0.0,0.0,4,1,3,2,2,2.5,2.0,-0.5,Never hotspot
R140_C046,0,0,0,0,0,0,0.0,0.0,Never hotspot,0,0,0,0.0,0.0,0.0,0,3,0,1,0,1.5,0.5,-1.0,Never hotspot
R140_C047,0,0,0,0,0,0,0.0,0.0,Never hotspot,0,0,0,0.0,0.0,0.0,0,0,0,0,1,0.0,0.5,0.5,Never hotspot
R140_C049,0,0,0,0,0,0,0.0,0.0,Never hotspot,0,0,0,0.0,0.0,0.0,1,0,3,0,4,0.5,2.0,1.5,Never hotspot
R140_C050,0,0,0,0,0,0,0.0,0.0,Never hotspot,0,0,0,0.0,0.0,0.0,1,1,3,1,1,1.0,1.0,0.0,Never hotspot
R140_C051,0,0,0,0,0,0,0.0,0.0,Never hotspot,0,0,0,0.0,0.0,0.0,1,1,3,0,1,1.0,0.5,-0.5,Never hotspot
R140_C052,0,0,0,0,0,0,0.0,0.0,Never hotspot,0,0,0,0.0,0.0,0.0,1,1,2,0,1,1.0,0.5,-0.5,Never hotspot
R140_C053,0,0,0,0,0,0,0.0,0.0,Never hotspot,0,0,0,0.0,0.0,0.0,3,3,2,2,2,3.0,2.0,-1.0,Never hotspot
R140_C054,0,0,0,0,0,0,0.0,0.0,Never hotspot,0,0,0,0.0,0.0,0.0,9,3,4,3,1,6.0,2.0,-4.0,Never hotspot
R140_C055,0,0,0,0,0,0,0.0,0.0,Never hotspot,0,0,0,0.0,0.0,0.0,3,0,1,1,0,1.5,0.5,-1.0,Never hotspot
R140_C056,0,0,0,0,0,0,0.0,0.0,Never hotspot,0,0,0,0.0,0.0,0.0,1,3,1,0,0,2.0,0.0,-2.0,Never hotspot
R140_C057,0,0,0,0,0,0,0.0,0.0,Never hotspot,0,0,0,0.0,0.0,0.0,3,0,2,0,1,1.5,0.5,-1.0,Never hotspot
R140_C058,0,0,0,0,0,0,0.0,0.0,Never hotspot,0,0,0,0.0,0.0,0.0,0,1,1,1,0,0.5,0.5,0.0,Never hotspot
R141_C022,0,0,0,0,0,0,0.0,0.0,Never hotspot,0,0,0,0.0,0.0,0.0,0,0,0,0,2,0.0,1.0,1.0,Never hotspot
R141_C023,0,0,0,0,0,0,0.0,0.0,Never hotspot,0,0,0,0.0,0.0,0.0,0,0,0,0,1,0.0,0.5,0.5,Never hotspot
R141_C033,0,0,0,0,0,0,0.0,0.0,Never hotspot,0,0,0,0.0,0.0,0.0,0,1,0,2,1,0.5,1.5,1.0,Never hotspot
R141_C038,0,0,0,0,0,0,0.0,0.0,Never hotspot,0,0,0,0.0,0.0,0.0,1,0,0,0,0,0.5,0.0,-0.5,Never hotspot
R141_C042,0,0,0,0,0,0,0.0,0.0,Never hotspot,0,0,0,0.0,0.0,0.0,2,0,1,0,0,1.0,0.0,-1.0,Never hotspot
R141_C044,0,0,0,0,0,0,0.0,0.0,Never hotspot,0,0,0,0.0,0.0,0.0,2,0,3,0,1,1.0,0.5,-0.5,Never hotspot
R141_C045,0,0,0,0,0,0,0.0,0.0,Never hotspot,0,0,0,0.0,0.0,0.0,1,1,1,0,0,1.0,0.0,-1.0,Never hotspot
R141_C046,0,0,0,0,0,0,0.0,0.0,Never hotspot,0,0,0,0.0,0.0,0.0,0,1,1,1,0,0.5,0.5,0.0,Never hotspot
R141_C047,0,0,0,0,0,0,0.0,0.0,Never hotspot,0,0,0,0.0,0.0,0.0,0,2,1,1,4,1.0,2.5,1.5,Never hotspot
R141_C048,0,0,0,0,0,0,0.0,0.0,Never hotspot,0,0,0,0.0,0.0,0.0,1,0,0,0,3,0.5,1.5,1.0,Never hotspot
R141_C049,0,0,0,0,0,0,0.0,0.0,Never hotspot,0,0,0,0.0,0.0,0.0,3,2,3,1,2,2.5,1.5,-1.0,Never hotspot
R141_C050,0,0,0,0,0,0,0.0,0.0,Never hotspot,0,0,0,0.0,0.0,0.0,0,0,0,0,1,0.0,0.5,0.5,Never hotspot
R141_C051,0,0,0,0,0,0,0.0,0.0,Never hotspot,0,0,0,0.0,0.0,0.0,1,0,1,2,1,0.5,1.5,1.0,Never hotspot
R141_C052,0,0,0,0,0,0,0.0,0.0,Never hotspot,0,0,0,0.0,0.0,0.0,1,0,1,1,0,0.5,0.5,0.0,Never hotspot
R141_C053,0,0,0,0,0,0,0.0,0.0,Never hotspot,0,0,0,0.0,0.0,0.0,1,0,3,1,2,0.5,1.5,1.0,Never hotspot
R141_C054,0,0,0,0,0,0,0.0,0.0,Never hotspot,0,0,0,0.0,0.0,0.0,2,1,2,0,2,1.5,1.0,-0.5,Never hotspot
R141_C055,0,0,0,0,0,0,0.0,0.0,Never hotspot,0,0,0,0.0,0.0,0.0,1,1,4,2,2,1.0,2.0,1.0,Never hotspot
R141_C056,0,0,0,0,0,0,0.0,0.0,Never hotspot,0,0,0,0.0,0.0,0.0,3,1,4,1,3,2.0,2.0,0.0,Never hotspot
R141_C057,0,0,0,0,0,0,0.0,0.0,Never hotspot,0,0,0,0.0,0.0,0.0,2,5,0,5,3,3.5,4.0,0.5,Never hotspot
R142_C015,0,0,0,0,0,0,0.0,0.0,Never hotspot,0,0,0,0.0,0.0,0.0,1,0,0,0,0,0.5,0.0,-0.5,Never hotspot
R142_C023,0,0,0,0,0,0,0.0,0.0,Never hotspot,0,0,0,0.0,0.0,0.0,0,0,0,1,0,0.0,0.5,0.5,Never hotspot
R142_C024,0,0,0,0,0,0,0.0,0.0,Never hotspot,0,0,0,0.0,0.0,0.0,0,0,1,4,0,0.0,2.0,2.0,Never hotspot
R142_C028,0,0,0,0,0,0,0.0,0.0,Never hotspot,0,0,0,0.0,0.0,0.0,0,0,0,1,1,0.0,1.0,1.0,Never hotspot
R142_C029,0,0,0,0,0,0,0.0,0.0,Never hotspot,0,0,0,0.0,0.0,0.0,0,0,1,0,0,0.0,0.0,0.0,Never hotspot
R142_C033,0,0,0,0,0,0,0.0,0.0,Never hotspot,0,0,0,0.0,0.0,0.0,1,0,0,1,0,0.5,0.5,0.0,Never hotspot
R142_C034,0,0,0,0,0,0,0.0,0.0,Never hotspot,0,0,0,0.0,0.0,0.0,2,2,2,0,0,2.0,0.0,-2.0,Never hotspot
R142_C037,0,0,0,0,0,0,0.0,0.0,Never hotspot,0,0,0,0.0,0.0,0.0,0,0,1,0,0,0.0,0.0,0.0,Never hotspot
R142_C038,0,0,0,0,0,0,0.0,0.0,Never hotspot,0,0,0,0.0,0.0,0.0,0,0,2,0,0,0.0,0.0,0.0,Never hotspot
R142_C039,0,0,0,0,0,0,0.0,0.0,Never hotspot,0,0,0,0.0,0.0,0.0,0,1,1,3,2,0.5,2.5,2.0,Never hotspot
R142_C041,0,0,0,0,0,0,0.0,0.0,Never hotspot,0,0,0,0.0,0.0,0.0,2,1,1,2,0,1.5,1.0,-0.5,Never hotspot
R142_C042,0,0,0,0,0,0,0.0,0.0,Never hotspot,0,0,0,0.0,0.0,0.0,0,0,2,1,1,0.0,1.0,1.0,Never hotspot
R142_C043,0,0,0,0,0,0,0.0,0.0,Never hotspot,0,0,0,0.0,0.0,0.0,1,0,1,0,2,0.5,1.0,0.5,Never hotspot
R142_C044,0,0,0,0,0,0,0.0,0.0,Never hotspot,0,0,0,0.0,0.0,0.0,6,4,1,6,4,5.0,5.0,0.0,Never hotspot
R142_C045,0,0,0,0,0,0,0.0,0.0,Never hotspot,0,0,0,0.0,0.0,0.0,1,1,1,2,1,1.0,1.5,0.5,Never hotspot
R142_C046,0,0,0,0,0,0,0.0,0.0,Never hotspot,0,0,0,0.0,0.0,0.0,1,1,0,1,0,1.0,0.5,-0.5,Never hotspot
R142_C047,0,0,0,0,0,0,0.0,0.0,Never hotspot,0,0,0,0.0,0.0,0.0,1,2,1,0,2,1.5,1.0,-0.5,Never hotspot
R142_C048,0,0,0,0,0,0,0.0,0.0,Never hotspot,0,0,0,0.0,0.0,0.0,6,12,18,10,14,9.0,12.0,3.0,Never hotspot
R142_C049,0,0,0,0,0,0,0.0,0.0,Never hotspot,0,0,0,0.0,0.0,0.0,24,18,16,20,13,21.0,16.5,-4.5,Never hotspot
R142_C050,0,0,0,0,0,0,0.0,0.0,Never hotspot,0,0,0,0.0,0.0,0.0,0,2,4,1,1,1.0,1.0,0.0,Never hotspot
R142_C051,0,0,0,0,0,0,0.0,0.0,Never hotspot,0,0,0,0.0,0.0,0.0,1,2,2,3,2,1.5,2.5,1.0,Never hotspot
R142_C054,0,0,0,0,0,0,0.0,0.0,Never hotspot,0,0,0,0.0,0.0,0.0,1,1,2,4,1,1.0,2.5,1.5,Never hotspot
R142_C055,0,0,0,0,0,0,0.0,0.0,Never hotspot,0,0,0,0.0,0.0,0.0,2,2,4,0,2,2.0,1.0,-1.0,Never hotspot
R142_C056,0,0,0,0,0,0,0.0,0.0,Never hotspot,0,0,0,0.0,0.0,0.0,0,0,0,1,2,0.0,1.5,1.5,Never hotspot
R143_C024,0,0,0,0,0,0,0.0,0.0,Never hotspot,0,0,0,0.0,0.0,0.0,5,4,3,2,5,4.5,3.5,-1.0,Never hotspot
R143_C027,0,0,0,0,0,0,0.0,0.0,Never hotspot,0,0,0,0.0,0.0,0.0,0,1,1,2,1,0.5,1.5,1.0,Never hotspot
R143_C028,0,0,0,0,0,0,0.0,0.0,Never hotspot,0,0,0,0.0,0.0,0.0,2,0,1,0,0,1.0,0.0,-1.0,Never hotspot
R143_C029,0,0,0,0,0,0,0.0,0.0,Never hotspot,0,0,0,0.0,0.0,0.0,1,3,1,3,1,2.0,2.0,0.0,Never hotspot
R143_C030,0,0,0,0,0,0,0.0,0.0,Never hotspot,0,0,0,0.0,0.0,0.0,0,0,1,0,0,0.0,0.0,0.0,Never hotspot
R143_C031,0,0,0,0,0,0,0.0,0.0,Never hotspot,0,0,0,0.0,0.0,0.0,0,0,0,2,0,0.0,1.0,1.0,Never hotspot
R143_C032,0,0,0,0,0,0,0.0,0.0,Never hotspot,0,0,0,0.0,0.0,0.0,0,0,1,1,1,0.0,1.0,1.0,Never hotspot
R143_C033,0,0,0,0,0,0,0.0,0.0,Never hotspot,0,0,0,0.0,0.0,0.0,1,0,1,0,0,0.5,0.0,-0.5,Never hotspot
R143_C034,0,0,0,0,0,0,0.0,0.0,Never hotspot,0,0,0,0.0,0.0,0.0,0,0,1,0,1,0.0,0.5,0.5,Never hotspot
R143_C035,0,0,0,0,0,0,0.0,0.0,Never hotspot,0,0,0,0.0,0.0,0.0,0,1,0,0,0,0.5,0.0,-0.5,Never hotspot
R143_C036,0,0,0,0,0,0,0.0,0.0,Never hotspot,0,0,0,0.0,0.0,0.0,0,0,0,1,0,0.0,0.5,0.5,Never hotspot
R143_C038,0,0,0,0,0,0,0.0,0.0,Never hotspot,0,0,0,0.0,0.0,0.0,1,2,1,2,1,1.5,1.5,0.0,Never hotspot
R143_C044,0,0,0,0,0,0,0.0,0.0,Never hotspot,0,0,0,0.0,0.0,0.0,0,0,0,0,1,0.0,0.5,0.5,Never hotspot
R143_C045,0,0,0,0,0,0,0.0,0.0,Never hotspot,0,0,0,0.0,0.0,0.0,1,0,0,2,0,0.5,1.0,0.5,Never hotspot
R143_C047,0,0,0,0,0,0,0.0,0.0,Never hotspot,0,0,0,0.0,0.0,0.0,0,2,1,0,2,1.0,1.0,0.0,Never hotspot
R143_C048,0,0,0,0,0,0,0.0,0.0,Never hotspot,0,0,0,0.0,0.0,0.0,4,11,3,8,5,7.5,6.5,-1.0,Never hotspot
R143_C049,0,0,0,0,0,0,0.0,0.0,Never hotspot,0,0,0,0.0,0.0,0.0,5,1,4,2,1,3.0,1.5,-1.5,Never hotspot
R143_C050,0,0,0,0,0,0,0.0,0.0,Never hotspot,0,0,0,0.0,0.0,0.0,1,1,1,1,1,1.0,1.0,0.0,Never hotspot
R143_C051,0,0,0,0,0,0,0.0,0.0,Never hotspot,0,0,0,0.0,0.0,0.0,2,1,4,1,1,1.5,1.0,-0.5,Never hotspot
R143_C052,0,0,0,0,0,0,0.0,0.0,Never hotspot,0,0,0,0.0,0.0,0.0,1,4,2,0,1,2.5,0.5,-2.0,Never hotspot
R143_C053,0,0,0,0,0,0,0.0,0.0,Never hotspot,0,0,0,0.0,0.0,0.0,0,0,1,1,0,0.0,0.5,0.5,Never hotspot
R143_C054,0,0,0,0,0,0,0.0,0.0,Never hotspot,0,0,0,0.0,0.0,0.0,4,2,4,4,4,3.0,4.0,1.0,Never hotspot
R143_C055,0,0,0,0,0,0,0.0,0.0,Never hotspot,0,0,0,0.0,0.0,0.0,3,4,6,7,5,3.5,6.0,2.5,Never hotspot
R143_C056,0,0,0,0,0,0,0.0,0.0,Never hotspot,0,0,0,0.0,0.0,0.0,1,1,0,1,1,1.0,1.0,0.0,Never hotspot
R144_C021,0,0,0,0,0,0,0.0,0.0,Never hotspot,0,0,0,0.0,0.0,0.0,0,1,0,0,0,0.5,0.0,-0.5,Never hotspot
R144_C024,0,0,0,0,0,0,0.0,0.0,Never hotspot,0,0,0,0.0,0.0,0.0,2,3,6,4,2,2.5,3.0,0.5,Never hotspot
R144_C025,0,0,0,0,0,0,0.0,0.0,Never hotspot,0,0,0,0.0,0.0,0.0,1,1,1,1,1,1.0,1.0,0.0,Never hotspot
R144_C026,0,0,0,0,0,0,0.0,0.0,Never hotspot,0,0,0,0.0,0.0,0.0,0,0,0,0,3,0.0,1.5,1.5,Never hotspot
R144_C027,0,0,0,0,0,0,0.0,0.0,Never hotspot,0,0,0,0.0,0.0,0.0,1,1,1,1,1,1.0,1.0,0.0,Never hotspot
R144_C032,0,0,0,0,0,0,0.0,0.0,Never hotspot,0,0,0,0.0,0.0,0.0,0,0,0,0,3,0.0,1.5,1.5,Never hotspot
R144_C033,0,0,0,0,0,0,0.0,0.0,Never hotspot,0,0,0,0.0,0.0,0.0,2,1,2,3,4,1.5,3.5,2.0,Never hotspot
R144_C037,0,0,0,0,0,0,0.0,0.0,Never hotspot,0,0,0,0.0,0.0,0.0,0,0,1,0,0,0.0,0.0,0.0,Never hotspot
R144_C044,0,0,0,0,0,0,0.0,0.0,Never hotspot,0,0,0,0.0,0.0,0.0,1,0,0,0,0,0.5,0.0,-0.5,Never hotspot
R144_C047,0,0,0,0,0,0,0.0,0.0,Never hotspot,0,0,0,0.0,0.0,0.0,2,0,0,1,0,1.0,0.5,-0.5,Never hotspot
R144_C048,0,0,0,0,0,0,0.0,0.0,Never hotspot,0,0,0,0.0,0.0,0.0,1,2,2,3,0,1.5,1.5,0.0,Never hotspot
R144_C049,0,0,0,0,0,0,0.0,0.0,Never hotspot,0,0,0,0.0,0.0,0.0,2,4,1,8,4,3.0,6.0,3.0,Never hotspot
R144_C050,0,0,0,0,0,0,0.0,0.0,Never hotspot,0,0,0,0.0,0.0,0.0,1,0,2,0,1,0.5,0.5,0.0,Never hotspot
R144_C053,0,0,0,0,0,0,0.0,0.0,Never hotspot,0,0,0,0.0,0.0,0.0,7,3,7,6,6,5.0,6.0,1.0,Never hotspot
R144_C054,1,1,1,1,1,5,1.0,1.0,Persistent hotspot,5,2,2,1.0,1.0,0.0,69,44,50,61,48,56.5,54.5,-2.0,Persistent
R144_C055,1,1,1,1,1,5,1.0,1.0,Persistent hotspot,5,2,2,1.0,1.0,0.0,64,60,63,60,54,62.0,57.0,-5.0,Persistent
R144_C056,0,0,0,0,0,0,0.0,0.0,Never hotspot,0,0,0,0.0,0.0,0.0,18,8,16,15,20,13.0,17.5,4.5,Never hotspot
R144_C057,0,0,0,0,0,0,0.0,0.0,Never hotspot,0,0,0,0.0,0.0,0.0,4,3,3,2,0,3.5,1.0,-2.5,Never hotspot
R144_C058,0,0,0,0,0,0,0.0,0.0,Never hotspot,0,0,0,0.0,0.0,0.0,4,4,3,1,1,4.0,1.0,-3.0,Never hotspot
R145_C020,0,0,0,0,0,0,0.0,0.0,Never hotspot,0,0,0,0.0,0.0,0.0,0,0,1,2,0,0.0,1.0,1.0,Never hotspot
R145_C025,0,0,0,0,0,0,0.0,0.0,Never hotspot,0,0,0,0.0,0.0,0.0,0,0,0,0,2,0.0,1.0,1.0,Never hotspot
R145_C032,0,0,0,0,0,0,0.0,0.0,Never hotspot,0,0,0,0.0,0.0,0.0,0,1,1,0,0,0.5,0.0,-0.5,Never hotspot
R145_C033,0,0,0,0,0,0,0.0,0.0,Never hotspot,0,0,0,0.0,0.0,0.0,2,0,0,0,2,1.0,1.0,0.0,Never hotspot
R145_C043,0,0,0,0,0,0,0.0,0.0,Never hotspot,0,0,0,0.0,0.0,0.0,0,1,0,0,0,0.5,0.0,-0.5,Never hotspot
R145_C045,0,0,0,0,0,0,0.0,0.0,Never hotspot,0,0,0,0.0,0.0,0.0,1,1,1,1,1,1.0,1.0,0.0,Never hotspot
R145_C047,0,0,0,0,0,0,0.0,0.0,Never hotspot,0,0,0,0.0,0.0,0.0,0,0,2,0,0,0.0,0.0,0.0,Never hotspot
R145_C048,0,0,0,0,0,0,0.0,0.0,Never hotspot,0,0,0,0.0,0.0,0.0,2,0,0,1,1,1.0,1.0,0.0,Never hotspot
R145_C049,0,0,0,0,0,0,0.0,0.0,Never hotspot,0,0,0,0.0,0.0,0.0,1,0,0,0,2,0.5,1.0,0.5,Never hotspot
R145_C050,0,0,0,0,0,0,0.0,0.0,Never hotspot,0,0,0,0.0,0.0,0.0,1,1,4,2,2,1.0,2.0,1.0,Never hotspot
R145_C051,0,0,0,0,0,0,0.0,0.0,Never hotspot,0,0,0,0.0,0.0,0.0,4,2,1,1,0,3.0,0.5,-2.5,Never hotspot
R145_C052,0,0,0,0,0,0,0.0,0.0,Never hotspot,0,0,0,0.0,0.0,0.0,3,2,1,1,1,2.5,1.0,-1.5,Never hotspot
R145_C053,0,0,0,0,0,0,0.0,0.0,Never hotspot,0,0,0,0.0,0.0,0.0,2,2,3,2,0,2.0,1.0,-1.0,Never hotspot
R145_C054,0,0,0,0,0,0,0.0,0.0,Never hotspot,0,0,0,0.0,0.0,0.0,0,1,4,1,0,0.5,0.5,0.0,Never hotspot
R145_C055,0,0,0,0,0,0,0.0,0.0,Never hotspot,0,0,0,0.0,0.0,0.0,2,5,5,2,7,3.5,4.5,1.0,Never hotspot
R145_C056,0,0,0,0,0,0,0.0,0.0,Never hotspot,0,0,0,0.0,0.0,0.0,0,2,0,2,3,1.0,2.5,1.5,Never hotspot
R145_C057,0,0,0,0,0,0,0.0,0.0,Never hotspot,0,0,0,0.0,0.0,0.0,2,1,1,5,1,1.5,3.0,1.5,Never hotspot
R145_C058,0,0,0,0,0,0,0.0,0.0,Never hotspot,0,0,0,0.0,0.0,0.0,3,3,2,2,1,3.0,1.5,-1.5,Never hotspot
R145_C059,0,0,0,0,0,0,0.0,0.0,Never hotspot,0,0,0,0.0,0.0,0.0,2,1,0,0,2,1.5,1.0,-0.5,Never hotspot
R146_C006,0,0,0,0,0,0,0.0,0.0,Never hotspot,0,0,0,0.0,0.0,0.0,0,1,0,0,0,0.5,0.0,-0.5,Never hotspot
R146_C019,0,0,0,0,0,0,0.0,0.0,Never hotspot,0,0,0,0.0,0.0,0.0,0,0,1,0,0,0.0,0.0,0.0,Never hotspot
R146_C020,0,0,0,0,0,0,0.0,0.0,Never hotspot,0,0,0,0.0,0.0,0.0,0,0,0,0,1,0.0,0.5,0.5,Never hotspot
R146_C025,0,0,0,0,0,0,0.0,0.0,Never hotspot,0,0,0,0.0,0.0,0.0,0,0,0,1,0,0.0,0.5,0.5,Never hotspot
R146_C026,0,0,0,0,0,0,0.0,0.0,Never hotspot,0,0,0,0.0,0.0,0.0,0,1,1,0,0,0.5,0.0,-0.5,Never hotspot
R146_C032,0,0,0,0,0,0,0.0,0.0,Never hotspot,0,0,0,0.0,0.0,0.0,0,1,0,0,0,0.5,0.0,-0.5,Never hotspot
R146_C033,0,0,0,0,0,0,0.0,0.0,Never hotspot,0,0,0,0.0,0.0,0.0,1,0,0,0,1,0.5,0.5,0.0,Never hotspot
R146_C041,0,0,0,0,0,0,0.0,0.0,Never hotspot,0,0,0,0.0,0.0,0.0,0,0,0,1,0,0.0,0.5,0.5,Never hotspot
R146_C045,0,0,0,0,0,0,0.0,0.0,Never hotspot,0,0,0,0.0,0.0,0.0,0,0,0,1,2,0.0,1.5,1.5,Never hotspot
R146_C047,0,0,0,0,0,0,0.0,0.0,Never hotspot,0,0,0,0.0,0.0,0.0,1,4,8,4,3,2.5,3.5,1.0,Never hotspot
R146_C048,0,0,0,0,0,0,0.0,0.0,Never hotspot,0,0,0,0.0,0.0,0.0,2,1,0,0,1,1.5,0.5,-1.0,Never hotspot
R146_C049,0,0,0,0,0,0,0.0,0.0,Never hotspot,0,0,0,0.0,0.0,0.0,1,0,1,0,1,0.5,0.5,0.0,Never hotspot
R146_C050,0,0,0,0,0,0,0.0,0.0,Never hotspot,0,0,0,0.0,0.0,0.0,2,1,0,1,2,1.5,1.5,0.0,Never hotspot
R146_C051,0,0,0,0,0,0,0.0,0.0,Never hotspot,0,0,0,0.0,0.0,0.0,0,1,0,2,0,0.5,1.0,0.5,Never hotspot
R146_C052,0,0,0,0,0,0,0.0,0.0,Never hotspot,0,0,0,0.0,0.0,0.0,2,5,0,1,0,3.5,0.5,-3.0,Never hotspot
R146_C053,0,0,0,0,0,0,0.0,0.0,Never hotspot,0,0,0,0.0,0.0,0.0,2,0,0,0,2,1.0,1.0,0.0,Never hotspot
R146_C054,0,0,0,0,0,0,0.0,0.0,Never hotspot,0,0,0,0.0,0.0,0.0,1,0,1,1,0,0.5,0.5,0.0,Never hotspot
R146_C055,0,0,0,0,0,0,0.0,0.0,Never hotspot,0,0,0,0.0,0.0,0.0,3,2,1,1,0,2.5,0.5,-2.0,Never hotspot
R146_C056,0,0,0,0,0,0,0.0,0.0,Never hotspot,0,0,0,0.0,0.0,0.0,1,2,1,1,0,1.5,0.5,-1.0,Never hotspot
R146_C057,0,0,0,0,0,0,0.0,0.0,Never hotspot,0,0,0,0.0,0.0,0.0,3,2,2,1,2,2.5,1.5,-1.0,Never hotspot
R146_C058,0,0,0,0,0,0,0.0,0.0,Never hotspot,0,0,0,0.0,0.0,0.0,2,3,1,2,2,2.5,2.0,-0.5,Never hotspot
R146_C059,0,0,0,0,0,0,0.0,0.0,Never hotspot,0,0,0,0.0,0.0,0.0,13,15,9,14,9,14.0,11.5,-2.5,Never hotspot
R146_C060,0,0,0,0,0,0,0.0,0.0,Never hotspot,0,0,0,0.0,0.0,0.0,2,2,2,2,0,2.0,1.0,-1.0,Never hotspot
R147_C007,0,0,0,0,0,0,0.0,0.0,Never hotspot,0,0,0,0.0,0.0,0.0,0,0,0,1,0,0.0,0.5,0.5,Never hotspot
R147_C018,0,0,0,0,0,0,0.0,0.0,Never hotspot,0,0,0,0.0,0.0,0.0,1,1,0,0,0,1.0,0.0,-1.0,Never hotspot
R147_C025,0,0,0,0,0,0,0.0,0.0,Never hotspot,0,0,0,0.0,0.0,0.0,0,0,1,0,0,0.0,0.0,0.0,Never hotspot
R147_C026,0,0,0,0,0,0,0.0,0.0,Never hotspot,0,0,0,0.0,0.0,0.0,0,1,0,0,0,0.5,0.0,-0.5,Never hotspot
R147_C033,0,0,0,0,0,0,0.0,0.0,Never hotspot,0,0,0,0.0,0.0,0.0,0,1,1,0,1,0.5,0.5,0.0,Never hotspot
R147_C040,0,0,0,0,0,0,0.0,0.0,Never hotspot,0,0,0,0.0,0.0,0.0,0,0,0,1,0,0.0,0.5,0.5,Never hotspot
R147_C042,0,0,0,0,0,0,0.0,0.0,Never hotspot,0,0,0,0.0,0.0,0.0,1,1,1,0,0,1.0,0.0,-1.0,Never hotspot
R147_C043,0,0,0,0,0,0,0.0,0.0,Never hotspot,0,0,0,0.0,0.0,0.0,1,0,0,1,0,0.5,0.5,0.0,Never hotspot
R147_C044,0,0,0,0,0,0,0.0,0.0,Never hotspot,0,0,0,0.0,0.0,0.0,0,0,1,0,7,0.0,3.5,3.5,Never hotspot
R147_C046,0,0,0,0,0,0,0.0,0.0,Never hotspot,0,0,0,0.0,0.0,0.0,1,0,0,1,0,0.5,0.5,0.0,Never hotspot
R147_C047,0,0,0,0,0,0,0.0,0.0,Never hotspot,0,0,0,0.0,0.0,0.0,1,0,1,0,0,0.5,0.0,-0.5,Never hotspot
R147_C048,0,0,0,0,0,0,0.0,0.0,Never hotspot,0,0,0,0.0,0.0,0.0,0,0,1,0,0,0.0,0.0,0.0,Never hotspot
R147_C050,0,0,0,0,0,0,0.0,0.0,Never hotspot,0,0,0,0.0,0.0,0.0,1,0,5,2,1,0.5,1.5,1.0,Never hotspot
R147_C051,0,0,0,0,0,0,0.0,0.0,Never hotspot,0,0,0,0.0,0.0,0.0,0,0,1,1,1,0.0,1.0,1.0,Never hotspot
R147_C052,0,0,0,0,0,0,0.0,0.0,Never hotspot,0,0,0,0.0,0.0,0.0,1,1,1,1,0,1.0,0.5,-0.5,Never hotspot
R147_C053,0,0,0,0,0,0,0.0,0.0,Never hotspot,0,0,0,0.0,0.0,0.0,0,3,0,2,0,1.5,1.0,-0.5,Never hotspot
R147_C054,0,0,0,0,0,0,0.0,0.0,Never hotspot,0,0,0,0.0,0.0,0.0,2,0,0,2,4,1.0,3.0,2.0,Never hotspot
R147_C055,0,0,0,0,0,0,0.0,0.0,Never hotspot,0,0,0,0.0,0.0,0.0,1,7,3,1,4,4.0,2.5,-1.5,Never hotspot
R147_C056,0,0,0,0,0,0,0.0,0.0,Never hotspot,0,0,0,0.0,0.0,0.0,1,1,2,1,0,1.0,0.5,-0.5,Never hotspot
R147_C057,0,0,0,0,0,0,0.0,0.0,Never hotspot,0,0,0,0.0,0.0,0.0,1,2,0,1,0,1.5,0.5,-1.0,Never hotspot
R147_C058,0,0,0,0,0,0,0.0,0.0,Never hotspot,0,0,0,0.0,0.0,0.0,4,2,0,1,3,3.0,2.0,-1.0,Never hotspot
R147_C059,0,0,0,0,0,0,0.0,0.0,Never hotspot,0,0,0,0.0,0.0,0.0,0,0,1,3,0,0.0,1.5,1.5,Never hotspot
R147_C060,0,0,0,0,0,0,0.0,0.0,Never hotspot,0,0,0,0.0,0.0,0.0,3,4,1,1,1,3.5,1.0,-2.5,Never hotspot
R148_C017,0,0,0,0,0,0,0.0,0.0,Never hotspot,0,0,0,0.0,0.0,0.0,0,1,0,1,0,0.5,0.5,0.0,Never hotspot
R148_C022,0,0,0,0,0,0,0.0,0.0,Never hotspot,0,0,0,0.0,0.0,0.0,0,0,0,1,0,0.0,0.5,0.5,Never hotspot
R148_C025,0,0,0,0,0,0,0.0,0.0,Never hotspot,0,0,0,0.0,0.0,0.0,0,0,0,1,0,0.0,0.5,0.5,Never hotspot
R148_C026,0,0,0,0,0,0,0.0,0.0,Never hotspot,0,0,0,0.0,0.0,0.0,1,0,0,0,0,0.5,0.0,-0.5,Never hotspot
R148_C030,0,0,0,0,0,0,0.0,0.0,Never hotspot,0,0,0,0.0,0.0,0.0,0,0,0,1,0,0.0,0.5,0.5,Never hotspot
R148_C032,0,0,0,0,0,0,0.0,0.0,Never hotspot,0,0,0,0.0,0.0,0.0,2,0,0,2,1,1.0,1.5,0.5,Never hotspot
R148_C033,0,0,0,0,0,0,0.0,0.0,Never hotspot,0,0,0,0.0,0.0,0.0,0,0,1,0,0,0.0,0.0,0.0,Never hotspot
R148_C042,0,0,0,0,0,0,0.0,0.0,Never hotspot,0,0,0,0.0,0.0,0.0,1,1,1,0,0,1.0,0.0,-1.0,Never hotspot
R148_C044,0,0,0,0,0,0,0.0,0.0,Never hotspot,0,0,0,0.0,0.0,0.0,0,0,0,1,0,0.0,0.5,0.5,Never hotspot
R148_C045,0,0,0,0,0,0,0.0,0.0,Never hotspot,0,0,0,0.0,0.0,0.0,0,0,0,1,0,0.0,0.5,0.5,Never hotspot
R148_C046,0,0,0,0,0,0,0.0,0.0,Never hotspot,0,0,0,0.0,0.0,0.0,0,1,0,0,1,0.5,0.5,0.0,Never hotspot
R148_C049,0,0,0,0,0,0,0.0,0.0,Never hotspot,0,0,0,0.0,0.0,0.0,0,0,0,0,1,0.0,0.5,0.5,Never hotspot
R148_C050,0,0,0,0,0,0,0.0,0.0,Never hotspot,0,0,0,0.0,0.0,0.0,1,0,0,1,0,0.5,0.5,0.0,Never hotspot
R148_C051,0,0,0,0,0,0,0.0,0.0,Never hotspot,0,0,0,0.0,0.0,0.0,1,0,0,0,0,0.5,0.0,-0.5,Never hotspot
R148_C053,0,0,0,0,0,0,0.0,0.0,Never hotspot,0,0,0,0.0,0.0,0.0,1,0,1,0,0,0.5,0.0,-0.5,Never hotspot
R148_C054,0,0,0,0,0,0,0.0,0.0,Never hotspot,0,0,0,0.0,0.0,0.0,7,3,4,0,5,5.0,2.5,-2.5,Never hotspot
R148_C055,0,0,0,0,0,0,0.0,0.0,Never hotspot,0,0,0,0.0,0.0,0.0,3,3,1,1,2,3.0,1.5,-1.5,Never hotspot
R148_C056,0,0,0,0,0,0,0.0,0.0,Never hotspot,0,0,0,0.0,0.0,0.0,8,4,7,11,3,6.0,7.0,1.0,Never hotspot
R148_C057,0,0,0,0,0,0,0.0,0.0,Never hotspot,0,0,0,0.0,0.0,0.0,3,5,0,4,4,4.0,4.0,0.0,Never hotspot
R148_C058,0,0,0,0,0,0,0.0,0.0,Never hotspot,0,0,0,0.0,0.0,0.0,0,0,0,2,0,0.0,1.0,1.0,Never hotspot
R148_C059,0,0,0,0,0,0,0.0,0.0,Never hotspot,0,0,0,0.0,0.0,0.0,1,0,1,1,2,0.5,1.5,1.0,Never hotspot
R148_C060,0,0,0,0,0,0,0.0,0.0,Never hotspot,0,0,0,0.0,0.0,0.0,1,0,2,2,0,0.5,1.0,0.5,Never hotspot
R149_C011,0,0,0,0,0,0,0.0,0.0,Never hotspot,0,0,0,0.0,0.0,0.0,0,1,0,0,0,0.5,0.0,-0.5,Never hotspot
R149_C016,0,0,0,0,0,0,0.0,0.0,Never hotspot,0,0,0,0.0,0.0,0.0,0,1,0,0,0,0.5,0.0,-0.5,Never hotspot
R149_C017,0,0,0,0,0,0,0.0,0.0,Never hotspot,0,0,0,0.0,0.0,0.0,0,0,0,0,1,0.0,0.5,0.5,Never hotspot
R149_C022,0,0,0,0,0,0,0.0,0.0,Never hotspot,0,0,0,0.0,0.0,0.0,1,0,0,0,0,0.5,0.0,-0.5,Never hotspot
R149_C026,0,0,0,0,0,0,0.0,0.0,Never hotspot,0,0,0,0.0,0.0,0.0,0,1,0,0,0,0.5,0.0,-0.5,Never hotspot
R149_C027,0,0,0,0,0,0,0.0,0.0,Never hotspot,0,0,0,0.0,0.0,0.0,0,2,0,0,1,1.0,0.5,-0.5,Never hotspot
R149_C028,0,0,0,0,0,0,0.0,0.0,Never hotspot,0,0,0,0.0,0.0,0.0,0,1,3,1,1,0.5,1.0,0.5,Never hotspot
R149_C029,0,0,0,0,0,0,0.0,0.0,Never hotspot,0,0,0,0.0,0.0,0.0,2,0,3,5,2,1.0,3.5,2.5,Never hotspot
R149_C030,0,0,0,0,0,0,0.0,0.0,Never hotspot,0,0,0,0.0,0.0,0.0,1,0,4,4,5,0.5,4.5,4.0,Never hotspot
R149_C031,0,0,0,0,0,0,0.0,0.0,Never hotspot,0,0,0,0.0,0.0,0.0,1,4,0,0,1,2.5,0.5,-2.0,Never hotspot
R149_C040,0,0,0,0,0,0,0.0,0.0,Never hotspot,0,0,0,0.0,0.0,0.0,0,2,2,0,0,1.0,0.0,-1.0,Never hotspot
R149_C042,0,0,0,0,0,0,0.0,0.0,Never hotspot,0,0,0,0.0,0.0,0.0,0,1,0,0,1,0.5,0.5,0.0,Never hotspot
R149_C045,0,0,0,0,0,0,0.0,0.0,Never hotspot,0,0,0,0.0,0.0,0.0,0,1,4,1,1,0.5,1.0,0.5,Never hotspot
R149_C046,0,0,0,0,0,0,0.0,0.0,Never hotspot,0,0,0,0.0,0.0,0.0,1,1,2,0,0,1.0,0.0,-1.0,Never hotspot
R149_C049,0,0,0,0,0,0,0.0,0.0,Never hotspot,0,0,0,0.0,0.0,0.0,0,0,1,0,2,0.0,1.0,1.0,Never hotspot
R149_C054,0,0,0,0,0,0,0.0,0.0,Never hotspot,0,0,0,0.0,0.0,0.0,1,2,1,2,0,1.5,1.0,-0.5,Never hotspot
R149_C055,0,0,0,0,0,0,0.0,0.0,Never hotspot,0,0,0,0.0,0.0,0.0,1,0,1,1,2,0.5,1.5,1.0,Never hotspot
R149_C056,0,0,0,0,0,0,0.0,0.0,Never hotspot,0,0,0,0.0,0.0,0.0,1,2,0,1,2,1.5,1.5,0.0,Never hotspot
R149_C057,0,0,0,0,0,0,0.0,0.0,Never hotspot,0,0,0,0.0,0.0,0.0,1,1,2,2,1,1.0,1.5,0.5,Never hotspot
R149_C058,0,0,0,0,0,0,0.0,0.0,Never hotspot,0,0,0,0.0,0.0,0.0,0,0,2,0,0,0.0,0.0,0.0,Never hotspot
R149_C059,0,0,0,0,0,0,0.0,0.0,Never hotspot,0,0,0,0.0,0.0,0.0,2,2,5,3,6,2.0,4.5,2.5,Never hotspot
R149_C060,0,0,0,0,0,0,0.0,0.0,Never hotspot,0,0,0,0.0,0.0,0.0,6,4,2,1,1,5.0,1.0,-4.0,Never hotspot
R149_C061,0,0,0,0,0,0,0.0,0.0,Never hotspot,0,0,0,0.0,0.0,0.0,5,9,8,6,3,7.0,4.5,-2.5,Never hotspot
R150_C020,0,0,0,0,0,0,0.0,0.0,Never hotspot,0,0,0,0.0,0.0,0.0,1,1,0,0,0,1.0,0.0,-1.0,Never hotspot
R150_C023,0,0,0,0,0,0,0.0,0.0,Never hotspot,0,0,0,0.0,0.0,0.0,0,0,0,0,2,0.0,1.0,1.0,Never hotspot
R150_C027,0,0,0,0,0,0,0.0,0.0,Never hotspot,0,0,0,0.0,0.0,0.0,2,1,3,1,3,1.5,2.0,0.5,Never hotspot
R150_C029,0,0,0,0,0,0,0.0,0.0,Never hotspot,0,0,0,0.0,0.0,0.0,0,0,1,0,0,0.0,0.0,0.0,Never hotspot
R150_C030,0,0,0,0,0,0,0.0,0.0,Never hotspot,0,0,0,0.0,0.0,0.0,0,1,0,2,0,0.5,1.0,0.5,Never hotspot
R150_C041,0,0,0,0,0,0,0.0,0.0,Never hotspot,0,0,0,0.0,0.0,0.0,0,0,1,1,0,0.0,0.5,0.5,Never hotspot
R150_C044,0,0,0,0,0,0,0.0,0.0,Never hotspot,0,0,0,0.0,0.0,0.0,0,0,1,3,0,0.0,1.5,1.5,Never hotspot
R150_C045,0,0,0,0,0,0,0.0,0.0,Never hotspot,0,0,0,0.0,0.0,0.0,0,1,0,1,0,0.5,0.5,0.0,Never hotspot
R150_C047,0,0,0,0,0,0,0.0,0.0,Never hotspot,0,0,0,0.0,0.0,0.0,1,0,0,0,0,0.5,0.0,-0.5,Never hotspot
R150_C048,0,0,0,0,0,0,0.0,0.0,Never hotspot,0,0,0,0.0,0.0,0.0,0,0,0,0,1,0.0,0.5,0.5,Never hotspot
R150_C049,0,0,0,0,0,0,0.0,0.0,Never hotspot,0,0,0,0.0,0.0,0.0,1,1,2,1,0,1.0,0.5,-0.5,Never hotspot
R150_C051,0,0,0,0,0,0,0.0,0.0,Never hotspot,0,0,0,0.0,0.0,0.0,0,0,1,0,0,0.0,0.0,0.0,Never hotspot
R150_C056,0,0,0,0,0,0,0.0,0.0,Never hotspot,0,0,0,0.0,0.0,0.0,0,0,0,2,0,0.0,1.0,1.0,Never hotspot
R150_C057,0,0,0,0,0,0,0.0,0.0,Never hotspot,0,0,0,0.0,0.0,0.0,0,1,0,0,0,0.5,0.0,-0.5,Never hotspot
R150_C058,0,0,0,0,0,0,0.0,0.0,Never hotspot,0,0,0,0.0,0.0,0.0,3,3,3,5,6,3.0,5.5,2.5,Never hotspot
R150_C059,0,0,0,0,0,0,0.0,0.0,Never hotspot,0,0,0,0.0,0.0,0.0,3,1,2,3,2,2.0,2.5,0.5,Never hotspot
R150_C060,0,0,0,0,0,0,0.0,0.0,Never hotspot,0,0,0,0.0,0.0,0.0,3,2,0,1,0,2.5,0.5,-2.0,Never hotspot
R150_C061,0,0,0,0,0,0,0.0,0.0,Never hotspot,0,0,0,0.0,0.0,0.0,1,1,1,0,0,1.0,0.0,-1.0,Never hotspot
R151_C020,0,0,0,0,0,0,0.0,0.0,Never hotspot,0,0,0,0.0,0.0,0.0,0,0,1,1,0,0.0,0.5,0.5,Never hotspot
R151_C021,0,0,0,0,0,0,0.0,0.0,Never hotspot,0,0,0,0.0,0.0,0.0,0,1,0,0,0,0.5,0.0,-0.5,Never hotspot
R151_C027,0,0,0,0,0,0,0.0,0.0,Never hotspot,0,0,0,0.0,0.0,0.0,1,1,0,0,0,1.0,0.0,-1.0,Never hotspot
R151_C028,0,0,0,0,0,0,0.0,0.0,Never hotspot,0,0,0,0.0,0.0,0.0,1,1,0,1,0,1.0,0.5,-0.5,Never hotspot
R151_C030,0,0,0,0,0,0,0.0,0.0,Never hotspot,0,0,0,0.0,0.0,0.0,0,0,1,0,0,0.0,0.0,0.0,Never hotspot
R151_C041,0,0,0,0,0,0,0.0,0.0,Never hotspot,0,0,0,0.0,0.0,0.0,0,0,0,0,1,0.0,0.5,0.5,Never hotspot
R151_C042,0,0,0,0,0,0,0.0,0.0,Never hotspot,0,0,0,0.0,0.0,0.0,0,0,1,0,1,0.0,0.5,0.5,Never hotspot
R151_C043,0,0,0,0,0,0,0.0,0.0,Never hotspot,0,0,0,0.0,0.0,0.0,1,1,1,4,0,1.0,2.0,1.0,Never hotspot
R151_C044,0,0,0,0,0,0,0.0,0.0,Never hotspot,0,0,0,0.0,0.0,0.0,0,0,0,1,0,0.0,0.5,0.5,Never hotspot
R151_C049,0,0,0,0,0,0,0.0,0.0,Never hotspot,0,0,0,0.0,0.0,0.0,1,1,1,0,0,1.0,0.0,-1.0,Never hotspot
R151_C059,0,0,0,0,0,0,0.0,0.0,Never hotspot,0,0,0,0.0,0.0,0.0,0,3,4,2,2,1.5,2.0,0.5,Never hotspot
R151_C060,0,0,0,0,0,0,0.0,0.0,Never hotspot,0,0,0,0.0,0.0,0.0,2,2,1,1,3,2.0,2.0,0.0,Never hotspot
R151_C061,0,0,0,0,0,0,0.0,0.0,Never hotspot,0,0,0,0.0,0.0,0.0,1,0,0,0,0,0.5,0.0,-0.5,Never hotspot
R151_C062,0,0,0,0,0,0,0.0,0.0,Never hotspot,0,0,0,0.0,0.0,0.0,0,2,2,0,1,1.0,0.5,-0.5,Never hotspot
R151_C063,0,0,0,0,0,0,0.0,0.0,Never hotspot,0,0,0,0.0,0.0,0.0,0,0,0,0,2,0.0,1.0,1.0,Never hotspot
R152_C020,0,0,0,0,0,0,0.0,0.0,Never hotspot,0,0,0,0.0,0.0,0.0,1,0,0,0,0,0.5,0.0,-0.5,Never hotspot
R152_C028,0,0,0,0,0,0,0.0,0.0,Never hotspot,0,0,0,0.0,0.0,0.0,3,5,1,1,2,4.0,1.5,-2.5,Never hotspot
R152_C029,0,0,0,0,0,0,0.0,0.0,Never hotspot,0,0,0,0.0,0.0,0.0,1,3,2,0,4,2.0,2.0,0.0,Never hotspot
R152_C039,0,0,0,0,0,0,0.0,0.0,Never hotspot,0,0,0,0.0,0.0,0.0,0,0,1,0,0,0.0,0.0,0.0,Never hotspot
R152_C040,0,0,0,0,0,0,0.0,0.0,Never hotspot,0,0,0,0.0,0.0,0.0,0,5,0,0,1,2.5,0.5,-2.0,Never hotspot
R152_C041,0,0,0,0,0,0,0.0,0.0,Never hotspot,0,0,0,0.0,0.0,0.0,0,0,0,0,1,0.0,0.5,0.5,Never hotspot
R152_C049,0,0,0,0,0,0,0.0,0.0,Never hotspot,0,0,0,0.0,0.0,0.0,2,0,0,0,0,1.0,0.0,-1.0,Never hotspot
R152_C059,0,0,0,0,0,0,0.0,0.0,Never hotspot,0,0,0,0.0,0.0,0.0,1,0,0,0,0,0.5,0.0,-0.5,Never hotspot
R152_C060,0,0,0,0,0,0,0.0,0.0,Never hotspot,0,0,0,0.0,0.0,0.0,1,0,2,0,0,0.5,0.0,-0.5,Never hotspot
R152_C061,0,0,0,0,0,0,0.0,0.0,Never hotspot,0,0,0,0.0,0.0,0.0,2,1,2,2,1,1.5,1.5,0.0,Never hotspot
R152_C063,0,0,0,0,0,0,0.0,0.0,Never hotspot,0,0,0,0.0,0.0,0.0,1,0,1,1,2,0.5,1.5,1.0,Never hotspot
R153_C021,0,0,0,0,0,0,0.0,0.0,Never hotspot,0,0,0,0.0,0.0,0.0,0,0,2,0,0,0.0,0.0,0.0,Never hotspot
R153_C025,0,0,0,0,0,0,0.0,0.0,Never hotspot,0,0,0,0.0,0.0,0.0,0,1,0,0,2,0.5,1.0,0.5,Never hotspot
R153_C028,0,0,0,0,0,0,0.0,0.0,Never hotspot,0,0,0,0.0,0.0,0.0,2,0,2,1,0,1.0,0.5,-0.5,Never hotspot
R153_C029,0,0,0,0,0,0,0.0,0.0,Never hotspot,0,0,0,0.0,0.0,0.0,0,5,0,3,4,2.5,3.5,1.0,Never hotspot
R153_C030,0,0,0,0,0,0,0.0,0.0,Never hotspot,0,0,0,0.0,0.0,0.0,2,5,3,1,0,3.5,0.5,-3.0,Never hotspot
R153_C039,0,0,0,0,0,0,0.0,0.0,Never hotspot,0,0,0,0.0,0.0,0.0,1,1,1,2,0,1.0,1.0,0.0,Never hotspot
R153_C057,0,0,0,0,0,0,0.0,0.0,Never hotspot,0,0,0,0.0,0.0,0.0,0,2,0,0,0,1.0,0.0,-1.0,Never hotspot
R153_C060,0,0,0,0,0,0,0.0,0.0,Never hotspot,0,0,0,0.0,0.0,0.0,1,0,0,2,0,0.5,1.0,0.5,Never hotspot
R153_C061,0,0,0,0,0,0,0.0,0.0,Never hotspot,0,0,0,0.0,0.0,0.0,0,0,0,1,3,0.0,2.0,2.0,Never hotspot
R153_C062,0,0,0,0,0,0,0.0,0.0,Never hotspot,0,0,0,0.0,0.0,0.0,3,1,0,0,0,2.0,0.0,-2.0,Never hotspot
R153_C064,0,0,0,0,0,0,0.0,0.0,Never hotspot,0,0,0,0.0,0.0,0.0,0,0,1,0,0,0.0,0.0,0.0,Never hotspot
R154_C019,0,0,0,0,0,0,0.0,0.0,Never hotspot,0,0,0,0.0,0.0,0.0,0,0,0,1,0,0.0,0.5,0.5,Never hotspot
R154_C021,0,0,0,0,0,0,0.0,0.0,Never hotspot,0,0,0,0.0,0.0,0.0,0,0,0,0,1,0.0,0.5,0.5,Never hotspot
R154_C022,0,0,0,0,0,0,0.0,0.0,Never hotspot,0,0,0,0.0,0.0,0.0,1,0,0,0,0,0.5,0.0,-0.5,Never hotspot
R154_C023,0,0,0,0,0,0,0.0,0.0,Never hotspot,0,0,0,0.0,0.0,0.0,0,2,1,0,0,1.0,0.0,-1.0,Never hotspot
R154_C024,0,0,0,0,0,0,0.0,0.0,Never hotspot,0,0,0,0.0,0.0,0.0,0,0,2,0,2,0.0,1.0,1.0,Never hotspot
R154_C025,0,0,0,0,0,0,0.0,0.0,Never hotspot,0,0,0,0.0,0.0,0.0,0,1,0,0,0,0.5,0.0,-0.5,Never hotspot
R154_C029,0,0,0,0,0,0,0.0,0.0,Never hotspot,0,0,0,0.0,0.0,0.0,0,0,1,0,1,0.0,0.5,0.5,Never hotspot
R154_C030,0,0,0,0,0,0,0.0,0.0,Never hotspot,0,0,0,0.0,0.0,0.0,0,2,1,0,1,1.0,0.5,-0.5,Never hotspot
R154_C031,0,0,0,0,0,0,0.0,0.0,Never hotspot,0,0,0,0.0,0.0,0.0,0,1,0,2,3,0.5,2.5,2.0,Never hotspot
R154_C032,0,0,0,0,0,0,0.0,0.0,Never hotspot,0,0,0,0.0,0.0,0.0,0,1,0,2,0,0.5,1.0,0.5,Never hotspot
R154_C033,0,0,0,0,0,0,0.0,0.0,Never hotspot,0,0,0,0.0,0.0,0.0,0,1,1,1,0,0.5,0.5,0.0,Never hotspot
R154_C034,0,0,0,0,0,0,0.0,0.0,Never hotspot,0,0,0,0.0,0.0,0.0,0,0,0,1,2,0.0,1.5,1.5,Never hotspot
R154_C035,0,0,0,0,0,0,0.0,0.0,Never hotspot,0,0,0,0.0,0.0,0.0,0,1,1,1,1,0.5,1.0,0.5,Never hotspot
R154_C039,0,0,0,0,0,0,0.0,0.0,Never hotspot,0,0,0,0.0,0.0,0.0,1,0,2,0,1,0.5,0.5,0.0,Never hotspot
R154_C049,0,0,0,0,0,0,0.0,0.0,Never hotspot,0,0,0,0.0,0.0,0.0,0,1,0,0,0,0.5,0.0,-0.5,Never hotspot
R154_C059,0,0,0,0,0,0,0.0,0.0,Never hotspot,0,0,0,0.0,0.0,0.0,0,0,1,1,2,0.0,1.5,1.5,Never hotspot
R154_C062,0,0,0,0,0,0,0.0,0.0,Never hotspot,0,0,0,0.0,0.0,0.0,0,0,1,0,1,0.0,0.5,0.5,Never hotspot
R154_C063,0,0,0,0,0,0,0.0,0.0,Never hotspot,0,0,0,0.0,0.0,0.0,1,0,1,2,1,0.5,1.5,1.0,Never hotspot
R154_C064,0,0,0,0,0,0,0.0,0.0,Never hotspot,0,0,0,0.0,0.0,0.0,1,1,2,1,2,1.0,1.5,0.5,Never hotspot
R155_C020,0,0,0,0,0,0,0.0,0.0,Never hotspot,0,0,0,0.0,0.0,0.0,0,0,0,1,1,0.0,1.0,1.0,Never hotspot
R155_C021,0,0,0,0,0,0,0.0,0.0,Never hotspot,0,0,0,0.0,0.0,0.0,0,0,0,1,0,0.0,0.5,0.5,Never hotspot
R155_C030,0,0,0,0,0,0,0.0,0.0,Never hotspot,0,0,0,0.0,0.0,0.0,1,0,0,0,0,0.5,0.0,-0.5,Never hotspot
R155_C031,0,0,0,0,0,0,0.0,0.0,Never hotspot,0,0,0,0.0,0.0,0.0,1,0,0,1,1,0.5,1.0,0.5,Never hotspot
R155_C037,0,0,0,0,0,0,0.0,0.0,Never hotspot,0,0,0,0.0,0.0,0.0,0,0,0,0,1,0.0,0.5,0.5,Never hotspot
R155_C040,0,0,0,0,0,0,0.0,0.0,Never hotspot,0,0,0,0.0,0.0,0.0,0,1,0,0,1,0.5,0.5,0.0,Never hotspot
R155_C059,0,0,0,0,0,0,0.0,0.0,Never hotspot,0,0,0,0.0,0.0,0.0,1,0,0,0,0,0.5,0.0,-0.5,Never hotspot
R155_C063,0,0,0,0,0,0,0.0,0.0,Never hotspot,0,0,0,0.0,0.0,0.0,1,0,1,0,1,0.5,0.5,0.0,Never hotspot
R155_C064,0,0,0,0,0,0,0.0,0.0,Never hotspot,0,0,0,0.0,0.0,0.0,2,0,4,2,4,1.0,3.0,2.0,Never hotspot
R156_C020,0,0,0,0,0,0,0.0,0.0,Never hotspot,0,0,0,0.0,0.0,0.0,0,0,0,0,2,0.0,1.0,1.0,Never hotspot
R156_C031,0,0,0,0,0,0,0.0,0.0,Never hotspot,0,0,0,0.0,0.0,0.0,1,1,0,2,0,1.0,1.0,0.0,Never hotspot
R156_C032,0,0,0,0,0,0,0.0,0.0,Never hotspot,0,0,0,0.0,0.0,0.0,2,0,1,1,0,1.0,0.5,-0.5,Never hotspot
R156_C038,0,0,0,0,0,0,0.0,0.0,Never hotspot,0,0,0,0.0,0.0,0.0,1,0,1,1,1,0.5,1.0,0.5,Never hotspot
R156_C039,0,0,0,0,0,0,0.0,0.0,Never hotspot,0,0,0,0.0,0.0,0.0,0,2,0,1,1,1.0,1.0,0.0,Never hotspot
R156_C040,0,0,0,0,0,0,0.0,0.0,Never hotspot,0,0,0,0.0,0.0,0.0,0,0,0,1,2,0.0,1.5,1.5,Never hotspot
R156_C051,0,0,0,0,0,0,0.0,0.0,Never hotspot,0,0,0,0.0,0.0,0.0,0,0,1,0,1,0.0,0.5,0.5,Never hotspot
R156_C054,0,0,0,0,0,0,0.0,0.0,Never hotspot,0,0,0,0.0,0.0,0.0,0,0,0,1,0,0.0,0.5,0.5,Never hotspot
R156_C059,0,0,0,0,0,0,0.0,0.0,Never hotspot,0,0,0,0.0,0.0,0.0,1,0,0,0,1,0.5,0.5,0.0,Never hotspot
R156_C062,0,0,0,0,0,0,0.0,0.0,Never hotspot,0,0,0,0.0,0.0,0.0,1,0,0,1,0,0.5,0.5,0.0,Never hotspot
R156_C064,0,0,0,0,0,0,0.0,0.0,Never hotspot,0,0,0,0.0,0.0,0.0,0,0,1,1,1,0.0,1.0,1.0,Never hotspot
R156_C065,0,0,0,0,0,0,0.0,0.0,Never hotspot,0,0,0,0.0,0.0,0.0,1,2,1,1,1,1.5,1.0,-0.5,Never hotspot
R157_C000,0,0,0,0,0,0,0.0,0.0,Never hotspot,0,0,0,0.0,0.0,0.0,1,1,0,0,0,1.0,0.0,-1.0,Never hotspot
R157_C020,0,0,0,0,0,0,0.0,0.0,Never hotspot,0,0,0,0.0,0.0,0.0,0,1,0,0,3,0.5,1.5,1.0,Never hotspot
R157_C032,0,0,0,0,0,0,0.0,0.0,Never hotspot,0,0,0,0.0,0.0,0.0,2,1,1,2,1,1.5,1.5,0.0,Never hotspot
R157_C033,0,0,0,0,0,0,0.0,0.0,Never hotspot,0,0,0,0.0,0.0,0.0,0,0,1,1,0,0.0,0.5,0.5,Never hotspot
R157_C040,0,0,0,0,0,0,0.0,0.0,Never hotspot,0,0,0,0.0,0.0,0.0,1,0,1,1,1,0.5,1.0,0.5,Never hotspot
R157_C041,0,0,0,0,0,0,0.0,0.0,Never hotspot,0,0,0,0.0,0.0,0.0,1,0,3,3,3,0.5,3.0,2.5,Never hotspot
R157_C052,0,0,0,0,0,0,0.0,0.0,Never hotspot,0,0,0,0.0,0.0,0.0,0,0,0,0,1,0.0,0.5,0.5,Never hotspot
R157_C053,0,0,0,0,0,0,0.0,0.0,Never hotspot,0,0,0,0.0,0.0,0.0,0,1,0,2,0,0.5,1.0,0.5,Never hotspot
R157_C054,0,0,0,0,0,0,0.0,0.0,Never hotspot,0,0,0,0.0,0.0,0.0,0,0,1,0,0,0.0,0.0,0.0,Never hotspot
R157_C055,0,0,0,0,0,0,0.0,0.0,Never hotspot,0,0,0,0.0,0.0,0.0,0,0,0,1,1,0.0,1.0,1.0,Never hotspot
R157_C056,0,0,0,0,0,0,0.0,0.0,Never hotspot,0,0,0,0.0,0.0,0.0,0,0,1,1,1,0.0,1.0,1.0,Never hotspot
R157_C057,0,0,0,0,0,0,0.0,0.0,Never hotspot,0,0,0,0.0,0.0,0.0,2,1,2,1,1,1.5,1.0,-0.5,Never hotspot
R157_C058,0,0,0,0,0,0,0.0,0.0,Never hotspot,0,0,0,0.0,0.0,0.0,1,0,0,1,1,0.5,1.0,0.5,Never hotspot
R157_C059,0,0,0,0,0,0,0.0,0.0,Never hotspot,0,0,0,0.0,0.0,0.0,0,1,0,0,3,0.5,1.5,1.0,Never hotspot
R157_C060,0,0,0,0,0,0,0.0,0.0,Never hotspot,0,0,0,0.0,0.0,0.0,3,1,1,1,1,2.0,1.0,-1.0,Never hotspot
R157_C061,0,0,0,0,0,0,0.0,0.0,Never hotspot,0,0,0,0.0,0.0,0.0,0,3,2,1,2,1.5,1.5,0.0,Never hotspot
R157_C062,0,0,0,0,0,0,0.0,0.0,Never hotspot,0,0,0,0.0,0.0,0.0,2,1,0,0,0,1.5,0.0,-1.5,Never hotspot
R157_C063,0,0,0,0,0,0,0.0,0.0,Never hotspot,0,0,0,0.0,0.0,0.0,1,2,0,1,3,1.5,2.0,0.5,Never hotspot
R157_C064,0,0,0,0,0,0,0.0,0.0,Never hotspot,0,0,0,0.0,0.0,0.0,0,0,0,2,0,0.0,1.0,1.0,Never hotspot
R157_C065,0,0,0,0,0,0,0.0,0.0,Never hotspot,0,0,0,0.0,0.0,0.0,1,3,1,3,1,2.0,2.0,0.0,Never hotspot
R158_C000,0,0,0,0,0,0,0.0,0.0,Never hotspot,0,0,0,0.0,0.0,0.0,0,2,0,0,0,1.0,0.0,-1.0,Never hotspot
R158_C001,0,0,0,0,0,0,0.0,0.0,Never hotspot,0,0,0,0.0,0.0,0.0,1,0,0,1,0,0.5,0.5,0.0,Never hotspot
R158_C030,0,0,0,0,0,0,0.0,0.0,Never hotspot,0,0,0,0.0,0.0,0.0,3,1,0,0,1,2.0,0.5,-1.5,Never hotspot
R158_C031,0,0,0,0,0,0,0.0,0.0,Never hotspot,0,0,0,0.0,0.0,0.0,1,0,0,2,0,0.5,1.0,0.5,Never hotspot
R158_C032,0,0,0,0,0,0,0.0,0.0,Never hotspot,0,0,0,0.0,0.0,0.0,0,1,0,0,1,0.5,0.5,0.0,Never hotspot
R158_C033,0,0,0,0,0,0,0.0,0.0,Never hotspot,0,0,0,0.0,0.0,0.0,2,1,0,1,2,1.5,1.5,0.0,Never hotspot
R158_C041,0,0,0,0,0,0,0.0,0.0,Never hotspot,0,0,0,0.0,0.0,0.0,1,0,0,0,0,0.5,0.0,-0.5,Never hotspot
R158_C042,0,0,0,0,0,0,0.0,0.0,Never hotspot,0,0,0,0.0,0.0,0.0,1,1,0,0,3,1.0,1.5,0.5,Never hotspot
R158_C043,0,0,0,0,0,0,0.0,0.0,Never hotspot,0,0,0,0.0,0.0,0.0,0,0,0,0,1,0.0,0.5,0.5,Never hotspot
R158_C052,0,0,0,0,0,0,0.0,0.0,Never hotspot,0,0,0,0.0,0.0,0.0,0,0,0,1,0,0.0,0.5,0.5,Never hotspot
R158_C053,0,0,0,0,0,0,0.0,0.0,Never hotspot,0,0,0,0.0,0.0,0.0,1,1,1,0,0,1.0,0.0,-1.0,Never hotspot
R158_C056,0,0,0,0,0,0,0.0,0.0,Never hotspot,0,0,0,0.0,0.0,0.0,0,0,1,0,0,0.0,0.0,0.0,Never hotspot
R158_C058,0,0,0,0,0,0,0.0,0.0,Never hotspot,0,0,0,0.0,0.0,0.0,1,0,0,0,1,0.5,0.5,0.0,Never hotspot
R158_C059,0,0,0,0,0,0,0.0,0.0,Never hotspot,0,0,0,0.0,0.0,0.0,0,0,1,2,1,0.0,1.5,1.5,Never hotspot
R158_C060,0,0,0,0,0,0,0.0,0.0,Never hotspot,0,0,0,0.0,0.0,0.0,0,0,0,0,1,0.0,0.5,0.5,Never hotspot
R158_C061,0,0,0,0,0,0,0.0,0.0,Never hotspot,0,0,0,0.0,0.0,0.0,0,1,0,0,0,0.5,0.0,-0.5,Never hotspot
R158_C062,0,0,0,0,0,0,0.0,0.0,Never hotspot,0,0,0,0.0,0.0,0.0,0,0,1,0,1,0.0,0.5,0.5,Never hotspot
R158_C063,0,0,0,0,0,0,0.0,0.0,Never hotspot,0,0,0,0.0,0.0,0.0,2,1,0,0,0,1.5,0.0,-1.5,Never hotspot
R158_C064,0,0,0,0,0,0,0.0,0.0,Never hotspot,0,0,0,0.0,0.0,0.0,1,1,6,5,2,1.0,3.5,2.5,Never hotspot
R158_C065,0,0,0,0,0,0,0.0,0.0,Never hotspot,0,0,0,0.0,0.0,0.0,12,14,9,15,14,13.0,14.5,1.5,Never hotspot
R158_C066,0,0,0,0,0,0,0.0,0.0,Never hotspot,0,0,0,0.0,0.0,0.0,1,0,0,1,0,0.5,0.5,0.0,Never hotspot
R159_C019,0,0,0,0,0,0,0.0,0.0,Never hotspot,0,0,0,0.0,0.0,0.0,0,0,1,0,0,0.0,0.0,0.0,Never hotspot
R159_C030,0,0,0,0,0,0,0.0,0.0,Never hotspot,0,0,0,0.0,0.0,0.0,1,0,0,0,0,0.5,0.0,-0.5,Never hotspot
R159_C031,0,0,0,0,0,0,0.0,0.0,Never hotspot,0,0,0,0.0,0.0,0.0,0,0,0,0,3,0.0,1.5,1.5,Never hotspot
R159_C034,0,0,0,0,0,0,0.0,0.0,Never hotspot,0,0,0,0.0,0.0,0.0,0,2,3,1,3,1.0,2.0,1.0,Never hotspot
R159_C035,0,0,0,0,0,0,0.0,0.0,Never hotspot,0,0,0,0.0,0.0,0.0,0,0,0,1,0,0.0,0.5,0.5,Never hotspot
R159_C043,0,0,0,0,0,0,0.0,0.0,Never hotspot,0,0,0,0.0,0.0,0.0,0,0,1,1,0,0.0,0.5,0.5,Never hotspot
R159_C044,0,0,0,0,0,0,0.0,0.0,Never hotspot,0,0,0,0.0,0.0,0.0,0,0,1,0,0,0.0,0.0,0.0,Never hotspot
R159_C052,0,0,0,0,0,0,0.0,0.0,Never hotspot,0,0,0,0.0,0.0,0.0,0,0,0,0,1,0.0,0.5,0.5,Never hotspot
R159_C055,0,0,0,0,0,0,0.0,0.0,Never hotspot,0,0,0,0.0,0.0,0.0,0,0,1,0,0,0.0,0.0,0.0,Never hotspot
R159_C057,0,0,0,0,0,0,0.0,0.0,Never hotspot,0,0,0,0.0,0.0,0.0,0,1,1,1,0,0.5,0.5,0.0,Never hotspot
R159_C060,0,0,0,0,0,0,0.0,0.0,Never hotspot,0,0,0,0.0,0.0,0.0,0,1,1,0,0,0.5,0.0,-0.5,Never hotspot
R159_C061,0,0,0,0,0,0,0.0,0.0,Never hotspot,0,0,0,0.0,0.0,0.0,2,0,0,1,0,1.0,0.5,-0.5,Never hotspot
R159_C062,0,0,0,0,0,0,0.0,0.0,Never hotspot,0,0,0,0.0,0.0,0.0,0,1,4,2,1,0.5,1.5,1.0,Never hotspot
R159_C063,0,0,0,0,0,0,0.0,0.0,Never hotspot,0,0,0,0.0,0.0,0.0,4,0,4,4,3,2.0,3.5,1.5,Never hotspot
R159_C064,0,0,0,0,0,0,0.0,0.0,Never hotspot,0,0,0,0.0,0.0,0.0,4,6,7,11,9,5.0,10.0,5.0,Never hotspot
R159_C065,1,0,1,1,1,4,0.8,0.8,Persistent hotspot,3,1,2,0.5,1.0,0.5,39,33,36,50,36,36.0,43.0,7.0,Persistent
R159_C066,0,0,0,0,0,0,0.0,0.0,Never hotspot,0,0,0,0.0,0.0,0.0,2,1,1,4,1,1.5,2.5,1.0,Never hotspot
R160_C001,0,0,0,0,0,0,0.0,0.0,Never hotspot,0,0,0,0.0,0.0,0.0,0,1,0,0,0,0.5,0.0,-0.5,Never hotspot
R160_C020,0,0,0,0,0,0,0.0,0.0,Never hotspot,0,0,0,0.0,0.0,0.0,0,0,0,1,0,0.0,0.5,0.5,Never hotspot
R160_C026,0,0,0,0,0,0,0.0,0.0,Never hotspot,0,0,0,0.0,0.0,0.0,2,1,1,1,0,1.5,0.5,-1.0,Never hotspot
R160_C027,0,0,0,0,0,0,0.0,0.0,Never hotspot,0,0,0,0.0,0.0,0.0,0,0,0,1,3,0.0,2.0,2.0,Never hotspot
R160_C028,0,0,0,0,0,0,0.0,0.0,Never hotspot,0,0,0,0.0,0.0,0.0,1,0,1,1,1,0.5,1.0,0.5,Never hotspot
R160_C030,0,0,0,0,0,0,0.0,0.0,Never hotspot,0,0,0,0.0,0.0,0.0,0,2,0,0,0,1.0,0.0,-1.0,Never hotspot
R160_C031,0,0,0,0,0,0,0.0,0.0,Never hotspot,0,0,0,0.0,0.0,0.0,0,0,2,0,3,0.0,1.5,1.5,Never hotspot
R160_C033,0,0,0,0,0,0,0.0,0.0,Never hotspot,0,0,0,0.0,0.0,0.0,0,0,0,0,1,0.0,0.5,0.5,Never hotspot
R160_C034,0,0,0,0,0,0,0.0,0.0,Never hotspot,0,0,0,0.0,0.0,0.0,0,0,1,0,0,0.0,0.0,0.0,Never hotspot
R160_C035,0,0,0,0,0,0,0.0,0.0,Never hotspot,0,0,0,0.0,0.0,0.0,0,2,0,0,2,1.0,1.0,0.0,Never hotspot
R160_C044,0,0,0,0,0,0,0.0,0.0,Never hotspot,0,0,0,0.0,0.0,0.0,4,1,1,4,3,2.5,3.5,1.0,Never hotspot
R160_C045,0,0,0,0,0,0,0.0,0.0,Never hotspot,0,0,0,0.0,0.0,0.0,2,0,0,0,0,1.0,0.0,-1.0,Never hotspot
R160_C046,0,0,0,0,0,0,0.0,0.0,Never hotspot,0,0,0,0.0,0.0,0.0,0,1,0,0,0,0.5,0.0,-0.5,Never hotspot
R160_C052,0,0,0,0,0,0,0.0,0.0,Never hotspot,0,0,0,0.0,0.0,0.0,0,1,0,0,0,0.5,0.0,-0.5,Never hotspot
R160_C054,0,0,0,0,0,0,0.0,0.0,Never hotspot,0,0,0,0.0,0.0,0.0,1,1,0,0,0,1.0,0.0,-1.0,Never hotspot
R160_C055,0,0,0,0,0,0,0.0,0.0,Never hotspot,0,0,0,0.0,0.0,0.0,1,0,1,0,0,0.5,0.0,-0.5,Never hotspot
R160_C056,0,0,0,0,0,0,0.0,0.0,Never hotspot,0,0,0,0.0,0.0,0.0,0,0,0,1,0,0.0,0.5,0.5,Never hotspot
R160_C057,0,0,0,0,0,0,0.0,0.0,Never hotspot,0,0,0,0.0,0.0,0.0,0,1,1,1,0,0.5,0.5,0.0,Never hotspot
R160_C059,0,0,0,0,0,0,0.0,0.0,Never hotspot,0,0,0,0.0,0.0,0.0,0,0,1,0,0,0.0,0.0,0.0,Never hotspot
R160_C060,0,0,0,0,0,0,0.0,0.0,Never hotspot,0,0,0,0.0,0.0,0.0,1,1,1,2,0,1.0,1.0,0.0,Never hotspot
R160_C061,0,0,0,0,0,0,0.0,0.0,Never hotspot,0,0,0,0.0,0.0,0.0,1,1,1,1,0,1.0,0.5,-0.5,Never hotspot
R160_C062,0,0,0,0,0,0,0.0,0.0,Never hotspot,0,0,0,0.0,0.0,0.0,1,0,0,1,2,0.5,1.5,1.0,Never hotspot
R160_C063,0,0,0,0,0,0,0.0,0.0,Never hotspot,0,0,0,0.0,0.0,0.0,2,1,3,2,0,1.5,1.0,-0.5,Never hotspot
R160_C064,0,0,0,0,0,0,0.0,0.0,Never hotspot,0,0,0,0.0,0.0,0.0,5,3,5,3,6,4.0,4.5,0.5,Never hotspot
R160_C065,0,0,0,0,0,0,0.0,0.0,Never hotspot,0,0,0,0.0,0.0,0.0,3,5,7,4,5,4.0,4.5,0.5,Never hotspot
R160_C066,0,0,0,0,0,0,0.0,0.0,Never hotspot,0,0,0,0.0,0.0,0.0,1,0,0,1,0,0.5,0.5,0.0,Never hotspot
R161_C002,0,0,0,0,0,0,0.0,0.0,Never hotspot,0,0,0,0.0,0.0,0.0,0,0,0,0,1,0.0,0.5,0.5,Never hotspot
R161_C020,0,0,0,0,0,0,0.0,0.0,Never hotspot,0,0,0,0.0,0.0,0.0,0,0,1,0,0,0.0,0.0,0.0,Never hotspot
R161_C025,0,0,0,0,0,0,0.0,0.0,Never hotspot,0,0,0,0.0,0.0,0.0,0,0,0,1,0,0.0,0.5,0.5,Never hotspot
R161_C034,0,0,0,0,0,0,0.0,0.0,Never hotspot,0,0,0,0.0,0.0,0.0,0,1,0,0,0,0.5,0.0,-0.5,Never hotspot
R161_C035,0,0,0,0,0,0,0.0,0.0,Never hotspot,0,0,0,0.0,0.0,0.0,0,0,2,0,2,0.0,1.0,1.0,Never hotspot
R161_C036,0,0,0,0,0,0,0.0,0.0,Never hotspot,0,0,0,0.0,0.0,0.0,0,0,1,1,1,0.0,1.0,1.0,Never hotspot
R161_C044,0,0,0,0,0,0,0.0,0.0,Never hotspot,0,0,0,0.0,0.0,0.0,0,2,3,3,1,1.0,2.0,1.0,Never hotspot
R161_C045,0,0,0,0,0,0,0.0,0.0,Never hotspot,0,0,0,0.0,0.0,0.0,0,2,1,2,2,1.0,2.0,1.0,Never hotspot
R161_C046,0,0,0,0,0,0,0.0,0.0,Never hotspot,0,0,0,0.0,0.0,0.0,0,0,0,2,0,0.0,1.0,1.0,Never hotspot
R161_C051,0,0,0,0,0,0,0.0,0.0,Never hotspot,0,0,0,0.0,0.0,0.0,0,1,1,0,0,0.5,0.0,-0.5,Never hotspot
R161_C056,0,0,0,0,0,0,0.0,0.0,Never hotspot,0,0,0,0.0,0.0,0.0,1,0,0,0,0,0.5,0.0,-0.5,Never hotspot
R161_C057,0,0,0,0,0,0,0.0,0.0,Never hotspot,0,0,0,0.0,0.0,0.0,0,1,1,1,0,0.5,0.5,0.0,Never hotspot
R161_C058,0,0,0,0,0,0,0.0,0.0,Never hotspot,0,0,0,0.0,0.0,0.0,0,0,0,1,0,0.0,0.5,0.5,Never hotspot
R161_C059,0,0,0,0,0,0,0.0,0.0,Never hotspot,0,0,0,0.0,0.0,0.0,0,0,1,0,0,0.0,0.0,0.0,Never hotspot
R161_C061,0,0,0,0,0,0,0.0,0.0,Never hotspot,0,0,0,0.0,0.0,0.0,2,2,1,2,3,2.0,2.5,0.5,Never hotspot
R161_C062,0,0,0,0,0,0,0.0,0.0,Never hotspot,0,0,0,0.0,0.0,0.0,1,2,1,4,1,1.5,2.5,1.0,Never hotspot
R161_C063,0,0,0,0,0,0,0.0,0.0,Never hotspot,0,0,0,0.0,0.0,0.0,0,0,1,0,0,0.0,0.0,0.0,Never hotspot
R161_C064,0,0,0,0,0,0,0.0,0.0,Never hotspot,0,0,0,0.0,0.0,0.0,1,1,3,2,3,1.0,2.5,1.5,Never hotspot
R161_C065,0,0,0,0,0,0,0.0,0.0,Never hotspot,0,0,0,0.0,0.0,0.0,2,1,1,0,2,1.5,1.0,-0.5,Never hotspot
R161_C066,0,0,0,0,0,0,0.0,0.0,Never hotspot,0,0,0,0.0,0.0,0.0,1,0,2,1,1,0.5,1.0,0.5,Never hotspot
R162_C002,0,0,0,0,0,0,0.0,0.0,Never hotspot,0,0,0,0.0,0.0,0.0,1,1,0,0,0,1.0,0.0,-1.0,Never hotspot
R162_C019,0,0,0,0,0,0,0.0,0.0,Never hotspot,0,0,0,0.0,0.0,0.0,0,0,0,1,1,0.0,1.0,1.0,Never hotspot
R162_C020,0,0,0,0,0,0,0.0,0.0,Never hotspot,0,0,0,0.0,0.0,0.0,1,1,0,2,2,1.0,2.0,1.0,Never hotspot
R162_C025,0,0,0,0,0,0,0.0,0.0,Never hotspot,0,0,0,0.0,0.0,0.0,0,0,1,1,0,0.0,0.5,0.5,Never hotspot
R162_C036,0,0,0,0,0,0,0.0,0.0,Never hotspot,0,0,0,0.0,0.0,0.0,0,1,1,1,1,0.5,1.0,0.5,Never hotspot
R162_C037,0,0,0,0,0,0,0.0,0.0,Never hotspot,0,0,0,0.0,0.0,0.0,1,0,0,1,0,0.5,0.5,0.0,Never hotspot
R162_C038,0,0,0,0,0,0,0.0,0.0,Never hotspot,0,0,0,0.0,0.0,0.0,0,0,1,0,1,0.0,0.5,0.5,Never hotspot
R162_C043,0,0,0,0,0,0,0.0,0.0,Never hotspot,0,0,0,0.0,0.0,0.0,0,0,1,0,0,0.0,0.0,0.0,Never hotspot
R162_C044,0,0,0,0,0,0,0.0,0.0,Never hotspot,0,0,0,0.0,0.0,0.0,2,0,2,2,4,1.0,3.0,2.0,Never hotspot
R162_C045,0,0,0,0,0,0,0.0,0.0,Never hotspot,0,0,0,0.0,0.0,0.0,1,0,0,0,2,0.5,1.0,0.5,Never hotspot
R162_C046,0,0,0,0,0,0,0.0,0.0,Never hotspot,0,0,0,0.0,0.0,0.0,1,2,1,1,0,1.5,0.5,-1.0,Never hotspot
R162_C047,0,0,0,0,0,0,0.0,0.0,Never hotspot,0,0,0,0.0,0.0,0.0,1,0,1,0,0,0.5,0.0,-0.5,Never hotspot
R162_C048,0,0,0,0,0,0,0.0,0.0,Never hotspot,0,0,0,0.0,0.0,0.0,1,0,1,0,0,0.5,0.0,-0.5,Never hotspot
R162_C049,0,0,0,0,0,0,0.0,0.0,Never hotspot,0,0,0,0.0,0.0,0.0,2,0,0,0,1,1.0,0.5,-0.5,Never hotspot
R162_C050,0,0,0,0,0,0,0.0,0.0,Never hotspot,0,0,0,0.0,0.0,0.0,1,0,0,0,0,0.5,0.0,-0.5,Never hotspot
R162_C057,0,0,0,0,0,0,0.0,0.0,Never hotspot,0,0,0,0.0,0.0,0.0,0,0,0,1,0,0.0,0.5,0.5,Never hotspot
R162_C058,0,0,0,0,0,0,0.0,0.0,Never hotspot,0,0,0,0.0,0.0,0.0,0,0,0,0,1,0.0,0.5,0.5,Never hotspot
R162_C061,0,0,0,0,0,0,0.0,0.0,Never hotspot,0,0,0,0.0,0.0,0.0,0,1,0,1,0,0.5,0.5,0.0,Never hotspot
R162_C062,0,0,0,0,0,0,0.0,0.0,Never hotspot,0,0,0,0.0,0.0,0.0,1,5,6,4,9,3.0,6.5,3.5,Never hotspot
R162_C063,0,0,0,0,0,0,0.0,0.0,Never hotspot,0,0,0,0.0,0.0,0.0,0,0,1,0,0,0.0,0.0,0.0,Never hotspot
R162_C064,0,0,0,0,0,0,0.0,0.0,Never hotspot,0,0,0,0.0,0.0,0.0,0,0,1,0,2,0.0,1.0,1.0,Never hotspot
R162_C065,0,0,0,0,0,0,0.0,0.0,Never hotspot,0,0,0,0.0,0.0,0.0,0,2,0,0,0,1.0,0.0,-1.0,Never hotspot
R162_C066,0,0,0,0,0,0,0.0,0.0,Never hotspot,0,0,0,0.0,0.0,0.0,1,4,2,1,0,2.5,0.5,-2.0,Never hotspot
R163_C002,0,0,0,0,0,0,0.0,0.0,Never hotspot,0,0,0,0.0,0.0,0.0,0,0,0,0,1,0.0,0.5,0.5,Never hotspot
R163_C016,0,0,0,0,0,0,0.0,0.0,Never hotspot,0,0,0,0.0,0.0,0.0,0,2,0,0,2,1.0,1.0,0.0,Never hotspot
R163_C017,0,0,0,0,0,0,0.0,0.0,Never hotspot,0,0,0,0.0,0.0,0.0,2,1,2,3,1,1.5,2.0,0.5,Never hotspot
R163_C018,0,0,0,0,0,0,0.0,0.0,Never hotspot,0,0,0,0.0,0.0,0.0,0,0,0,3,0,0.0,1.5,1.5,Never hotspot
R163_C021,0,0,0,0,0,0,0.0,0.0,Never hotspot,0,0,0,0.0,0.0,0.0,1,1,0,0,0,1.0,0.0,-1.0,Never hotspot
R163_C022,0,0,0,0,0,0,0.0,0.0,Never hotspot,0,0,0,0.0,0.0,0.0,0,1,0,1,1,0.5,1.0,0.5,Never hotspot
R163_C023,0,0,0,0,0,0,0.0,0.0,Never hotspot,0,0,0,0.0,0.0,0.0,0,1,0,2,1,0.5,1.5,1.0,Never hotspot
R163_C024,0,0,0,0,0,0,0.0,0.0,Never hotspot,0,0,0,0.0,0.0,0.0,0,1,0,0,0,0.5,0.0,-0.5,Never hotspot
R163_C037,0,0,0,0,0,0,0.0,0.0,Never hotspot,0,0,0,0.0,0.0,0.0,1,2,0,1,0,1.5,0.5,-1.0,Never hotspot
R163_C039,0,0,0,0,0,0,0.0,0.0,Never hotspot,0,0,0,0.0,0.0,0.0,1,0,0,1,0,0.5,0.5,0.0,Never hotspot
R163_C043,0,0,0,0,0,0,0.0,0.0,Never hotspot,0,0,0,0.0,0.0,0.0,1,1,2,0,2,1.0,1.0,0.0,Never hotspot
R163_C046,0,0,0,0,0,0,0.0,0.0,Never hotspot,0,0,0,0.0,0.0,0.0,0,0,0,1,2,0.0,1.5,1.5,Never hotspot
R163_C047,0,0,0,0,0,0,0.0,0.0,Never hotspot,0,0,0,0.0,0.0,0.0,0,1,0,1,0,0.5,0.5,0.0,Never hotspot
R163_C048,0,0,0,0,0,0,0.0,0.0,Never hotspot,0,0,0,0.0,0.0,0.0,0,1,0,0,1,0.5,0.5,0.0,Never hotspot
R163_C050,0,0,0,0,0,0,0.0,0.0,Never hotspot,0,0,0,0.0,0.0,0.0,0,0,0,0,1,0.0,0.5,0.5,Never hotspot
R163_C056,0,0,0,0,0,0,0.0,0.0,Never hotspot,0,0,0,0.0,0.0,0.0,0,0,1,0,0,0.0,0.0,0.0,Never hotspot
R163_C057,0,0,0,0,0,0,0.0,0.0,Never hotspot,0,0,0,0.0,0.0,0.0,1,0,0,0,0,0.5,0.0,-0.5,Never hotspot
R163_C058,0,0,0,0,0,0,0.0,0.0,Never hotspot,0,0,0,0.0,0.0,0.0,0,0,0,1,0,0.0,0.5,0.5,Never hotspot
R163_C059,0,0,0,0,0,0,0.0,0.0,Never hotspot,0,0,0,0.0,0.0,0.0,0,2,0,0,0,1.0,0.0,-1.0,Never hotspot
R163_C060,0,0,0,0,0,0,0.0,0.0,Never hotspot,0,0,0,0.0,0.0,0.0,0,2,0,3,0,1.0,1.5,0.5,Never hotspot
R163_C061,0,0,0,0,0,0,0.0,0.0,Never hotspot,0,0,0,0.0,0.0,0.0,1,2,1,1,2,1.5,1.5,0.0,Never hotspot
R163_C062,0,0,0,0,0,0,0.0,0.0,Never hotspot,0,0,0,0.0,0.0,0.0,1,2,1,2,0,1.5,1.0,-0.5,Never hotspot
R163_C063,0,0,0,0,0,0,0.0,0.0,Never hotspot,0,0,0,0.0,0.0,0.0,3,4,0,5,5,3.5,5.0,1.5,Never hotspot
R163_C064,0,0,0,0,0,0,0.0,0.0,Never hotspot,0,0,0,0.0,0.0,0.0,6,1,2,2,2,3.5,2.0,-1.5,Never hotspot
R163_C065,0,0,0,0,0,0,0.0,0.0,Never hotspot,0,0,0,0.0,0.0,0.0,0,1,0,0,3,0.5,1.5,1.0,Never hotspot
R163_C066,0,0,0,0,0,0,0.0,0.0,Never hotspot,0,0,0,0.0,0.0,0.0,1,2,1,0,0,1.5,0.0,-1.5,Never hotspot
R163_C067,0,0,0,0,0,0,0.0,0.0,Never hotspot,0,0,0,0.0,0.0,0.0,0,1,0,0,0,0.5,0.0,-0.5,Never hotspot
R164_C002,0,0,0,0,0,0,0.0,0.0,Never hotspot,0,0,0,0.0,0.0,0.0,1,0,0,0,0,0.5,0.0,-0.5,Never hotspot
R164_C014,0,0,0,0,0,0,0.0,0.0,Never hotspot,0,0,0,0.0,0.0,0.0,1,0,0,0,0,0.5,0.0,-0.5,Never hotspot
R164_C015,0,0,0,0,0,0,0.0,0.0,Never hotspot,0,0,0,0.0,0.0,0.0,0,0,0,0,2,0.0,1.0,1.0,Never hotspot
R164_C016,0,0,0,0,0,0,0.0,0.0,Never hotspot,0,0,0,0.0,0.0,0.0,0,0,1,0,2,0.0,1.0,1.0,Never hotspot
R164_C017,0,0,0,0,0,0,0.0,0.0,Never hotspot,0,0,0,0.0,0.0,0.0,2,1,0,0,1,1.5,0.5,-1.0,Never hotspot
R164_C023,0,0,0,0,0,0,0.0,0.0,Never hotspot,0,0,0,0.0,0.0,0.0,0,0,0,1,0,0.0,0.5,0.5,Never hotspot
R164_C024,0,0,0,0,0,0,0.0,0.0,Never hotspot,0,0,0,0.0,0.0,0.0,0,0,1,0,1,0.0,0.5,0.5,Never hotspot
R164_C035,0,0,0,0,0,0,0.0,0.0,Never hotspot,0,0,0,0.0,0.0,0.0,1,0,0,0,0,0.5,0.0,-0.5,Never hotspot
R164_C036,0,0,0,0,0,0,0.0,0.0,Never hotspot,0,0,0,0.0,0.0,0.0,0,2,3,1,0,1.0,0.5,-0.5,Never hotspot
R164_C037,0,0,0,0,0,0,0.0,0.0,Never hotspot,0,0,0,0.0,0.0,0.0,0,0,0,0,1,0.0,0.5,0.5,Never hotspot
R164_C038,0,0,0,0,0,0,0.0,0.0,Never hotspot,0,0,0,0.0,0.0,0.0,1,1,1,4,2,1.0,3.0,2.0,Never hotspot
R164_C040,0,0,0,0,0,0,0.0,0.0,Never hotspot,0,0,0,0.0,0.0,0.0,1,0,0,0,0,0.5,0.0,-0.5,Never hotspot
R164_C041,0,0,0,0,0,0,0.0,0.0,Never hotspot,0,0,0,0.0,0.0,0.0,0,1,0,0,0,0.5,0.0,-0.5,Never hotspot
R164_C042,0,0,0,0,0,0,0.0,0.0,Never hotspot,0,0,0,0.0,0.0,0.0,1,0,1,1,0,0.5,0.5,0.0,Never hotspot
R164_C047,0,0,0,0,0,0,0.0,0.0,Never hotspot,0,0,0,0.0,0.0,0.0,4,0,0,0,1,2.0,0.5,-1.5,Never hotspot
R164_C049,0,0,0,0,0,0,0.0,0.0,Never hotspot,0,0,0,0.0,0.0,0.0,1,0,0,0,0,0.5,0.0,-0.5,Never hotspot
R164_C050,0,0,0,0,0,0,0.0,0.0,Never hotspot,0,0,0,0.0,0.0,0.0,0,0,0,0,1,0.0,0.5,0.5,Never hotspot
R164_C052,0,0,0,0,0,0,0.0,0.0,Never hotspot,0,0,0,0.0,0.0,0.0,0,0,0,0,1,0.0,0.5,0.5,Never hotspot
R164_C057,0,0,0,0,0,0,0.0,0.0,Never hotspot,0,0,0,0.0,0.0,0.0,1,1,0,0,1,1.0,0.5,-0.5,Never hotspot
R164_C058,0,0,0,0,0,0,0.0,0.0,Never hotspot,0,0,0,0.0,0.0,0.0,0,1,0,0,0,0.5,0.0,-0.5,Never hotspot
R164_C059,0,0,0,0,0,0,0.0,0.0,Never hotspot,0,0,0,0.0,0.0,0.0,0,3,2,1,0,1.5,0.5,-1.0,Never hotspot
R164_C060,0,0,0,0,0,0,0.0,0.0,Never hotspot,0,0,0,0.0,0.0,0.0,0,0,1,0,1,0.0,0.5,0.5,Never hotspot
R164_C061,0,0,0,0,0,0,0.0,0.0,Never hotspot,0,0,0,0.0,0.0,0.0,0,0,1,2,2,0.0,2.0,2.0,Never hotspot
R164_C062,0,0,0,0,0,0,0.0,0.0,Never hotspot,0,0,0,0.0,0.0,0.0,0,0,1,1,0,0.0,0.5,0.5,Never hotspot
R164_C063,0,0,0,0,0,0,0.0,0.0,Never hotspot,0,0,0,0.0,0.0,0.0,1,3,1,1,1,2.0,1.0,-1.0,Never hotspot
R164_C064,0,0,0,0,0,0,0.0,0.0,Never hotspot,0,0,0,0.0,0.0,0.0,0,1,0,1,0,0.5,0.5,0.0,Never hotspot
R164_C065,0,0,0,0,0,0,0.0,0.0,Never hotspot,0,0,0,0.0,0.0,0.0,0,2,0,0,2,1.0,1.0,0.0,Never hotspot
R164_C066,0,0,0,0,0,0,0.0,0.0,Never hotspot,0,0,0,0.0,0.0,0.0,1,2,0,1,5,1.5,3.0,1.5,Never hotspot
R164_C067,0,0,0,0,0,0,0.0,0.0,Never hotspot,0,0,0,0.0,0.0,0.0,1,1,0,1,2,1.0,1.5,0.5,Never hotspot
R165_C002,0,0,0,0,0,0,0.0,0.0,Never hotspot,0,0,0,0.0,0.0,0.0,0,0,0,1,0,0.0,0.5,0.5,Never hotspot
R165_C013,0,0,0,0,0,0,0.0,0.0,Never hotspot,0,0,0,0.0,0.0,0.0,0,0,1,0,0,0.0,0.0,0.0,Never hotspot
R165_C016,0,0,0,0,0,0,0.0,0.0,Never hotspot,0,0,0,0.0,0.0,0.0,0,1,1,0,0,0.5,0.0,-0.5,Never hotspot
R165_C017,0,0,0,0,0,0,0.0,0.0,Never hotspot,0,0,0,0.0,0.0,0.0,0,0,0,0,1,0.0,0.5,0.5,Never hotspot
R165_C024,0,0,0,0,0,0,0.0,0.0,Never hotspot,0,0,0,0.0,0.0,0.0,0,0,0,1,0,0.0,0.5,0.5,Never hotspot
R165_C025,0,0,0,0,0,0,0.0,0.0,Never hotspot,0,0,0,0.0,0.0,0.0,0,0,0,0,1,0.0,0.5,0.5,Never hotspot
R165_C037,0,0,0,0,0,0,0.0,0.0,Never hotspot,0,0,0,0.0,0.0,0.0,1,0,0,0,0,0.5,0.0,-0.5,Never hotspot
R165_C039,0,0,0,0,0,0,0.0,0.0,Never hotspot,0,0,0,0.0,0.0,0.0,1,3,0,1,0,2.0,0.5,-1.5,Never hotspot
R165_C040,0,0,0,0,0,0,0.0,0.0,Never hotspot,0,0,0,0.0,0.0,0.0,0,0,0,2,0,0.0,1.0,1.0,Never hotspot
R165_C041,0,0,0,0,0,0,0.0,0.0,Never hotspot,0,0,0,0.0,0.0,0.0,0,1,2,0,1,0.5,0.5,0.0,Never hotspot
R165_C046,0,0,0,0,0,0,0.0,0.0,Never hotspot,0,0,0,0.0,0.0,0.0,1,0,0,0,0,0.5,0.0,-0.5,Never hotspot
R165_C047,0,0,0,0,0,0,0.0,0.0,Never hotspot,0,0,0,0.0,0.0,0.0,1,2,0,2,1,1.5,1.5,0.0,Never hotspot
R165_C050,0,0,0,0,0,0,0.0,0.0,Never hotspot,0,0,0,0.0,0.0,0.0,0,1,1,2,0,0.5,1.0,0.5,Never hotspot
R165_C053,0,0,0,0,0,0,0.0,0.0,Never hotspot,0,0,0,0.0,0.0,0.0,0,0,0,0,1,0.0,0.5,0.5,Never hotspot
R165_C054,0,0,0,0,0,0,0.0,0.0,Never hotspot,0,0,0,0.0,0.0,0.0,0,0,1,0,0,0.0,0.0,0.0,Never hotspot
R165_C057,0,0,0,0,0,0,0.0,0.0,Never hotspot,0,0,0,0.0,0.0,0.0,2,0,0,2,4,1.0,3.0,2.0,Never hotspot
R165_C058,0,0,0,0,0,0,0.0,0.0,Never hotspot,0,0,0,0.0,0.0,0.0,0,1,0,2,0,0.5,1.0,0.5,Never hotspot
R165_C061,0,0,0,0,0,0,0.0,0.0,Never hotspot,0,0,0,0.0,0.0,0.0,0,0,1,0,0,0.0,0.0,0.0,Never hotspot
R165_C062,0,0,0,0,0,0,0.0,0.0,Never hotspot,0,0,0,0.0,0.0,0.0,2,3,1,0,2,2.5,1.0,-1.5,Never hotspot
R165_C064,0,0,0,0,0,0,0.0,0.0,Never hotspot,0,0,0,0.0,0.0,0.0,0,0,0,1,0,0.0,0.5,0.5,Never hotspot
R165_C065,0,0,0,0,0,0,0.0,0.0,Never hotspot,0,0,0,0.0,0.0,0.0,1,1,1,0,0,1.0,0.0,-1.0,Never hotspot
R165_C066,0,0,0,0,0,0,0.0,0.0,Never hotspot,0,0,0,0.0,0.0,0.0,0,0,0,1,0,0.0,0.5,0.5,Never hotspot
R165_C067,0,0,0,0,0,0,0.0,0.0,Never hotspot,0,0,0,0.0,0.0,0.0,0,0,2,0,1,0.0,0.5,0.5,Never hotspot
R165_C068,0,0,0,0,0,0,0.0,0.0,Never hotspot,0,0,0,0.0,0.0,0.0,1,1,1,0,3,1.0,1.5,0.5,Never hotspot
R165_C069,0,0,0,0,0,0,0.0,0.0,Never hotspot,0,0,0,0.0,0.0,0.0,0,0,0,1,0,0.0,0.5,0.5,Never hotspot
R166_C002,0,0,0,0,0,0,0.0,0.0,Never hotspot,0,0,0,0.0,0.0,0.0,0,0,0,1,0,0.0,0.5,0.5,Never hotspot
R166_C012,0,0,0,0,0,0,0.0,0.0,Never hotspot,0,0,0,0.0,0.0,0.0,1,0,0,0,0,0.5,0.0,-0.5,Never hotspot
R166_C013,0,0,0,0,0,0,0.0,0.0,Never hotspot,0,0,0,0.0,0.0,0.0,0,1,0,1,0,0.5,0.5,0.0,Never hotspot
R166_C016,0,0,0,0,0,0,0.0,0.0,Never hotspot,0,0,0,0.0,0.0,0.0,1,0,1,0,1,0.5,0.5,0.0,Never hotspot
R166_C022,0,0,0,0,0,0,0.0,0.0,Never hotspot,0,0,0,0.0,0.0,0.0,0,0,0,0,1,0.0,0.5,0.5,Never hotspot
R166_C025,0,0,0,0,0,0,0.0,0.0,Never hotspot,0,0,0,0.0,0.0,0.0,0,1,0,1,2,0.5,1.5,1.0,Never hotspot
R166_C036,0,0,0,0,0,0,0.0,0.0,Never hotspot,0,0,0,0.0,0.0,0.0,0,0,0,0,1,0.0,0.5,0.5,Never hotspot
R166_C037,0,0,0,0,0,0,0.0,0.0,Never hotspot,0,0,0,0.0,0.0,0.0,2,0,0,0,2,1.0,1.0,0.0,Never hotspot
R166_C038,0,0,0,0,0,0,0.0,0.0,Never hotspot,0,0,0,0.0,0.0,0.0,0,0,0,0,1,0.0,0.5,0.5,Never hotspot
R166_C039,0,0,0,0,0,0,0.0,0.0,Never hotspot,0,0,0,0.0,0.0,0.0,3,1,1,2,1,2.0,1.5,-0.5,Never hotspot
R166_C040,0,0,0,0,0,0,0.0,0.0,Never hotspot,0,0,0,0.0,0.0,0.0,17,4,3,8,14,10.5,11.0,0.5,Never hotspot
R166_C041,0,0,0,0,0,0,0.0,0.0,Never hotspot,0,0,0,0.0,0.0,0.0,1,2,3,3,2,1.5,2.5,1.0,Never hotspot
R166_C051,0,0,0,0,0,0,0.0,0.0,Never hotspot,0,0,0,0.0,0.0,0.0,0,1,0,2,1,0.5,1.5,1.0,Never hotspot
R166_C052,0,0,0,0,0,0,0.0,0.0,Never hotspot,0,0,0,0.0,0.0,0.0,1,0,0,0,0,0.5,0.0,-0.5,Never hotspot
R166_C053,0,0,0,0,0,0,0.0,0.0,Never hotspot,0,0,0,0.0,0.0,0.0,0,2,0,0,0,1.0,0.0,-1.0,Never hotspot
R166_C055,0,0,0,0,0,0,0.0,0.0,Never hotspot,0,0,0,0.0,0.0,0.0,0,0,1,2,0,0.0,1.0,1.0,Never hotspot
R166_C056,0,0,0,0,0,0,0.0,0.0,Never hotspot,0,0,0,0.0,0.0,0.0,1,0,2,1,1,0.5,1.0,0.5,Never hotspot
R166_C057,0,0,0,0,0,0,0.0,0.0,Never hotspot,0,0,0,0.0,0.0,0.0,2,3,1,1,1,2.5,1.0,-1.5,Never hotspot
R166_C058,0,0,0,0,0,0,0.0,0.0,Never hotspot,0,0,0,0.0,0.0,0.0,1,1,0,0,0,1.0,0.0,-1.0,Never hotspot
R166_C059,0,0,0,0,0,0,0.0,0.0,Never hotspot,0,0,0,0.0,0.0,0.0,0,0,0,1,0,0.0,0.5,0.5,Never hotspot
R166_C061,0,0,0,0,0,0,0.0,0.0,Never hotspot,0,0,0,0.0,0.0,0.0,0,1,0,0,1,0.5,0.5,0.0,Never hotspot
R166_C062,0,0,0,0,0,0,0.0,0.0,Never hotspot,0,0,0,0.0,0.0,0.0,1,0,0,0,0,0.5,0.0,-0.5,Never hotspot
R166_C064,0,0,0,0,0,0,0.0,0.0,Never hotspot,0,0,0,0.0,0.0,0.0,1,0,0,0,0,0.5,0.0,-0.5,Never hotspot
R166_C065,0,0,0,0,0,0,0.0,0.0,Never hotspot,0,0,0,0.0,0.0,0.0,1,0,0,0,0,0.5,0.0,-0.5,Never hotspot
R166_C067,0,0,0,0,0,0,0.0,0.0,Never hotspot,0,0,0,0.0,0.0,0.0,0,0,1,1,1,0.0,1.0,1.0,Never hotspot
R166_C069,0,0,0,0,0,0,0.0,0.0,Never hotspot,0,0,0,0.0,0.0,0.0,1,2,2,0,0,1.5,0.0,-1.5,Never hotspot
R167_C002,0,0,0,0,0,0,0.0,0.0,Never hotspot,0,0,0,0.0,0.0,0.0,0,0,0,0,1,0.0,0.5,0.5,Never hotspot
R167_C003,0,0,0,0,0,0,0.0,0.0,Never hotspot,0,0,0,0.0,0.0,0.0,0,1,0,0,0,0.5,0.0,-0.5,Never hotspot
R167_C009,0,0,0,0,0,0,0.0,0.0,Never hotspot,0,0,0,0.0,0.0,0.0,0,0,1,0,0,0.0,0.0,0.0,Never hotspot
R167_C012,0,0,0,0,0,0,0.0,0.0,Never hotspot,0,0,0,0.0,0.0,0.0,0,1,1,0,0,0.5,0.0,-0.5,Never hotspot
R167_C015,0,0,0,0,0,0,0.0,0.0,Never hotspot,0,0,0,0.0,0.0,0.0,2,1,1,1,0,1.5,0.5,-1.0,Never hotspot
R167_C016,0,0,0,0,0,0,0.0,0.0,Never hotspot,0,0,0,0.0,0.0,0.0,0,1,2,1,1,0.5,1.0,0.5,Never hotspot
R167_C021,0,0,0,0,0,0,0.0,0.0,Never hotspot,0,0,0,0.0,0.0,0.0,0,0,0,0,1,0.0,0.5,0.5,Never hotspot
R167_C027,0,0,0,0,0,0,0.0,0.0,Never hotspot,0,0,0,0.0,0.0,0.0,0,0,0,0,1,0.0,0.5,0.5,Never hotspot
R167_C037,0,0,0,0,0,0,0.0,0.0,Never hotspot,0,0,0,0.0,0.0,0.0,0,2,1,1,1,1.0,1.0,0.0,Never hotspot
R167_C038,0,0,0,0,0,0,0.0,0.0,Never hotspot,0,0,0,0.0,0.0,0.0,1,0,0,2,1,0.5,1.5,1.0,Never hotspot
R167_C039,0,0,0,0,0,0,0.0,0.0,Never hotspot,0,0,0,0.0,0.0,0.0,2,1,3,0,4,1.5,2.0,0.5,Never hotspot
R167_C040,0,0,0,0,0,0,0.0,0.0,Never hotspot,0,0,0,0.0,0.0,0.0,8,9,8,16,9,8.5,12.5,4.0,Never hotspot
R167_C041,0,0,0,0,0,0,0.0,0.0,Never hotspot,0,0,0,0.0,0.0,0.0,1,5,3,9,5,3.0,7.0,4.0,Never hotspot
R167_C042,0,0,0,0,0,0,0.0,0.0,Never hotspot,0,0,0,0.0,0.0,0.0,2,1,3,2,2,1.5,2.0,0.5,Never hotspot
R167_C043,0,0,0,0,0,0,0.0,0.0,Never hotspot,0,0,0,0.0,0.0,0.0,0,0,0,1,0,0.0,0.5,0.5,Never hotspot
R167_C044,0,0,0,0,0,0,0.0,0.0,Never hotspot,0,0,0,0.0,0.0,0.0,0,0,0,0,1,0.0,0.5,0.5,Never hotspot
R167_C045,0,0,0,0,0,0,0.0,0.0,Never hotspot,0,0,0,0.0,0.0,0.0,0,1,1,0,0,0.5,0.0,-0.5,Never hotspot
R167_C046,0,0,0,0,0,0,0.0,0.0,Never hotspot,0,0,0,0.0,0.0,0.0,0,0,1,0,0,0.0,0.0,0.0,Never hotspot
R167_C047,0,0,0,0,0,0,0.0,0.0,Never hotspot,0,0,0,0.0,0.0,0.0,1,0,0,0,0,0.5,0.0,-0.5,Never hotspot
R167_C050,0,0,0,0,0,0,0.0,0.0,Never hotspot,0,0,0,0.0,0.0,0.0,0,0,1,0,0,0.0,0.0,0.0,Never hotspot
R167_C052,0,0,0,0,0,0,0.0,0.0,Never hotspot,0,0,0,0.0,0.0,0.0,0,1,0,0,1,0.5,0.5,0.0,Never hotspot
R167_C055,0,0,0,0,0,0,0.0,0.0,Never hotspot,0,0,0,0.0,0.0,0.0,1,3,0,0,1,2.0,0.5,-1.5,Never hotspot
R167_C057,0,0,0,0,0,0,0.0,0.0,Never hotspot,0,0,0,0.0,0.0,0.0,1,0,0,0,0,0.5,0.0,-0.5,Never hotspot
R167_C058,0,0,0,0,0,0,0.0,0.0,Never hotspot,0,0,0,0.0,0.0,0.0,0,0,0,1,0,0.0,0.5,0.5,Never hotspot
R167_C059,0,0,0,0,0,0,0.0,0.0,Never hotspot,0,0,0,0.0,0.0,0.0,0,0,1,1,0,0.0,0.5,0.5,Never hotspot
R167_C061,0,0,0,0,0,0,0.0,0.0,Never hotspot,0,0,0,0.0,0.0,0.0,0,1,1,1,3,0.5,2.0,1.5,Never hotspot
R167_C063,0,0,0,0,0,0,0.0,0.0,Never hotspot,0,0,0,0.0,0.0,0.0,0,0,1,0,1,0.0,0.5,0.5,Never hotspot
R167_C064,0,0,0,0,0,0,0.0,0.0,Never hotspot,0,0,0,0.0,0.0,0.0,0,1,1,0,0,0.5,0.0,-0.5,Never hotspot
R167_C065,0,0,0,0,0,0,0.0,0.0,Never hotspot,0,0,0,0.0,0.0,0.0,0,1,0,0,1,0.5,0.5,0.0,Never hotspot
R167_C066,0,0,0,0,0,0,0.0,0.0,Never hotspot,0,0,0,0.0,0.0,0.0,2,0,0,1,0,1.0,0.5,-0.5,Never hotspot
R167_C067,0,0,0,0,0,0,0.0,0.0,Never hotspot,0,0,0,0.0,0.0,0.0,1,1,4,0,3,1.0,1.5,0.5,Never hotspot
R167_C068,0,0,0,0,0,0,0.0,0.0,Never hotspot,0,0,0,0.0,0.0,0.0,0,2,1,2,0,1.0,1.0,0.0,Never hotspot
R167_C069,0,0,0,0,0,0,0.0,0.0,Never hotspot,0,0,0,0.0,0.0,0.0,2,5,8,5,4,3.5,4.5,1.0,Never hotspot
R168_C002,0,0,0,0,0,0,0.0,0.0,Never hotspot,0,0,0,0.0,0.0,0.0,0,0,0,0,1,0.0,0.5,0.5,Never hotspot
R168_C012,0,0,0,0,0,0,0.0,0.0,Never hotspot,0,0,0,0.0,0.0,0.0,1,0,0,0,0,0.5,0.0,-0.5,Never hotspot
R168_C013,0,0,0,0,0,0,0.0,0.0,Never hotspot,0,0,0,0.0,0.0,0.0,1,0,0,0,0,0.5,0.0,-0.5,Never hotspot
R168_C015,0,0,0,0,0,0,0.0,0.0,Never hotspot,0,0,0,0.0,0.0,0.0,0,0,0,1,0,0.0,0.5,0.5,Never hotspot
R168_C023,0,0,0,0,0,0,0.0,0.0,Never hotspot,0,0,0,0.0,0.0,0.0,1,0,0,1,0,0.5,0.5,0.0,Never hotspot
R168_C028,0,0,0,0,0,0,0.0,0.0,Never hotspot,0,0,0,0.0,0.0,0.0,0,0,0,0,2,0.0,1.0,1.0,Never hotspot
R168_C036,0,0,0,0,0,0,0.0,0.0,Never hotspot,0,0,0,0.0,0.0,0.0,0,0,0,1,1,0.0,1.0,1.0,Never hotspot
R168_C037,0,0,0,0,0,0,0.0,0.0,Never hotspot,0,0,0,0.0,0.0,0.0,0,1,4,2,2,0.5,2.0,1.5,Never hotspot
R168_C038,0,0,0,0,0,0,0.0,0.0,Never hotspot,0,0,0,0.0,0.0,0.0,3,1,3,3,3,2.0,3.0,1.0,Never hotspot
R168_C039,0,0,0,0,0,0,0.0,0.0,Never hotspot,0,0,0,0.0,0.0,0.0,1,0,1,2,8,0.5,5.0,4.5,Never hotspot
R168_C041,0,0,0,0,0,0,0.0,0.0,Never hotspot,0,0,0,0.0,0.0,0.0,1,0,0,0,0,0.5,0.0,-0.5,Never hotspot
R168_C042,0,0,0,0,0,0,0.0,0.0,Never hotspot,0,0,0,0.0,0.0,0.0,1,4,1,2,1,2.5,1.5,-1.0,Never hotspot
R168_C043,0,0,0,0,0,0,0.0,0.0,Never hotspot,0,0,0,0.0,0.0,0.0,0,0,1,1,0,0.0,0.5,0.5,Never hotspot
R168_C044,0,0,0,0,0,0,0.0,0.0,Never hotspot,0,0,0,0.0,0.0,0.0,1,0,2,1,0,0.5,0.5,0.0,Never hotspot
R168_C052,0,0,0,0,0,0,0.0,0.0,Never hotspot,0,0,0,0.0,0.0,0.0,0,0,0,1,1,0.0,1.0,1.0,Never hotspot
R168_C053,0,0,0,0,0,0,0.0,0.0,Never hotspot,0,0,0,0.0,0.0,0.0,2,1,1,0,0,1.5,0.0,-1.5,Never hotspot
R168_C055,0,0,0,0,0,0,0.0,0.0,Never hotspot,0,0,0,0.0,0.0,0.0,1,2,3,0,1,1.5,0.5,-1.0,Never hotspot
R168_C056,0,0,0,0,0,0,0.0,0.0,Never hotspot,0,0,0,0.0,0.0,0.0,0,0,0,0,1,0.0,0.5,0.5,Never hotspot
R168_C057,0,0,0,0,0,0,0.0,0.0,Never hotspot,0,0,0,0.0,0.0,0.0,0,0,1,0,1,0.0,0.5,0.5,Never hotspot
R168_C059,0,0,0,0,0,0,0.0,0.0,Never hotspot,0,0,0,0.0,0.0,0.0,0,1,1,0,0,0.5,0.0,-0.5,Never hotspot
R168_C060,0,0,0,0,0,0,0.0,0.0,Never hotspot,0,0,0,0.0,0.0,0.0,0,0,0,0,1,0.0,0.5,0.5,Never hotspot
R168_C061,0,0,0,0,0,0,0.0,0.0,Never hotspot,0,0,0,0.0,0.0,0.0,0,1,0,2,1,0.5,1.5,1.0,Never hotspot
R168_C062,0,0,0,0,0,0,0.0,0.0,Never hotspot,0,0,0,0.0,0.0,0.0,2,0,1,0,2,1.0,1.0,0.0,Never hotspot
R168_C063,0,0,0,0,0,0,0.0,0.0,Never hotspot,0,0,0,0.0,0.0,0.0,0,0,1,0,0,0.0,0.0,0.0,Never hotspot
R168_C064,0,0,0,0,0,0,0.0,0.0,Never hotspot,0,0,0,0.0,0.0,0.0,1,0,0,0,2,0.5,1.0,0.5,Never hotspot
R168_C065,0,0,0,0,0,0,0.0,0.0,Never hotspot,0,0,0,0.0,0.0,0.0,1,2,0,0,1,1.5,0.5,-1.0,Never hotspot
R168_C066,0,0,0,0,0,0,0.0,0.0,Never hotspot,0,0,0,0.0,0.0,0.0,0,2,1,0,1,1.0,0.5,-0.5,Never hotspot
R168_C067,0,0,0,0,0,0,0.0,0.0,Never hotspot,0,0,0,0.0,0.0,0.0,0,0,1,1,0,0.0,0.5,0.5,Never hotspot
R168_C068,0,0,0,0,0,0,0.0,0.0,Never hotspot,0,0,0,0.0,0.0,0.0,1,1,0,0,0,1.0,0.0,-1.0,Never hotspot
R168_C069,0,0,0,0,0,0,0.0,0.0,Never hotspot,0,0,0,0.0,0.0,0.0,0,0,0,1,0,0.0,0.5,0.5,Never hotspot
R169_C002,0,0,0,0,0,0,0.0,0.0,Never hotspot,0,0,0,0.0,0.0,0.0,0,1,1,0,1,0.5,0.5,0.0,Never hotspot
R169_C003,0,0,0,0,0,0,0.0,0.0,Never hotspot,0,0,0,0.0,0.0,0.0,1,0,0,0,0,0.5,0.0,-0.5,Never hotspot
R169_C017,0,0,0,0,0,0,0.0,0.0,Never hotspot,0,0,0,0.0,0.0,0.0,0,1,0,0,0,0.5,0.0,-0.5,Never hotspot
R169_C024,0,0,0,0,0,0,0.0,0.0,Never hotspot,0,0,0,0.0,0.0,0.0,1,0,0,0,0,0.5,0.0,-0.5,Never hotspot
R169_C026,0,0,0,0,0,0,0.0,0.0,Never hotspot,0,0,0,0.0,0.0,0.0,0,1,0,0,0,0.5,0.0,-0.5,Never hotspot
R169_C028,0,0,0,0,0,0,0.0,0.0,Never hotspot,0,0,0,0.0,0.0,0.0,0,0,0,0,1,0.0,0.5,0.5,Never hotspot
R169_C029,0,0,0,0,0,0,0.0,0.0,Never hotspot,0,0,0,0.0,0.0,0.0,0,0,0,1,0,0.0,0.5,0.5,Never hotspot
R169_C035,0,0,0,0,0,0,0.0,0.0,Never hotspot,0,0,0,0.0,0.0,0.0,0,1,0,3,0,0.5,1.5,1.0,Never hotspot
R169_C036,0,0,0,0,0,0,0.0,0.0,Never hotspot,0,0,0,0.0,0.0,0.0,0,0,0,2,0,0.0,1.0,1.0,Never hotspot
R169_C037,0,0,0,0,0,0,0.0,0.0,Never hotspot,0,0,0,0.0,0.0,0.0,3,0,4,2,2,1.5,2.0,0.5,Never hotspot
R169_C038,0,0,0,0,0,0,0.0,0.0,Never hotspot,0,0,0,0.0,0.0,0.0,0,0,3,2,1,0.0,1.5,1.5,Never hotspot
R169_C040,0,0,0,0,0,0,0.0,0.0,Never hotspot,0,0,0,0.0,0.0,0.0,1,0,0,0,0,0.5,0.0,-0.5,Never hotspot
R169_C041,0,0,0,0,0,0,0.0,0.0,Never hotspot,0,0,0,0.0,0.0,0.0,0,1,0,0,0,0.5,0.0,-0.5,Never hotspot
R169_C042,0,0,0,0,0,0,0.0,0.0,Never hotspot,0,0,0,0.0,0.0,0.0,0,0,0,0,2,0.0,1.0,1.0,Never hotspot
R169_C044,0,0,0,0,0,0,0.0,0.0,Never hotspot,0,0,0,0.0,0.0,0.0,2,1,6,7,5,1.5,6.0,4.5,Never hotspot
R169_C045,0,0,0,0,0,0,0.0,0.0,Never hotspot,0,0,0,0.0,0.0,0.0,0,1,1,2,3,0.5,2.5,2.0,Never hotspot
R169_C046,0,0,0,0,0,0,0.0,0.0,Never hotspot,0,0,0,0.0,0.0,0.0,1,1,3,0,2,1.0,1.0,0.0,Never hotspot
R169_C047,0,0,0,0,0,0,0.0,0.0,Never hotspot,0,0,0,0.0,0.0,0.0,2,1,0,2,1,1.5,1.5,0.0,Never hotspot
R169_C048,0,0,0,0,0,0,0.0,0.0,Never hotspot,0,0,0,0.0,0.0,0.0,0,1,0,0,0,0.5,0.0,-0.5,Never hotspot
R169_C051,0,0,0,0,0,0,0.0,0.0,Never hotspot,0,0,0,0.0,0.0,0.0,4,4,1,3,4,4.0,3.5,-0.5,Never hotspot
R169_C053,0,0,0,0,0,0,0.0,0.0,Never hotspot,0,0,0,0.0,0.0,0.0,0,0,0,3,1,0.0,2.0,2.0,Never hotspot
R169_C054,0,0,0,0,0,0,0.0,0.0,Never hotspot,0,0,0,0.0,0.0,0.0,1,0,2,1,1,0.5,1.0,0.5,Never hotspot
R169_C058,0,0,0,0,0,0,0.0,0.0,Never hotspot,0,0,0,0.0,0.0,0.0,1,0,0,0,1,0.5,0.5,0.0,Never hotspot
R169_C059,0,0,0,0,0,0,0.0,0.0,Never hotspot,0,0,0,0.0,0.0,0.0,0,1,0,1,0,0.5,0.5,0.0,Never hotspot
R169_C060,0,0,0,0,0,0,0.0,0.0,Never hotspot,0,0,0,0.0,0.0,0.0,0,1,0,0,0,0.5,0.0,-0.5,Never hotspot
R169_C061,0,0,0,0,0,0,0.0,0.0,Never hotspot,0,0,0,0.0,0.0,0.0,1,0,0,0,0,0.5,0.0,-0.5,Never hotspot
R169_C062,0,0,0,0,0,0,0.0,0.0,Never hotspot,0,0,0,0.0,0.0,0.0,1,0,0,0,0,0.5,0.0,-0.5,Never hotspot
R169_C063,0,0,0,0,0,0,0.0,0.0,Never hotspot,0,0,0,0.0,0.0,0.0,0,1,0,0,1,0.5,0.5,0.0,Never hotspot
R169_C064,0,0,0,0,0,0,0.0,0.0,Never hotspot,0,0,0,0.0,0.0,0.0,0,0,0,1,0,0.0,0.5,0.5,Never hotspot
R169_C066,0,0,0,0,0,0,0.0,0.0,Never hotspot,0,0,0,0.0,0.0,0.0,0,0,0,0,1,0.0,0.5,0.5,Never hotspot
R169_C067,0,0,0,0,0,0,0.0,0.0,Never hotspot,0,0,0,0.0,0.0,0.0,1,0,1,2,2,0.5,2.0,1.5,Never hotspot
R169_C068,0,0,0,0,0,0,0.0,0.0,Never hotspot,0,0,0,0.0,0.0,0.0,2,2,0,1,0,2.0,0.5,-1.5,Never hotspot
R170_C017,0,0,0,0,0,0,0.0,0.0,Never hotspot,0,0,0,0.0,0.0,0.0,0,0,1,0,0,0.0,0.0,0.0,Never hotspot
R170_C027,0,0,0,0,0,0,0.0,0.0,Never hotspot,0,0,0,0.0,0.0,0.0,0,1,0,1,2,0.5,1.5,1.0,Never hotspot
R170_C032,0,0,0,0,0,0,0.0,0.0,Never hotspot,0,0,0,0.0,0.0,0.0,0,0,1,0,0,0.0,0.0,0.0,Never hotspot
R170_C033,0,0,0,0,0,0,0.0,0.0,Never hotspot,0,0,0,0.0,0.0,0.0,0,0,1,0,0,0.0,0.0,0.0,Never hotspot
R170_C034,0,0,0,0,0,0,0.0,0.0,Never hotspot,0,0,0,0.0,0.0,0.0,1,0,2,1,0,0.5,0.5,0.0,Never hotspot
R170_C037,0,0,0,0,0,0,0.0,0.0,Never hotspot,0,0,0,0.0,0.0,0.0,1,0,0,0,1,0.5,0.5,0.0,Never hotspot
R170_C038,0,0,0,0,0,0,0.0,0.0,Never hotspot,0,0,0,0.0,0.0,0.0,4,0,1,0,1,2.0,0.5,-1.5,Never hotspot
R170_C039,0,0,0,0,0,0,0.0,0.0,Never hotspot,0,0,0,0.0,0.0,0.0,2,0,0,1,0,1.0,0.5,-0.5,Never hotspot
R170_C040,0,0,0,0,0,0,0.0,0.0,Never hotspot,0,0,0,0.0,0.0,0.0,1,0,0,0,0,0.5,0.0,-0.5,Never hotspot
R170_C048,0,0,0,0,0,0,0.0,0.0,Never hotspot,0,0,0,0.0,0.0,0.0,1,2,0,1,2,1.5,1.5,0.0,Never hotspot
R170_C049,0,0,0,0,0,0,0.0,0.0,Never hotspot,0,0,0,0.0,0.0,0.0,0,0,0,3,0,0.0,1.5,1.5,Never hotspot
R170_C050,0,0,0,0,0,0,0.0,0.0,Never hotspot,0,0,0,0.0,0.0,0.0,2,2,0,0,1,2.0,0.5,-1.5,Never hotspot
R170_C051,0,0,0,0,0,0,0.0,0.0,Never hotspot,0,0,0,0.0,0.0,0.0,4,3,6,9,7,3.5,8.0,4.5,Never hotspot
R170_C052,0,0,0,0,0,0,0.0,0.0,Never hotspot,0,0,0,0.0,0.0,0.0,2,0,5,3,2,1.0,2.5,1.5,Never hotspot
R170_C053,0,0,0,0,0,0,0.0,0.0,Never hotspot,0,0,0,0.0,0.0,0.0,0,0,1,0,0,0.0,0.0,0.0,Never hotspot
R170_C054,0,0,0,0,0,0,0.0,0.0,Never hotspot,0,0,0,0.0,0.0,0.0,1,1,1,0,2,1.0,1.0,0.0,Never hotspot
R170_C055,0,0,0,0,0,0,0.0,0.0,Never hotspot,0,0,0,0.0,0.0,0.0,0,0,2,3,2,0.0,2.5,2.5,Never hotspot
R170_C058,0,0,0,0,0,0,0.0,0.0,Never hotspot,0,0,0,0.0,0.0,0.0,0,1,1,0,0,0.5,0.0,-0.5,Never hotspot
R170_C059,0,0,0,0,0,0,0.0,0.0,Never hotspot,0,0,0,0.0,0.0,0.0,1,1,3,1,1,1.0,1.0,0.0,Never hotspot
R170_C060,0,0,0,0,0,0,0.0,0.0,Never hotspot,0,0,0,0.0,0.0,0.0,1,3,4,3,1,2.0,2.0,0.0,Never hotspot
R170_C061,0,0,0,0,0,0,0.0,0.0,Never hotspot,0,0,0,0.0,0.0,0.0,3,1,2,3,0,2.0,1.5,-0.5,Never hotspot
R170_C062,0,0,0,0,0,0,0.0,0.0,Never hotspot,0,0,0,0.0,0.0,0.0,0,0,1,1,0,0.0,0.5,0.5,Never hotspot
R170_C065,0,0,0,0,0,0,0.0,0.0,Never hotspot,0,0,0,0.0,0.0,0.0,0,1,1,0,0,0.5,0.0,-0.5,Never hotspot
R170_C066,0,0,0,0,0,0,0.0,0.0,Never hotspot,0,0,0,0.0,0.0,0.0,4,1,1,0,2,2.5,1.0,-1.5,Never hotspot
R170_C067,0,0,0,0,0,0,0.0,0.0,Never hotspot,0,0,0,0.0,0.0,0.0,1,0,0,0,1,0.5,0.5,0.0,Never hotspot
R171_C016,0,0,0,0,0,0,0.0,0.0,Never hotspot,0,0,0,0.0,0.0,0.0,0,1,0,0,0,0.5,0.0,-0.5,Never hotspot
R171_C026,0,0,0,0,0,0,0.0,0.0,Never hotspot,0,0,0,0.0,0.0,0.0,0,0,0,0,1,0.0,0.5,0.5,Never hotspot
R171_C039,0,0,0,0,0,0,0.0,0.0,Never hotspot,0,0,0,0.0,0.0,0.0,1,5,3,1,4,3.0,2.5,-0.5,Never hotspot
R171_C040,0,0,0,0,0,0,0.0,0.0,Never hotspot,0,0,0,0.0,0.0,0.0,1,1,3,3,1,1.0,2.0,1.0,Never hotspot
R171_C041,0,0,0,0,0,0,0.0,0.0,Never hotspot,0,0,0,0.0,0.0,0.0,1,1,0,2,2,1.0,2.0,1.0,Never hotspot
R171_C042,0,0,0,0,0,0,0.0,0.0,Never hotspot,0,0,0,0.0,0.0,0.0,0,0,0,1,0,0.0,0.5,0.5,Never hotspot
R171_C049,0,0,0,0,0,0,0.0,0.0,Never hotspot,0,0,0,0.0,0.0,0.0,0,1,2,0,1,0.5,0.5,0.0,Never hotspot
R171_C050,0,0,0,0,0,0,0.0,0.0,Never hotspot,0,0,0,0.0,0.0,0.0,0,0,1,0,0,0.0,0.0,0.0,Never hotspot
R171_C051,0,0,0,0,0,0,0.0,0.0,Never hotspot,0,0,0,0.0,0.0,0.0,2,0,1,2,3,1.0,2.5,1.5,Never hotspot
R171_C052,0,0,0,0,0,0,0.0,0.0,Never hotspot,0,0,0,0.0,0.0,0.0,0,0,2,0,0,0.0,0.0,0.0,Never hotspot
R171_C055,0,0,0,0,0,0,0.0,0.0,Never hotspot,0,0,0,0.0,0.0,0.0,1,1,1,1,3,1.0,2.0,1.0,Never hotspot
R171_C056,0,0,0,0,0,0,0.0,0.0,Never hotspot,0,0,0,0.0,0.0,0.0,0,0,0,0,1,0.0,0.5,0.5,Never hotspot
R171_C057,0,0,0,0,0,0,0.0,0.0,Never hotspot,0,0,0,0.0,0.0,0.0,0,0,0,1,1,0.0,1.0,1.0,Never hotspot
R171_C058,0,0,0,0,0,0,0.0,0.0,Never hotspot,0,0,0,0.0,0.0,0.0,1,2,1,0,1,1.5,0.5,-1.0,Never hotspot
R171_C066,0,0,0,0,0,0,0.0,0.0,Never hotspot,0,0,0,0.0,0.0,0.0,3,4,1,7,1,3.5,4.0,0.5,Never hotspot
R172_C001,0,0,0,0,0,0,0.0,0.0,Never hotspot,0,0,0,0.0,0.0,0.0,0,1,0,0,0,0.5,0.0,-0.5,Never hotspot
R172_C023,0,0,0,0,0,0,0.0,0.0,Never hotspot,0,0,0,0.0,0.0,0.0,0,0,0,0,1,0.0,0.5,0.5,Never hotspot
R172_C025,0,0,0,0,0,0,0.0,0.0,Never hotspot,0,0,0,0.0,0.0,0.0,0,1,0,0,0,0.5,0.0,-0.5,Never hotspot
R172_C032,0,0,0,0,0,0,0.0,0.0,Never hotspot,0,0,0,0.0,0.0,0.0,0,0,1,0,0,0.0,0.0,0.0,Never hotspot
R172_C039,0,0,0,0,0,0,0.0,0.0,Never hotspot,0,0,0,0.0,0.0,0.0,1,1,1,1,0,1.0,0.5,-0.5,Never hotspot
R172_C040,0,0,0,0,0,0,0.0,0.0,Never hotspot,0,0,0,0.0,0.0,0.0,1,3,0,2,2,2.0,2.0,0.0,Never hotspot
R172_C041,0,0,0,0,0,0,0.0,0.0,Never hotspot,0,0,0,0.0,0.0,0.0,3,1,0,3,2,2.0,2.5,0.5,Never hotspot
R172_C042,0,0,0,0,0,0,0.0,0.0,Never hotspot,0,0,0,0.0,0.0,0.0,1,0,0,0,0,0.5,0.0,-0.5,Never hotspot
R172_C050,0,0,0,0,0,0,0.0,0.0,Never hotspot,0,0,0,0.0,0.0,0.0,0,0,0,0,1,0.0,0.5,0.5,Never hotspot
R172_C051,0,0,0,0,0,0,0.0,0.0,Never hotspot,0,0,0,0.0,0.0,0.0,0,0,0,0,3,0.0,1.5,1.5,Never hotspot
R173_C023,0,0,0,0,0,0,0.0,0.0,Never hotspot,0,0,0,0.0,0.0,0.0,1,0,0,0,0,0.5,0.0,-0.5,Never hotspot
R173_C024,0,0,0,0,0,0,0.0,0.0,Never hotspot,0,0,0,0.0,0.0,0.0,1,0,0,0,0,0.5,0.0,-0.5,Never hotspot
R173_C029,0,0,0,0,0,0,0.0,0.0,Never hotspot,0,0,0,0.0,0.0,0.0,0,0,0,1,0,0.0,0.5,0.5,Never hotspot
R173_C030,0,0,0,0,0,0,0.0,0.0,Never hotspot,0,0,0,0.0,0.0,0.0,0,1,1,0,0,0.5,0.0,-0.5,Never hotspot
R173_C031,0,0,0,0,0,0,0.0,0.0,Never hotspot,0,0,0,0.0,0.0,0.0,2,0,0,1,2,1.0,1.5,0.5,Never hotspot
R173_C032,0,0,0,0,0,0,0.0,0.0,Never hotspot,0,0,0,0.0,0.0,0.0,0,1,0,0,0,0.5,0.0,-0.5,Never hotspot
R173_C040,0,0,0,0,0,0,0.0,0.0,Never hotspot,0,0,0,0.0,0.0,0.0,0,0,1,1,0,0.0,0.5,0.5,Never hotspot
R173_C042,0,0,0,0,0,0,0.0,0.0,Never hotspot,0,0,0,0.0,0.0,0.0,3,0,0,0,0,1.5,0.0,-1.5,Never hotspot
R173_C043,0,0,0,0,0,0,0.0,0.0,Never hotspot,0,0,0,0.0,0.0,0.0,1,0,0,1,2,0.5,1.5,1.0,Never hotspot
R173_C044,0,0,0,0,0,0,0.0,0.0,Never hotspot,0,0,0,0.0,0.0,0.0,0,0,1,0,0,0.0,0.0,0.0,Never hotspot
R174_C005,0,0,0,0,0,0,0.0,0.0,Never hotspot,0,0,0,0.0,0.0,0.0,0,0,0,1,0,0.0,0.5,0.5,Never hotspot
R174_C024,0,0,0,0,0,0,0.0,0.0,Never hotspot,0,0,0,0.0,0.0,0.0,1,1,3,3,1,1.0,2.0,1.0,Never hotspot
R174_C029,0,0,0,0,0,0,0.0,0.0,Never hotspot,0,0,0,0.0,0.0,0.0,0,0,0,0,2,0.0,1.0,1.0,Never hotspot
R174_C030,0,0,0,0,0,0,0.0,0.0,Never hotspot,0,0,0,0.0,0.0,0.0,0,0,0,1,0,0.0,0.5,0.5,Never hotspot
R174_C041,0,0,0,0,0,0,0.0,0.0,Never hotspot,0,0,0,0.0,0.0,0.0,1,0,0,1,1,0.5,1.0,0.5,Never hotspot
R174_C042,0,0,0,0,0,0,0.0,0.0,Never hotspot,0,0,0,0.0,0.0,0.0,5,4,1,3,3,4.5,3.0,-1.5,Never hotspot
R174_C043,0,0,0,0,0,0,0.0,0.0,Never hotspot,0,0,0,0.0,0.0,0.0,0,0,0,1,0,0.0,0.5,0.5,Never hotspot
R174_C044,0,0,0,0,0,0,0.0,0.0,Never hotspot,0,0,0,0.0,0.0,0.0,1,0,0,0,0,0.5,0.0,-0.5,Never hotspot
R175_C024,0,0,0,0,0,0,0.0,0.0,Never hotspot,0,0,0,0.0,0.0,0.0,0,1,1,0,0,0.5,0.0,-0.5,Never hotspot
R175_C028,0,0,0,0,0,0,0.0,0.0,Never hotspot,0,0,0,0.0,0.0,0.0,0,1,0,0,1,0.5,0.5,0.0,Never hotspot
R175_C029,0,0,0,0,0,0,0.0,0.0,Never hotspot,0,0,0,0.0,0.0,0.0,0,0,1,0,0,0.0,0.0,0.0,Never hotspot
R175_C030,0,0,0,0,0,0,0.0,0.0,Never hotspot,0,0,0,0.0,0.0,0.0,1,1,0,0,0,1.0,0.0,-1.0,Never hotspot
R175_C039,0,0,0,0,0,0,0.0,0.0,Never hotspot,0,0,0,0.0,0.0,0.0,0,0,1,2,0,0.0,1.0,1.0,Never hotspot
R175_C040,0,0,0,0,0,0,0.0,0.0,Never hotspot,0,0,0,0.0,0.0,0.0,2,0,0,1,0,1.0,0.5,-0.5,Never hotspot
R175_C041,0,0,0,0,0,0,0.0,0.0,Never hotspot,0,0,0,0.0,0.0,0.0,0,1,1,0,0,0.5,0.0,-0.5,Never hotspot
R176_C025,0,0,0,0,0,0,0.0,0.0,Never hotspot,0,0,0,0.0,0.0,0.0,0,0,0,1,0,0.0,0.5,0.5,Never hotspot
R176_C027,0,0,0,0,0,0,0.0,0.0,Never hotspot,0,0,0,0.0,0.0,0.0,0,0,0,1,0,0.0,0.5,0.5,Never hotspot
R176_C030,0,0,0,0,0,0,0.0,0.0,Never hotspot,0,0,0,0.0,0.0,0.0,1,0,0,0,0,0.5,0.0,-0.5,Never hotspot
R176_C038,0,0,0,0,0,0,0.0,0.0,Never hotspot,0,0,0,0.0,0.0,0.0,0,0,0,2,0,0.0,1.0,1.0,Never hotspot
R176_C042,0,0,0,0,0,0,0.0,0.0,Never hotspot,0,0,0,0.0,0.0,0.0,0,0,0,0,1,0.0,0.5,0.5,Never hotspot
R177_C028,0,0,0,0,0,0,0.0,0.0,Never hotspot,0,0,0,0.0,0.0,0.0,0,0,0,0,1,0.0,0.5,0.5,Never hotspot
R177_C029,0,0,0,0,0,0,0.0,0.0,Never hotspot,0,0,0,0.0,0.0,0.0,0,1,0,1,1,0.5,1.0,0.5,Never hotspot
R177_C038,0,0,0,0,0,0,0.0,0.0,Never hotspot,0,0,0,0.0,0.0,0.0,1,0,1,0,0,0.5,0.0,-0.5,Never hotspot
R177_C042,0,0,0,0,0,0,0.0,0.0,Never hotspot,0,0,0,0.0,0.0,0.0,1,0,0,1,1,0.5,1.0,0.5,Never hotspot
R177_C043,0,0,0,0,0,0,0.0,0.0,Never hotspot,0,0,0,0.0,0.0,0.0,0,0,0,0,1,0.0,0.5,0.5,Never hotspot
R178_C009,0,0,0,0,0,0,0.0,0.0,Never hotspot,0,0,0,0.0,0.0,0.0,1,1,0,0,1,1.0,0.5,-0.5,Never hotspot
R178_C030,0,0,0,0,0,0,0.0,0.0,Never hotspot,0,0,0,0.0,0.0,0.0,0,0,0,1,0,0.0,0.5,0.5,Never hotspot
R178_C035,0,0,0,0,0,0,0.0,0.0,Never hotspot,0,0,0,0.0,0.0,0.0,0,0,0,0,1,0.0,0.5,0.5,Never hotspot
R178_C038,0,0,0,0,0,0,0.0,0.0,Never hotspot,0,0,0,0.0,0.0,0.0,0,0,1,0,1,0.0,0.5,0.5,Never hotspot
R178_C040,0,0,0,0,0,0,0.0,0.0,Never hotspot,0,0,0,0.0,0.0,0.0,0,1,1,0,0,0.5,0.0,-0.5,Never hotspot
R178_C041,0,0,0,0,0,0,0.0,0.0,Never hotspot,0,0,0,0.0,0.0,0.0,0,0,0,1,1,0.0,1.0,1.0,Never hotspot
R178_C042,0,0,0,0,0,0,0.0,0.0,Never hotspot,0,0,0,0.0,0.0,0.0,1,0,0,0,0,0.5,0.0,-0.5,Never hotspot
R178_C043,0,0,0,0,0,0,0.0,0.0,Never hotspot,0,0,0,0.0,0.0,0.0,1,1,2,1,1,1.0,1.0,0.0,Never hotspot
R178_C044,0,0,0,0,0,0,0.0,0.0,Never hotspot,0,0,0,0.0,0.0,0.0,1,1,0,1,1,1.0,1.0,0.0,Never hotspot
R179_C010,0,0,0,0,0,0,0.0,0.0,Never hotspot,0,0,0,0.0,0.0,0.0,0,0,2,0,1,0.0,0.5,0.5,Never hotspot
R179_C028,0,0,0,0,0,0,0.0,0.0,Never hotspot,0,0,0,0.0,0.0,0.0,0,1,0,0,0,0.5,0.0,-0.5,Never hotspot
R179_C030,0,0,0,0,0,0,0.0,0.0,Never hotspot,0,0,0,0.0,0.0,0.0,1,0,0,0,0,0.5,0.0,-0.5,Never hotspot
R179_C033,0,0,0,0,0,0,0.0,0.0,Never hotspot,0,0,0,0.0,0.0,0.0,0,1,0,0,0,0.5,0.0,-0.5,Never hotspot
R179_C042,0,0,0,0,0,0,0.0,0.0,Never hotspot,0,0,0,0.0,0.0,0.0,0,0,0,0,1,0.0,0.5,0.5,Never hotspot
R179_C045,0,0,0,0,0,0,0.0,0.0,Never hotspot,0,0,0,0.0,0.0,0.0,0,1,0,0,0,0.5,0.0,-0.5,Never hotspot
R180_C028,0,0,0,0,0,0,0.0,0.0,Never hotspot,0,0,0,0.0,0.0,0.0,0,1,0,0,0,0.5,0.0,-0.5,Never hotspot
R180_C031,0,0,0,0,0,0,0.0,0.0,Never hotspot,0,0,0,0.0,0.0,0.0,1,0,0,0,0,0.5,0.0,-0.5,Never hotspot
R180_C037,0,0,0,0,0,0,0.0,0.0,Never hotspot,0,0,0,0.0,0.0,0.0,0,0,0,1,0,0.0,0.5,0.5,Never hotspot
R180_C038,0,0,0,0,0,0,0.0,0.0,Never hotspot,0,0,0,0.0,0.0,0.0,0,0,1,0,0,0.0,0.0,0.0,Never hotspot
R180_C046,0,0,0,0,0,0,0.0,0.0,Never hotspot,0,0,0,0.0,0.0,0.0,0,0,2,1,1,0.0,1.0,1.0,Never hotspot
R181_C012,0,0,0,0,0,0,0.0,0.0,Never hotspot,0,0,0,0.0,0.0,0.0,0,1,0,0,0,0.5,0.0,-0.5,Never hotspot
R181_C014,0,0,0,0,0,0,0.0,0.0,Never hotspot,0,0,0,0.0,0.0,0.0,0,1,0,0,0,0.5,0.0,-0.5,Never hotspot
R181_C048,0,0,0,0,0,0,0.0,0.0,Never hotspot,0,0,0,0.0,0.0,0.0,0,0,1,0,0,0.0,0.0,0.0,Never hotspot
R182_C012,0,0,0,0,0,0,0.0,0.0,Never hotspot,0,0,0,0.0,0.0,0.0,0,0,0,1,0,0.0,0.5,0.5,Never hotspot
R182_C013,0,0,0,0,0,0,0.0,0.0,Never hotspot,0,0,0,0.0,0.0,0.0,1,0,0,0,2,0.5,1.0,0.5,Never hotspot
R182_C028,0,0,0,0,0,0,0.0,0.0,Never hotspot,0,0,0,0.0,0.0,0.0,0,1,0,0,1,0.5,0.5,0.0,Never hotspot
R182_C031,0,0,0,0,0,0,0.0,0.0,Never hotspot,0,0,0,0.0,0.0,0.0,1,1,0,1,1,1.0,1.0,0.0,Never hotspot
R182_C035,0,0,0,0,0,0,0.0,0.0,Never hotspot,0,0,0,0.0,0.0,0.0,0,0,0,0,1,0.0,0.5,0.5,Never hotspot
R182_C048,0,0,0,0,0,0,0.0,0.0,Never hotspot,0,0,0,0.0,0.0,0.0,0,1,2,0,0,0.5,0.0,-0.5,Never hotspot
R182_C049,0,0,0,0,0,0,0.0,0.0,Never hotspot,0,0,0,0.0,0.0,0.0,1,0,2,0,2,0.5,1.0,0.5,Never hotspot
R183_C010,0,0,0,0,0,0,0.0,0.0,Never hotspot,0,0,0,0.0,0.0,0.0,0,0,0,1,0,0.0,0.5,0.5,Never hotspot
R183_C014,0,0,0,0,0,0,0.0,0.0,Never hotspot,0,0,0,0.0,0.0,0.0,1,0,1,0,1,0.5,0.5,0.0,Never hotspot
R183_C030,0,0,0,0,0,0,0.0,0.0,Never hotspot,0,0,0,0.0,0.0,0.0,1,0,0,0,1,0.5,0.5,0.0,Never hotspot
R183_C031,0,0,0,0,0,0,0.0,0.0,Never hotspot,0,0,0,0.0,0.0,0.0,0,3,0,1,0,1.5,0.5,-1.0,Never hotspot
R183_C049,0,0,0,0,0,0,0.0,0.0,Never hotspot,0,0,0,0.0,0.0,0.0,2,0,0,0,1,1.0,0.5,-0.5,Never hotspot
R183_C050,0,0,0,0,0,0,0.0,0.0,Never hotspot,0,0,0,0.0,0.0,0.0,1,0,0,0,0,0.5,0.0,-0.5,Never hotspot
R184_C008,0,0,0,0,0,0,0.0,0.0,Never hotspot,0,0,0,0.0,0.0,0.0,0,0,0,0,1,0.0,0.5,0.5,Never hotspot
R184_C014,0,0,0,0,0,0,0.0,0.0,Never hotspot,0,0,0,0.0,0.0,0.0,0,0,0,1,0,0.0,0.5,0.5,Never hotspot
R184_C015,0,0,0,0,0,0,0.0,0.0,Never hotspot,0,0,0,0.0,0.0,0.0,1,2,0,4,2,1.5,3.0,1.5,Never hotspot
R184_C016,0,0,0,0,0,0,0.0,0.0,Never hotspot,0,0,0,0.0,0.0,0.0,0,2,0,0,0,1.0,0.0,-1.0,Never hotspot
R184_C030,0,0,0,0,0,0,0.0,0.0,Never hotspot,0,0,0,0.0,0.0,0.0,0,0,1,0,0,0.0,0.0,0.0,Never hotspot
R184_C031,0,0,0,0,0,0,0.0,0.0,Never hotspot,0,0,0,0.0,0.0,0.0,0,2,1,0,0,1.0,0.0,-1.0,Never hotspot
R184_C050,0,0,0,0,0,0,0.0,0.0,Never hotspot,0,0,0,0.0,0.0,0.0,1,1,0,0,0,1.0,0.0,-1.0,Never hotspot
R184_C051,0,0,0,0,0,0,0.0,0.0,Never hotspot,0,0,0,0.0,0.0,0.0,0,0,0,1,0,0.0,0.5,0.5,Never hotspot
R185_C015,0,0,0,0,0,0,0.0,0.0,Never hotspot,0,0,0,0.0,0.0,0.0,1,3,2,0,1,2.0,0.5,-1.5,Never hotspot
R185_C016,0,0,0,0,0,0,0.0,0.0,Never hotspot,0,0,0,0.0,0.0,0.0,1,1,0,2,1,1.0,1.5,0.5,Never hotspot
R185_C031,0,0,0,0,0,0,0.0,0.0,Never hotspot,0,0,0,0.0,0.0,0.0,1,1,0,0,0,1.0,0.0,-1.0,Never hotspot
R185_C050,0,0,0,0,0,0,0.0,0.0,Never hotspot,0,0,0,0.0,0.0,0.0,0,0,1,0,0,0.0,0.0,0.0,Never hotspot
R185_C051,0,0,0,0,0,0,0.0,0.0,Never hotspot,0,0,0,0.0,0.0,0.0,1,0,0,0,0,0.5,0.0,-0.5,Never hotspot
R185_C052,0,0,0,0,0,0,0.0,0.0,Never hotspot,0,0,0,0.0,0.0,0.0,2,1,0,1,0,1.5,0.5,-1.0,Never hotspot
R185_C053,0,0,0,0,0,0,0.0,0.0,Never hotspot,0,0,0,0.0,0.0,0.0,1,0,0,0,0,0.5,0.0,-0.5,Never hotspot
R186_C011,0,0,0,0,0,0,0.0,0.0,Never hotspot,0,0,0,0.0,0.0,0.0,0,0,0,1,0,0.0,0.5,0.5,Never hotspot
R186_C016,0,0,0,0,0,0,0.0,0.0,Never hotspot,0,0,0,0.0,0.0,0.0,1,0,1,0,0,0.5,0.0,-0.5,Never hotspot
R186_C030,0,0,0,0,0,0,0.0,0.0,Never hotspot,0,0,0,0.0,0.0,0.0,0,1,0,0,0,0.5,0.0,-0.5,Never hotspot
R186_C032,0,0,0,0,0,0,0.0,0.0,Never hotspot,0,0,0,0.0,0.0,0.0,0,1,0,0,0,0.5,0.0,-0.5,Never hotspot
R186_C038,0,0,0,0,0,0,0.0,0.0,Never hotspot,0,0,0,0.0,0.0,0.0,0,0,1,0,0,0.0,0.0,0.0,Never hotspot
R186_C050,0,0,0,0,0,0,0.0,0.0,Never hotspot,0,0,0,0.0,0.0,0.0,1,0,1,0,0,0.5,0.0,-0.5,Never hotspot
R186_C053,0,0,0,0,0,0,0.0,0.0,Never hotspot,0,0,0,0.0,0.0,0.0,0,1,0,1,2,0.5,1.5,1.0,Never hotspot
R187_C014,0,0,0,0,0,0,0.0,0.0,Never hotspot,0,0,0,0.0,0.0,0.0,0,1,0,0,1,0.5,0.5,0.0,Never hotspot
R187_C031,0,0,0,0,0,0,0.0,0.0,Never hotspot,0,0,0,0.0,0.0,0.0,0,0,1,0,0,0.0,0.0,0.0,Never hotspot
R187_C050,0,0,0,0,0,0,0.0,0.0,Never hotspot,0,0,0,0.0,0.0,0.0,1,1,0,0,0,1.0,0.0,-1.0,Never hotspot
R187_C053,0,0,0,0,0,0,0.0,0.0,Never hotspot,0,0,0,0.0,0.0,0.0,0,0,0,1,0,0.0,0.5,0.5,Never hotspot
R187_C054,0,0,0,0,0,0,0.0,0.0,Never hotspot,0,0,0,0.0,0.0,0.0,1,0,0,0,0,0.5,0.0,-0.5,Never hotspot
R188_C032,0,0,0,0,0,0,0.0,0.0,Never hotspot,0,0,0,0.0,0.0,0.0,0,1,0,0,0,0.5,0.0,-0.5,Never hotspot
R188_C034,0,0,0,0,0,0,0.0,0.0,Never hotspot,0,0,0,0.0,0.0,0.0,0,1,0,0,0,0.5,0.0,-0.5,Never hotspot
R188_C052,0,0,0,0,0,0,0.0,0.0,Never hotspot,0,0,0,0.0,0.0,0.0,2,0,0,2,1,1.0,1.5,0.5,Never hotspot
R188_C053,0,0,0,0,0,0,0.0,0.0,Never hotspot,0,0,0,0.0,0.0,0.0,1,0,1,1,1,0.5,1.0,0.5,Never hotspot
R188_C054,0,0,0,0,0,0,0.0,0.0,Never hotspot,0,0,0,0.0,0.0,0.0,2,2,1,2,0,2.0,1.0,-1.0,Never hotspot
R189_C015,0,0,0,0,0,0,0.0,0.0,Never hotspot,0,0,0,0.0,0.0,0.0,1,0,2,0,1,0.5,0.5,0.0,Never hotspot
R189_C035,0,0,0,0,0,0,0.0,0.0,Never hotspot,0,0,0,0.0,0.0,0.0,0,0,1,0,0,0.0,0.0,0.0,Never hotspot
R189_C036,0,0,0,0,0,0,0.0,0.0,Never hotspot,0,0,0,0.0,0.0,0.0,1,0,0,0,0,0.5,0.0,-0.5,Never hotspot
R189_C038,0,0,0,0,0,0,0.0,0.0,Never hotspot,0,0,0,0.0,0.0,0.0,2,0,0,0,0,1.0,0.0,-1.0,Never hotspot
R189_C039,0,0,0,0,0,0,0.0,0.0,Never hotspot,0,0,0,0.0,0.0,0.0,0,0,1,1,0,0.0,0.5,0.5,Never hotspot
R189_C050,0,0,0,0,0,0,0.0,0.0,Never hotspot,0,0,0,0.0,0.0,0.0,2,1,1,1,2,1.5,1.5,0.0,Never hotspot
R189_C051,0,0,0,0,0,0,0.0,0.0,Never hotspot,0,0,0,0.0,0.0,0.0,0,0,0,0,1,0.0,0.5,0.5,Never hotspot
R189_C052,0,0,0,0,0,0,0.0,0.0,Never hotspot,0,0,0,0.0,0.0,0.0,0,1,0,3,0,0.5,1.5,1.0,Never hotspot
R189_C053,0,0,0,0,0,0,0.0,0.0,Never hotspot,0,0,0,0.0,0.0,0.0,0,0,1,0,0,0.0,0.0,0.0,Never hotspot
R190_C034,0,0,0,0,0,0,0.0,0.0,Never hotspot,0,0,0,0.0,0.0,0.0,0,0,0,1,0,0.0,0.5,0.5,Never hotspot
R190_C039,0,0,0,0,0,0,0.0,0.0,Never hotspot,0,0,0,0.0,0.0,0.0,0,0,0,0,1,0.0,0.5,0.5,Never hotspot
R190_C041,0,0,0,0,0,0,0.0,0.0,Never hotspot,0,0,0,0.0,0.0,0.0,1,0,0,0,0,0.5,0.0,-0.5,Never hotspot
R190_C042,0,0,0,0,0,0,0.0,0.0,Never hotspot,0,0,0,0.0,0.0,0.0,0,0,1,0,0,0.0,0.0,0.0,Never hotspot
R190_C047,0,0,0,0,0,0,0.0,0.0,Never hotspot,0,0,0,0.0,0.0,0.0,0,1,0,0,0,0.5,0.0,-0.5,Never hotspot
R190_C049,0,0,0,0,0,0,0.0,0.0,Never hotspot,0,0,0,0.0,0.0,0.0,0,0,0,2,0,0.0,1.0,1.0,Never hotspot
R190_C050,0,0,0,0,0,0,0.0,0.0,Never hotspot,0,0,0,0.0,0.0,0.0,0,0,0,0,1,0.0,0.5,0.5,Never hotspot
R190_C052,0,0,0,0,0,0,0.0,0.0,Never hotspot,0,0,0,0.0,0.0,0.0,0,0,0,0,1,0.0,0.5,0.5,Never hotspot
R190_C053,0,0,0,0,0,0,0.0,0.0,Never hotspot,0,0,0,0.0,0.0,0.0,0,1,0,0,0,0.5,0.0,-0.5,Never hotspot
R191_C035,0,0,0,0,0,0,0.0,0.0,Never hotspot,0,0,0,0.0,0.0,0.0,0,0,1,0,0,0.0,0.0,0.0,Never hotspot
R191_C046,0,0,0,0,0,0,0.0,0.0,Never hotspot,0,0,0,0.0,0.0,0.0,0,1,0,1,1,0.5,1.0,0.5,Never hotspot
R191_C047,0,0,0,0,0,0,0.0,0.0,Never hotspot,0,0,0,0.0,0.0,0.0,0,2,1,0,0,1.0,0.0,-1.0,Never hotspot
R191_C048,0,0,0,0,0,0,0.0,0.0,Never hotspot,0,0,0,0.0,0.0,0.0,0,1,0,0,0,0.5,0.0,-0.5,Never hotspot
R191_C049,0,0,0,0,0,0,0.0,0.0,Never hotspot,0,0,0,0.0,0.0,0.0,2,1,2,4,2,1.5,3.0,1.5,Never hotspot
R191_C050,0,0,0,0,0,0,0.0,0.0,Never hotspot,0,0,0,0.0,0.0,0.0,0,4,1,0,2,2.0,1.0,-1.0,Never hotspot
R191_C051,0,0,0,0,0,0,0.0,0.0,Never hotspot,0,0,0,0.0,0.0,0.0,0,2,1,0,0,1.0,0.0,-1.0,Never hotspot
R191_C054,0,0,0,0,0,0,0.0,0.0,Never hotspot,0,0,0,0.0,0.0,0.0,1,1,1,0,1,1.0,0.5,-0.5,Never hotspot
R192_C051,0,0,0,0,0,0,0.0,0.0,Never hotspot,0,0,0,0.0,0.0,0.0,0,0,0,1,0,0.0,0.5,0.5,Never hotspot
R195_C055,0,0,0,0,0,0,0.0,0.0,Never hotspot,0,0,0,0.0,0.0,0.0,0,0,0,1,0,0.0,0.5,0.5,Never hotspot
R196_C056,0,0,0,0,0,0,0.0,0.0,Never hotspot,0,0,0,0.0,0.0,0.0,0,0,0,1,1,0.0,1.0,1.0,Never hotspot
R197_C056,0,0,0,0,0,0,0.0,0.0,Never hotspot,0,0,0,0.0,0.0,0.0,0,1,1,1,0,0.5,0.5,0.0,Never hotspot
R198_C053,0,0,0,0,0,0,0.0,0.0,Never hotspot,0,0,0,0.0,0.0,0.0,0,0,0,1,0,0.0,0.5,0.5,Never hotspot
R198_C057,0,0,0,0,0,0,0.0,0.0,Never hotspot,0,0,0,0.0,0.0,0.0,0,0,0,0,1,0.0,0.5,0.5,Never hotspot
R199_C055,0,0,0,0,0,0,0.0,0.0,Never hotspot,0,0,0,0.0,0.0,0.0,0,0,0,0,1,0.0,0.5,0.5,Never hotspot
R199_C056,0,0,0,0,0,0,0.0,0.0,Never hotspot,0,0,0,0.0,0.0,0.0,2,0,1,0,1,1.0,0.5,-0.5,Never hotspot
R200_C052,0,0,0,0,0,0,0.0,0.0,Never hotspot,0,0,0,0.0,0.0,0.0,1,0,2,1,0,0.5,0.5,0.0,Never hotspot
R200_C053,0,0,0,0,0,0,0.0,0.0,Never hotspot,0,0,0,0.0,0.0,0.0,0,2,1,2,0,1.0,1.0,0.0,Never hotspot
R200_C054,0,0,0,0,0,0,0.0,0.0,Never hotspot,0,0,0,0.0,0.0,0.0,1,0,2,1,0,0.5,0.5,0.0,Never hotspot
R200_C055,0,0,0,0,0,0,0.0,0.0,Never hotspot,0,0,0,0.0,0.0,0.0,3,3,2,0,2,3.0,1.0,-2.0,Never hotspot
R200_C056,0,0,0,0,0,0,0.0,0.0,Never hotspot,0,0,0,0.0,0.0,0.0,1,4,0,0,2,2.5,1.0,-1.5,Never hotspot
R201_C051,0,0,0,0,0,0,0.0,0.0,Never hotspot,0,0,0,0.0,0.0,0.0,0,0,0,1,0,0.0,0.5,0.5,Never hotspot
R201_C052,0,0,0,0,0,0,0.0,0.0,Never hotspot,0,0,0,0.0,0.0,0.0,1,0,0,0,0,0.5,0.0,-0.5,Never hotspot
R201_C053,0,0,0,0,0,0,0.0,0.0,Never hotspot,0,0,0,0.0,0.0,0.0,0,0,0,1,1,0.0,1.0,1.0,Never hotspot
R201_C056,0,0,0,0,0,0,0.0,0.0,Never hotspot,0,0,0,0.0,0.0,0.0,0,0,0,0,1,0.0,0.5,0.5,Never hotspot
R202_C051,0,0,0,0,0,0,0.0,0.0,Never hotspot,0,0,0,0.0,0.0,0.0,0,1,0,0,0,0.5,0.0,-0.5,Never hotspot
R202_C052,0,0,0,0,0,0,0.0,0.0,Never hotspot,0,0,0,0.0,0.0,0.0,0,0,1,0,1,0.0,0.5,0.5,Never hotspot
R202_C053,0,0,0,0,0,0,0.0,0.0,Never hotspot,0,0,0,0.0,0.0,0.0,0,0,0,0,1,0.0,0.5,0.5,Never hotspot
R202_C054,0,0,0,0,0,0,0.0,0.0,Never hotspot,0,0,0,0.0,0.0,0.0,0,1,0,0,0,0.5,0.0,-0.5,Never hotspot
R206_C060,0,0,0,0,0,0,0.0,0.0,Never hotspot,0,0,0,0.0,0.0,0.0,0,0,1,0,1,0.0,0.5,0.5,Never hotspot
R207_C055,0,0,0,0,0,0,0.0,0.0,Never hotspot,0,0,0,0.0,0.0,0.0,0,1,0,0,0,0.5,0.0,-0.5,Never hotspot
R220_C074,0,0,0,0,0,0,0.0,0.0,Never hotspot,0,0,0,0.0,0.0,0.0,0,0,0,1,1,0.0,1.0,1.0,Never hotspot
R221_C074,0,0,0,0,0,0,0.0,0.0,Never hotspot,0,0,0,0.0,0.0,0.0,0,0,0,1,0,0.0,0.5,0.5,Never hotspot
R222_C075,0,0,0,0,0,0,0.0,0.0,Never hotspot,0,0,0,0.0,0.0,0.0,0,0,0,1,0,0.0,0.5,0.5,Never hotspot
R223_C075,0,0,0,0,0,0,0.0,0.0,Never hotspot,0,0,0,0.0,0.0,0.0,0,0,1,2,1,0.0,1.5,1.5,Never hotspot
R224_C075,0,0,0,0,0,0,0.0,0.0,Never hotspot,0,0,0,0.0,0.0,0.0,1,1,0,0,0,1.0,0.0,-1.0,Never hotspot
R225_C074,0,0,0,0,0,0,0.0,0.0,Never hotspot,0,0,0,0.0,0.0,0.0,2,0,0,0,0,1.0,0.0,-1.0,Never hotspot
R225_C075,0,0,0,0,0,0,0.0,0.0,Never hotspot,0,0,0,0.0,0.0,0.0,2,3,0,3,0,2.5,1.5,-1.0,Never hotspot
R226_C075,0,0,0,0,0,0,0.0,0.0,Never hotspot,0,0,0,0.0,0.0,0.0,0,0,0,0,4,0.0,2.0,2.0,Never hotspot
R226_C076,0,0,0,0,0,0,0.0,0.0,Never hotspot,0,0,0,0.0,0.0,0.0,2,1,0,5,3,1.5,4.0,2.5,Never hotspot
R227_C071,0,0,0,0,0,0,0.0,0.0,Never hotspot,0,0,0,0.0,0.0,0.0,0,0,0,1,0,0.0,0.5,0.5,Never hotspot
R227_C074,0,0,0,0,0,0,0.0,0.0,Never hotspot,0,0,0,0.0,0.0,0.0,0,0,1,0,0,0.0,0.0,0.0,Never hotspot
R227_C075,0,0,0,0,0,0,0.0,0.0,Never hotspot,0,0,0,0.0,0.0,0.0,1,0,1,2,0,0.5,1.0,0.5,Never hotspot
R228_C073,0,0,0,0,0,0,0.0,0.0,Never hotspot,0,0,0,0.0,0.0,0.0,0,0,0,1,1,0.0,1.0,1.0,Never hotspot
R228_C074,0,0,0,0,0,0,0.0,0.0,Never hotspot,0,0,0,0.0,0.0,0.0,1,0,0,1,0,0.5,0.5,0.0,Never hotspot
R228_C075,0,0,0,0,0,0,0.0,0.0,Never hotspot,0,0,0,0.0,0.0,0.0,1,0,1,0,1,0.5,0.5,0.0,Never hotspot
R229_C075,0,0,0,0,0,0,0.0,0.0,Never hotspot,0,0,0,0.0,0.0,0.0,0,0,1,0,0,0.0,0.0,0.0,Never hotspot
R230_C075,0,0,0,0,0,0,0.0,0.0,Never hotspot,0,0,0,0.0,0.0,0.0,0,1,0,0,1,0.5,0.5,0.0,Never hotspot
R231_C074,0,0,0,0,0,0,0.0,0.0,Never hotspot,0,0,0,0.0,0.0,0.0,0,1,0,0,0,0.5,0.0,-0.5,Never hotspot
R232_C074,0,0,0,0,0,0,0.0,0.0,Never hotspot,0,0,0,0.0,0.0,0.0,0,0,1,0,0,0.0,0.0,0.0,Never hotspot
R233_C076,0,0,0,0,0,0,0.0,0.0,Never hotspot,0,0,0,0.0,0.0,0.0,0,1,0,0,0,0.5,0.0,-0.5,Never hotspot
R234_C074,0,0,0,0,0,0,0.0,0.0,Never hotspot,0,0,0,0.0,0.0,0.0,1,0,0,0,0,0.5,0.0,-0.5,Never hotspot
